-2.194023609161376953e+00 2.584547519683837891e+00 3.276662528514862061e-02 4.914790391921997070e-02 -1.000070720911026001e-01 9.465919733047485352e-01 3.065325617790222168e-01 1.398349553346633911e-01
-2.280924081802368164e+00 2.705578327178955078e+00 1.366710960865020752e-01 4.914790391921997070e-02 -4.897670820355415344e-02 9.908826351165771484e-01 1.255107223987579346e-01 2.992100119590759277e-01
-2.275245428085327148e+00 3.015541791915893555e+00 1.568006575107574463e-01 4.914790391921997070e-02 -3.209641873836517334e-01 8.927512764930725098e-01 3.161915540695190430e-01 1.409166604280471802e-01
-2.286601781845092773e+00 2.859336376190185547e+00 1.655929088592529297e-01 4.669050872325897217e-02 3.831357657909393311e-01 -7.938352823257446289e-01 4.722631871700286865e-01 3.671738803386688232e-01
-2.091893911361694336e+00 2.551458835601806641e+00 3.929482102394104004e-01 4.665759950876235962e-02 -1.823021918535232544e-01 8.749618530273437500e-01 4.485617578029632568e-01 3.557343780994415283e-01
-2.156823873519897461e+00 2.870289087295532227e+00 5.487526655197143555e-01 4.661649093031883240e-02 -2.414785623550415039e-01 4.297841787338256836e-01 8.700423240661621094e-01 1.371438205242156982e-01
-2.094182729721069336e+00 2.966287612915039062e+00 7.230640053749084473e-01 4.652136936783790588e-02 -3.794661462306976318e-01 -3.119770288467407227e-01 8.710199594497680664e-01 4.662667512893676758e-01
-2.344115734100341797e+00 2.877794981002807617e+00 1.085931658744812012e+00 4.628483578562736511e-02 -5.420405864715576172e-01 -5.796211957931518555e-02 8.383510112762451172e-01 6.935863494873046875e-01
-2.725355625152587891e+00 2.824949979782104492e+00 1.674587488174438477e+00 4.623198136687278748e-02 2.119272500276565552e-01 4.144706428050994873e-01 8.850429058074951172e-01 6.054280400276184082e-01
-2.638736486434936523e+00 2.998328685760498047e+00 2.240577936172485352e+00 4.584995657205581665e-02 -1.119282618165016174e-01 4.118666946887969971e-01 9.043439030647277832e-01 2.450770735740661621e-01
-2.510101795196533203e+00 3.175242900848388672e+00 2.428323030471801758e+00 4.564327001571655273e-02 5.424971878528594971e-02 3.117014467716217041e-01 9.486301541328430176e-01 1.245570555329322815e-02
-2.518985986709594727e+00 3.184371471405029297e+00 2.517192840576171875e+00 4.566508159041404724e-02 9.204176068305969238e-01 3.808418810367584229e-01 8.826588839292526245e-02 2.992238998413085938e-01
-2.285500049591064453e+00 3.211580514907836914e+00 2.545793771743774414e+00 4.515607655048370361e-02 8.946763277053833008e-01 -4.349636733531951904e-01 -1.017882302403450012e-01 1.833091378211975098e-01
-2.049552440643310547e+00 3.022680044174194336e+00 2.472259759902954102e+00 4.471408203244209290e-02 -5.323992227204144001e-04 -4.494001269340515137e-01 8.933303952217102051e-01 2.732250392436981201e-01
-2.114409208297729492e+00 2.915133237838745117e+00 2.715382814407348633e+00 4.438271000981330872e-02 -2.077647857367992401e-02 -2.543665654957294464e-02 9.994605183601379395e-01 4.696656167507171631e-01
-2.134555816650390625e+00 2.935670852661132812e+00 3.179619550704956055e+00 4.402713477611541748e-02 -7.818781584501266479e-02 1.324200481176376343e-01 9.881050586700439453e-01 1.044249013066291809e-01
-2.172924518585205078e+00 2.965529918670654297e+00 3.289292097091674805e+00 4.325488209724426270e-02 1.351055055856704712e-01 -1.423940360546112061e-01 9.805459976196289062e-01 1.548544764518737793e-01
-2.175495862960815430e+00 2.947307825088500977e+00 3.451370954513549805e+00 4.434267058968544006e-02 3.522475659847259521e-01 -2.500195205211639404e-01 9.018934965133666992e-01 2.002638280391693115e-01
-2.099163055419921875e+00 2.888365983963012695e+00 3.654248476028442383e+00 4.560446739196777344e-02 1.184935048222541809e-01 9.326142668724060059e-01 3.408664464950561523e-01 9.613272547721862793e-02
-2.127891540527343750e+00 3.004461050033569336e+00 3.691879272460937500e+00 4.332472756505012512e-02 5.186105966567993164e-01 6.954621076583862305e-01 4.973686039447784424e-01 2.108646035194396973e-01
-2.014873981475830078e+00 3.133513689041137695e+00 3.784262657165527344e+00 4.251562803983688354e-02 8.792326450347900391e-01 -1.403270959854125977e-01 4.552562534809112549e-01 3.008216917514801025e-01
-1.748985767364501953e+00 3.092912673950195312e+00 3.921414375305175781e+00 3.637573495507240295e-02 5.455097556114196777e-01 -5.509889721870422363e-01 6.315301060676574707e-01 7.955478876829147339e-02
-1.728641867637634277e+00 2.992161989212036133e+00 3.984866380691528320e+00 4.185348376631736755e-02 6.673115491867065430e-01 -9.896033257246017456e-02 7.381748557090759277e-01 1.282829642295837402e-01
-1.628586888313293457e+00 2.944035291671752930e+00 4.060105323791503906e+00 3.637573495507240295e-02 8.059455156326293945e-01 3.623204771429300308e-03 5.919786691665649414e-01 2.374576926231384277e-01
-1.405021190643310547e+00 2.995802640914916992e+00 4.171442508697509766e+00 3.637573495507240295e-02 4.009100794792175293e-01 2.522410750389099121e-01 8.807074427604675293e-01 3.530219495296478271e-01
-1.248228788375854492e+00 3.154087543487548828e+00 4.511188983917236328e+00 4.122826829552650452e-02 -4.106637090444564819e-02 -3.764274120330810547e-01 9.255355000495910645e-01 1.937090754508972168e-01
-1.296489119529724121e+00 3.109508275985717773e+00 4.614535331726074219e+00 4.159757494926452637e-02 -7.985827326774597168e-01 2.849107682704925537e-01 5.301806330680847168e-01 2.998965084552764893e-01
-1.607396125793457031e+00 3.146189689636230469e+00 4.755494117736816406e+00 4.011332243680953979e-02 -4.737569987773895264e-01 4.044096171855926514e-01 7.823088765144348145e-01 4.487370550632476807e-01
-1.814819931983947754e+00 3.325698375701904297e+00 5.127049922943115234e+00 3.930924087762832642e-02 -8.409318327903747559e-01 -5.161650776863098145e-01 1.625030040740966797e-01 7.679775357246398926e-02
-1.990600585937500000e+00 3.304849863052368164e+00 5.221936702728271484e+00 3.925093263387680054e-02 -5.704296231269836426e-01 -4.922782480716705322e-01 -6.574740409851074219e-01 1.815197467803955078e-01
-2.092967510223388672e+00 3.198303461074829102e+00 5.090208053588867188e+00 3.637573495507240295e-02 -9.759945273399353027e-01 -1.673131883144378662e-01 1.394308060407638550e-01 9.547718614339828491e-02
-2.319333076477050781e+00 3.027997732162475586e+00 1.537691205739974976e-01 6.413720548152923584e-03 -6.449074149131774902e-01 -7.622740864753723145e-01 -5.506970733404159546e-02 4.647242724895477295e-01
-2.149671316146850586e+00 2.617723941802978516e+00 4.112831652164459229e-01 4.432471841573715210e-02 -6.772998571395874023e-01 6.978321075439453125e-01 -2.330133765935897827e-01 2.672364711761474609e-01
-2.333103418350219727e+00 2.829733610153198242e+00 3.661314547061920166e-01 4.357354715466499329e-02 -9.567232131958007812e-01 -2.194041311740875244e-01 1.911610811948776245e-01 4.365815520286560059e-01
-2.747045755386352539e+00 2.739721298217773438e+00 4.570893347263336182e-01 3.984312340617179871e-02 -8.990546464920043945e-01 1.476961560547351837e-02 4.375872313976287842e-01 1.188938543200492859e-01
-2.860132694244384766e+00 2.774208307266235352e+00 5.703818798065185547e-01 3.863454237580299377e-02 -9.763087034225463867e-01 -2.157490998506546021e-01 1.654329150915145874e-02 2.786351442337036133e-01
-3.129733085632324219e+00 2.651232242584228516e+00 5.802022814750671387e-01 3.680201992392539978e-02 -9.866338968276977539e-01 -2.484529465436935425e-02 1.610474288463592529e-01 3.123387098312377930e-01
-3.440183162689208984e+00 2.649721860885620117e+00 6.341009736061096191e-01 3.660748526453971863e-02 -9.466635584831237793e-01 -3.186158239841461182e-01 -4.808352142572402954e-02 1.462346762418746948e-01
-2.077901363372802734e+00 2.991796493530273438e+00 2.456706523895263672e+00 4.920389503240585327e-02 1.505315005779266357e-01 -5.364483594894409180e-01 -8.303995728492736816e-01 3.667656481266021729e-01
-2.024148225784301758e+00 2.805375814437866211e+00 2.143000125885009766e+00 4.920389503240585327e-02 2.723942399024963379e-01 -6.159422993659973145e-01 -7.391998767852783203e-01 1.989393532276153564e-01
-1.958298087120056152e+00 2.687997817993164062e+00 1.994130730628967285e+00 4.920389503240585327e-02 1.599390208721160889e-01 -6.290985941886901855e-01 -7.606933712959289551e-01 2.790454328060150146e-01
-1.920518279075622559e+00 2.514262676239013672e+00 1.777549982070922852e+00 4.920389503240585327e-02 2.866614460945129395e-01 -6.313326954841613770e-01 -7.205860018730163574e-01 2.430496215820312500e-01
-1.854906320571899414e+00 2.360403537750244141e+00 1.601044654846191406e+00 4.920389503240585327e-02 3.054677248001098633e-01 -6.255655884742736816e-01 -7.178838253021240234e-01 1.242841258645057678e-01
-1.813339710235595703e+00 2.281981229782104492e+00 1.514902830123901367e+00 4.920389503240585327e-02 6.188387870788574219e-01 -1.831756085157394409e-01 -7.638620734214782715e-01 1.356769800186157227e-01
-2.131647348403930664e+00 2.884671449661254883e+00 5.198848247528076172e-01 6.135680899024009705e-02 8.147770762443542480e-01 5.011307597160339355e-01 -2.915582954883575439e-01 3.126740455627441406e-01
-1.880447983741760254e+00 3.011033773422241211e+00 4.025518000125885010e-01 6.135680899024009705e-02 7.106547355651855469e-01 -5.055878758430480957e-01 4.892348349094390869e-01 1.265270859003067017e-01
-1.803608775138854980e+00 2.839600801467895508e+00 4.272033870220184326e-01 6.135680899024009705e-02 7.515214681625366211e-01 -2.958498895168304443e-01 5.896509885787963867e-01 5.568590760231018066e-01
-1.421911716461181641e+00 2.618574380874633789e+00 7.006576657295227051e-01 6.135680899024009705e-02 3.640553057193756104e-01 -7.613382935523986816e-01 5.364958047866821289e-01 1.213300377130508423e-01
-1.371100544929504395e+00 2.520152330398559570e+00 7.918768525123596191e-01 6.135680899024009705e-02 9.523428678512573242e-01 2.416856139898300171e-01 -1.860943138599395752e-01 1.434430480003356934e-01
-1.215951681137084961e+00 2.582082271575927734e+00 7.274183630943298340e-01 6.135680899024009705e-02 7.297589182853698730e-01 3.317784667015075684e-01 5.978084802627563477e-01 7.467016577720642090e-02
-1.164007425308227539e+00 2.559239864349365234e+00 7.915133237838745117e-01 6.135680899024009705e-02 9.436068534851074219e-01 8.072267472743988037e-02 3.210761845111846924e-01 2.818199992179870605e-01
-8.816416859626770020e-01 2.571151733398437500e+00 8.439676165580749512e-01 6.135680899024009705e-02 7.840651869773864746e-01 5.973159074783325195e-01 1.686875820159912109e-01 1.628213673830032349e-01
-7.814497947692871094e-01 2.673543214797973633e+00 9.281281828880310059e-01 6.135680899024009705e-02 7.888480424880981445e-01 5.148795247077941895e-01 3.355858027935028076e-01 1.606271415948867798e-01
-6.300269961357116699e-01 2.771674156188964844e+00 9.774084687232971191e-01 6.135680899024009705e-02 2.628743648529052734e-01 -1.347423046827316284e-01 9.553750753402709961e-01 2.566030621528625488e-01
-5.748251676559448242e-01 2.738290071487426758e+00 1.230106592178344727e+00 6.135680899024009705e-02 5.228013396263122559e-01 2.824594378471374512e-01 8.042981028556823730e-01 1.725048571825027466e-01
-4.246500432491302490e-01 2.798316478729248047e+00 1.362721204757690430e+00 6.135680899024009705e-02 6.245371326804161072e-02 1.990403980016708374e-01 9.779992103576660156e-01 2.158112525939941406e-01
-4.210416078567504883e-01 2.834813833236694336e+00 1.582584619522094727e+00 6.135680899024009705e-02 4.104309082031250000e-01 4.519866704940795898e-01 7.919940352439880371e-01 2.090900242328643799e-01
-3.003703057765960693e-01 2.893938779830932617e+00 1.747648835182189941e+00 6.135680899024009705e-02 5.149672031402587891e-01 4.967604279518127441e-01 6.985970735549926758e-01 2.077132910490036011e-01
-1.230799406766891479e-01 3.050687789916992188e+00 1.868502974510192871e+00 6.135680899024009705e-02 1.943208724260330200e-01 1.813796162605285645e-01 9.640232324600219727e-01 4.148749709129333496e-01
-1.563630625605583191e-02 3.173617124557495117e+00 2.266863822937011719e+00 6.135680899024009705e-02 9.527299553155899048e-02 -2.045105583965778351e-02 9.952411055564880371e-01 1.498606801033020020e-01
1.071973424404859543e-02 3.149551391601562500e+00 2.421227693557739258e+00 6.135680899024009705e-02 -5.767824053764343262e-01 -1.314719170331954956e-01 8.062488436698913574e-01 3.340339958667755127e-01
-2.025540322065353394e-01 3.147497653961181641e+00 2.676531314849853516e+00 6.135680899024009705e-02 7.766442000865936279e-02 3.506008684635162354e-01 9.332991242408752441e-01 2.345698028802871704e-01
-2.135552763938903809e-01 3.230504274368286133e+00 2.916039705276489258e+00 6.135680899024009705e-02 5.755125880241394043e-01 7.898221909999847412e-02 8.139699697494506836e-01 2.078342437744140625e-01
-4.572054743766784668e-02 3.217806577682495117e+00 3.107335805892944336e+00 6.135680899024009705e-02 -1.260291319340467453e-02 5.917079448699951172e-01 8.060539364814758301e-01 1.720666438341140747e-01
-1.037738472223281860e-01 3.333059549331665039e+00 3.264270305633544922e+00 6.135680899024009705e-02 3.366223275661468506e-01 1.350152343511581421e-01 9.319100379943847656e-01 5.143255591392517090e-01
8.779487013816833496e-02 3.362196922302246094e+00 3.735393047332763672e+00 6.135680899024009705e-02 3.126290142536163330e-01 -4.957862943410873413e-02 9.485805630683898926e-01 2.480906695127487183e-01
2.049852907657623291e-01 3.412488698959350586e+00 3.943302154541015625e+00 6.135680899024009705e-02 3.325997889041900635e-01 1.938025951385498047e-01 9.229398369789123535e-01 9.567568451166152954e-02
2.777961790561676025e-01 3.371534347534179688e+00 4.046301841735839844e+00 6.135680899024009705e-02 -2.598485536873340607e-02 2.228233814239501953e-01 9.745124578475952148e-01 4.020538330078125000e-01
2.847526669502258301e-01 3.408834218978881836e+00 4.448478698730468750e+00 6.135680899024009705e-02 -9.912984818220138550e-02 1.617383807897567749e-01 9.818421602249145508e-01 1.237691268324851990e-01
3.115526735782623291e-01 3.432435512542724609e+00 4.497251033782958984e+00 6.135680899024009705e-02 -2.337807565927505493e-01 9.691705107688903809e-01 -7.781448215246200562e-02 3.652381002902984619e-01
2.221628129482269287e-01 3.783168792724609375e+00 4.459111690521240234e+00 6.135680899024009705e-02 -2.444813549518585205e-01 9.455327987670898438e-01 -2.149339914321899414e-01 3.192215785384178162e-02
2.263462394475936890e-01 3.794087648391723633e+00 4.452772617340087891e+00 6.135680899024009705e-02 3.639352321624755859e-01 2.507772147655487061e-01 8.970295190811157227e-01 1.761091202497482300e-01
1.941772252321243286e-01 3.796267986297607422e+00 4.719883441925048828e+00 6.135680899024009705e-02 6.718337535858154297e-01 2.612751722335815430e-01 6.930906772613525391e-01 3.551445305347442627e-01
3.436084985733032227e-01 3.906539916992187500e+00 4.990674018859863281e+00 6.135680899024009705e-02 3.194949924945831299e-01 6.224821209907531738e-01 7.144501209259033203e-01 2.437432557344436646e-01
4.265857040882110596e-01 4.058890819549560547e+00 5.160141468048095703e+00 6.135680899024009705e-02 6.645794510841369629e-01 1.064152121543884277e-01 7.396011948585510254e-01 2.296773493289947510e-01
6.236281394958496094e-01 4.107741832733154297e+00 5.313591957092285156e+00 6.135680899024009705e-02 5.034068226814270020e-01 -4.008550345897674561e-01 7.654389739036560059e-01 1.524675339460372925e-01
6.860857009887695312e-01 4.109409332275390625e+00 5.402203083038330078e+00 6.135680899024009705e-02 -1.358606815338134766e-01 3.787024915218353271e-01 9.154923558235168457e-01 1.779346019029617310e-01
6.705698966979980469e-01 4.218374729156494141e+00 5.596726894378662109e+00 6.135680899024009705e-02 -8.285000324249267578e-01 4.379509687423706055e-01 -3.489794135093688965e-01 1.375551819801330566e-01
5.777813792228698730e-01 4.291483879089355469e+00 5.565126419067382812e+00 6.135680899024009705e-02 -4.605833292007446289e-01 8.822509050369262695e-01 -9.744932502508163452e-02 1.483648717403411865e-01
5.179187655448913574e-01 4.461803913116455078e+00 5.544133663177490234e+00 6.135680899024009705e-02 6.684622764587402344e-01 -2.040501497685909271e-02 7.434661388397216797e-01 1.531592011451721191e-01
6.887894868850708008e-01 4.494503974914550781e+00 5.601163387298583984e+00 6.135680899024009705e-02 3.186246752738952637e-01 5.801540613174438477e-01 7.495996356010437012e-01 9.660954028367996216e-02
7.069841027259826660e-01 4.530141353607177734e+00 5.704081535339355469e+00 6.135680899024009705e-02 9.413170218467712402e-01 -2.613393664360046387e-01 2.135978639125823975e-01 1.903230994939804077e-01
-2.165030479431152344e+00 2.937620401382446289e+00 7.698878645896911621e-01 9.308534674346446991e-03 -8.979960083961486816e-01 -1.024444103240966797e-01 -4.279116094112396240e-01 2.097054570913314819e-01
-2.342656373977661133e+00 2.927366256713867188e+00 6.468194723129272461e-01 9.308534674346446991e-03 1.757584810256958008e-01 -9.485971927642822266e-01 -2.631964385509490967e-01 3.785658180713653564e-01
-2.316011905670166016e+00 2.549011468887329102e+00 5.584178566932678223e-01 1.699819229543209076e-02 3.105146288871765137e-01 -8.687465190887451172e-01 -3.858239352703094482e-01 1.006965637207031250e-01
-2.440976858139038086e+00 2.885774612426757812e+00 1.154703974723815918e+00 1.921093836426734924e-02 -7.782143354415893555e-01 -5.461476370692253113e-02 -6.256194710731506348e-01 1.704282909631729126e-01
-2.593176841735839844e+00 2.891130447387695312e+00 1.036397576332092285e+00 1.336852367967367172e-02 -2.976271323859691620e-02 -6.468649506568908691e-01 -7.620235681533813477e-01 1.053672656416893005e-01
-2.758430242538452148e+00 2.694381475448608398e+00 1.500512003898620605e+00 4.392038285732269287e-02 -2.642531394958496094e-01 -9.223461151123046875e-01 2.818650007247924805e-01 6.381283998489379883e-01
-2.859786033630371094e+00 2.105937719345092773e+00 1.654463171958923340e+00 4.336215928196907043e-02 2.216518074274063110e-01 -7.901986241340637207e-01 5.713638067245483398e-01 1.295962482690811157e-01
-2.830357313156127930e+00 1.997043848037719727e+00 1.721926093101501465e+00 3.573909401893615723e-02 -2.205979079008102417e-01 -7.064445614814758301e-01 6.725121736526489258e-01 1.639543324708938599e-01
-2.833226919174194336e+00 1.870301365852355957e+00 1.835723400115966797e+00 4.214707389473915100e-02 -6.413815915584564209e-02 1.250449419021606445e-01 9.900757670402526855e-01 2.175029516220092773e-01
-2.861996412277221680e+00 1.903577327728271484e+00 2.050933599472045898e+00 4.090646654367446899e-02 -1.887785047292709351e-01 -4.408609867095947266e-01 8.774988651275634766e-01 4.586065411567687988e-01
-2.935991764068603516e+00 1.735476851463317871e+00 2.455494880676269531e+00 2.764436416327953339e-02 -3.394591212272644043e-01 6.652689725160598755e-02 9.382652640342712402e-01 2.894232980906963348e-02
-2.912538290023803711e+00 1.687090873718261719e+00 2.459387302398681641e+00 3.667813166975975037e-02 3.609001040458679199e-01 -1.840294301509857178e-01 9.142670631408691406e-01 1.699864566326141357e-01
-2.959616422653198242e+00 1.735327243804931641e+00 2.651807785034179688e+00 3.599189966917037964e-02 8.371376991271972656e-02 -3.243581950664520264e-01 9.422227740287780762e-01 2.401975244283676147e-01
-2.936570405960083008e+00 1.668003797531127930e+00 2.881192445755004883e+00 3.309557586908340454e-02 -1.707221963442862034e-03 -2.776740491390228271e-01 9.606738090515136719e-01 1.890315711498260498e-01
-2.882112979888916016e+00 1.647250175476074219e+00 3.077246904373168945e+00 3.162398934364318848e-02 1.294062733650207520e-01 -5.873226523399353027e-01 7.989405989646911621e-01 3.407649993896484375e-01
-2.835519313812255859e+00 1.460574746131896973e+00 3.356533765792846680e+00 2.984631806612014771e-02 2.594853192567825317e-02 -4.667720198631286621e-01 8.839969038963317871e-01 1.119204312562942505e-01
-2.767908573150634766e+00 1.410158991813659668e+00 3.496031761169433594e+00 2.829553931951522827e-02 -3.754988610744476318e-01 -6.801096200942993164e-01 6.296439766883850098e-01 1.733466684818267822e-01
-2.853472709655761719e+00 1.349099397659301758e+00 3.636963129043579102e+00 2.543834969401359558e-02 -6.121005490422248840e-02 -5.038898587226867676e-01 8.615964055061340332e-01 1.534512341022491455e-01
-2.836710929870605469e+00 1.283952593803405762e+00 3.785237073898315430e+00 2.542110905051231384e-02 -2.853110134601593018e-01 -4.808013439178466797e-01 8.291125893592834473e-01 1.096147894859313965e-01
-2.552558660507202148e+00 3.165849447250366211e+00 2.446967601776123047e+00 3.926134482026100159e-02 3.493020236492156982e-01 5.858579277992248535e-01 -7.312719225883483887e-01 4.587344080209732056e-02
-2.675804615020751953e+00 3.034105062484741211e+00 2.422178030014038086e+00 2.878296934068202972e-02 -1.662317961454391479e-01 -6.321181356906890869e-02 9.840585589408874512e-01 2.204871475696563721e-01
-2.754488468170166016e+00 3.047575473785400391e+00 2.679016828536987305e+00 3.855331242084503174e-02 -9.273030608892440796e-02 -8.634457588195800781e-01 4.958452582359313965e-01 3.543653190135955811e-01
-2.778123140335083008e+00 2.753458976745605469e+00 2.868301630020141602e+00 3.820022568106651306e-02 1.239375993609428406e-01 -7.874956727027893066e-01 6.037300825119018555e-01 2.499372959136962891e-01
-2.679882049560546875e+00 2.547896623611450195e+00 3.036473274230957031e+00 3.762506693601608276e-02 -2.643395066261291504e-01 -1.517180502414703369e-01 9.524212479591369629e-01 2.805722951889038086e-01
-2.671952486038208008e+00 2.464364528656005859e+00 3.313226461410522461e+00 3.690893575549125671e-02 -3.665544390678405762e-01 -5.621290206909179688e-01 7.413830161094665527e-01 1.371050029993057251e-01
-2.712151050567626953e+00 2.379977703094482422e+00 3.415436744689941406e+00 3.644693642854690552e-02 -5.283085703849792480e-01 -6.880012154579162598e-01 4.975383877754211426e-01 2.520735859870910645e-01
-2.830135822296142578e+00 2.238828659057617188e+00 3.561085462570190430e+00 3.766049072146415710e-02 9.889712929725646973e-02 -5.614991784095764160e-01 8.215461373329162598e-01 1.172388046979904175e-01
-2.838656902313232422e+00 2.179778575897216797e+00 3.640822649002075195e+00 3.565383702516555786e-02 -5.980988144874572754e-01 -6.588869690895080566e-01 4.562299251556396484e-01 5.524407699704170227e-02
-2.630227088928222656e+00 3.080038070678710938e+00 2.484883308410644531e+00 4.355745762586593628e-02 6.934882402420043945e-01 -2.910426259040832520e-01 6.590662002563476562e-01 1.854449659585952759e-01
-2.486543416976928711e+00 3.003846883773803711e+00 2.585857152938842773e+00 4.336076229810714722e-02 3.033141791820526123e-01 -5.429555773735046387e-01 7.830707430839538574e-01 2.360807061195373535e-01
-2.405375003814697266e+00 2.885086297988891602e+00 2.774669647216796875e+00 4.310241714119911194e-02 7.394210994243621826e-02 -4.481023848056793213e-01 8.909190893173217773e-01 2.866705358028411865e-01
-2.436384201049804688e+00 2.737270593643188477e+00 3.085016489028930664e+00 4.277788102626800537e-02 6.841428875923156738e-01 -5.763301849365234375e-01 4.469810128211975098e-01 1.290857940912246704e-01
-2.298992156982421875e+00 2.659768104553222656e+00 3.135836601257324219e+00 4.243310913443565369e-02 1.088226363062858582e-01 -3.450407981872558594e-01 9.322577118873596191e-01 1.280189305543899536e-01
-2.264721870422363281e+00 2.612019300460815430e+00 3.255564928054809570e+00 4.089485481381416321e-02 -3.892999514937400818e-02 -1.154489815235137939e-01 9.925502538681030273e-01 4.645370543003082275e-01
-2.268331289291381836e+00 2.500352382659912109e+00 3.730000734329223633e+00 3.916092589497566223e-02 -3.011547923088073730e-01 1.419468075037002563e-01 9.429511427879333496e-01 4.206740558147430420e-01
-2.420075893402099609e+00 2.577716827392578125e+00 4.094417572021484375e+00 3.400916978716850281e-02 -6.624588966369628906e-01 3.077505826950073242e-01 6.829624772071838379e-01 9.568663686513900757e-02
-2.479958057403564453e+00 2.616194009780883789e+00 4.161977767944335938e+00 3.457472473382949829e-02 -3.241987228393554688e-01 -1.042238250374794006e-01 9.402300715446472168e-01 1.557848155498504639e-01
-2.603800058364868164e+00 2.633217096328735352e+00 4.316169261932373047e+00 3.400916978716850281e-02 3.978298008441925049e-01 7.568924427032470703e-01 5.185028910636901855e-01 1.901387125253677368e-01
-2.073632717132568359e+00 2.921065330505371094e+00 2.843319654464721680e+00 4.216357320547103882e-02 6.797420978546142578e-02 -9.968774318695068359e-01 -4.018574208021163940e-02 1.202526688575744629e-01
-2.172707557678222656e+00 2.683066129684448242e+00 2.840203285217285156e+00 3.998386859893798828e-02 6.570894122123718262e-01 -5.897843837738037109e-01 4.694548845291137695e-01 2.901603281497955322e-01
-2.029979467391967773e+00 2.461610317230224609e+00 3.023456335067749023e+00 3.442093357443809509e-02 7.628632783889770508e-01 -6.398606300354003906e-01 9.283303469419479370e-02 4.647748172283172607e-01
-1.694558739662170410e+00 2.142831087112426758e+00 3.048406600952148438e+00 1.575716026127338409e-02 7.860577702522277832e-01 -6.078714728355407715e-01 -1.122736707329750061e-01 2.666188180446624756e-01
-1.484707713127136230e+00 1.980959653854370117e+00 3.009276390075683594e+00 1.032753381878137589e-02 6.617750525474548340e-01 -7.496944069862365723e-01 3.474866040050983429e-03 1.397680491209030151e-01
-2.052550792694091797e+00 2.982506990432739258e+00 2.651404142379760742e+00 4.897924885153770447e-02 3.848471343517303467e-01 4.280443787574768066e-01 8.177228569984436035e-01 3.640031516551971436e-01
-1.905054688453674316e+00 3.121297836303710938e+00 2.962988615036010742e+00 4.897924885153770447e-02 2.070250660181045532e-01 6.720885634422302246e-01 7.109413146972656250e-01 1.528822332620620728e-01
-1.917464971542358398e+00 3.291253566741943359e+00 3.052439212799072266e+00 4.897924885153770447e-02 3.537266552448272705e-01 4.643538594245910645e-01 8.119439482688903809e-01 3.593585789203643799e-01
-1.728136658668518066e+00 3.443720817565917969e+00 3.379012107849121094e+00 4.897924885153770447e-02 -2.151796966791152954e-01 7.044510841369628906e-01 6.763478517532348633e-01 1.959910094738006592e-01
-1.775473594665527344e+00 3.582588434219360352e+00 3.512203931808471680e+00 4.897924885153770447e-02 1.762672215700149536e-01 4.388777315616607666e-01 8.810880780220031738e-01 1.467843651771545410e-01
-1.737338781356811523e+00 3.667906284332275391e+00 3.630061864852905273e+00 4.897924885153770447e-02 -2.990888357162475586e-01 5.880370140075683594e-01 7.515040040016174316e-01 2.663098573684692383e-01
-1.795208334922790527e+00 3.830125093460083008e+00 3.832561254501342773e+00 4.897924885153770447e-02 -1.762390434741973877e-01 2.865701913833618164e-01 9.417098164558410645e-01 1.831715553998947144e-01
-1.826980710029602051e+00 3.901911735534667969e+00 3.999651432037353516e+00 4.897924885153770447e-02 -3.498201370239257812e-01 2.612161338329315186e-01 8.996621370315551758e-01 3.335527479648590088e-01
-1.909292101860046387e+00 4.004797458648681641e+00 4.343550205230712891e+00 4.897924885153770447e-02 -7.959478497505187988e-01 6.177525967359542847e-02 6.022049784660339355e-01 1.507913768291473389e-01
-2.006473541259765625e+00 4.045619010925292969e+00 4.420557975769042969e+00 4.897924885153770447e-02 -8.082937598228454590e-01 5.887452363967895508e-01 6.341259926557540894e-03 2.919505834579467773e-01
-2.219865798950195312e+00 4.276631355285644531e+00 4.390045166015625000e+00 4.897924885153770447e-02 -9.780287742614746094e-02 5.063295364379882812e-01 8.567759394645690918e-01 1.074301153421401978e-01
-2.223370552062988281e+00 4.342910289764404297e+00 4.484763145446777344e+00 4.897924885153770447e-02 -5.175100564956665039e-01 1.140640750527381897e-01 8.480405211448669434e-01 2.507296502590179443e-01
-2.345932960510253906e+00 4.380139827728271484e+00 4.701302528381347656e+00 4.897924885153770447e-02 -4.472469985485076904e-01 -3.224047645926475525e-02 8.938292264938354492e-01 1.170754358172416687e-01
-2.415793180465698242e+00 4.372095108032226562e+00 4.804591655731201172e+00 4.897924885153770447e-02 5.391062051057815552e-02 -4.961410760879516602e-01 8.665665984153747559e-01 1.914184093475341797e-01
-2.453758716583251953e+00 4.298122406005859375e+00 4.990461826324462891e+00 4.897924885153770447e-02 1.511510610580444336e-01 -4.768678545951843262e-01 8.658813238143920898e-01 6.108331084251403809e-01
-2.396312236785888672e+00 4.011728286743164062e+00 5.505895137786865234e+00 4.897924885153770447e-02 -3.588545322418212891e-01 -6.080862879753112793e-01 7.081345319747924805e-01 1.869407594203948975e-01
-2.501207113265991211e+00 3.980029821395874023e+00 5.631441593170166016e+00 4.897924885153770447e-02 -4.909782707691192627e-01 -1.549976468086242676e-01 8.572724461555480957e-01 2.033531963825225830e-01
-2.595874786376953125e+00 3.965333700180053711e+00 5.801519870758056641e+00 4.897924885153770447e-02 -7.334724813699722290e-02 2.654685676097869873e-01 9.613254666328430176e-01 1.556233018636703491e-01
-2.580615043640136719e+00 4.012652873992919922e+00 5.945546150207519531e+00 4.897924885153770447e-02 1.997302770614624023e-01 2.278272062540054321e-02 9.795860052108764648e-01 1.452724635601043701e-01
-2.564331054687500000e+00 3.980751276016235352e+00 6.105553627014160156e+00 4.897924885153770447e-02 -2.588929841294884682e-03 4.498868286609649658e-01 8.930818438529968262e-01 1.251394152641296387e-01
-1.364570140838623047e+00 2.981969118118286133e+00 4.190262794494628906e+00 3.455694764852523804e-02 8.102861046791076660e-01 -5.842964649200439453e-01 -4.510126635432243347e-02 1.539024263620376587e-01
-1.232228636741638184e+00 2.914350986480712891e+00 4.228650093078613281e+00 2.536141499876976013e-02 9.080223441123962402e-01 -4.157303571701049805e-01 5.161105468869209290e-02 9.203530102968215942e-02
-1.151668429374694824e+00 2.866593599319458008e+00 4.225704669952392578e+00 3.296583518385887146e-02 8.704807758331298828e-01 -4.455056786537170410e-01 2.092556506395339966e-01 1.315276771783828735e-01
-1.010427713394165039e+00 2.773822069168090820e+00 4.219892978668212891e+00 3.099562600255012512e-02 7.178720831871032715e-01 -1.088342517614364624e-01 6.876152753829956055e-01 3.149670362472534180e-01
-7.700535058975219727e-01 2.759488344192504883e+00 4.416442871093750000e+00 2.569531835615634918e-02 7.068237066268920898e-01 1.809867322444915771e-01 6.838450431823730469e-01 1.514158546924591064e-01
-6.638739109039306641e-01 2.774889707565307617e+00 4.522875308990478516e+00 2.213846892118453979e-02 4.401398003101348877e-01 1.806270331144332886e-01 8.795742392539978027e-01 1.848637908697128296e-01
-5.963581800460815430e-01 2.802401542663574219e+00 4.685894012451171875e+00 2.082184143364429474e-02 -3.668572306632995605e-01 8.350930809974670410e-01 -4.099211394786834717e-01 7.608798891305923462e-02
-2.042529582977294922e+00 3.139062166213989258e+00 3.830971240997314453e+00 3.167493641376495361e-02 -6.206382513046264648e-01 -3.820539414882659912e-01 6.847210526466369629e-01 4.666324332356452942e-02
-2.071490526199340820e+00 3.121234416961669922e+00 3.862922430038452148e+00 3.066883422434329987e-02 -1.167953130789101124e-03 9.984211921691894531e-01 5.615879595279693604e-02 2.186784744262695312e-01
-2.078711271286010742e+00 3.359056949615478516e+00 3.857815027236938477e+00 4.115848988294601440e-02 1.467165350914001465e-01 6.872118115425109863e-01 7.114872932434082031e-01 2.044939994812011719e-01
-2.051322698593139648e+00 3.498928546905517578e+00 4.001704216003417969e+00 2.988304756581783295e-02 -5.531007051467895508e-01 3.343193233013153076e-01 7.630925178527832031e-01 3.261182904243469238e-01
-1.711968064308166504e+00 2.947607278823852539e+00 4.016513347625732422e+00 3.976080939173698425e-02 -2.208044677972793579e-01 -9.727163314819335938e-01 7.119234651327133179e-02 1.166519150137901306e-01
-1.734843492507934570e+00 2.840942144393920898e+00 4.025629043579101562e+00 3.976080939173698425e-02 -6.459496617317199707e-01 1.853192895650863647e-01 7.405442595481872559e-01 2.685447633266448975e-01
-1.897739410400390625e+00 2.877063512802124023e+00 4.224399089813232422e+00 3.976080939173698425e-02 3.637773990631103516e-01 2.753339111804962158e-01 8.898636102676391602e-01 1.534177064895629883e-01
-1.833779811859130859e+00 2.916200637817382812e+00 4.355224609375000000e+00 9.999999776482582092e-03 6.215066909790039062e-01 4.285046756267547607e-01 6.558301448822021484e-01 1.165483221411705017e-01
-1.645563960075378418e+00 3.167921781539916992e+00 4.777691841125488281e+00 1.608440093696117401e-02 -8.116480112075805664e-01 -1.771083846688270569e-02 -5.838782787322998047e-01 2.249081730842590332e-01
-1.273265361785888672e+00 3.049641132354736328e+00 4.375524997711181641e+00 4.340909793972969055e-02 5.295376181602478027e-01 2.163812071084976196e-01 8.202250003814697266e-01 3.584800064563751221e-01
-1.083436727523803711e+00 3.127209424972534180e+00 4.669559478759765625e+00 4.340909793972969055e-02 -2.123762667179107666e-01 -1.714472472667694092e-01 9.620302319526672363e-01 8.688693493604660034e-02
-1.142922401428222656e+00 3.129715204238891602e+00 4.855430603027343750e+00 4.340909793972969055e-02 9.259262681007385254e-01 -2.981245331466197968e-02 3.765259087085723877e-01 2.122775278985500336e-02
-1.151837468147277832e+00 3.164525508880615234e+00 4.919920921325683594e+00 4.340909793972969055e-02 8.394808769226074219e-01 -1.539794355630874634e-01 5.211162567138671875e-01 3.607099950313568115e-01
-8.627790212631225586e-01 3.105505228042602539e+00 5.113930702209472656e+00 4.340909793972969055e-02 4.487170279026031494e-01 -5.467572212219238281e-01 7.069013714790344238e-01 1.938080340623855591e-01
-7.673366665840148926e-01 2.959387302398681641e+00 5.234728813171386719e+00 4.340909793972969055e-02 3.284846544265747070e-01 -2.930389344692230225e-01 8.979008793830871582e-01 9.063717722892761230e-02
-7.410417795181274414e-01 2.940697669982910156e+00 5.315590858459472656e+00 4.340909793972969055e-02 5.638817697763442993e-02 9.074978530406951904e-02 9.942760467529296875e-01 1.284320205450057983e-01
-7.047750949859619141e-01 3.014754295349121094e+00 5.470748901367187500e+00 4.340909793972969055e-02 8.640398383140563965e-01 -4.751237630844116211e-01 1.664108633995056152e-01 3.750979900360107422e-01
-3.408702313899993896e-01 2.778887033462524414e+00 5.505003929138183594e+00 4.340909793972969055e-02 7.287805080413818359e-01 1.804910153150558472e-01 6.605315804481506348e-01 4.416432976722717285e-01
-1.377886626869440079e-02 2.772859096527099609e+00 5.737853527069091797e+00 4.340909793972969055e-02 7.429509162902832031e-01 -3.474754095077514648e-01 5.720881223678588867e-01 9.283239394426345825e-02
-2.310963813215494156e-03 2.815507650375366211e+00 5.770322322845458984e+00 4.340909793972969055e-02 -6.527785062789916992e-01 -3.107467293739318848e-01 6.908810734748840332e-01 1.264949291944503784e-01
-1.598567128181457520e+00 3.140607118606567383e+00 4.806862831115722656e+00 3.810765594244003296e-02 4.178918302059173584e-01 -3.109819591045379639e-01 8.536138534545898438e-01 9.698075801134109497e-02
-1.563392281532287598e+00 3.116564989089965820e+00 4.892625808715820312e+00 3.795557096600532532e-02 5.976889133453369141e-01 1.384514421224594116e-01 7.896829843521118164e-01 3.380098640918731689e-01
-1.387079238891601562e+00 3.163698673248291016e+00 5.198274612426757812e+00 3.742627426981925964e-02 7.644916176795959473e-01 4.018393456935882568e-01 5.040612220764160156e-01 1.125968173146247864e-01
-1.295081734657287598e+00 3.204236030578613281e+00 5.255098342895507812e+00 3.652669489383697510e-02 4.838216304779052734e-01 6.170635223388671875e-01 6.206039190292358398e-01 2.905768752098083496e-01
-1.143040418624877930e+00 3.377595424652099609e+00 5.404519557952880859e+00 3.538446873426437378e-02 9.580765664577484131e-02 9.834711551666259766e-01 -1.536402851343154907e-01 1.190813556313514709e-01
-1.220304012298583984e+00 3.498658418655395508e+00 5.478464603424072266e+00 3.287853673100471497e-02 6.384746432304382324e-01 4.909088909626007080e-01 5.927550792694091797e-01 4.039244949817657471e-01
-9.839519262313842773e-01 3.670672655105590820e+00 5.732581138610839844e+00 3.132836148142814636e-02 3.365277349948883057e-01 2.339693754911422729e-01 9.121444225311279297e-01 2.101307809352874756e-01
-9.054424762725830078e-01 3.706908464431762695e+00 5.928349494934082031e+00 2.800721488893032074e-02 -3.932109177112579346e-01 5.391735583543777466e-02 9.178660511970520020e-01 4.463871717453002930e-01
-1.005816936492919922e+00 3.699080228805541992e+00 6.332154750823974609e+00 2.668240293860435486e-02 1.078809127211570740e-01 7.016733288764953613e-02 9.916845560073852539e-01 1.691451817750930786e-01
-9.979289770126342773e-01 3.717595815658569336e+00 6.501468658447265625e+00 2.178834192454814911e-02 2.738284319639205933e-02 -1.898961663246154785e-01 9.814222455024719238e-01 1.159102693200111389e-01
-9.897795915603637695e-01 3.697605848312377930e+00 6.616202354431152344e+00 1.792992465198040009e-02 -2.838450372219085693e-01 2.514473795890808105e-01 9.253141283988952637e-01 6.115828454494476318e-02
-1.561756372451782227e+00 3.072152614593505859e+00 4.603437423706054688e+00 8.468368090689182281e-03 -8.882858157157897949e-01 4.359509348869323730e-01 -1.445513069629669189e-01 2.992489635944366455e-01
-2.068856954574584961e+00 3.198669910430908203e+00 5.074979782104492188e+00 3.728838637471199036e-02 5.601827502250671387e-01 -4.358133077621459961e-01 -7.044587135314941406e-01 2.249045968055725098e-01
-1.938364624977111816e+00 3.097312211990356445e+00 4.917247295379638672e+00 3.671137243509292603e-02 2.204724252223968506e-01 9.282211959362030029e-02 -9.709665179252624512e-01 1.688986420631408691e-01
-1.939584612846374512e+00 3.109725475311279297e+00 4.699675083160400391e+00 3.418774902820587158e-02 -5.660538077354431152e-01 -6.917172074317932129e-01 4.484533667564392090e-01 6.481746435165405273e-01
-2.333411693572998047e+00 2.692232131958007812e+00 4.990577697753906250e+00 3.052316233515739441e-02 -7.069526314735412598e-01 -6.193195581436157227e-01 3.415570855140686035e-01 1.138238534331321716e-01
-2.418641805648803711e+00 2.620537281036376953e+00 5.024784088134765625e+00 2.975683473050594330e-02 -5.872738361358642578e-01 -4.024716615676879883e-01 7.022293210029602051e-01 1.442544609308242798e-01
-2.571468591690063477e+00 2.651104450225830078e+00 5.290649890899658203e+00 2.037798985838890076e-02 -6.627265214920043945e-01 -7.386101484298706055e-01 1.234852820634841919e-01 3.441846966743469238e-01
-2.760395765304565430e+00 2.502860069274902344e+00 5.417229175567626953e+00 1.577650569379329681e-02 -9.587348103523254395e-01 1.794348657131195068e-01 2.205237150192260742e-01 1.261832863092422485e-01
-1.900203347206115723e+00 3.319359779357910156e+00 5.137660980224609375e+00 4.664274305105209351e-02 -2.771037220954895020e-01 4.488656222820281982e-01 8.495488166809082031e-01 6.112946271896362305e-01
-2.009065866470336914e+00 3.548027753829956055e+00 5.706677436828613281e+00 4.664274305105209351e-02 -2.797928452491760254e-01 5.121539235115051270e-01 8.120433092117309570e-01 1.670586019754409790e-01
-2.044018745422363281e+00 3.640413045883178711e+00 5.849722862243652344e+00 4.664274305105209351e-02 -6.441465020179748535e-01 4.224940836429595947e-01 6.376315951347351074e-01 3.179359436035156250e-01
-2.241606235504150391e+00 3.783453702926635742e+00 6.049070835113525391e+00 4.664274305105209351e-02 -2.469876408576965332e-02 3.790302872657775879e-01 9.250546097755432129e-01 1.346088796854019165e-01
-2.223107337951660156e+00 3.850083112716674805e+00 6.183975219726562500e+00 4.664274305105209351e-02 -6.515911221504211426e-01 6.272097826004028320e-01 4.266578257083892822e-01 1.540761291980743408e-01
-2.341824531555175781e+00 3.974409103393554688e+00 6.276603221893310547e+00 4.664274305105209351e-02 -7.550663948059082031e-01 -6.396174430847167969e-01 1.440980285406112671e-01 7.836509495973587036e-02
-2.455739498138427734e+00 3.919158935546875000e+00 6.245742797851562500e+00 4.664274305105209351e-02 -4.816081523895263672e-01 -5.390201210975646973e-01 6.910216212272644043e-01 2.615326941013336182e-01
-2.861157655715942383e+00 2.775887966156005859e+00 5.317974686622619629e-01 9.175703860819339752e-03 -1.488645821809768677e-01 -9.480567574501037598e-01 -2.811186909675598145e-01 1.294811815023422241e-01
-2.842882394790649414e+00 2.628835439682006836e+00 5.071428418159484863e-01 9.859120473265647888e-03 -5.430875420570373535e-01 -8.396757841110229492e-01 -7.350982632488012314e-04 4.099533855915069580e-01
-3.097420692443847656e+00 2.320127248764038086e+00 5.114580392837524414e-01 1.021414157003164291e-02 -7.454533576965332031e-01 -6.505751609802246094e-01 -1.450907588005065918e-01 2.231477200984954834e-01
-2.064244270324707031e+00 2.813099145889282227e+00 2.132949113845825195e+00 5.106464959681034088e-03 -4.523237049579620361e-01 -6.336488127708435059e-01 -6.276085376739501953e-01 2.380272746086120605e-01
-2.156949996948242188e+00 2.618226289749145508e+00 2.000575304031372070e+00 5.106464959681034088e-03 -3.460573032498359680e-02 -3.703137040138244629e-01 -9.282619357109069824e-01 3.876154124736785889e-01
-1.896661281585693359e+00 3.096802234649658203e+00 3.790497481822967529e-01 7.401773706078529358e-03 2.809185087680816650e-01 8.488973975181579590e-01 4.477253258228302002e-01 2.516357004642486572e-01
-1.841316342353820801e+00 3.312314748764038086e+00 4.903000891208648682e-01 7.587361615151166916e-03 -1.457746177911758423e-01 -9.333631396293640137e-01 3.279984891414642334e-01 9.000158309936523438e-02
-1.190343499183654785e+00 2.547224760055541992e+00 7.894509434700012207e-01 2.577163279056549072e-02 -5.166836380958557129e-01 -3.204527497291564941e-01 7.939446568489074707e-01 4.165452122688293457e-01
-1.289229750633239746e+00 2.494751214981079102e+00 8.207434415817260742e-01 3.247411549091339111e-02 7.783644199371337891e-01 -1.858018338680267334e-01 5.996887087821960449e-01 2.132545262575149536e-01
-1.220940470695495605e+00 2.337778806686401367e+00 9.985026717185974121e-01 4.141880944371223450e-02 2.510713934898376465e-01 1.940025985240936279e-01 9.483280777931213379e-01 3.536278307437896729e-01
-1.141883134841918945e+00 2.314414978027343750e+00 1.377722382545471191e+00 3.722369670867919922e-02 8.309508562088012695e-01 1.654467880725860596e-01 5.311761498451232910e-01 3.054610490798950195e-01
-9.025586843490600586e-01 2.367011070251464844e+00 1.545017957687377930e+00 2.117440849542617798e-02 3.479732275009155273e-01 4.833893775939941406e-01 8.032741546630859375e-01 5.184917524456977844e-02
-8.634549975395202637e-01 2.415009737014770508e+00 1.603085160255432129e+00 3.193370252847671509e-02 7.498898357152938843e-02 5.339937210083007812e-01 -8.421563506126403809e-01 1.736193150281906128e-01
-1.220850944519042969e+00 2.520854711532592773e+00 6.681917905807495117e-01 2.007647790014743805e-02 6.081695556640625000e-01 -6.137838363647460938e-01 5.033877491950988770e-01 8.207504153251647949e-01
-7.589929103851318359e-01 1.983392953872680664e+00 1.048185229301452637e+00 8.327882736921310425e-03 -3.844078779220581055e-01 -3.954448699951171875e-01 8.341785669326782227e-01 1.596206724643707275e-01
-7.912458181381225586e-01 1.894971847534179688e+00 1.199089884757995605e+00 1.445416919887065887e-02 -6.845547556877136230e-01 -7.231621742248535156e-01 9.176717698574066162e-02 1.610925942659378052e-01
-7.683467864990234375e-01 2.598917961120605469e+00 8.217409849166870117e-01 7.806558161973953247e-03 4.508844316005706787e-01 -6.039864420890808105e-01 -6.571937203407287598e-01 1.383891999721527100e-01
-7.459405660629272461e-01 2.519513130187988281e+00 7.352530360221862793e-01 7.806558161973953247e-03 -1.037276759743690491e-01 6.657278537750244141e-02 -9.923752546310424805e-01 2.996660768985748291e-01
-4.632645472884178162e-02 3.181791543960571289e+00 2.506858348846435547e+00 4.479970782995223999e-02 7.676026225090026855e-01 6.409210562705993652e-01 -2.527804579585790634e-03 2.605429887771606445e-01
1.912361085414886475e-01 3.305750846862792969e+00 2.558913230895996094e+00 3.082830086350440979e-02 7.680188417434692383e-01 6.399387121200561523e-01 -2.501030266284942627e-02 6.047679483890533447e-02
2.300964444875717163e-01 3.337535858154296875e+00 2.565799713134765625e+00 3.141473606228828430e-02 3.665665686130523682e-01 5.281000137329101562e-01 7.659891247749328613e-01 2.560296952724456787e-01
3.423025012016296387e-01 3.484828710556030273e+00 2.754286289215087891e+00 2.743628434836864471e-02 1.522254198789596558e-01 3.519245684146881104e-01 9.235672950744628906e-01 1.162796244025230408e-01
3.772203624248504639e-01 3.504709243774414062e+00 2.870300054550170898e+00 3.168624266982078552e-02 6.366163492202758789e-02 4.225510954856872559e-01 9.041005373001098633e-01 3.760549426078796387e-01
3.820816278457641602e-01 3.650743484497070312e+00 3.266694307327270508e+00 3.014917671680450439e-02 2.888943254947662354e-01 9.075525999069213867e-01 3.047758340835571289e-01 2.231660038232803345e-01
4.497735202312469482e-01 3.844656229019165039e+00 3.344873666763305664e+00 2.689096145331859589e-02 9.260659813880920410e-01 3.764693737030029297e-01 2.593516930937767029e-02 1.129581928253173828e-01
-1.323401033878326416e-01 3.150221347808837891e+00 2.560976982116699219e+00 5.643696710467338562e-02 -8.934418559074401855e-01 -3.298394978046417236e-01 -3.049058318138122559e-01 2.215355634689331055e-01
-2.950015962123870850e-01 3.051443338394165039e+00 2.380110740661621094e+00 5.408744513988494873e-02 -9.567502140998840332e-01 -4.721336066722869873e-02 -2.870539128780364990e-01 6.701289415359497070e-01
-8.945880532264709473e-01 3.007486343383789062e+00 2.131098270416259766e+00 3.470166772603988647e-02 -7.798696756362915039e-01 -3.938632011413574219e-01 -4.864926040172576904e-01 2.623750269412994385e-02
-9.150499105453491211e-01 2.997152328491210938e+00 2.118334054946899414e+00 3.100829571485519409e-02 -7.879219055175781250e-01 -1.261937171220779419e-01 -6.027057170867919922e-01 2.004851102828979492e-01
-1.095763564109802246e+00 3.051464796066284180e+00 1.996171712875366211e+00 3.895511105656623840e-02 -8.762148022651672363e-01 -2.571556866168975830e-01 -4.075765013694763184e-01 1.508935689926147461e-01
-1.186099767684936523e+00 3.003822326660156250e+00 1.846353054046630859e+00 3.277983143925666809e-02 -6.373966932296752930e-01 -7.358458042144775391e-01 -2.285965532064437866e-01 6.043924391269683838e-02
-1.197086811065673828e+00 2.949084043502807617e+00 1.800622701644897461e+00 2.283049002289772034e-02 -4.879441261291503906e-01 -8.608927130699157715e-01 -1.441327482461929321e-01 6.408358365297317505e-02
-1.244599223136901855e+00 2.889436244964599609e+00 1.803783297538757324e+00 1.996969431638717651e-02 -5.298716425895690918e-01 -2.871363162994384766e-01 -7.979904413223266602e-01 1.029901355504989624e-01
-1.442084461450576782e-01 3.162933588027954102e+00 2.831519842147827148e+00 3.968295827507972717e-02 1.644496917724609375e-01 -3.555862009525299072e-01 9.200623631477355957e-01 3.873538076877593994e-01
-7.950715720653533936e-02 3.031584262847900391e+00 3.189229726791381836e+00 4.100642725825309753e-02 -8.417303115129470825e-02 -1.890024393796920776e-01 9.783623814582824707e-01 1.387293785810470581e-01
-7.367754727602005005e-02 2.967350482940673828e+00 3.349062919616699219e+00 4.971280321478843689e-02 -8.399314880371093750e-01 -5.079597830772399902e-01 -1.910286545753479004e-01 4.268796741962432861e-02
-1.037744581699371338e-01 2.930824995040893555e+00 3.408528327941894531e+00 4.191742092370986938e-02 -8.487629294395446777e-01 -5.269901156425476074e-01 -4.339186847209930420e-02 2.895238995552062988e-01
-3.587369918823242188e-01 2.780831813812255859e+00 3.396232128143310547e+00 3.976245597004890442e-02 -2.483125329017639160e-01 -9.186193346977233887e-01 3.073750138282775879e-01 2.044510394334793091e-01
-4.282465279102325439e-01 2.548871040344238281e+00 3.448965787887573242e+00 3.345400094985961914e-02 1.358265802264213562e-02 -2.286645770072937012e-01 9.734104871749877930e-01 2.227131873369216919e-01
-3.959926068782806396e-01 2.489111900329589844e+00 3.670081377029418945e+00 2.028670907020568848e-02 -9.413021802902221680e-02 1.688403636217117310e-01 9.811383485794067383e-01 3.535941839218139648e-01
8.026251941919326782e-02 3.412355422973632812e+00 3.808855056762695312e+00 4.543893784284591675e-02 -2.648127675056457520e-01 7.552549242973327637e-01 5.995533466339111328e-01 1.552684903144836426e-01
3.914543613791465759e-02 3.529622554779052734e+00 3.901946783065795898e+00 4.436975717544555664e-02 -2.569282054901123047e-01 -1.373897194862365723e-01 9.566148519515991211e-01 1.182257235050201416e-01
4.760448262095451355e-02 3.553415298461914062e+00 4.015420913696289062e+00 5.828896909952163696e-02 2.212883555330336094e-04 -9.651206433773040771e-03 9.999533891677856445e-01 1.608081012964248657e-01
8.459535986185073853e-02 3.549320936203002930e+00 4.157887458801269531e+00 4.482515528798103333e-02 9.206555038690567017e-02 -9.441165924072265625e-01 3.164929747581481934e-01 6.634286046028137207e-02
2.786548137664794922e-01 3.757921218872070312e+00 4.532785415649414062e+00 4.892111942172050476e-02 3.786582946777343750e-01 -9.154265522956848145e-01 1.364262700080871582e-01 3.493131399154663086e-01
4.109251499176025391e-01 3.438150644302368164e+00 4.580440998077392578e+00 4.892111942172050476e-02 -6.117289662361145020e-01 -2.230775356292724609e-01 7.589625120162963867e-01 2.485069036483764648e-01
2.889561355113983154e-01 3.396953582763671875e+00 4.774489879608154297e+00 4.298086464405059814e-02 2.865707278251647949e-01 -8.039284944534301758e-01 5.211297273635864258e-01 3.215092122554779053e-01
3.728968203067779541e-01 3.139898300170898438e+00 4.955436706542968750e+00 3.760490193963050842e-02 2.450839132070541382e-01 -9.370136260986328125e-01 2.488761097192764282e-01 1.874574422836303711e-01
4.229223132133483887e-01 2.892255306243896484e+00 4.978044509887695312e+00 4.900746792554855347e-02 -4.074855893850326538e-02 -3.186126947402954102e-01 9.470087289810180664e-01 3.910575211048126221e-01
3.999130427837371826e-01 2.820880651473999023e+00 5.344668865203857422e+00 3.785447403788566589e-02 1.209150254726409912e-01 8.502337336540222168e-02 9.890149831771850586e-01 5.847407504916191101e-02
4.142051935195922852e-01 2.830119132995605469e+00 5.409157752990722656e+00 3.307812288403511047e-02 -1.786908060312271118e-01 -7.288060784339904785e-01 6.609926819801330566e-01 2.264362275600433350e-01
3.758347630500793457e-01 2.626350402832031250e+00 5.568513393402099609e+00 2.967682853341102600e-02 6.416666507720947266e-01 2.184118479490280151e-01 7.352280020713806152e-01 1.428877860307693481e-01
4.728011488914489746e-01 2.656801700592041016e+00 5.676763534545898438e+00 2.282119914889335632e-02 -4.127096384763717651e-02 -9.853768348693847656e-01 -1.653153896331787109e-01 1.534729450941085815e-01
3.965494632720947266e-01 3.891602516174316406e+00 5.043634891510009766e+00 5.828896909952163696e-02 6.646344661712646484e-01 -6.107589006423950195e-01 4.303888380527496338e-01 1.127095520496368408e-01
4.624724686145782471e-01 3.850593566894531250e+00 5.092936992645263672e+00 5.828896909952163696e-02 -3.052956759929656982e-01 -1.255091577768325806e-01 9.439502358436584473e-01 1.402646303176879883e-01
4.262893497943878174e-01 3.849964380264282227e+00 5.242818832397460938e+00 5.538738891482353210e-02 7.047702670097351074e-01 -6.237148642539978027e-01 3.380512595176696777e-01 2.256111502647399902e-01
5.823060274124145508e-01 3.765515804290771484e+00 5.327990531921386719e+00 5.339749529957771301e-02 9.226448535919189453e-01 -1.200703158974647522e-02 3.854636847972869873e-01 2.353353649377822876e-01
-2.897646665573120117e+00 1.773685574531555176e+00 2.371314764022827148e+00 3.886114433407783508e-02 6.059925556182861328e-01 6.868421435356140137e-01 -4.012741446495056152e-01 2.541967928409576416e-01
-2.743605375289916992e+00 1.948278665542602539e+00 2.269312143325805664e+00 3.781758621335029602e-02 -6.821843981742858887e-01 -3.443031311035156250e-01 6.450424790382385254e-01 1.975828558206558228e-01
-2.876429319381713867e+00 1.879282593727111816e+00 2.400536537170410156e+00 3.587796539068222046e-02 1.116975322365760803e-01 9.750521183013916016e-01 1.918256431818008423e-01 1.505825221538543701e-01
-2.766054153442382812e+00 2.112717628479003906e+00 2.436743021011352539e+00 3.074529208242893219e-02 -7.915529608726501465e-02 1.241469522938132286e-03 9.968615174293518066e-01 4.283399581909179688e-01
-2.784110307693481445e+00 2.120052814483642578e+00 2.864049196243286133e+00 2.124398946762084961e-02 -4.758714232593774796e-03 -3.454279527068138123e-02 9.993919134140014648e-01 1.553794294595718384e-01
-2.858219623565673828e+00 2.016416549682617188e+00 1.733136892318725586e+00 1.302396878600120544e-02 -8.570888042449951172e-01 1.644592881202697754e-01 4.882130324840545654e-01 2.274571508169174194e-01
-2.915882110595703125e+00 2.054932594299316406e+00 1.656028747558593750e+00 4.172436147928237915e-02 5.138200521469116211e-01 -2.266635000705718994e-01 -8.274132013320922852e-01 3.242957890033721924e-01
-2.749252557754516602e+00 1.981426596641540527e+00 1.387702107429504395e+00 4.125006869435310364e-02 4.239296317100524902e-01 -2.392254620790481567e-01 8.735300898551940918e-01 6.582671403884887695e-02
-2.638832330703735352e+00 1.896356344223022461e+00 1.413170695304870605e+00 3.974513337016105652e-02 3.619873225688934326e-01 1.221490674652159214e-04 9.321830272674560547e-01 6.847386360168457031e-01
-2.448482275009155273e+00 1.908306479454040527e+00 2.058812856674194336e+00 2.662863023579120636e-02 1.231365650892257690e-01 -1.695855706930160522e-02 9.922448396682739258e-01 6.468957662582397461e-02
-2.426989316940307617e+00 1.877539277076721191e+00 2.128725767135620117e+00 3.355565667152404785e-02 7.080897688865661621e-01 4.307885766029357910e-01 5.594909191131591797e-01 2.092275321483612061e-01
-2.284702062606811523e+00 1.934685230255126953e+00 2.299849271774291992e+00 2.976322360336780548e-02 8.417374491691589355e-01 4.154430925846099854e-01 3.447971940040588379e-01 3.232653141021728516e-01
-1.984265208244323730e+00 2.025520563125610352e+00 2.440573930740356445e+00 2.337444387376308441e-02 4.353474080562591553e-01 6.805745959281921387e-01 5.893138647079467773e-01 3.180124163627624512e-01
-1.862378120422363281e+00 2.224713087081909180e+00 2.741564750671386719e+00 2.055427618324756622e-02 9.735984206199645996e-01 1.569413691759109497e-01 1.657572686672210693e-01 1.341678202152252197e-01
-1.710070848464965820e+00 2.324902534484863281e+00 2.738173723220825195e+00 1.433367375284433365e-02 9.484980702400207520e-01 -2.962316572666168213e-01 -1.122415438294410706e-01 2.330121994018554688e-01
-2.891006469726562500e+00 2.088793992996215820e+00 1.628384470939636230e+00 4.119405150413513184e-02 -7.072345614433288574e-01 -3.883576393127441406e-01 -5.907602310180664062e-01 1.457112878561019897e-01
-2.943425178527832031e+00 2.043539285659790039e+00 1.571746468544006348e+00 4.033501818776130676e-02 1.712424904108047485e-01 -9.816927909851074219e-01 8.339858055114746094e-02 1.756974458694458008e-01
-2.921293973922729492e+00 1.862624764442443848e+00 1.437300801277160645e+00 3.919896855950355530e-02 -9.978822469711303711e-01 4.042730852961540222e-02 5.095771327614784241e-02 1.159644797444343567e-01
-3.047965288162231445e+00 1.858741044998168945e+00 1.450957894325256348e+00 3.271232917904853821e-02 -7.119323611259460449e-01 6.309159398078918457e-01 -3.083785772323608398e-01 1.198436394333839417e-01
-3.147888898849487305e+00 1.956806302070617676e+00 1.413979530334472656e+00 3.338399156928062439e-02 2.536197304725646973e-01 1.640439480543136597e-01 -9.532924890518188477e-01 1.585461795330047607e-01
-3.109565496444702148e+00 1.954658269882202148e+00 1.236133337020874023e+00 3.084393031895160675e-02 -2.612287402153015137e-01 6.734267473220825195e-01 -6.915605664253234863e-01 1.947399079799652100e-01
-3.155971765518188477e+00 2.075476408004760742e+00 1.098396420478820801e+00 2.776655741035938263e-02 -5.597969293594360352e-01 3.668485675007104874e-03 -8.286217451095581055e-01 1.268245130777359009e-01
-3.193179368972778320e+00 2.126479148864746094e+00 1.001870512962341309e+00 1.869232207536697388e-02 3.535625040531158447e-01 -7.843848317861557007e-02 -9.321163892745971680e-01 2.249995470046997070e-01
-3.135615348815917969e+00 2.119394540786743164e+00 7.944089770317077637e-01 8.018705993890762329e-03 4.217883646488189697e-01 7.781243324279785156e-01 4.654214084148406982e-01 1.495461910963058472e-01
-2.797509670257568359e+00 1.952299356460571289e+00 1.905701756477355957e+00 2.461778745055198669e-02 -2.966655194759368896e-01 -8.388387560844421387e-01 4.564417898654937744e-01 2.858995795249938965e-01
-2.890590906143188477e+00 2.207097530364990234e+00 3.551903724670410156e+00 3.462458774447441101e-02 -7.032375335693359375e-01 6.857089400291442871e-01 -1.877771019935607910e-01 5.233848094940185547e-02
-2.932151794433593750e+00 2.238361120223999023e+00 3.540468692779541016e+00 3.462458774447441101e-02 9.453108161687850952e-02 2.386581599712371826e-01 -9.664916992187500000e-01 1.878487020730972290e-01
-2.889026641845703125e+00 2.318926811218261719e+00 3.319542884826660156e+00 3.462458774447441101e-02 -3.433052003383636475e-01 -5.747452378273010254e-01 -7.428387403488159180e-01 1.230281442403793335e-01
-2.972524642944335938e+00 2.298801660537719727e+00 3.190912246704101562e+00 3.040832467377185822e-02 8.237464427947998047e-01 3.354033231735229492e-01 -4.571065008640289307e-01 2.036260366439819336e-01
-2.454940080642700195e+00 2.952743530273437500e+00 2.591849088668823242e+00 5.386678129434585571e-02 5.114082098007202148e-01 5.705240964889526367e-01 6.426226496696472168e-01 7.626137882471084595e-02
-2.336367130279541016e+00 3.105403184890747070e+00 2.673443078994750977e+00 5.386678129434585571e-02 -2.535142004489898682e-01 -1.023575812578201294e-01 9.619009494781494141e-01 4.221988022327423096e-01
-2.454712629318237305e+00 3.077005863189697266e+00 3.045207500457763672e+00 5.386678129434585571e-02 -3.451235294342041016e-01 8.151019811630249023e-01 4.652940332889556885e-01 2.991949915885925293e-01
-2.560381412506103516e+00 3.355382680892944336e+00 3.167456865310668945e+00 5.386678129434585571e-02 1.019315421581268311e-02 4.417828917503356934e-01 8.970640897750854492e-01 1.454411447048187256e-01
-2.556044101715087891e+00 3.421125888824462891e+00 3.302854299545288086e+00 5.386678129434585571e-02 -6.940388679504394531e-01 6.937656402587890625e-01 1.923520117998123169e-01 2.254893332719802856e-01
-2.286746978759765625e+00 2.491969108581542969e+00 3.875160932540893555e+00 5.435485858470201492e-03 7.722712755203247070e-01 1.995771527290344238e-01 6.031302213668823242e-01 2.249884009361267090e-01
-2.045383691787719727e+00 2.577092647552490234e+00 3.994177579879760742e+00 3.796212142333388329e-03 -3.796026706695556641e-01 2.712951004505157471e-01 -8.844776749610900879e-01 1.096236631274223328e-01
-2.237364292144775391e+00 4.162971019744873047e+00 4.407712936401367188e+00 1.543096173554658890e-02 -1.962740123271942139e-01 -5.967548489570617676e-01 -7.780489325523376465e-01 2.119307518005371094e-01
-1.789355516433715820e+00 3.828770875930786133e+00 4.406495094299316406e+00 3.901012241840362549e-02 -8.915609121322631836e-01 1.206937208771705627e-01 -4.365228116512298584e-01 4.101489186286926270e-01
-2.211203336715698242e+00 3.895791292190551758e+00 4.209411621093750000e+00 4.451318457722663879e-02 2.687069177627563477e-01 -1.224242821335792542e-01 -9.554103016853332520e-01 1.822426468133926392e-01
-2.142109394073486328e+00 3.879304409027099609e+00 4.045657157897949219e+00 4.311145097017288208e-02 4.585432410240173340e-01 -3.333597909659147263e-03 -8.886658549308776855e-01 1.680024713277816772e-01
-2.063405036926269531e+00 3.887547492980957031e+00 3.806581020355224609e+00 3.992056474089622498e-02 7.946227788925170898e-01 6.025950312614440918e-01 7.385033369064331055e-02 1.662708520889282227e-01
-1.933218359947204590e+00 3.998081922531127930e+00 3.796574354171752930e+00 3.901012241840362549e-02 3.253335356712341309e-01 8.682387471199035645e-01 3.745924532413482666e-01 1.095406860113143921e-01
-2.365032196044921875e+00 4.326677322387695312e+00 4.928552627563476562e+00 4.653028398752212524e-02 8.840723633766174316e-01 4.517005383968353271e-01 1.199279427528381348e-01 8.783062547445297241e-02
-2.277891635894775391e+00 4.365788936614990234e+00 4.954468727111816406e+00 4.653028398752212524e-02 -7.638524770736694336e-01 4.237397313117980957e-01 4.867997765541076660e-01 2.456306964159011841e-01
-2.460212469100952148e+00 4.450730800628662109e+00 5.083840370178222656e+00 4.653028398752212524e-02 -5.172384977340698242e-01 2.720358371734619141e-01 8.114560246467590332e-01 3.414380550384521484e-01
-2.593957185745239258e+00 4.526915073394775391e+00 5.356196880340576172e+00 4.653028398752212524e-02 2.443777173757553101e-01 3.752802610397338867e-01 8.941164612770080566e-01 1.823632568120956421e-01
-2.259938955307006836e+00 4.305353641510009766e+00 4.567393302917480469e+00 9.885555133223533630e-03 -6.862583160400390625e-01 -5.902559757232666016e-01 -4.250263273715972900e-01 3.968820273876190186e-01
-2.382723331451416016e+00 4.199529170989990234e+00 5.014777183532714844e+00 4.467742517590522766e-02 -3.468489348888397217e-01 -9.328975677490234375e-01 9.694278985261917114e-02 3.475131988525390625e-01
-2.516348838806152344e+00 3.849358320236206055e+00 5.034019470214843750e+00 4.631099849939346313e-02 8.814346194267272949e-01 -2.085223048925399780e-01 -4.237823784351348877e-01 1.205898076295852661e-01
-2.452059745788574219e+00 3.833478212356567383e+00 4.972238540649414062e+00 4.600951448082923889e-02 2.341078668832778931e-01 -5.713364109396934509e-02 -9.705303907394409180e-01 2.458981722593307495e-01
-2.380106210708618164e+00 3.834454774856567383e+00 4.717194557189941406e+00 4.467742517590522766e-02 1.426202207803726196e-01 -7.888065576553344727e-01 -5.978659391403198242e-01 1.512351930141448975e-01
-2.384584903717041016e+00 3.688391447067260742e+00 4.628886699676513672e+00 4.514263942837715149e-02 4.294778704643249512e-01 -4.783194065093994141e-01 -7.660021781921386719e-01 9.929582476615905762e-02
-2.382514953613281250e+00 3.663083314895629883e+00 4.486535549163818359e+00 4.467742517590522766e-02 5.063003301620483398e-01 -6.755449175834655762e-01 -5.360028147697448730e-01 1.646612584590911865e-01
-8.516922593116760254e-01 2.714507818222045898e+00 4.317083835601806641e+00 6.538540590554475784e-03 9.797948002815246582e-01 -4.415521025657653809e-02 1.950705349445343018e-01 2.890934050083160400e-01
-2.062200784683227539e+00 3.379951477050781250e+00 3.938114881515502930e+00 3.910056501626968384e-02 -2.245730310678482056e-01 -9.330983161926269531e-01 2.808816134929656982e-01 3.507767617702484131e-02
-2.287310123443603516e+00 3.495394229888916016e+00 3.674420833587646484e+00 3.910056501626968384e-02 -7.094336748123168945e-01 2.048493921756744385e-01 6.743445396423339844e-01 8.426905260421335697e-04
-2.313416004180908203e+00 3.489306688308715820e+00 3.669323921203613281e+00 1.650911755859851837e-02 -2.890194356441497803e-01 3.841319382190704346e-01 8.768754005432128906e-01 3.437506258487701416e-01
-2.425448417663574219e+00 3.611340761184692383e+00 3.964729547500610352e+00 1.305644493550062180e-02 -4.976575076580047607e-01 1.132390722632408142e-01 8.599499464035034180e-01 1.983325183391571045e-01
-1.128446221351623535e+00 3.096900701522827148e+00 4.701992511749267578e+00 5.146227311342954636e-03 3.015120327472686768e-01 -5.517522692680358887e-01 7.775987982749938965e-01 1.686319112777709961e-01
-1.030290365219116211e+00 3.035045862197875977e+00 4.830897331237792969e+00 6.866838317364454269e-03 4.067100286483764648e-01 -5.658435821533203125e-01 7.172223925590515137e-01 4.245150387287139893e-01
-8.523210287094116211e-01 2.788495540618896484e+00 5.120883464813232422e+00 5.492925643920898438e-03 9.456815123558044434e-01 6.496964395046234131e-02 3.185364007949829102e-01 1.067999228835105896e-01
-2.813649177551269531e+00 2.527520179748535156e+00 5.436598777770996094e+00 2.599903615191578865e-03 9.552300572395324707e-01 5.473148077726364136e-02 -2.907576560974121094e-01 1.724702864885330200e-01
-2.602906227111816406e+00 2.588352918624877930e+00 5.405271530151367188e+00 2.944008680060505867e-03 4.826824665069580078e-01 -1.139951273798942566e-01 -8.683448433876037598e-01 1.254048347473144531e-01
-2.058542251586914062e+00 3.017225503921508789e+00 4.765650749206542969e+00 1.649694517254829407e-02 -8.235611319541931152e-01 5.397875308990478516e-01 -1.742883771657943726e-01 6.270794570446014404e-02
-2.116210460662841797e+00 3.060389041900634766e+00 4.751644134521484375e+00 1.649694517254829407e-02 -9.277888387441635132e-02 2.577445209026336670e-01 9.617483019828796387e-01 2.924234867095947266e-01
-1.966743826866149902e+00 3.082422256469726562e+00 4.680884838104248047e+00 1.113543845713138580e-02 -5.252507925033569336e-01 -4.783345162868499756e-01 -7.037810087203979492e-01 9.396179020404815674e-02
-2.003770828247070312e+00 3.035351276397705078e+00 4.612828254699707031e+00 1.113543845713138580e-02 -2.267671674489974976e-01 -7.252107262611389160e-01 -6.501123309135437012e-01 1.211867630481719971e-01
-2.051342964172363281e+00 2.966655969619750977e+00 4.524466514587402344e+00 7.732943631708621979e-03 -5.460622906684875488e-01 -7.539422512054443359e-01 -3.652218878269195557e-01 1.953464001417160034e-01
-2.356741905212402344e+00 2.666463375091552734e+00 4.970931053161621094e+00 2.899700403213500977e-02 4.466608166694641113e-01 2.821181416511535645e-01 -8.490603566169738770e-01 2.659803628921508789e-01
-2.229100704193115234e+00 2.744249582290649414e+00 4.755110263824462891e+00 2.899700403213500977e-02 3.892784118652343750e-01 7.410795092582702637e-01 -5.470497608184814453e-01 1.860707402229309082e-01
-2.172808647155761719e+00 2.903413772583007812e+00 4.610410690307617188e+00 2.899700403213500977e-02 -6.807837486267089844e-01 -7.251523733139038086e-01 -1.033802628517150879e-01 1.613654196262359619e-01
-2.287456512451171875e+00 2.795325994491577148e+00 4.563845157623291016e+00 2.899700403213500977e-02 -1.130232065916061401e-01 -9.568513035774230957e-01 -2.676964402198791504e-01 2.277935594320297241e-01
-1.978311061859130859e+00 3.522145748138427734e+00 5.526918888092041016e+00 5.319400690495967865e-03 4.960606396198272705e-01 -8.492427468299865723e-01 1.808607578277587891e-01 1.859418302774429321e-01
-1.950402498245239258e+00 3.389520645141601562e+00 5.552273750305175781e+00 5.319400690495967865e-03 -3.048340082168579102e-01 -8.881307840347290039e-01 -3.439476490020751953e-01 2.243034839630126953e-01
-7.639043927192687988e-01 2.362426042556762695e+00 1.646591067314147949e+00 3.536251187324523926e-02 -6.850605607032775879e-01 -2.629860043525695801e-01 6.793602705001831055e-01 4.121874272823333740e-01
-1.041447401046752930e+00 2.236827850341796875e+00 1.966144680976867676e+00 3.536251187324523926e-02 -9.671238064765930176e-01 -2.541928291320800781e-01 7.583053782582283020e-03 1.449792236089706421e-01
-1.175809979438781738e+00 2.185023069381713867e+00 1.969066858291625977e+00 2.556715719401836395e-02 -1.885232143104076385e-02 -1.282568126916885376e-01 -9.915617704391479492e-01 5.155507922172546387e-01
-1.193664550781250000e+00 2.108527421951293945e+00 1.460673213005065918e+00 1.758306659758090973e-02 6.948766857385635376e-02 -3.109788000583648682e-01 -9.478732347488403320e-01 9.023939073085784912e-02
-8.026592135429382324e-01 1.936317086219787598e+00 1.160133481025695801e+00 7.911488413810729980e-03 7.843828797340393066e-01 5.599990487098693848e-01 2.667293250560760498e-01 2.401384413242340088e-01
-6.342765092849731445e-01 2.075222253799438477e+00 1.235623717308044434e+00 7.911488413810729980e-03 -2.173480950295925140e-02 -9.445368647575378418e-01 3.276852965354919434e-01 1.423781961202621460e-01
-6.320012807846069336e-01 1.936725497245788574e+00 1.285330891609191895e+00 7.911488413810729980e-03 -3.548421561717987061e-01 2.167058289051055908e-01 9.094644784927368164e-01 1.678242385387420654e-01
-6.812604069709777832e-01 1.967492461204528809e+00 1.440022110939025879e+00 7.911488413810729980e-03 -2.438576668500900269e-01 -9.284001588821411133e-02 9.653570055961608887e-01 2.706402242183685303e-01
-8.610250949859619141e-01 1.842261672019958496e+00 1.207687497138977051e+00 1.373146101832389832e-02 1.956192106008529663e-01 9.791893362998962402e-01 -5.405008792877197266e-02 1.765316426753997803e-01
-8.279827833175659180e-01 2.018624067306518555e+00 1.186871647834777832e+00 1.373146101832389832e-02 4.367221593856811523e-01 8.738035559654235840e-01 2.138717472553253174e-01 8.141239732503890991e-02
-8.111605644226074219e-01 2.219672203063964844e+00 1.239169716835021973e+00 1.373146101832389832e-02 5.535269379615783691e-01 2.895178496837615967e-01 -7.808887958526611328e-01 1.427141129970550537e-01
-7.858653664588928223e-01 2.308529376983642578e+00 1.147877693176269531e+00 1.373146101832389832e-02 -1.652758568525314331e-01 2.207653671503067017e-01 -9.612213969230651855e-01 2.073414921760559082e-01
-1.163731575012207031e+00 3.005276918411254883e+00 1.879463791847229004e+00 1.285177469253540039e-02 5.594194531440734863e-01 3.637624904513359070e-02 8.280861377716064453e-01 5.003201961517333984e-01
-8.860988616943359375e-01 3.025679826736450195e+00 2.289937257766723633e+00 1.285177469253540039e-02 4.853077232837677002e-01 8.504377603530883789e-01 2.030566334724426270e-01 2.502462267875671387e-01
-7.842397093772888184e-01 3.220547914505004883e+00 2.319422245025634766e+00 4.448691383004188538e-03 -7.721664309501647949e-01 6.024213433265686035e-01 2.021077573299407959e-01 3.061030507087707520e-01
-9.530630111694335938e-01 3.021959066390991211e+00 2.099911451339721680e+00 6.763288751244544983e-03 -7.759770154953002930e-01 5.063920617103576660e-01 -3.760674595832824707e-01 2.843092679977416992e-01
-1.165278077125549316e+00 3.169395685195922852e+00 1.983256340026855469e+00 6.763288751244544983e-03 -7.610670328140258789e-01 3.907324075698852539e-01 -5.177887678146362305e-01 1.814796030521392822e-01
-1.313014268875122070e+00 3.223547697067260742e+00 1.922113299369812012e+00 7.598262745887041092e-03 -1.715640574693679810e-01 8.968926668167114258e-01 4.076141417026519775e-01 1.969750821590423584e-01
-3.007088899612426758e-01 2.784397363662719727e+00 3.361320734024047852e+00 3.982155025005340576e-02 -2.213368415832519531e-01 3.145917952060699463e-01 -9.230611920356750488e-01 2.918294668197631836e-01
-3.031841516494750977e-01 2.938162803649902344e+00 3.067628383636474609e+00 3.982155025005340576e-02 -2.163011282682418823e-01 5.368856787681579590e-01 8.154554367065429688e-01 3.947297930717468262e-01
-4.375396072864532471e-01 3.061515808105468750e+00 3.428888320922851562e+00 3.982155025005340576e-02 1.777660399675369263e-01 3.160125911235809326e-01 9.319524168968200684e-01 2.083919942378997803e-01
-4.643621444702148438e-01 3.098654270172119141e+00 3.630929470062255859e+00 1.482088211923837662e-02 3.333153948187828064e-02 1.932367235422134399e-01 9.805858135223388672e-01 2.450315952301025391e-01
7.104928046464920044e-02 3.579136133193969727e+00 4.193465232849121094e+00 3.798532858490943909e-02 -2.801375687122344971e-01 6.165908575057983398e-01 7.357571721076965332e-01 1.440412104129791260e-01
3.069792129099369049e-02 3.667950630187988281e+00 4.299444198608398438e+00 3.798532858490943909e-02 -6.986926794052124023e-01 -4.596481099724769592e-02 -7.139437794685363770e-01 2.822544872760772705e-01
-1.556954979896545410e-01 3.689553022384643555e+00 4.086647987365722656e+00 3.529435768723487854e-02 -8.859775662422180176e-01 1.320943087339401245e-01 -4.445164203643798828e-01 2.505365312099456787e-01
-4.000956118106842041e-01 3.703308820724487305e+00 4.005134582519531250e+00 3.344445675611495972e-02 -3.551324605941772461e-01 8.834957480430603027e-01 3.054770231246948242e-01 1.408837139606475830e-01
-4.781982898712158203e-01 3.839178323745727539e+00 4.052506923675537109e+00 3.208120167255401611e-02 3.982536196708679199e-01 8.444641232490539551e-01 3.581541478633880615e-01 1.236493512988090515e-01
-4.044679105281829834e-01 3.956759691238403320e+00 4.077334880828857422e+00 1.583114638924598694e-02 3.230651021003723145e-01 5.438497662544250488e-01 7.745039463043212891e-01 1.946962475776672363e-01
4.433383643627166748e-01 2.824496507644653320e+00 5.291906356811523438e+00 4.500685725361108780e-03 -7.631759643554687500e-01 3.270112872123718262e-01 -5.573384165763854980e-01 3.647408485412597656e-01
4.426165521144866943e-01 2.925685882568359375e+00 4.976220130920410156e+00 5.799456965178251266e-03 5.839644074440002441e-01 6.560136079788208008e-01 4.781545102596282959e-01 1.530532687902450562e-01
5.779486894607543945e-01 3.009538650512695312e+00 5.040414810180664062e+00 6.855488289147615433e-03 4.752163961529731750e-02 5.753400325775146484e-01 -8.165326714515686035e-01 1.655683219432830811e-01
5.751308202743530273e-01 3.104154586791992188e+00 4.911415100097656250e+00 7.797047495841979980e-03 -1.436887681484222412e-01 9.787259101867675781e-01 -1.464550644159317017e-01 1.601563692092895508e-01
4.603343307971954346e-01 2.635181188583374023e+00 5.624573230743408203e+00 2.819298766553401947e-02 8.025308847427368164e-01 -3.950782716274261475e-01 -4.470541179180145264e-01 7.478787750005722046e-02
4.806053042411804199e-01 2.636149883270263672e+00 5.598555088043212891e+00 2.796091884374618530e-02 5.994158387184143066e-01 7.974819540977478027e-01 -6.872557103633880615e-02 1.493736803531646729e-01
7.516364455223083496e-01 2.548229217529296875e+00 5.511671543121337891e+00 2.630713023245334625e-02 9.140033274888992310e-02 4.150889217853546143e-01 -9.051779508590698242e-01 3.802473545074462891e-01
7.780290842056274414e-01 2.665979146957397461e+00 5.146726608276367188e+00 1.984264142811298370e-02 2.640561200678348541e-02 4.552484750747680664e-01 -8.899728059768676758e-01 3.398171365261077881e-01
6.193840503692626953e-01 2.700097084045410156e+00 4.988560199737548828e+00 1.190567668527364731e-02 6.895793080329895020e-01 -1.005246266722679138e-01 7.171995043754577637e-01 3.442343175411224365e-01
-2.771990537643432617e+00 1.971999406814575195e+00 2.303440809249877930e+00 3.520302101969718933e-02 -1.533205509185791016e-01 9.286780953407287598e-01 3.377125561237335205e-01 4.485970363020896912e-02
-2.778868436813354492e+00 2.013659715652465820e+00 2.318590402603149414e+00 3.520302101969718933e-02 -7.013426423072814941e-01 5.687977075576782227e-01 -4.296366870403289795e-01 6.151939928531646729e-02
-2.823977470397949219e+00 2.050424098968505859e+00 2.276731252670288086e+00 3.322779759764671326e-02 -8.213214278221130371e-01 5.454280972480773926e-01 1.671505868434906006e-01 2.231744229793548584e-01
-2.986595869064331055e+00 2.151880025863647461e+00 2.348605632781982422e+00 1.981115341186523438e-02 -8.534385561943054199e-01 1.770215667784214020e-02 5.208927392959594727e-01 8.831615746021270752e-02
-3.067863225936889648e+00 2.168995380401611328e+00 2.390482425689697266e+00 2.400226704776287079e-02 -8.246753215789794922e-01 -1.694104075431823730e-01 5.396394133567810059e-01 1.747151613235473633e-01
-3.194205284118652344e+00 2.132335186004638672e+00 2.495854616165161133e+00 1.536245178431272507e-02 -5.768198966979980469e-01 -6.270472407341003418e-01 5.235366225242614746e-01 1.950202435255050659e-01
-2.805799245834350586e+00 2.094941377639770508e+00 2.622483491897583008e+00 2.920802682638168335e-02 -7.231585383415222168e-01 -5.457140207290649414e-01 -4.233649671077728271e-01 1.499862074851989746e-01
-2.916229248046875000e+00 2.035346031188964844e+00 2.552803039550781250e+00 2.857520431280136108e-02 -8.629964590072631836e-01 -2.045578360557556152e-01 -4.619450271129608154e-01 2.592494487762451172e-01
-3.337572336196899414e+00 1.810534238815307617e+00 2.467822551727294922e+00 2.571615576744079590e-02 4.851273894309997559e-01 -6.714844107627868652e-01 -5.601429343223571777e-01 4.064444303512573242e-01
-3.175896883010864258e+00 1.602832198143005371e+00 2.208574533462524414e+00 2.282122895121574402e-02 4.665985107421875000e-01 -1.666278988122940063e-01 -8.686316609382629395e-01 1.235397830605506897e-01
-3.113294124603271484e+00 1.606414198875427246e+00 2.110334873199462891e+00 1.677056215703487396e-02 3.760308027267456055e-01 2.569880783557891846e-01 -8.902572393417358398e-01 8.577981591224670410e-02
-3.068552732467651367e+00 1.625165343284606934e+00 2.037396192550659180e+00 1.005316711962223053e-02 3.104093372821807861e-01 2.125617414712905884e-01 -9.265331029891967773e-01 3.007621169090270996e-01
-2.754523515701293945e+00 2.081879854202270508e+00 2.315505981445312500e+00 2.047292515635490417e-02 -1.688407920300960541e-02 -8.897972106933593750e-01 4.560436606407165527e-01 7.311595678329467773e-01
-2.732932806015014648e+00 1.926490902900695801e+00 1.439562678337097168e+00 2.175581082701683044e-02 -2.765860557556152344e-01 -9.524384737014770508e-01 -1.279105395078659058e-01 1.690334379673004150e-01
-2.801112413406372070e+00 1.753860592842102051e+00 1.390164136886596680e+00 2.175581082701683044e-02 -8.136275410652160645e-01 1.739732921123504639e-01 5.547463297843933105e-01 7.978925108909606934e-02
-2.872436046600341797e+00 1.729295611381530762e+00 1.430529356002807617e+00 2.175581082701683044e-02 -2.186460644006729126e-01 -6.229620799422264099e-02 9.738136529922485352e-01 2.508230507373809814e-01
-2.653558969497680664e+00 1.875321865081787109e+00 1.282059788703918457e+00 3.775787726044654846e-02 -4.897240083664655685e-03 -7.183814048767089844e-02 -9.974042773246765137e-01 2.515560984611511230e-01
-2.670523881912231445e+00 1.857110619544982910e+00 1.013378500938415527e+00 3.746499493718147278e-02 3.674741685390472412e-01 8.687418103218078613e-01 -3.320397436618804932e-01 1.544264405965805054e-01
-2.610810756683349609e+00 1.988850116729736328e+00 9.638286828994750977e-01 3.712626174092292786e-02 6.020364761352539062e-01 7.946069240570068359e-01 7.843396067619323730e-02 1.497906595468521118e-01
-2.437816143035888672e+00 2.076950550079345703e+00 8.904375433921813965e-01 3.559980913996696472e-02 4.487684667110443115e-01 8.862686753273010254e-01 1.146068423986434937e-01 4.328433573246002197e-01
-2.239838838577270508e+00 2.459985733032226562e+00 9.388178586959838867e-01 3.393804654479026794e-02 2.952530682086944580e-01 8.025866746902465820e-01 5.183437466621398926e-01 2.057320624589920044e-01
-2.156801462173461914e+00 2.613932847976684570e+00 1.054260492324829102e+00 3.205264359712600708e-02 3.924884796142578125e-01 9.063990712165832520e-01 1.561843156814575195e-01 1.689867228269577026e-01
-2.072339534759521484e+00 2.611824750900268555e+00 1.129064083099365234e+00 3.091129101812839508e-02 5.822120904922485352e-01 3.031963407993316650e-01 7.543878555297851562e-01 9.977997094392776489e-02
-2.010577917098999023e+00 2.649525165557861328e+00 1.193942189216613770e+00 2.885778062045574188e-02 8.092995882034301758e-01 3.033725321292877197e-01 5.029903054237365723e-01 2.663866579532623291e-01
-1.823566436767578125e+00 2.725990533828735352e+00 1.360135555267333984e+00 2.149406634271144867e-02 7.158440351486206055e-01 2.152359187602996826e-01 6.642596125602722168e-01 1.198971867561340332e-01
-1.742565512657165527e+00 2.738820314407348633e+00 1.441643238067626953e+00 1.303385850042104721e-02 8.258599042892456055e-01 -2.334232777357101440e-01 5.132923126220703125e-01 3.165366053581237793e-01
-2.562230587005615234e+00 1.887281179428100586e+00 1.503546476364135742e+00 2.361547574400901794e-02 9.589480161666870117e-01 1.761638522148132324e-01 2.222273647785186768e-01 3.932853043079376221e-02
-2.528770208358764648e+00 1.889654874801635742e+00 1.508288621902465820e+00 7.355430629104375839e-03 6.878458857536315918e-01 -5.299869924783706665e-03 -7.258374094963073730e-01 1.861655861139297485e-01
-2.270193815231323242e+00 1.925450563430786133e+00 2.275557756423950195e+00 5.984140094369649887e-03 -6.658089756965637207e-01 -6.492000818252563477e-01 -3.677467405796051025e-01 3.355103433132171631e-01
-2.519172430038452148e+00 1.717959284782409668e+00 2.167640686035156250e+00 2.542213303968310356e-03 -2.700735926628112793e-01 -9.451209902763366699e-01 1.838656365871429443e-01 3.286916017532348633e-01
-2.620928287506103516e+00 1.427584528923034668e+00 2.232514858245849609e+00 3.074912354350090027e-03 -1.798588186502456665e-01 -3.188801109790802002e-01 9.305731058120727539e-01 1.569254994392395020e-01
-3.167639732360839844e+00 2.008059501647949219e+00 1.394721269607543945e+00 6.659295409917831421e-03 9.144098162651062012e-01 5.525859817862510681e-02 -4.010002613067626953e-01 4.929966926574707031e-01
-2.776217699050903320e+00 1.941500782966613770e+00 1.899695158004760742e+00 5.518591962754726410e-03 1.117867156863212585e-01 -6.500659584999084473e-01 -7.516102790832519531e-01 4.304717481136322021e-01
-6.023515388369560242e-02 2.853231191635131836e+00 3.641458272933959961e+00 1.531150750815868378e-02 -5.022292137145996094e-01 5.642743706703186035e-01 -6.552558541297912598e-01 2.016075551509857178e-01
-1.569450944662094116e-01 2.948698520660400391e+00 3.502929687500000000e+00 5.838215351104736328e-03 1.152987475506961346e-03 -3.310576975345611572e-01 9.436098337173461914e-01 2.071861326694488525e-01
-3.034558057785034180e+00 1.910068631172180176e+00 2.454731225967407227e+00 9.999999776482582092e-03 1.896824538707733154e-01 -5.295742750167846680e-01 -8.267838954925537109e-01 3.903443217277526855e-01
-2.685790538787841797e+00 1.847483277320861816e+00 1.180536508560180664e+00 3.586998209357261658e-02 -7.534878253936767578e-01 -5.154850482940673828e-01 -4.080823957920074463e-01 1.636764705181121826e-01
-2.805710554122924805e+00 1.785665273666381836e+00 1.119634270668029785e+00 3.528298437595367432e-02 5.454261302947998047e-01 -2.880120277404785156e-01 7.871209383010864258e-01 1.911955177783966064e-01
-2.632679939270019531e+00 1.764765262603759766e+00 1.314635157585144043e+00 3.195208683609962463e-02 -1.769414991140365601e-01 -6.295147538185119629e-01 7.565731406211853027e-01 4.879591763019561768e-01
-2.668914079666137695e+00 1.476485848426818848e+00 1.688620090484619141e+00 2.123143151402473450e-02 1.679866462945938110e-01 -6.368439197540283203e-01 7.524694800376892090e-01 1.174546033143997192e-01
-2.649183273315429688e+00 1.401685595512390137e+00 1.777001023292541504e+00 7.483883295208215714e-03 3.529970943927764893e-01 6.470001488924026489e-02 9.333846569061279297e-01 1.497129350900650024e-01
-2.387638092041015625e+00 2.144400835037231445e+00 8.671753406524658203e-01 1.098045986145734787e-02 9.830161333084106445e-01 1.512172520160675049e-01 -1.039839908480644226e-01 4.028931558132171631e-01
-2.005430221557617188e+00 2.164697885513305664e+00 8.806366324424743652e-01 1.098045986145734787e-02 8.923718333244323730e-01 2.272277772426605225e-01 3.899231851100921631e-01 1.028862521052360535e-01
-1.897416710853576660e+00 2.179264783859252930e+00 9.363479614257812500e-01 1.207850594073534012e-02 7.392188310623168945e-01 2.588644027709960938e-01 -6.217272281646728516e-01 1.809075474739074707e-01
-2.238067865371704102e+00 2.441141128540039062e+00 9.669875502586364746e-01 1.343380939215421677e-02 -3.297570347785949707e-01 -1.516304016113281250e-01 9.318093061447143555e-01 4.230638742446899414e-01
-2.361447811126708984e+00 2.412436485290527344e+00 1.365648746490478516e+00 1.343380939215421677e-02 -6.891646981239318848e-01 2.272769957780838013e-01 6.880386471748352051e-01 1.098536327481269836e-01
-2.447368621826171875e+00 2.407641172409057617e+00 1.477680444717407227e+00 9.999999776482582092e-03 1.819862797856330872e-02 7.719343900680541992e-01 6.354416608810424805e-01 8.244997262954711914e-02
4.977816581726074219e+00 -3.301205873489379883e+00 -5.388296023011207581e-02 1.143429651856422424e-01 4.993531405925750732e-01 6.642072200775146484e-01 5.563049316406250000e-01 3.693948686122894287e-01
5.112055778503417969e+00 -3.088745117187500000e+00 2.085323631763458252e-01 1.117466911673545837e-01 1.960836946964263916e-01 7.640961408615112305e-01 6.145797371864318848e-01 3.167565166950225830e-01
5.156030178070068359e+00 -2.836828708648681641e+00 4.027413129806518555e-01 1.219658330082893372e-01 1.446560472249984741e-01 3.094751536846160889e-01 9.398402571678161621e-01 7.718520611524581909e-02
5.369544029235839844e+00 -2.844474077224731445e+00 6.296183466911315918e-01 1.363835781812667847e-01 -3.552010059356689453e-01 7.080216407775878906e-01 6.103585958480834961e-01 9.054106473922729492e-01
5.169374942779541016e+00 -2.228988170623779297e+00 1.251521587371826172e+00 1.269028037786483765e-01 -2.354115098714828491e-01 7.023221850395202637e-01 6.718072295188903809e-01 4.086065292358398438e-01
5.042216777801513672e+00 -1.980496883392333984e+00 1.549168348312377930e+00 1.113565117120742798e-01 9.655881673097610474e-03 5.096174478530883789e-01 8.603469133377075195e-01 2.933339476585388184e-01
5.098412513732910156e+00 -1.874786496162414551e+00 1.821838021278381348e+00 8.385458588600158691e-02 7.036520540714263916e-02 4.889607131481170654e-01 8.694631457328796387e-01 5.311938375234603882e-02
5.083417892456054688e+00 -1.926278114318847656e+00 1.897216439247131348e+00 5.419949069619178772e-02 -2.317184656858444214e-01 3.916131258010864258e-01 8.904749751091003418e-01 3.503448367118835449e-01
5.414673805236816406e+00 -2.703583478927612305e+00 8.231601119041442871e-01 9.256572276353836060e-02 -3.144141733646392822e-01 -2.338162995874881744e-02 9.489979147911071777e-01 5.362923741340637207e-01
5.232265949249267578e+00 -2.788685083389282227e+00 1.384066700935363770e+00 1.102923750877380371e-01 -1.007355079054832458e-01 5.918688178062438965e-01 7.997147440910339355e-01 5.853562355041503906e-01
5.224936485290527344e+00 -2.538394212722778320e+00 1.828796863555908203e+00 1.039014011621475220e-01 -2.737284302711486816e-01 -3.635505437850952148e-01 8.904514312744140625e-01 2.462906390428543091e-01
5.177864551544189453e+00 -2.648388624191284180e+00 2.057611227035522461e+00 8.930873870849609375e-02 1.871380805969238281e-01 5.608524084091186523e-01 8.064886331558227539e-01 2.146062850952148438e-01
5.277418136596679688e+00 -2.540336847305297852e+00 2.264719724655151367e+00 6.537994742393493652e-02 -2.325526922941207886e-01 7.113900780677795410e-01 6.632069349288940430e-01 4.008837044239044189e-01
5.203791141510009766e+00 -2.257364749908447266e+00 2.551645755767822266e+00 4.995086416602134705e-02 -7.169453501701354980e-01 1.428566873073577881e-01 6.823351979255676270e-01 5.297473445534706116e-02
5.121478080749511719e+00 -2.315291166305541992e+00 2.599723815917968750e+00 4.994231462478637695e-02 -4.586536586284637451e-01 4.500494003295898438e-01 7.662194967269897461e-01 1.016959249973297119e-01
5.054812431335449219e+00 -2.259936332702636719e+00 2.677518129348754883e+00 2.784037403762340546e-02 2.750551700592041016e-02 7.067618519067764282e-02 9.971200227737426758e-01 1.917888075113296509e-01
5.035877227783203125e+00 -1.909384131431579590e+00 1.877415776252746582e+00 5.148951709270477295e-02 -1.191773116588592529e-01 -2.432963848114013672e-01 -9.626025557518005371e-01 9.586661458015441895e-01
4.928348541259765625e+00 -2.112207174301147461e+00 9.255496263504028320e-01 5.123593285679817200e-02 2.004106640815734863e-01 -6.994807720184326172e-01 -6.859753727912902832e-01 3.642532229423522949e-01
4.951857566833496094e+00 -2.380733728408813477e+00 7.073697447776794434e-01 5.065765231847763062e-02 1.715942174196243286e-01 -9.730767011642456055e-01 -1.538739800453186035e-01 2.482763528823852539e-01
4.997706413269042969e+00 -2.623577117919921875e+00 6.784101724624633789e-01 4.947403445839881897e-02 -1.531057506799697876e-01 -9.849992394447326660e-01 -7.959350198507308960e-02 3.617116808891296387e-01
5.046041011810302734e+00 -2.993884563446044922e+00 6.602662801742553711e-01 4.868352040648460388e-02 -1.665080934762954712e-01 -7.205935716629028320e-01 6.730675697326660156e-01 2.351676672697067261e-01
4.936134815216064453e+00 -3.120913505554199219e+00 8.960810303688049316e-01 4.752375185489654541e-02 -1.390166878700256348e-01 -9.166250824928283691e-01 3.747970461845397949e-01 4.494329690933227539e-01
4.843619823455810547e+00 -3.555853605270385742e+00 1.021246314048767090e+00 3.306785225868225098e-02 -7.154687643051147461e-01 -2.747075557708740234e-01 6.423707604408264160e-01 1.151608452200889587e-01
4.693871021270751953e+00 -3.742069005966186523e+00 1.161559462547302246e+00 4.386712983250617981e-02 -3.202538490295410156e-01 4.879973828792572021e-01 8.119704723358154297e-01 4.725242257118225098e-01
4.553225994110107422e+00 -3.564393758773803711e+00 1.569862127304077148e+00 3.433106467127799988e-02 -1.923651099205017090e-01 3.818753361701965332e-01 9.039728641510009766e-01 1.060956269502639771e-01
4.509987354278564453e+00 -3.532335281372070312e+00 1.687131524085998535e+00 3.845998272299766541e-02 6.890805363655090332e-01 -3.135361894965171814e-02 7.240061759948730469e-01 1.092263460159301758e-01
4.619003772735595703e+00 -3.503216028213500977e+00 1.791815400123596191e+00 3.926174342632293701e-02 3.340255022048950195e-01 -7.719339132308959961e-01 5.408742427825927734e-01 1.215101256966590881e-01
4.603951930999755859e+00 -3.532194137573242188e+00 1.976423740386962891e+00 3.631201013922691345e-02 7.815132737159729004e-01 -3.159121870994567871e-01 5.379930138587951660e-01 1.901481449604034424e-01
4.766607284545898438e+00 -3.495371341705322266e+00 2.156231403350830078e+00 3.154179826378822327e-02 6.267758607864379883e-01 -5.401496291160583496e-01 5.615963339805603027e-01 1.797187924385070801e-01
4.853627681732177734e+00 -3.463049888610839844e+00 2.278582572937011719e+00 2.742431871592998505e-02 -7.571822404861450195e-01 -2.498517185449600220e-01 6.035305857658386230e-01 2.998613119125366211e-01
4.621348857879638672e+00 -3.574386596679687500e+00 2.467191696166992188e+00 1.941167563199996948e-02 -7.252179384231567383e-01 2.394552528858184814e-01 6.455386281013488770e-01 2.613709270954132080e-01
5.130972385406494141e+00 -2.116656303405761719e+00 1.187869310379028320e+00 4.276477918028831482e-02 -2.083077877759933472e-01 6.038508415222167969e-01 -7.693971991539001465e-01 1.840313971042633057e-01
5.092637538909912109e+00 -2.005528926849365234e+00 1.046276092529296875e+00 4.276477918028831482e-02 9.271980524063110352e-01 2.322499006986618042e-01 -2.938770949840545654e-01 2.269924730062484741e-01
4.944654941558837891e+00 -1.969387888908386230e+00 1.669428229331970215e+00 3.809990361332893372e-02 -3.231657147407531738e-01 -9.259553551673889160e-01 1.953729838132858276e-01 2.474559694528579712e-01
4.813419818878173828e+00 -2.185179710388183594e+00 1.745327830314636230e+00 2.109449915587902069e-02 -4.463535919785499573e-02 -9.292020797729492188e-01 3.668667674064636230e-01 1.747738718986511230e-01
4.802658081054687500e+00 -2.344006538391113281e+00 1.806425809860229492e+00 2.820760942995548248e-02 -8.173823952674865723e-01 -5.587812662124633789e-01 1.401765197515487671e-01 1.101605072617530823e-01
5.009272575378417969e+00 -1.960872650146484375e+00 1.382392287254333496e+00 8.155199885368347168e-02 -6.493909358978271484e-01 2.962130010128021240e-01 -7.003922462463378906e-01 1.796525418758392334e-01
4.892607688903808594e+00 -1.907657146453857422e+00 1.256565093994140625e+00 8.155199885368347168e-02 -8.531906008720397949e-01 -5.105393528938293457e-01 -1.068425327539443970e-01 2.348851561546325684e-01
4.946572303771972656e+00 -1.951063752174377441e+00 1.512172341346740723e+00 6.746650487184524536e-02 -5.047789216041564941e-01 6.296628117561340332e-01 5.905277132987976074e-01 5.108442306518554688e-01
4.688709259033203125e+00 -1.629404067993164062e+00 1.813840031623840332e+00 6.720796972513198853e-02 -4.712231755256652832e-01 3.267720639705657959e-01 8.192489147186279297e-01 2.555167078971862793e-01
4.546881675720214844e+00 -1.489973187446594238e+00 2.091991662979125977e+00 7.007677108049392700e-02 9.350790381431579590e-01 -6.949990242719650269e-02 3.475585579872131348e-01 1.557345837354660034e-01
4.764707565307617188e+00 -1.472929000854492188e+00 2.148034811019897461e+00 9.455218911170959473e-02 3.383196294307708740e-01 -8.962639570236206055e-01 2.867938578128814697e-01 7.459738850593566895e-02
4.825894832611083984e+00 -1.553800225257873535e+00 2.150987863540649414e+00 9.544041007757186890e-02 2.585782706737518311e-01 -4.567811787128448486e-01 8.511687517166137695e-01 2.196581214666366577e-01
4.819860935211181641e+00 -1.689841747283935547e+00 2.435544490814208984e+00 9.517961740493774414e-02 7.153382897377014160e-01 3.668020367622375488e-01 5.947666168212890625e-01 5.476987957954406738e-01
4.961102962493896484e+00 -1.561311244964599609e+00 2.828755617141723633e+00 1.000797748565673828e-01 2.856325209140777588e-01 -1.005090326070785522e-01 9.530540108680725098e-01 3.216895461082458496e-01
5.033702373504638672e+00 -1.650251865386962891e+00 3.011805772781372070e+00 9.352304041385650635e-02 -7.827352732419967651e-03 -9.086108207702636719e-01 4.175705313682556152e-01 6.064684391021728516e-01
4.942200660705566406e+00 -2.134884595870971680e+00 3.261305570602416992e+00 8.626947551965713501e-02 -5.523105263710021973e-01 -6.955985426902770996e-01 4.594516158103942871e-01 1.783692091703414917e-01
4.881678104400634766e+00 -2.326309680938720703e+00 3.280445337295532227e+00 6.013493239879608154e-02 6.125029921531677246e-02 -6.620551943778991699e-01 7.469480037689208984e-01 2.366884797811508179e-01
4.882675170898437500e+00 -2.441572189331054688e+00 3.553854227066040039e+00 5.841648951172828674e-02 5.317700505256652832e-01 -7.488691210746765137e-01 3.954941332340240479e-01 3.666320145130157471e-01
5.084434986114501953e+00 -2.737552165985107422e+00 3.701750993728637695e+00 5.647298321127891541e-02 -1.262251138687133789e-01 9.347143024206161499e-02 9.875881075859069824e-01 1.807492375373840332e-01
5.041235923767089844e+00 -2.705870628356933594e+00 3.880841732025146484e+00 5.505843833088874817e-02 1.920967921614646912e-02 -1.306717749685049057e-02 9.997301101684570312e-01 2.437452077865600586e-01
5.120632171630859375e+00 -2.706316709518432617e+00 4.146557331085205078e+00 7.186464220285415649e-02 -2.769384980201721191e-01 -1.178840622305870056e-01 9.536290764808654785e-01 2.211294025182723999e-01
5.062769889831542969e+00 -2.704543828964233398e+00 4.341978073120117188e+00 5.233524367213249207e-02 9.107699245214462280e-02 4.748623073101043701e-01 8.753346800804138184e-01 1.454315334558486938e-01
4.972426891326904297e+00 -2.631882667541503906e+00 4.493669986724853516e+00 5.132551491260528564e-02 2.255528569221496582e-01 -8.518015593290328979e-02 9.704999923706054688e-01 1.656331568956375122e-01
5.083984375000000000e+00 -2.656783580780029297e+00 4.664639949798583984e+00 5.245458334684371948e-02 -1.271781176328659058e-01 6.326702982187271118e-02 9.898601174354553223e-01 2.116136550903320312e-01
5.080385208129882812e+00 -2.641464471817016602e+00 4.890402317047119141e+00 5.258160829544067383e-02 -4.455493390560150146e-01 -5.541528463363647461e-01 7.031360864639282227e-01 1.528157740831375122e-01
4.969367504119873047e+00 -2.633706092834472656e+00 4.999067783355712891e+00 8.260433375835418701e-02 1.392645984888076782e-01 5.167714133858680725e-02 9.889059066772460938e-01 5.061050057411193848e-01
5.035049915313720703e+00 -2.581629514694213867e+00 5.290422439575195312e+00 5.601112544536590576e-02 -3.393906056880950928e-01 9.325192570686340332e-01 1.233769580721855164e-01 1.316656619310379028e-01
5.018415451049804688e+00 -2.473764657974243164e+00 5.306995868682861328e+00 4.215682670474052429e-02 1.018506735563278198e-01 2.129499167203903198e-01 9.717400670051574707e-01 1.102047562599182129e-01
4.955944538116455078e+00 -2.409200191497802734e+00 5.409389019012451172e+00 5.548780038952827454e-02 4.383249953389167786e-02 1.906915456056594849e-01 9.806709289550781250e-01 4.277314543724060059e-01
4.989375114440917969e+00 -2.307473659515380859e+00 5.828413486480712891e+00 4.661848023533821106e-02 7.906751334667205811e-02 -3.588776662945747375e-02 9.962230920791625977e-01 4.320168495178222656e-01
5.016207218170166016e+00 -2.311491250991821289e+00 6.254011631011962891e+00 4.339588806033134460e-02 -2.571013271808624268e-01 2.274622917175292969e-01 9.392336010932922363e-01 2.327723056077957153e-01
4.934278488159179688e+00 -2.269294977188110352e+00 6.449605464935302734e+00 4.621489346027374268e-02 -7.310686111450195312e-01 4.267945885658264160e-02 6.809678077697753906e-01 1.167294383049011230e-01
4.879440784454345703e+00 -2.252101659774780273e+00 6.595776557922363281e+00 4.387174174189567566e-02 7.690297812223434448e-02 9.739056229591369629e-01 -2.135270535945892334e-01 1.104840412735939026e-01
4.950661182403564453e+00 -2.074805498123168945e+00 1.026835203170776367e+00 3.964966535568237305e-02 3.491604328155517578e-01 8.784521222114562988e-01 -3.262037634849548340e-01 1.680634021759033203e-01
5.009342193603515625e+00 -1.927169919013977051e+00 9.720122814178466797e-01 3.964966535568237305e-02 -7.390684913843870163e-03 9.523017406463623047e-01 -3.050684332847595215e-01 8.660690486431121826e-02
4.976174831390380859e+00 -1.824884414672851562e+00 9.118817448616027832e-01 4.336005821824073792e-02 3.881499469280242920e-01 9.077891111373901367e-01 1.589292734861373901e-01 5.884169936180114746e-01
5.219309329986572266e+00 -1.290761947631835938e+00 9.595099091529846191e-01 3.246472030878067017e-02 2.065831273794174194e-01 9.762281775474548340e-01 6.558898836374282837e-02 1.838163435459136963e-01
5.195024013519287109e+00 -1.071166634559631348e+00 9.801377654075622559e-01 1.785106770694255829e-02 -2.275723814964294434e-01 -1.473991125822067261e-01 -9.625405669212341309e-01 9.149003773927688599e-02
4.902965068817138672e+00 -3.103843927383422852e+00 9.255241155624389648e-01 4.514756426215171814e-02 -7.976812124252319336e-01 -2.396795153617858887e-01 -5.534061789512634277e-01 1.590471267700195312e-01
4.790702342987060547e+00 -3.157935857772827148e+00 8.359406590461730957e-01 4.514756426215171814e-02 -6.375181674957275391e-01 -6.269348859786987305e-01 4.477981626987457275e-01 2.216008305549621582e-01
4.616672515869140625e+00 -3.344385385513305664e+00 9.284845590591430664e-01 4.514756426215171814e-02 -6.867665648460388184e-01 3.867636322975158691e-01 6.154393553733825684e-01 3.524766564369201660e-01
4.397890090942382812e+00 -3.281678199768066406e+00 1.147502779960632324e+00 4.514756426215171814e-02 -7.534626722335815430e-01 -2.207496762275695801e-01 6.193251013755798340e-01 5.150413885712623596e-02
4.911945819854736328e+00 -2.871832847595214844e+00 6.411374211311340332e-01 3.749109059572219849e-02 -7.445330023765563965e-01 5.889529585838317871e-01 3.143326938152313232e-01 2.290509492158889771e-01
4.734157562255859375e+00 -2.741180419921875000e+00 7.100962996482849121e-01 4.232567176222801208e-02 -5.783824920654296875e-01 7.364645600318908691e-01 3.508470654487609863e-01 1.217307150363922119e-01
4.670734405517578125e+00 -2.631616353988647461e+00 8.044341206550598145e-01 4.332869127392768860e-02 -8.967991471290588379e-01 -3.583289384841918945e-01 2.595220506191253662e-01 2.353674173355102539e-01
4.420154094696044922e+00 -2.719475507736206055e+00 8.685117959976196289e-01 3.638429194688796997e-02 7.812859117984771729e-02 -2.899855002760887146e-02 9.965214729309082031e-01 4.030095338821411133e-01
4.440216064453125000e+00 -2.754471302032470703e+00 1.272786855697631836e+00 2.789745666086673737e-02 4.698586463928222656e-01 -1.303846687078475952e-01 8.730593919754028320e-01 1.791848689317703247e-01
4.508393764495849609e+00 -2.788766622543334961e+00 1.433377027511596680e+00 1.143218670040369034e-02 4.215170443058013916e-01 -2.913925349712371826e-01 8.587279915809631348e-01 2.199138849973678589e-01
5.050659656524658203e+00 -3.093240022659301758e+00 7.758443951606750488e-01 9.438641369342803955e-03 3.004954457283020020e-01 1.524175107479095459e-01 9.415261149406433105e-01 3.459281921386718750e-01
4.560854434967041016e+00 -3.533008337020874023e+00 1.558226943016052246e+00 3.261451050639152527e-02 2.083271145820617676e-01 -2.332714945077896118e-01 -9.498338103294372559e-01 6.246743202209472656e-01
4.650585174560546875e+00 -3.883007049560546875e+00 1.106852531433105469e+00 3.029083274304866791e-02 1.935932785272598267e-01 -5.854080915451049805e-01 -7.872858643531799316e-01 1.301942467689514160e-01
4.682146549224853516e+00 -3.966409444808959961e+00 1.009596705436706543e+00 2.880056202411651611e-02 1.838973462581634521e-01 -4.681287109851837158e-01 -8.643131852149963379e-01 1.789903044700622559e-01
4.701530456542968750e+00 -4.083720684051513672e+00 8.399659991264343262e-01 2.507860213518142700e-02 -5.292099714279174805e-01 5.141884088516235352e-01 -6.749422550201416016e-01 9.274232387542724609e-02
4.653616428375244141e+00 -4.049208164215087891e+00 7.675771713256835938e-01 1.967298611998558044e-02 -4.317414760589599609e-01 5.131877660751342773e-01 -7.417799830436706543e-01 3.513336777687072754e-01
4.941535472869873047e+00 -3.367875576019287109e+00 1.017677903175354004e+00 4.514756426215171814e-02 7.588955760002136230e-01 -3.635638654232025146e-01 5.402766466140747070e-01 1.515582948923110962e-01
5.022295475006103516e+00 -3.440224170684814453e+00 1.088972449302673340e+00 4.273779317736625671e-02 4.734363555908203125e-01 -8.742178678512573242e-01 -1.077086031436920166e-01 2.136336266994476318e-01
5.258327484130859375e+00 -3.551242589950561523e+00 1.148342251777648926e+00 3.955830633640289307e-02 1.507286429405212402e-01 -8.382975459098815918e-01 5.239638686180114746e-01 1.771323978900909424e-01
5.259552478790283203e+00 -3.711279392242431641e+00 1.276368498802185059e+00 3.545483201742172241e-02 2.057993710041046143e-01 -9.641885161399841309e-01 -1.672936379909515381e-01 1.188035756349563599e-01
5.267088413238525391e+00 -3.870035886764526367e+00 1.292565941810607910e+00 3.148426860570907593e-02 2.634315788745880127e-01 -6.683903336524963379e-01 -6.955991387367248535e-01 1.477040350437164307e-01
5.307603359222412109e+00 -3.970980405807495117e+00 1.165352702140808105e+00 2.442149631679058075e-02 -6.387785673141479492e-01 -7.688857913017272949e-01 2.786726690828800201e-02 1.971674263477325439e-01
4.866525650024414062e+00 -3.544165611267089844e+00 2.246141195297241211e+00 2.996470779180526733e-02 7.851766347885131836e-01 2.023728191852569580e-01 5.852716565132141113e-01 4.821762442588806152e-01
4.855310440063476562e+00 -3.528131961822509766e+00 1.029955029487609863e+00 3.141446039080619812e-02 1.188199073076248169e-01 -6.084545701742172241e-02 9.910497665405273438e-01 2.527726888656616211e-01
4.819728374481201172e+00 -3.560388326644897461e+00 1.340471148490905762e+00 3.141446039080619812e-02 5.240293741226196289e-01 4.753376245498657227e-01 7.067158818244934082e-01 9.717915952205657959e-02
4.871142864227294922e+00 -3.418693780899047852e+00 1.415211915969848633e+00 3.141446039080619812e-02 6.831794381141662598e-01 -4.975727573037147522e-02 7.285534143447875977e-01 1.949527859687805176e-01
5.009287834167480469e+00 -3.417970657348632812e+00 1.550863265991210938e+00 3.141446039080619812e-02 9.022594094276428223e-01 -1.929686069488525391e-01 3.856048285961151123e-01 1.746558099985122681e-01
4.574970245361328125e+00 -3.640517473220825195e+00 1.377185821533203125e+00 7.087375968694686890e-03 -4.658294916152954102e-01 -7.775998115539550781e-01 -4.223048388957977295e-01 2.933166623115539551e-01
4.436137676239013672e+00 -3.877997159957885742e+00 1.257391571998596191e+00 7.087375968694686890e-03 3.705596625804901123e-01 2.952439486980438232e-01 8.806341886520385742e-01 3.446382582187652588e-01
4.683099269866943359e+00 -3.599526882171630859e+00 2.020787715911865234e+00 6.119810976088047028e-03 -6.257175803184509277e-01 -7.267079949378967285e-01 2.835014462471008301e-01 3.874002993106842041e-01
4.608738899230957031e+00 -3.585037231445312500e+00 2.456975936889648438e+00 3.564244601875543594e-03 7.583988308906555176e-01 -3.039041459560394287e-01 -5.766051411628723145e-01 3.158099055290222168e-01
4.777468204498291016e+00 -3.633352279663085938e+00 2.129594087600708008e+00 3.449640795588493347e-02 -1.836974322795867920e-01 2.023371905088424683e-01 9.619328975677490234e-01 6.354720592498779297e-01
4.695163249969482422e+00 -3.473705053329467773e+00 2.792446851730346680e+00 3.244051709771156311e-02 7.991004586219787598e-01 -5.704329013824462891e-01 -1.898545920848846436e-01 6.220649182796478271e-02
4.730124950408935547e+00 -3.543087244033813477e+00 2.822045564651489258e+00 3.039345890283584595e-02 9.640194177627563477e-01 -1.754783689975738525e-01 1.996845155954360962e-01 1.742853820323944092e-01
4.949811935424804688e+00 -3.693909406661987305e+00 2.810612678527832031e+00 2.782713994383811951e-02 9.245532751083374023e-01 3.147094547748565674e-01 2.148468494415283203e-01 1.648881137371063232e-01
5.143424510955810547e+00 -3.765062808990478516e+00 2.808747053146362305e+00 2.695528976619243622e-02 2.772121429443359375e-01 -1.925436407327651978e-01 9.413184523582458496e-01 4.840775206685066223e-02
5.109017848968505859e+00 -3.849178075790405273e+00 2.880017042160034180e+00 2.387075684964656830e-02 3.026544749736785889e-01 1.308988034725189209e-01 9.440687298774719238e-01 2.961474359035491943e-01
5.180030345916748047e+00 -3.883168697357177734e+00 3.181630849838256836e+00 1.953251473605632782e-02 3.853388726711273193e-01 1.756957024335861206e-01 9.058945775032043457e-01 1.895924210548400879e-01
5.186374664306640625e+00 -3.877730369567871094e+00 3.373582363128662109e+00 9.999999776482582092e-03 -4.652538523077964783e-02 6.568216085433959961e-01 7.526092529296875000e-01 2.018550038337707520e-01
5.176983356475830078e+00 -3.745147705078125000e+00 3.525500297546386719e+00 6.401124875992536545e-03 -7.774499058723449707e-01 5.116348862648010254e-01 3.657886981964111328e-01 1.575777828693389893e-01
4.995923519134521484e+00 -1.905507683753967285e+00 1.505782246589660645e+00 6.409318000078201294e-02 5.603375434875488281e-01 8.059213161468505859e-01 -1.910827904939651489e-01 4.968806207180023193e-01
5.185455322265625000e+00 -1.420272946357727051e+00 1.408119320869445801e+00 5.868119001388549805e-02 4.641372263431549072e-01 5.098021030426025391e-01 7.243469357490539551e-01 2.640362977981567383e-01
5.251193046569824219e+00 -1.264749765396118164e+00 1.602843284606933594e+00 5.544321984052658081e-02 2.850173041224479675e-03 -1.561243981122970581e-01 9.877333045005798340e-01 1.308559328317642212e-01
5.252141952514648438e+00 -1.322526574134826660e+00 1.720536589622497559e+00 3.703599795699119568e-02 1.065608300268650055e-02 -2.954633831977844238e-01 9.552946090698242188e-01 2.362977266311645508e-01
5.257518768310546875e+00 -1.400878429412841797e+00 1.962867021560668945e+00 4.784838482737541199e-02 -2.143174260854721069e-01 8.531348705291748047e-01 4.756352901458740234e-01 1.854925155639648438e-01
5.214036941528320312e+00 -1.263773441314697266e+00 2.067190885543823242e+00 3.410291299223899841e-02 -8.075404912233352661e-02 6.127175092697143555e-01 7.861654162406921387e-01 4.535506963729858398e-01
5.102892875671386719e+00 -9.523112177848815918e-01 2.427084922790527344e+00 9.999999776482582092e-03 2.122551798820495605e-01 3.820607960224151611e-01 8.994316458702087402e-01 1.418433040380477905e-01
4.566954612731933594e+00 -1.520061492919921875e+00 2.031970500946044922e+00 3.933053836226463318e-02 -8.671841025352478027e-01 4.353594481945037842e-01 2.417724430561065674e-01 1.603130549192428589e-01
4.400858402252197266e+00 -1.438456296920776367e+00 2.052040576934814453e+00 3.574135154485702515e-02 -4.327095448970794678e-01 3.334471285343170166e-01 8.376010060310363770e-01 2.208210974931716919e-01
4.767339229583740234e+00 -1.477321624755859375e+00 2.492544651031494141e+00 2.126514725387096405e-02 -7.806004285812377930e-01 6.136549115180969238e-01 1.187039986252784729e-01 5.458865165710449219e-01
4.424293041229248047e+00 -1.029673218727111816e+00 2.572401523590087891e+00 2.959997020661830902e-02 -7.338244915008544922e-01 4.763611853122711182e-01 4.843362271785736084e-01 1.677730083465576172e-01
4.969515323638916016e+00 -1.635761499404907227e+00 2.687301158905029297e+00 9.182646125555038452e-02 1.931209713220596313e-01 -6.654706001281738281e-01 -7.210084795951843262e-01 8.906056880950927734e-01
5.099519729614257812e+00 -2.181571960449218750e+00 2.075420379638671875e+00 8.081363886594772339e-02 -6.820011734962463379e-01 -1.488303691148757935e-01 -7.160474658012390137e-01 2.214707434177398682e-01
5.019814014434814453e+00 -1.823567748069763184e+00 1.821770787239074707e+00 6.842374801635742188e-02 -5.268132686614990234e-01 2.903694510459899902e-01 7.988449931144714355e-01 5.220145583152770996e-01
4.875611305236816406e+00 -2.060758113861083984e+00 2.385563611984252930e+00 6.583181023597717285e-02 3.071091175079345703e-01 4.248515963554382324e-01 8.515779972076416016e-01 1.503722369670867920e-01
4.986672401428222656e+00 -2.080189466476440430e+00 2.636049270629882812e+00 5.757591128349304199e-02 -6.144401431083679199e-01 4.616693556308746338e-01 6.397849321365356445e-01 1.174708008766174316e-01
4.925230503082275391e+00 -1.987875580787658691e+00 2.700325250625610352e+00 4.037439450621604919e-02 -7.265793085098266602e-01 3.702296912670135498e-01 5.788025856018066406e-01 3.409155011177062988e-01
4.765761375427246094e+00 -1.707895040512084961e+00 2.511744737625122070e+00 8.073271252214908600e-03 -7.006281614303588867e-01 5.517827868461608887e-01 4.523890912532806396e-01 6.367008686065673828e-01
4.392817020416259766e+00 -1.394954085350036621e+00 2.890731811523437500e+00 1.614654250442981720e-02 7.231736183166503906e-01 6.098063588142395020e-01 -3.242778182029724121e-01 3.190165162086486816e-01
4.791280269622802734e+00 -1.669163703918457031e+00 2.535460233688354492e+00 3.502770140767097473e-02 -1.561398059129714966e-02 2.706863880157470703e-01 9.625409245491027832e-01 4.217576980590820312e-01
4.784694671630859375e+00 -1.554999589920043945e+00 2.941419363021850586e+00 3.502770140767097473e-02 -2.965787611901760101e-02 4.662787318229675293e-01 8.841405510902404785e-01 5.830890536308288574e-01
5.177191734313964844e+00 -1.404333710670471191e+00 2.732526779174804688e+00 3.129201009869575500e-02 8.024688363075256348e-01 2.947071194648742676e-01 5.188366174697875977e-01 1.685943901538848877e-01
4.879969120025634766e+00 -1.557889819145202637e+00 2.536370515823364258e+00 4.803419485688209534e-02 -2.516387999057769775e-01 5.772541761398315430e-01 7.768239974975585938e-01 7.323771715164184570e-01
4.751496315002441406e+00 -1.006069660186767578e+00 3.102262258529663086e+00 5.370905622839927673e-02 -1.330689340829849243e-01 8.080135285854339600e-02 9.878075718879699707e-01 1.903055906295776367e-01
4.719007015228271484e+00 -9.990001916885375977e-01 3.276763916015625000e+00 4.375451430678367615e-02 -9.110734462738037109e-01 2.119563221931457520e-01 3.535812497138977051e-01 2.086325436830520630e-01
4.516208648681640625e+00 -9.831239581108093262e-01 3.368941307067871094e+00 4.310477897524833679e-02 -5.322349667549133301e-01 6.160011291503906250e-01 5.807482600212097168e-01 3.327057659626007080e-01
5.081916332244873047e+00 -1.748101472854614258e+00 2.968949794769287109e+00 1.901696808636188507e-02 4.807246327400207520e-01 -6.735335588455200195e-01 -5.614769458770751953e-01 4.827709496021270752e-01
5.313996315002441406e+00 -2.073263883590698242e+00 2.697885036468505859e+00 1.901696808636188507e-02 -1.910378336906433105e-01 -7.977765202522277832e-01 -5.718891620635986328e-01 1.725295484066009521e-01
4.999439239501953125e+00 -2.238143205642700195e+00 3.184317588806152344e+00 9.340736083686351776e-03 -7.731468677520751953e-01 5.053696036338806152e-01 3.832041919231414795e-01 5.824926495552062988e-01
4.613135337829589844e+00 -1.963569760322570801e+00 3.491261720657348633e+00 3.104173019528388977e-02 -7.072184085845947266e-01 3.380751311779022217e-01 6.209245920181274414e-01 2.010077983140945435e-01
4.487280368804931641e+00 -1.876574993133544922e+00 3.629284620285034180e+00 1.716255582869052887e-02 -6.756250858306884766e-01 6.911123543977737427e-02 7.339988946914672852e-01 1.224270239472389221e-01
5.145987033843994141e+00 -1.466535925865173340e+00 2.826452970504760742e+00 8.925593644380569458e-02 4.539667069911956787e-02 -1.543687433004379272e-01 9.869698286056518555e-01 4.905658960342407227e-01
5.146622657775878906e+00 -1.591508269309997559e+00 3.306849718093872070e+00 8.818547427654266357e-02 -1.044016107916831970e-01 -3.038009628653526306e-02 9.940711259841918945e-01 4.321820139884948730e-01
5.086880207061767578e+00 -1.620175838470458984e+00 3.677035570144653320e+00 8.746691793203353882e-02 -9.645596742630004883e-01 1.838900595903396606e-01 1.892329603433609009e-01 1.019366681575775146e-01
4.990509510040283203e+00 -1.565361976623535156e+00 3.695573091506958008e+00 8.531016111373901367e-02 -9.938961863517761230e-01 5.581228435039520264e-02 9.515941888093948364e-02 3.378803133964538574e-01
4.630537509918212891e+00 -1.524290204048156738e+00 3.740848779678344727e+00 5.949065089225769043e-02 -3.402829766273498535e-01 1.757220774888992310e-01 -9.237582087516784668e-01 3.128631785511970520e-02
4.708129882812500000e+00 -1.522305011749267578e+00 3.640693187713623047e+00 8.150584995746612549e-02 -6.249165534973144531e-01 -1.477234959602355957e-01 -7.665879130363464355e-01 1.255060285329818726e-01
4.613130092620849609e+00 -1.503360748291015625e+00 3.553122997283935547e+00 7.564093917608261108e-02 -9.184082150459289551e-01 -3.867997229099273682e-01 -8.314017951488494873e-02 1.716879010200500488e-01
4.380101203918457031e+00 -1.632844209671020508e+00 3.445964574813842773e+00 7.180489599704742432e-02 -8.102182149887084961e-01 1.244226694107055664e-01 5.727699398994445801e-01 3.795193135738372803e-01
4.140699386596679688e+00 -1.569374442100524902e+00 3.704450130462646484e+00 6.743205338716506958e-02 -5.420402884483337402e-01 2.186324447393417358e-01 8.114137053489685059e-01 2.047473788261413574e-01
4.042625427246093750e+00 -1.409145474433898926e+00 3.879233837127685547e+00 7.119765132665634155e-02 -1.849976927042007446e-01 -5.282510817050933838e-02 9.813181757926940918e-01 8.997246623039245605e-02
4.040382862091064453e+00 -1.462034225463867188e+00 3.975810527801513672e+00 6.340513378381729126e-02 -4.446440339088439941e-01 2.108980156481266022e-02 8.954590559005737305e-01 2.667903304100036621e-01
3.960802316665649414e+00 -1.437284708023071289e+00 4.253352165222167969e+00 4.388090595602989197e-02 -6.995759606361389160e-01 -1.515476312488317490e-02 7.143975496292114258e-01 3.287283480167388916e-01
3.656247138977050781e+00 -1.419069528579711914e+00 4.453509807586669922e+00 5.493097379803657532e-02 -4.385393559932708740e-01 -7.036574929952621460e-02 8.959530591964721680e-01 2.622546553611755371e-01
3.511116743087768555e+00 -1.390391945838928223e+00 4.685723304748535156e+00 5.237946286797523499e-02 -6.840803623199462891e-01 -4.016082584857940674e-01 6.088882088661193848e-01 5.261067152023315430e-01
3.219593524932861328e+00 -1.641987323760986328e+00 5.146070480346679688e+00 4.413726925849914551e-02 -8.792284131050109863e-01 -3.429603874683380127e-01 3.306593000888824463e-01 2.958098649978637695e-01
2.969701766967773438e+00 -1.715197801589965820e+00 5.238909244537353516e+00 3.867580741643905640e-02 -1.301273405551910400e-01 2.173454463481903076e-01 9.673819541931152344e-01 2.617365419864654541e-01
2.936156511306762695e+00 -1.540667533874511719e+00 5.583529949188232422e+00 3.164427727460861206e-02 -1.957419365644454956e-01 -6.012094020843505859e-01 7.747466564178466797e-01 2.034187614917755127e-01
2.898311376571655273e+00 -1.563016057014465332e+00 5.815369129180908203e+00 1.663239859044551849e-02 -6.047190427780151367e-01 -4.671823084354400635e-01 6.450237035751342773e-01 1.114352494478225708e-01
2.820042848587036133e+00 -1.623186588287353516e+00 5.880342006683349609e+00 2.134449407458305359e-02 5.969831347465515137e-01 -8.022524714469909668e-01 1.455461722798645496e-03 7.410272955894470215e-02
5.111556529998779297e+00 -2.016299962997436523e+00 3.231151819229125977e+00 7.999419234693050385e-03 7.933727502822875977e-01 5.591403841972351074e-01 2.406693249940872192e-01 3.869738578796386719e-01
5.312847614288330078e+00 -1.724714159965515137e+00 3.278215408325195312e+00 7.999419234693050385e-03 -6.113237738609313965e-01 -4.687641561031341553e-01 6.376075744628906250e-01 1.831930279731750488e-01
5.013438224792480469e+00 -2.678206682205200195e+00 3.615215301513671875e+00 5.238766223192214966e-02 3.691252470016479492e-01 -8.859487771987915039e-01 2.807869315147399902e-01 3.773845732212066650e-01
5.143640995025634766e+00 -3.004113674163818359e+00 3.745424032211303711e+00 5.206210911273956299e-02 6.942441463470458984e-01 -5.579128861427307129e-01 4.547068178653717041e-01 1.948356479406356812e-01
5.290082454681396484e+00 -3.106276750564575195e+00 3.847061634063720703e+00 3.447763994336128235e-02 -9.567418694496154785e-02 -8.546277284622192383e-01 5.103507041931152344e-01 3.182883262634277344e-01
5.239199161529541016e+00 -3.380813837051391602e+00 3.989959478378295898e+00 3.280256316065788269e-02 -6.522430181503295898e-01 -2.529225945472717285e-01 7.145692706108093262e-01 1.952828168869018555e-01
5.108069419860839844e+00 -3.434900760650634766e+00 4.125420093536376953e+00 3.377255797386169434e-02 -6.188992261886596680e-01 -1.711831986904144287e-01 7.665898799896240234e-01 1.556345075368881226e-01
4.998483180999755859e+00 -3.441015005111694336e+00 4.259422302246093750e+00 4.401729255914688110e-02 -6.143926382064819336e-01 -6.815480589866638184e-01 3.975096642971038818e-01 1.385899931192398071e-01
4.922225952148437500e+00 -3.527682065963745117e+00 4.328031063079833984e+00 3.170465305447578430e-02 -6.676148772239685059e-01 -3.645153343677520752e-01 6.491678953170776367e-01 2.865918576717376709e-01
4.729412555694580078e+00 -3.631779670715332031e+00 4.512825489044189453e+00 3.170465305447578430e-02 -6.549344062805175781e-01 -3.438452780246734619e-01 6.729274392127990723e-01 1.106194034218788147e-01
4.655410766601562500e+00 -3.664140939712524414e+00 4.588632583618164062e+00 3.170465305447578430e-02 -6.017820835113525391e-01 -3.390858173370361328e-01 7.231038212776184082e-01 1.333441585302352905e-01
4.583103179931640625e+00 -3.724874734878540039e+00 4.692467212677001953e+00 3.170465305447578430e-02 -8.087913393974304199e-01 -1.408619582653045654e-01 5.709767341613769531e-01 1.584812253713607788e-01
4.976308345794677734e+00 -2.656084775924682617e+00 3.688988208770751953e+00 2.973674796521663666e-02 -6.591117978096008301e-01 -2.597406804561614990e-01 7.057665586471557617e-01 1.596680134534835815e-01
4.840603351593017578e+00 -2.711766242980957031e+00 3.770558357238769531e+00 2.895621396601200104e-02 -6.824626922607421875e-01 -1.168672367930412292e-01 7.215169668197631836e-01 2.691861093044281006e-01
4.656749248504638672e+00 -2.745557308197021484e+00 3.964367389678955078e+00 2.366040647029876709e-02 -7.104945778846740723e-01 -7.989247888326644897e-02 6.991528272628784180e-01 1.586298048496246338e-01
4.543629169464111328e+00 -2.758682966232299805e+00 4.074812889099121094e+00 2.233300544321537018e-02 -7.224155664443969727e-01 -4.081518203020095825e-02 6.902534961700439453e-01 1.421364247798919678e-01
4.442895412445068359e+00 -2.768955469131469727e+00 4.175428867340087891e+00 2.418305166065692902e-02 -7.737709283828735352e-01 1.772820763289928436e-02 6.332173943519592285e-01 1.565478444099426270e-01
4.322351932525634766e+00 -2.767176628112792969e+00 4.275460243225097656e+00 2.603309787809848785e-02 -8.161402344703674316e-01 4.015167802572250366e-02 5.764572620391845703e-01 1.500640213489532471e-01
4.195715904235839844e+00 -2.777803421020507812e+00 4.359932422637939453e+00 3.676776587963104248e-02 -8.361198902130126953e-01 1.444024145603179932e-01 5.291989445686340332e-01 1.535531580448150635e-01
4.075040817260742188e+00 -2.746492147445678711e+00 4.449999332427978516e+00 2.233300544321537018e-02 -8.296036124229431152e-01 1.967101395130157471e-01 5.225542783737182617e-01 4.507834315299987793e-01
3.716568946838378906e+00 -2.652328491210937500e+00 4.711578845977783203e+00 2.642600238323211670e-02 -8.608946800231933594e-01 1.860183924436569214e-01 4.735583364963531494e-01 3.662517666816711426e-01
3.397475957870483398e+00 -2.596078157424926758e+00 4.882819175720214844e+00 2.233300544321537018e-02 -8.557044267654418945e-01 1.832445263862609863e-01 4.839332699775695801e-01 1.449541002511978149e-01
4.975717544555664062e+00 -2.674641847610473633e+00 4.706036567687988281e+00 2.238944545388221741e-02 -8.243297338485717773e-01 -2.843437194824218750e-01 4.895193278789520264e-01 5.031366348266601562e-01
4.548135757446289062e+00 -2.804744720458984375e+00 4.932864665985107422e+00 1.640935800969600677e-02 -8.619983196258544922e-01 -1.102113649249076843e-01 4.947851300239562988e-01 4.597701728343963623e-01
4.177083492279052734e+00 -2.819379329681396484e+00 5.180644512176513672e+00 6.081083789467811584e-03 -7.562119960784912109e-01 1.752589344978332520e-01 6.304186582565307617e-01 2.167442291975021362e-01
4.981192111968994141e+00 -2.715694665908813477e+00 4.992693901062011719e+00 5.455533787608146667e-02 2.078610807657241821e-01 -8.104615211486816406e-01 5.476731657981872559e-01 2.875213325023651123e-01
5.040956974029541016e+00 -2.948719501495361328e+00 5.150161743164062500e+00 5.455533787608146667e-02 -3.618953824043273926e-01 -3.129753768444061279e-01 8.781105279922485352e-01 2.310659289360046387e-01
4.970304012298583984e+00 -3.022669792175292969e+00 5.364093780517578125e+00 5.206016823649406433e-02 -6.449859142303466797e-01 3.443453833460807800e-02 7.634182572364807129e-01 1.365868449211120605e-01
4.855607986450195312e+00 -2.984755992889404297e+00 5.475515365600585938e+00 6.935369223356246948e-02 -4.105532467365264893e-01 -4.938199222087860107e-01 7.665428519248962402e-01 1.528767496347427368e-01
4.759741783142089844e+00 -3.163960218429565430e+00 5.597139835357666016e+00 6.670825928449630737e-02 8.129218816757202148e-01 -2.366988360881805420e-01 5.321012139320373535e-01 1.285958290100097656e-01
4.972237586975097656e+00 -3.181785821914672852e+00 5.637689590454101562e+00 6.391967833042144775e-02 2.580731511116027832e-01 -8.119294792413711548e-02 9.627076387405395508e-01 2.792300283908843994e-01
5.076263427734375000e+00 -3.133315324783325195e+00 5.921108722686767578e+00 6.330818682909011841e-02 -6.374138593673706055e-01 1.305188685655593872e-01 7.593868970870971680e-01 5.030430853366851807e-02
5.068019390106201172e+00 -3.168401002883911133e+00 5.996284008026123047e+00 4.362754896283149719e-02 -8.896358013153076172e-01 -1.169031411409378052e-01 4.414542317390441895e-01 1.586772054433822632e-01
4.888025760650634766e+00 -3.236519813537597656e+00 6.076241970062255859e+00 5.515860021114349365e-02 -6.107573509216308594e-01 5.850831270217895508e-01 5.335290431976318359e-01 7.084206491708755493e-02
4.844376087188720703e+00 -3.195361137390136719e+00 6.113974094390869141e+00 4.941443726420402527e-02 -5.548205375671386719e-01 6.054229140281677246e-01 5.706463456153869629e-01 2.869449853897094727e-01
4.658198833465576172e+00 -3.021986484527587891e+00 6.272667884826660156e+00 5.434875562787055969e-02 -1.754660904407501221e-01 3.720160424709320068e-01 9.114909172058105469e-01 7.837046682834625244e-02
4.665235519409179688e+00 -2.914316177368164062e+00 6.382531642913818359e+00 5.007560178637504578e-02 -8.120691776275634766e-01 -6.864011287689208984e-02 5.795103311538696289e-01 2.120822072029113770e-01
4.538697719573974609e+00 -2.891495466232299805e+00 6.568543434143066406e+00 4.026706516742706299e-02 -5.489223003387451172e-01 -4.820185303688049316e-01 6.828926801681518555e-01 3.599650859832763672e-01
4.350594043731689453e+00 -3.073517799377441406e+00 6.834137439727783203e+00 3.994675353169441223e-02 -7.479929327964782715e-01 -6.594486832618713379e-01 7.505982369184494019e-02 1.426831483840942383e-01
4.282305717468261719e+00 -3.199454545974731445e+00 6.784302234649658203e+00 2.662033773958683014e-02 -2.684563025832176208e-02 -8.916485309600830078e-01 4.519316256046295166e-01 3.170731365680694580e-01
4.955283641815185547e+00 -2.686169385910034180e+00 5.259077072143554688e+00 5.029547959566116333e-02 -5.202376246452331543e-01 -7.348471283912658691e-01 4.351465702056884766e-01 2.714925408363342285e-01
4.814043045043945312e+00 -2.885674953460693359e+00 5.377215862274169922e+00 5.029547959566116333e-02 -8.156821131706237793e-01 -2.700158059597015381e-01 5.116192102432250977e-01 3.665286600589752197e-01
5.070664405822753906e+00 -2.683387517929077148e+00 5.439725875854492188e+00 1.019144430756568909e-02 -4.062150120735168457e-01 5.511918663978576660e-01 7.288188338279724121e-01 1.620046347379684448e-01
5.009516716003417969e+00 -2.417958736419677734e+00 5.488128185272216797e+00 1.004064921289682388e-02 8.806748390197753906e-01 -4.532460272312164307e-01 -1.377674788236618042e-01 3.513906598091125488e-01
5.287629127502441406e+00 -2.593559980392456055e+00 5.430567264556884766e+00 1.004064921289682388e-02 -4.782149791717529297e-01 8.749070763587951660e-01 7.647234946489334106e-02 1.259727329015731812e-01
5.311743736267089844e+00 -2.450555324554443359e+00 5.402533054351806641e+00 3.748206188902258873e-03 -1.485035419464111328e-01 8.861941099166870117e-01 4.388698339462280273e-01 2.764635980129241943e-01
5.002722740173339844e+00 -2.481387376785278320e+00 5.423367023468017578e+00 3.987008705735206604e-02 -3.635671734809875488e-01 -8.019794225692749023e-01 4.739704132080078125e-01 3.887355029582977295e-01
4.864564418792724609e+00 -2.803084850311279297e+00 5.612593650817871094e+00 3.890433534979820251e-02 -3.622652888298034668e-01 3.223280310630798340e-01 8.745676279067993164e-01 1.196450069546699524e-01
4.813634395599365234e+00 -2.773556709289550781e+00 5.699193954467773438e+00 2.775355800986289978e-02 8.000341653823852539e-01 -5.988449454307556152e-01 -3.647041320800781250e-02 9.613517671823501587e-02
4.780155658721923828e+00 -2.791380405426025391e+00 5.815390586853027344e+00 3.353086858987808228e-02 7.515018582344055176e-01 2.560078203678131104e-01 6.080336570739746094e-01 3.913957178592681885e-01
4.908613681793212891e+00 -2.837583780288696289e+00 6.154463291168212891e+00 2.835728786885738373e-02 3.411330580711364746e-01 2.412875890731811523e-01 9.085199832916259766e-01 5.323854684829711914e-01
5.035271644592285156e+00 -2.719842433929443359e+00 6.631366729736328125e+00 2.615022286772727966e-02 -1.702683418989181519e-01 2.744634151458740234e-01 9.464029073715209961e-01 8.019816875457763672e-02
5.046810150146484375e+00 -2.672127962112426758e+00 6.718149185180664062e+00 2.449485845863819122e-02 -3.492597937583923340e-01 -5.373638123273849487e-02 9.354838132858276367e-01 2.145467847585678101e-01
4.966120243072509766e+00 -2.705430507659912109e+00 6.920910835266113281e+00 2.612794935703277588e-02 9.176694750785827637e-01 -2.701735198497772217e-01 -2.913571000099182129e-01 1.098230853676795959e-01
4.943736553192138672e+00 -2.448081493377685547e+00 5.488880157470703125e+00 1.882621832191944122e-02 -2.705299258232116699e-01 -9.214463233947753906e-01 2.788373231887817383e-01 4.556424319744110107e-01
4.817183017730712891e+00 -2.884375333786010742e+00 5.594283103942871094e+00 1.882621832191944122e-02 -9.542564749717712402e-01 -1.497883796691894531e-01 2.587625384330749512e-01 1.709951460361480713e-01
4.660852432250976562e+00 -2.888159751892089844e+00 5.660206317901611328e+00 1.752438955008983612e-02 -7.302693724632263184e-01 -3.522978425025939941e-01 5.853143334388732910e-01 2.248329222202301025e-01
4.955893993377685547e+00 -2.323549509048461914e+00 5.670336723327636719e+00 5.271340906620025635e-02 -3.070449233055114746e-01 6.858755350112915039e-01 6.597713232040405273e-01 3.917442262172698975e-01
4.739061355590820312e+00 -2.033612251281738281e+00 5.916160583496093750e+00 4.835138469934463501e-02 1.792639344930648804e-01 9.550138115882873535e-01 2.362478077411651611e-01 3.869374692440032959e-01
4.812755584716796875e+00 -1.655422091484069824e+00 5.995841979980468750e+00 4.865942895412445068e-02 -4.834495782852172852e-01 7.800131440162658691e-01 3.973109424114227295e-01 7.200331985950469971e-02
4.816226959228515625e+00 -1.488385677337646484e+00 6.002979278564453125e+00 4.616254568099975586e-02 -7.614926695823669434e-01 3.664531111717224121e-01 5.346410870552062988e-01 3.767807185649871826e-01
4.524123191833496094e+00 -1.370195388793945312e+00 6.229306697845458984e+00 4.210311174392700195e-02 -9.861150383949279785e-01 1.332194805145263672e-01 -9.914480149745941162e-02 1.426019221544265747e-01
4.981342792510986328e+00 -2.275455236434936523e+00 6.039566516876220703e+00 2.759438008069992065e-02 7.597144842147827148e-01 5.473920106887817383e-01 3.509926497936248779e-01 2.697029709815979004e-01
5.061607360839843750e+00 -2.349583148956298828e+00 6.254818439483642578e+00 6.702009588479995728e-02 1.275574266910552979e-01 -1.037960126996040344e-01 9.863850474357604980e-01 1.769054085016250610e-01
4.987588405609130859e+00 -2.328080892562866211e+00 6.455246925354003906e+00 6.702009588479995728e-02 3.232927620410919189e-01 1.788035184144973755e-01 9.292529821395874023e-01 2.423763722181320190e-01
5.093141078948974609e+00 -2.382992982864379883e+00 6.680159568786621094e+00 6.702009588479995728e-02 7.285552620887756348e-01 1.995451152324676514e-01 6.552777886390686035e-01 1.642892211675643921e-01
5.163274288177490234e+00 -2.345690011978149414e+00 6.802297592163085938e+00 6.702009588479995728e-02 2.404567599296569824e-01 -3.103442788124084473e-01 9.197102785110473633e-01 2.690745592117309570e-01
5.248307704925537109e+00 -2.468725442886352539e+00 7.024935245513916016e+00 6.702009588479995728e-02 -5.066259577870368958e-02 -5.498181581497192383e-01 8.337465524673461914e-01 4.112446904182434082e-01
5.205773830413818359e+00 -2.692956924438476562e+00 7.366891860961914062e+00 6.702009588479995728e-02 -6.705960631370544434e-02 -3.117852210998535156e-01 9.477831721305847168e-01 2.896218597888946533e-01
5.186262607574462891e+00 -2.769124507904052734e+00 7.651329994201660156e+00 6.702009588479995728e-02 -4.365762472152709961e-01 -5.194172263145446777e-01 7.345794439315795898e-01 8.389698714017868042e-02
5.142585754394531250e+00 -2.816826105117797852e+00 7.794909000396728516e+00 6.702009588479995728e-02 1.452195644378662109e-01 -9.886974692344665527e-01 -3.726403415203094482e-02 3.302580714225769043e-01
5.191602706909179688e+00 -3.158247470855712891e+00 7.755187034606933594e+00 6.702009588479995728e-02 -9.194158315658569336e-01 -3.593589067459106445e-01 1.597990840673446655e-01 2.148864269256591797e-01
4.984497547149658203e+00 -3.133862733840942383e+00 7.754130363464355469e+00 6.702009588479995728e-02 -9.951157569885253906e-01 -9.787228703498840332e-02 -1.287222001701593399e-02 1.823442429304122925e-01
4.831997871398925781e+00 -3.157314062118530273e+00 7.758236408233642578e+00 6.702009588479995728e-02 -2.807986140251159668e-01 -5.269206762313842773e-01 8.021886944770812988e-01 2.167338430881500244e-01
4.799434185028076172e+00 -3.321013689041137695e+00 7.854161262512207031e+00 6.702009588479995728e-02 5.587344765663146973e-01 -5.932002663612365723e-01 5.795940160751342773e-01 1.980486810207366943e-01
4.880122661590576172e+00 -3.354489564895629883e+00 8.026954650878906250e+00 6.702009588479995728e-02 -6.087284684181213379e-01 -5.862590670585632324e-01 5.345559120178222656e-01 5.191354751586914062e-01
4.527695178985595703e+00 -3.650644063949584961e+00 8.268143653869628906e+00 6.702009588479995728e-02 -5.001125335693359375e-01 -8.047016263008117676e-01 3.199106156826019287e-01 4.926045890897512436e-03
4.528057098388671875e+00 -3.696852684020996094e+00 8.249631881713867188e+00 6.702009588479995728e-02 -8.875331878662109375e-01 -2.449272274971008301e-01 3.902505338191986084e-01 2.186712920665740967e-01
5.008862972259521484e+00 -2.312983274459838867e+00 6.418035507202148438e+00 4.428755491971969604e-02 -5.199068784713745117e-01 -4.863732680678367615e-02 8.528371453285217285e-01 4.796587824821472168e-01
4.720944881439208984e+00 -2.368113756179809570e+00 6.828221797943115234e+00 4.428755491971969604e-02 -2.045362293720245361e-01 2.807722687721252441e-01 9.377269744873046875e-01 6.273121833801269531e-01
4.550906181335449219e+00 -2.165629148483276367e+00 7.396492004394531250e+00 4.428755491971969604e-02 -1.962489336729049683e-01 3.758056163787841797e-01 9.056801199913024902e-01 1.374582052230834961e-01
4.536619663238525391e+00 -2.077287673950195312e+00 7.512828826904296875e+00 4.428755491971969604e-02 -3.997641503810882568e-01 3.285509049892425537e-01 8.557119369506835938e-01 1.577366143465042114e-01
5.163676738739013672e+00 -2.799919128417968750e+00 2.332649230957031250e+00 5.511431023478507996e-03 3.722889125347137451e-01 -9.280555844306945801e-01 -1.066957693547010422e-02 2.637223303318023682e-01
4.395649909973144531e+00 -2.745192766189575195e+00 8.938016891479492188e-01 1.382330991327762604e-02 -5.619566440582275391e-01 -5.897747278213500977e-01 5.799745917320251465e-01 1.575187742710113525e-01
4.307131290435791016e+00 -2.838093280792236328e+00 9.851585626602172852e-01 1.351343374699354172e-02 -2.632074356079101562e-01 -2.528961002826690674e-01 9.310023784637451172e-01 6.757172942161560059e-02
4.292479038238525391e+00 -2.842518091201782227e+00 1.055201649665832520e+00 1.781963743269443512e-02 -1.359863728284835815e-01 -4.604792594909667969e-01 8.771924376487731934e-01 2.061244845390319824e-01
4.285731792449951172e+00 -2.937238931655883789e+00 1.205129981040954590e+00 1.468417700380086899e-02 2.151300460100173950e-01 -9.661844372749328613e-01 1.421502977609634399e-01 2.101604789495468140e-01
4.679578781127929688e+00 -3.942659378051757812e+00 1.069922804832458496e+00 8.866643533110618591e-03 5.179234743118286133e-01 -6.414937376976013184e-01 5.658984184265136719e-01 1.615845263004302979e-01
4.754410266876220703e+00 -4.012652873992919922e+00 1.163529157638549805e+00 8.866643533110618591e-03 -9.000155925750732422e-01 -2.593435347080230713e-01 3.503040373325347900e-01 8.606715500354766846e-02
4.641166687011718750e+00 -4.141860485076904297e+00 1.283752560615539551e+00 3.358577145263552666e-03 -8.726609349250793457e-01 4.506459832191467285e-01 1.880986690521240234e-01 3.412769734859466553e-01
5.046794414520263672e+00 -3.395780324935913086e+00 1.090315937995910645e+00 4.511211533099412918e-03 8.452062010765075684e-01 5.335544347763061523e-01 -3.075878694653511047e-02 2.029296457767486572e-01
5.274120807647705078e+00 -3.315394878387451172e+00 1.089103579521179199e+00 4.511211533099412918e-03 6.547683477401733398e-02 3.025141954421997070e-01 9.508932232856750488e-01 2.707081139087677002e-01
5.193217754364013672e+00 -4.140767097473144531e+00 1.157775878906250000e+00 2.499999944120645523e-03 7.091304659843444824e-01 -4.512781202793121338e-01 -5.417398214340209961e-01 2.100678831338882446e-01
5.291530132293701172e+00 -4.048301696777343750e+00 1.135476827621459961e+00 2.499999944120645523e-03 -7.992424368858337402e-01 7.517892867326736450e-02 -5.962882637977600098e-01 2.325277924537658691e-01
4.703433036804199219e+00 -3.596217393875122070e+00 2.464787244796752930e+00 1.070092618465423584e-02 -3.230508565902709961e-01 -9.308117032051086426e-01 1.709610521793365479e-01 8.052632957696914673e-02
4.684623241424560547e+00 -3.668725728988647461e+00 2.471548795700073242e+00 1.070092618465423584e-02 5.766139626502990723e-01 -7.463771700859069824e-01 3.323212862014770508e-01 2.736948728561401367e-01
4.817111492156982422e+00 -3.915646791458129883e+00 2.662869930267333984e+00 7.040083408355712891e-03 9.692721366882324219e-01 3.220007522031664848e-03 2.459697872400283813e-01 1.654279679059982300e-01
4.866743564605712891e+00 -3.588882446289062500e+00 2.873925447463989258e+00 7.562181912362575531e-03 -2.534456253051757812e-01 -9.584100842475891113e-01 -1.312074065208435059e-01 2.150887846946716309e-01
5.043551445007324219e+00 -3.632606267929077148e+00 2.834418296813964844e+00 2.643578313291072845e-02 -4.741780161857604980e-01 8.795840144157409668e-01 -3.856354206800460815e-02 1.805283576250076294e-01
4.957949161529541016e+00 -3.473816394805908203e+00 2.827456474304199219e+00 2.643578313291072845e-02 6.149142980575561523e-01 -3.152389526367187500e-01 -7.228448987007141113e-01 2.976313792169094086e-02
4.940539836883544922e+00 -3.466475486755371094e+00 2.754061222076416016e+00 2.643578313291072845e-02 7.860521078109741211e-01 4.834541082382202148e-01 -3.852196931838989258e-01 2.690205276012420654e-01
5.133780956268310547e+00 -3.343609094619750977e+00 2.670122385025024414e+00 1.910765841603279114e-02 -6.805489659309387207e-01 6.090684533119201660e-01 -4.072943627834320068e-01 9.508554637432098389e-02
4.808194637298583984e+00 -3.528529644012451172e+00 2.848470449447631836e+00 1.188930775970220566e-02 2.013508230447769165e-01 -3.875698894262313843e-02 9.787521362304687500e-01 3.892779052257537842e-01
4.886862277984619141e+00 -3.543589115142822266e+00 3.230265378952026367e+00 1.774115301668643951e-02 4.431842267513275146e-01 -8.869984149932861328e-01 -1.296979784965515137e-01 1.498221755027770996e-01
4.971608161926269531e+00 -3.702379703521728516e+00 3.235416650772094727e+00 2.887378633022308350e-02 -1.784911602735519409e-01 -7.409555912017822266e-01 -6.473991870880126953e-01 2.269263267517089844e-01
4.929465770721435547e+00 -3.895790815353393555e+00 3.102905750274658203e+00 9.776007384061813354e-03 -4.606284201145172119e-01 -4.167586266994476318e-01 -7.836668491363525391e-01 2.011523246765136719e-01
5.229562282562255859e+00 -1.251459956169128418e+00 2.098268032073974609e+00 4.545596614480018616e-02 -2.796734683215618134e-02 5.221543312072753906e-01 8.523923158645629883e-01 4.874191582202911377e-01
5.284831523895263672e+00 -1.006250143051147461e+00 2.508352756500244141e+00 3.719595074653625488e-02 -1.510766297578811646e-01 -7.392194867134094238e-01 -6.563005447387695312e-01 9.258051961660385132e-02
5.283010959625244141e+00 -1.100608110427856445e+00 2.451918125152587891e+00 3.188676014542579651e-02 8.121675811707973480e-03 -1.609020382165908813e-01 -9.869369864463806152e-01 4.800523817539215088e-02
5.287496089935302734e+00 -1.122888207435607910e+00 2.411968469619750977e+00 2.503680251538753510e-02 1.164165907539427280e-03 4.548203349113464355e-01 8.905824422836303711e-01 3.475084900856018066e-01
5.268983840942382812e+00 -9.568096399307250977e-01 2.708155870437622070e+00 2.130062878131866455e-02 -2.445277720689773560e-01 6.361777782440185547e-01 7.317677140235900879e-01 4.289522394537925720e-02
5.217619419097900391e+00 -8.690318465232849121e-01 2.714431762695312500e+00 1.828397437930107117e-02 4.072835668921470642e-02 4.064732789993286133e-01 9.127544760704040527e-01 1.888564527034759521e-01
4.932692050933837891e+00 -2.088228940963745117e+00 2.612668275833129883e+00 5.798469297587871552e-03 -7.280463576316833496e-01 -2.940175235271453857e-01 -6.192755103111267090e-01 3.204369843006134033e-01
4.716374397277832031e+00 -2.178984880447387695e+00 2.439893245697021484e+00 5.798469297587871552e-03 -1.405910849571228027e-01 9.892472028732299805e-01 -4.030102118849754333e-02 5.368192791938781738e-01
4.360620021820068359e+00 -7.434470057487487793e-01 3.548245429992675781e+00 8.999898098409175873e-03 7.434740662574768066e-01 3.647781535983085632e-02 -6.677691936492919922e-01 1.019651442766189575e-01
4.439868927001953125e+00 -7.705053091049194336e-01 3.495579004287719727e+00 8.999898098409175873e-03 8.921489715576171875e-01 -1.186844110488891602e-01 -4.358718097209930420e-01 2.645169496536254883e-01
4.536056518554687500e+00 -1.928540110588073730e+00 3.518769502639770508e+00 9.574559517204761505e-03 -5.552690029144287109e-01 2.069520503282546997e-01 -8.055105209350585938e-01 1.522565335035324097e-01
4.455171585083007812e+00 -1.898957848548889160e+00 3.400828123092651367e+00 9.574559517204761505e-03 8.072326183319091797e-01 1.243479326367378235e-01 -5.769861936569213867e-01 3.244770765304565430e-01
5.244683265686035156e+00 -1.488733530044555664e+00 3.052326917648315430e+00 3.551479056477546692e-02 1.419266313314437866e-01 9.898677468299865723e-01 -4.326867870986461639e-03 2.733975648880004883e-01
5.077917575836181641e+00 -1.538922429084777832e+00 2.980187892913818359e+00 1.922566443681716919e-02 -8.038242459297180176e-01 -5.563176274299621582e-01 2.106591165065765381e-01 3.806234002113342285e-01
4.776530265808105469e+00 -1.741508841514587402e+00 3.062818288803100586e+00 1.922566443681716919e-02 -8.183577656745910645e-01 2.727787792682647705e-01 5.058480501174926758e-01 6.095359921455383301e-01
5.149705886840820312e+00 -1.393922686576843262e+00 2.939770460128784180e+00 1.423671934753656387e-02 1.619828306138515472e-02 7.516688108444213867e-01 6.593418121337890625e-01 4.649441242218017578e-01
5.104176998138427734e+00 -1.032544493675231934e+00 3.211869716644287109e+00 1.423671934753656387e-02 -3.014546036720275879e-01 6.570113897323608398e-01 6.909856200218200684e-01 2.349284589290618896e-01
5.010862827301025391e+00 -8.530133962631225586e-01 3.375164747238159180e+00 2.406605146825313568e-02 -1.627373695373535156e-02 -5.271168798208236694e-02 9.984771609306335449e-01 2.792248427867889404e-01
5.151610851287841797e+00 -1.419107317924499512e+00 3.099381685256958008e+00 6.347837299108505249e-02 -6.068849191069602966e-02 9.388916492462158203e-01 3.388206362724304199e-01 1.360552906990051270e-01
5.143353939056396484e+00 -1.291366219520568848e+00 3.145479917526245117e+00 6.347837299108505249e-02 -7.755257487297058105e-01 7.046603411436080933e-02 6.273709535598754883e-01 4.462091624736785889e-01
4.781893253326416016e+00 -1.264622330665588379e+00 3.486083984375000000e+00 4.476612061262130737e-02 -9.375579357147216797e-01 2.716985046863555908e-01 -2.171750813722610474e-01 1.990468353033065796e-01
4.590927600860595703e+00 -1.187584161758422852e+00 3.395417213439941406e+00 4.480604454874992371e-02 -9.966019988059997559e-01 -3.125227615237236023e-02 7.620886713266372681e-02 1.232380419969558716e-01
4.462417602539062500e+00 -1.133435010910034180e+00 3.403116941452026367e+00 2.529412880539894104e-02 -9.658066034317016602e-01 -8.764382451772689819e-02 2.440002709627151489e-01 2.610384523868560791e-01
4.975044727325439453e+00 -1.523126959800720215e+00 3.724263429641723633e+00 1.113250665366649628e-02 6.516193747520446777e-01 5.221813321113586426e-01 5.501989126205444336e-01 5.463388562202453613e-01
5.273016929626464844e+00 -1.269448637962341309e+00 4.059881210327148438e+00 9.999999776482582092e-03 2.705801725387573242e-01 4.475853741168975830e-01 8.523225188255310059e-01 4.237749427556991577e-02
4.735700607299804688e+00 -1.598611354827880859e+00 3.632922172546386719e+00 4.552309960126876831e-02 4.375577569007873535e-01 2.280761897563934326e-01 8.697841763496398926e-01 5.513918995857238770e-01
5.038109779357910156e+00 -1.460042715072631836e+00 4.166439056396484375e+00 5.815081670880317688e-02 -8.007910847663879395e-02 -9.455713629722595215e-01 3.154078423976898193e-01 7.407259941101074219e-02
4.964366436004638672e+00 -1.560689210891723633e+00 4.243635177612304688e+00 4.675235226750373840e-02 6.060189008712768555e-01 5.325997620820999146e-02 7.936652302742004395e-01 2.627943158149719238e-01
5.179776191711425781e+00 -1.533147215843200684e+00 4.489867210388183594e+00 3.667335212230682373e-02 -4.573112130165100098e-01 7.966153621673583984e-01 3.953105211257934570e-01 1.390014290809631348e-01
5.155886650085449219e+00 -1.426326274871826172e+00 4.607470989227294922e+00 9.999999776482582092e-03 7.075912356376647949e-01 5.738775730133056641e-01 -4.122853279113769531e-01 9.028387814760208130e-02
3.969151973724365234e+00 -1.387604951858520508e+00 3.906462430953979492e+00 1.231447607278823853e-02 -9.145814180374145508e-01 2.728792428970336914e-01 2.984590232372283936e-01 5.796374008059501648e-02
3.942527770996093750e+00 -1.383600950241088867e+00 3.963926315307617188e+00 1.231447607278823853e-02 -8.170163035392761230e-01 -3.941569030284881592e-01 4.208618104457855225e-01 2.493609488010406494e-01
4.149031639099121094e+00 -1.666620731353759766e+00 3.575540304183959961e+00 3.322341665625572205e-02 -8.728569149971008301e-01 -4.864997863769531250e-01 -3.793051093816757202e-02 3.136031925678253174e-01
4.089872837066650391e+00 -1.582927346229553223e+00 3.660914421081542969e+00 3.009342774748802185e-02 -8.315371274948120117e-01 4.875923991203308105e-01 2.660819590091705322e-01 2.674056887626647949e-01
3.852623462677001953e+00 -1.477766513824462891e+00 3.722049236297607422e+00 2.220077253878116608e-02 -8.111836314201354980e-01 2.736577689647674561e-01 5.168099403381347656e-01 2.585691809654235840e-01
5.127896785736083984e+00 -2.893878221511840820e+00 3.637147665023803711e+00 1.556752622127532959e-02 2.519412636756896973e-01 3.769893944263458252e-01 -8.912937641143798828e-01 2.856002151966094971e-01
5.201745033264160156e+00 -2.805685281753540039e+00 3.376401424407958984e+00 1.556752622127532959e-02 1.164450123906135559e-01 3.112182319164276123e-01 -9.431774616241455078e-01 1.912061423063278198e-01
4.704867362976074219e+00 -2.728440046310424805e+00 3.872145175933837891e+00 2.750840224325656891e-02 1.875536143779754639e-01 1.531147360801696777e-01 -9.702471494674682617e-01 3.632135093212127686e-01
4.782820224761962891e+00 -2.671661853790283203e+00 3.527271747589111328e+00 2.644807659089565277e-02 6.122126579284667969e-01 -7.782641798257827759e-02 -7.868536710739135742e-01 1.521063745021820068e-01
4.858743190765380859e+00 -2.685998439788818359e+00 3.397113084793090820e+00 2.456660568714141846e-02 4.413576126098632812e-01 3.763933479785919189e-01 -8.145744204521179199e-01 2.521067559719085693e-01
4.971699714660644531e+00 -2.540357589721679688e+00 3.142145156860351562e+00 2.157555148005485535e-02 3.842091262340545654e-01 -6.518693566322326660e-01 -6.537963747978210449e-01 7.106007635593414307e-02
5.010373115539550781e+00 -2.601028442382812500e+00 3.104197025299072266e+00 1.837812177836894989e-02 -3.435532003641128540e-02 -5.298346877098083496e-01 -8.474048376083374023e-01 2.353947311639785767e-01
4.999657154083251953e+00 -2.769184350967407227e+00 2.909605741500854492e+00 1.717722602188587189e-02 -9.098175168037414551e-02 -1.058206930756568909e-01 -9.902142882347106934e-01 9.600137174129486084e-02
4.994559288024902344e+00 -2.802994489669799805e+00 2.821921348571777344e+00 8.099679835140705109e-03 1.386161446571350098e-01 -2.754176557064056396e-01 -9.512784481048583984e-01 1.233103200793266296e-01
4.691172122955322266e+00 -2.795151233673095703e+00 4.887573242187500000e+00 6.836777087301015854e-03 -2.943349182605743408e-01 -7.780895829200744629e-01 5.549266338348388672e-01 2.393542826175689697e-01
4.629221439361572266e+00 -2.979224443435668945e+00 5.026539802551269531e+00 6.836777087301015854e-03 -5.157968997955322266e-01 -2.759880125522613525e-01 8.110389709472656250e-01 1.476520746946334839e-01
4.566433429718017578e+00 -3.037246942520141602e+00 5.143242359161376953e+00 9.057268500328063965e-03 -1.750144362449645996e-01 -3.009764552116394043e-01 9.374343156814575195e-01 2.265790998935699463e-01
4.913403034210205078e+00 -2.975182533264160156e+00 5.512637138366699219e+00 2.264232933521270752e-02 7.333297133445739746e-01 4.182795584201812744e-01 -5.359755158424377441e-01 1.240475699305534363e-01
4.671422004699707031e+00 -2.898309230804443359e+00 6.318733692169189453e+00 1.594672538340091705e-02 -1.732057183980941772e-01 2.649318873882293701e-01 -9.485836029052734375e-01 1.180175542831420898e-01
4.650980949401855469e+00 -2.867042541503906250e+00 6.206784248352050781e+00 1.525852736085653305e-02 3.346664905548095703e-01 -4.637932777404785156e-01 -8.203012347221374512e-01 7.735011726617813110e-02
4.699569225311279297e+00 -2.872641563415527344e+00 6.093458652496337891e+00 1.952282898128032684e-02 1.189056113362312317e-01 -8.718523383140563965e-01 -4.751157462596893311e-01 3.777551651000976562e-01
4.898662090301513672e+00 -2.811231136322021484e+00 6.151201248168945312e+00 4.398273304104804993e-03 4.339621365070343018e-01 -8.991603851318359375e-01 5.645771324634552002e-02 3.294799029827117920e-01
4.927752494812011719e+00 -2.798752069473266602e+00 6.283704280853271484e+00 2.499999944120645523e-03 -9.572775363922119141e-01 5.507678166031837463e-02 -2.838771045207977295e-01 2.634418010711669922e-01
4.600611209869384766e+00 -2.650190830230712891e+00 6.165968894958496094e+00 2.499999944120645523e-03 -7.632208466529846191e-01 -5.402931571006774902e-01 -3.543687760829925537e-01 1.440092325210571289e-01
4.524975299835205078e+00 -2.674568653106689453e+00 6.205143928527832031e+00 4.810611251741647720e-03 -2.213495224714279175e-01 -7.998721003532409668e-01 5.578610897064208984e-01 3.532097935676574707e-01
5.007491111755371094e+00 -2.787907600402832031e+00 6.337235450744628906e+00 3.078791312873363495e-03 9.208441972732543945e-01 -6.226039677858352661e-02 -3.849280774593353271e-01 4.646662995219230652e-02
4.971949577331542969e+00 -2.762536764144897461e+00 6.302534103393554688e+00 3.078791312873363495e-03 3.871191143989562988e-01 7.931641936302185059e-01 -4.701375961303710938e-01 1.470339894294738770e-01
4.999659538269042969e+00 -2.676801204681396484e+00 6.222353458404541016e+00 4.557421430945396423e-03 2.606298625469207764e-01 9.729298204183578491e-02 -9.605239033699035645e-01 3.116249144077301025e-01
5.195128917694091797e+00 -2.593097209930419922e+00 7.314563274383544922e+00 4.760676622390747070e-02 -5.106160640716552734e-01 8.484496474266052246e-01 1.393000036478042603e-01 1.333653181791305542e-01
5.127030372619628906e+00 -2.479943513870239258e+00 7.333140850067138672e+00 4.760676622390747070e-02 2.088167816400527954e-01 9.703062176704406738e-01 1.220713108777999878e-01 1.091075465083122253e-01
5.057321548461914062e+00 -2.370597362518310547e+00 7.488384246826171875e+00 5.338807031512260437e-02 6.163762807846069336e-01 6.869972348213195801e-01 3.848571777343750000e-01 1.146575137972831726e-01
5.107358455657958984e+00 -2.249078989028930664e+00 7.516534328460693359e+00 4.040275514125823975e-02 -3.014536499977111816e-01 2.026894390583038330e-01 9.316880702972412109e-01 2.214280962944030762e-01
5.060049057006835938e+00 -2.182854413986206055e+00 7.752070903778076172e+00 3.082933276891708374e-02 -7.322642803192138672e-01 -2.171465009450912476e-01 6.454737782478332520e-01 1.408261805772781372e-01
5.116073608398437500e+00 -2.757837772369384766e+00 7.731806755065917969e+00 1.684159971773624420e-02 -2.728260755538940430e-01 -5.939174890518188477e-01 7.568539977073669434e-01 3.516573309898376465e-01
4.950016498565673828e+00 -3.189097404479980469e+00 7.710840225219726562e+00 4.161378834396600723e-03 -7.307254523038864136e-02 -7.712254524230957031e-01 -6.323540806770324707e-01 2.133241593837738037e-01
4.663349628448486328e+00 -3.269184350967407227e+00 7.643027782440185547e+00 4.161378834396600723e-03 2.100013196468353271e-01 9.252429008483886719e-01 -3.159509599208831787e-01 4.995369911193847656e-01
4.612781524658203125e+00 -3.520092725753784180e+00 8.233990669250488281e+00 3.930685296654701233e-02 -6.418866515159606934e-01 7.519631981849670410e-01 1.501096785068511963e-01 1.208030581474304199e-01
4.535239696502685547e+00 -3.429253339767456055e+00 8.252124786376953125e+00 3.284509852528572083e-02 7.167046070098876953e-01 5.242827162146568298e-02 6.954033374786376953e-01 1.074764728546142578e-01
4.661941528320312500e+00 -3.407436370849609375e+00 8.396473884582519531e+00 2.928632125258445740e-02 7.737197279930114746e-01 2.044197618961334229e-01 -5.996417999267578125e-01 1.122074723243713379e-01
4.755474567413330078e+00 -3.352282285690307617e+00 8.329566955566406250e+00 9.999999776482582092e-03 4.016622602939605713e-01 -7.303007692098617554e-02 -9.128713011741638184e-01 1.320376843214035034e-01
4.305116653442382812e+00 -2.853415489196777344e+00 9.900318980216979980e-01 2.499999944120645523e-03 -1.243395432829856873e-01 -9.455647468566894531e-01 3.007441163063049316e-01 4.839775860309600830e-01
4.227258205413818359e+00 -3.094232320785522461e+00 1.059809684753417969e+00 2.499999944120645523e-03 8.890874385833740234e-01 2.139321267604827881e-01 4.046684503555297852e-01 3.148596286773681641e-01
4.698586463928222656e+00 -4.028424739837646484e+00 1.194685339927673340e+00 4.011100623756647110e-03 5.475009083747863770e-01 1.919708997011184692e-01 8.144875168800354004e-01 1.439474672079086304e-01
4.777244567871093750e+00 -4.001233100891113281e+00 1.302597999572753906e+00 4.011100623756647110e-03 4.681484997272491455e-01 8.822624683380126953e-01 -4.949687048792839050e-02 9.080769121646881104e-02
4.873059749603271484e+00 -3.919984340667724609e+00 1.251123785972595215e+00 2.499999944120645523e-03 1.161041706800460815e-01 9.810073375701904297e-01 1.553846001625061035e-01 2.980538606643676758e-01
4.768119812011718750e+00 -3.791949748992919922e+00 2.529581308364868164e+00 2.499999944120645523e-03 -5.158685445785522461e-01 -6.436686515808105469e-01 -5.653054714202880859e-01 3.021579384803771973e-01
5.153588771820068359e+00 -1.312045335769653320e+00 3.204616308212280273e+00 8.614921942353248596e-03 1.904324889183044434e-01 3.982850611209869385e-01 8.972761631011962891e-01 3.194682598114013672e-01
5.271532058715820312e+00 -1.204315900802612305e+00 3.481465101242065430e+00 1.714193634688854218e-02 3.512864559888839722e-02 5.288737416267395020e-01 -8.479732275009155273e-01 3.221682012081146240e-01
5.290475368499755859e+00 -1.029869675636291504e+00 3.281320810317993164e+00 1.858399622142314911e-02 -8.656946010887622833e-03 9.984712600708007812e-01 -5.459145456552505493e-02 1.867574453353881836e-01
4.707233428955078125e+00 -1.210090279579162598e+00 3.499240636825561523e+00 1.350089348852634430e-02 1.514535397291183472e-01 6.864989995956420898e-01 7.111827731132507324e-01 1.234140098094940186e-01
4.746117115020751953e+00 -1.160406589508056641e+00 3.572275400161743164e+00 1.350089348852634430e-02 -1.750162243843078613e-02 -3.961374163627624512e-01 9.180244207382202148e-01 1.617296338081359863e-01
4.724902153015136719e+00 -1.109874606132507324e+00 3.763063907623291016e+00 9.161320514976978302e-03 6.222963929176330566e-01 -1.813526004552841187e-01 7.614843249320983887e-01 3.318390846252441406e-01
5.156010150909423828e+00 -1.528933167457580566e+00 4.530996799468994141e+00 5.925116129219532013e-03 7.165665924549102783e-02 3.535713553428649902e-01 9.326589107513427734e-01 2.425675094127655029e-01
5.191365242004394531e+00 -1.471478819847106934e+00 4.766799449920654297e+00 5.925116129219532013e-03 7.847001403570175171e-02 3.635890781879425049e-01 9.282485842704772949e-01 3.315222859382629395e-01
5.285004615783691406e+00 -1.349852085113525391e+00 5.074201583862304688e+00 9.216846898198127747e-03 -2.991356654092669487e-03 4.574997425079345703e-01 8.892047405242919922e-01 2.000676840543746948e-01
5.104095458984375000e+00 -2.325614452362060547e+00 7.462902545928955078e+00 3.898438438773155212e-02 7.313153743743896484e-01 6.034916043281555176e-01 -3.177668154239654541e-01 1.760999709367752075e-01
5.233828544616699219e+00 -2.154777288436889648e+00 7.373825550079345703e+00 5.071866512298583984e-02 -2.933530807495117188e-01 4.397468566894531250e-01 8.488619923591613770e-01 8.069565892219543457e-02
5.244160652160644531e+00 -2.162190914154052734e+00 7.470715045928955078e+00 3.805798292160034180e-02 -9.537044912576675415e-02 4.956836104393005371e-01 8.632509708404541016e-01 2.017565518617630005e-01
5.254688262939453125e+00 -2.052167177200317383e+00 7.653347015380859375e+00 5.071866512298583984e-02 -3.959580957889556885e-01 5.650308728218078613e-01 7.238489389419555664e-01 1.983232349157333374e-01
4.873497009277343750e+00 -1.143720149993896484e+00 3.939916849136352539e+00 3.108305158093571663e-03 -6.094944104552268982e-02 8.549357056617736816e-01 -5.151408314704895020e-01 1.947328299283981323e-01
4.867473602294921875e+00 -9.859422445297241211e-01 3.801887989044189453e+00 3.108305158093571663e-03 -5.699873566627502441e-01 7.768304944038391113e-01 -2.676728665828704834e-01 9.982889890670776367e-02
-4.083568572998046875e+00 5.024674415588378906e+00 -1.071716994047164917e-01 4.820920899510383606e-02 -3.437286019325256348e-01 -1.697331964969635010e-01 9.236023426055908203e-01 3.217400610446929932e-01
-4.217014312744140625e+00 4.938963413238525391e+00 2.156778723001480103e-01 4.176487773656845093e-02 4.242709651589393616e-02 6.175553798675537109e-01 7.853822708129882812e-01 5.933228880167007446e-02
-4.157674312591552734e+00 5.000377178192138672e+00 2.687200307846069336e-01 4.582014679908752441e-02 -3.647752106189727783e-01 8.993785381317138672e-01 -2.409507185220718384e-01 1.555950492620468140e-01
-4.180042266845703125e+00 5.160335540771484375e+00 2.070713937282562256e-01 3.883411362767219543e-02 -6.716355085372924805e-01 5.340080857276916504e-01 -5.135573148727416992e-01 1.565895229578018188e-01
-4.206194400787353516e+00 4.910741806030273438e+00 2.642151713371276855e-01 2.552066370844841003e-02 6.749220937490463257e-02 -8.543654680252075195e-01 5.152711868286132812e-01 1.228632852435112000e-01
-4.197901725769042969e+00 4.805771827697753906e+00 3.275230824947357178e-01 2.552066370844841003e-02 -3.420952558517456055e-01 4.346916973590850830e-01 -8.330749869346618652e-01 1.415101140737533569e-01
-4.293035984039306641e+00 4.820959568023681641e+00 2.275738418102264404e-01 3.389858826994895935e-02 -4.453721046447753906e-01 6.763805150985717773e-01 5.866456031799316406e-01 2.557800114154815674e-01
-4.254486560821533203e+00 4.909205913543701172e+00 6.639499664306640625e-01 3.212401643395423889e-02 -7.811787128448486328e-01 3.473067283630371094e-01 5.187849402427673340e-01 4.915305972099304199e-01
-4.563768386840820312e+00 5.008396148681640625e+00 9.226521253585815430e-01 3.306576609611511230e-02 -4.277712404727935791e-01 -4.048861265182495117e-01 8.081330060958862305e-01 1.777042299509048462e-01
-4.609728336334228516e+00 4.931472301483154297e+00 1.064018845558166504e+00 3.040205687284469604e-02 -4.721665754914283752e-02 -6.334282159805297852e-01 7.723595499992370605e-01 2.095950543880462646e-01
-4.608834743499755859e+00 4.792357444763183594e+00 1.220784902572631836e+00 2.045129239559173584e-02 -8.954157680273056030e-02 -7.126345038414001465e-01 6.957976818084716797e-01 8.511510491371154785e-02
-4.648307800292968750e+00 4.731079578399658203e+00 1.291038155555725098e+00 2.744899503886699677e-02 3.117535412311553955e-01 -3.582175672054290771e-01 8.800510764122009277e-01 3.483787775039672852e-01
-4.572887897491455078e+00 4.603860378265380859e+00 1.616146683692932129e+00 2.578729763627052307e-02 4.506493806838989258e-01 -4.950059056282043457e-01 7.428891658782958984e-01 1.588562577962875366e-01
-4.517246246337890625e+00 4.517867565155029297e+00 1.738994240760803223e+00 1.406135782599449158e-02 4.650538563728332520e-01 -5.543346405029296875e-01 6.902448534965515137e-01 8.025315999984741211e-01
-4.160796642303466797e+00 5.128443241119384766e+00 2.464542537927627563e-01 3.486557304859161377e-02 6.013377904891967773e-01 5.538249611854553223e-01 5.759086608886718750e-01 2.525171637535095215e-01
-3.998389959335327148e+00 5.263410091400146484e+00 4.087603688240051270e-01 3.776556998491287231e-02 6.991336345672607422e-01 6.725148558616638184e-01 -2.427672445774078369e-01 9.033887088298797607e-02
-3.953134298324584961e+00 5.329397678375244141e+00 4.535098373889923096e-01 3.602763637900352478e-02 3.905183374881744385e-01 9.200161695480346680e-01 3.264404088258743286e-02 1.550741642713546753e-01
-3.896697044372558594e+00 5.471615791320800781e+00 4.564998745918273926e-01 3.299503773450851440e-02 -7.561048120260238647e-02 9.948896169662475586e-01 -6.691601872444152832e-02 1.239493191242218018e-01
-3.924935340881347656e+00 5.601407527923583984e+00 4.760074019432067871e-01 1.915734075009822845e-02 1.202769502997398376e-01 9.817854762077331543e-01 -1.470740288496017456e-01 8.836577087640762329e-02
-3.939945936203002930e+00 5.701277732849121094e+00 4.650816917419433594e-01 1.936535164713859558e-02 4.417089223861694336e-01 8.859258890151977539e-01 -1.415223032236099243e-01 9.710652381181716919e-02
-4.385677337646484375e+00 4.946080207824707031e+00 3.806801736354827881e-01 3.220365941524505615e-02 2.187722176313400269e-01 -7.742173075675964355e-01 5.939075946807861328e-01 9.593878686428070068e-02
-4.361001014709472656e+00 4.822724819183349609e+00 3.385966420173645020e-01 3.220365941524505615e-02 -9.407727122306823730e-01 2.885646522045135498e-01 -1.779806613922119141e-01 8.239683508872985840e-02
-4.474806308746337891e+00 4.856918334960937500e+00 2.840240001678466797e-01 1.195844449102878571e-02 -7.355527877807617188e-01 3.041025437414646149e-02 6.767845153808593750e-01 2.768901288509368896e-01
-4.640882968902587891e+00 4.839521408081054688e+00 4.733624756336212158e-01 6.235855165868997574e-03 -1.121383346617221832e-02 5.881662666797637939e-02 9.982058405876159668e-01 9.065616875886917114e-02
-4.477293968200683594e+00 5.022418022155761719e+00 8.498033881187438965e-01 2.385708875954151154e-02 5.922333002090454102e-01 1.772679537534713745e-01 7.860252857208251953e-01 1.082095876336097717e-01
-4.413208961486816406e+00 5.041599750518798828e+00 9.348588585853576660e-01 2.385708875954151154e-02 1.794664002954959869e-02 9.803180098533630371e-01 -1.966073811054229736e-01 4.884014278650283813e-02
-4.429199695587158203e+00 5.097143650054931641e+00 9.324544668197631836e-01 2.774228528141975403e-02 3.943673670291900635e-01 9.174339771270751953e-01 -5.281386524438858032e-02 1.801058650016784668e-01
-4.363544940948486328e+00 5.246299743652343750e+00 9.519131183624267578e-01 2.656778320670127869e-02 5.049489140510559082e-01 7.115573287010192871e-01 4.885824322700500488e-01 4.868289232254028320e-01
-4.114217758178710938e+00 5.577867984771728516e+00 1.193218708038330078e+00 2.543639205396175385e-02 7.155420184135437012e-01 3.140073120594024658e-01 6.240184307098388672e-01 1.249038353562355042e-01
-4.026259422302246094e+00 5.636343002319335938e+00 1.295352220535278320e+00 2.385708875954151154e-02 9.988920688629150391e-01 3.714602440595626831e-02 2.889331988990306854e-02 2.615464106202125549e-02
-4.418863296508789062e+00 5.009918212890625000e+00 3.501899540424346924e-01 2.355387620627880096e-02 -8.482736349105834961e-01 4.785571396350860596e-01 2.267486155033111572e-01 1.070800274610519409e-01
-4.506893634796142578e+00 5.070803165435791016e+00 3.756700158119201660e-01 2.366684935986995697e-02 -9.607776999473571777e-01 2.738661170005798340e-01 4.362966120243072510e-02 1.426633745431900024e-01
-4.623465061187744141e+00 4.722273826599121094e+00 1.282617092132568359e+00 2.607654407620429993e-02 4.982104897499084473e-01 8.540167808532714844e-01 1.498052775859832764e-01 1.519272327423095703e-01
-4.515579700469970703e+00 4.851384639739990234e+00 1.289838314056396484e+00 2.448454871773719788e-02 3.570524156093597412e-01 6.009207963943481445e-01 7.151278257369995117e-01 7.721901535987854004e-01
-4.216300964355468750e+00 5.240404129028320312e+00 1.770052194595336914e+00 2.108715474605560303e-02 7.478654384613037109e-01 -3.221917748451232910e-01 5.804220438003540039e-01 1.829510331153869629e-01
-4.062196254730224609e+00 5.217429161071777344e+00 1.883371472358703613e+00 1.651638187468051910e-02 5.237637162208557129e-01 -4.006662666797637939e-01 7.517566680908203125e-01 5.694380402565002441e-01
-3.725949525833129883e+00 5.017690658569335938e+00 2.253171682357788086e+00 1.910112984478473663e-02 8.160741925239562988e-01 8.210190385580062866e-02 5.720858573913574219e-01 1.148003935813903809e-01
-3.684273242950439453e+00 5.017608642578125000e+00 2.352611303329467773e+00 1.410337258130311966e-02 5.222665667533874512e-01 1.339235305786132812e-01 8.422007560729980469e-01 7.360356301069259644e-02
-3.645329713821411133e+00 5.027649879455566406e+00 2.414433956146240234e+00 6.075810641050338745e-03 2.973671853542327881e-01 4.965528473258018494e-02 9.534710645675659180e-01 1.587872505187988281e-01
-4.132377147674560547e+00 4.080694675445556641e+00 2.291271686553955078e+00 3.935555368661880493e-02 1.076360046863555908e-01 -8.013347983360290527e-01 -5.884530544281005859e-01 1.534307450056076050e-01
-4.119705677032470703e+00 3.952466249465942383e+00 2.207153081893920898e+00 3.935555368661880493e-02 5.027875304222106934e-01 -7.860966324806213379e-01 -3.595229685306549072e-01 1.449462175369262695e-01
-4.028552055358886719e+00 3.832089185714721680e+00 2.124747514724731445e+00 3.935555368661880493e-02 -7.751812934875488281e-01 -5.212397575378417969e-01 -3.569356501102447510e-01 3.425925076007843018e-01
-4.297787189483642578e+00 3.661002635955810547e+00 1.997939109802246094e+00 3.935555368661880493e-02 -6.244587898254394531e-01 -6.045327782630920410e-01 -4.945617020130157471e-01 2.631408348679542542e-02
-4.307679176330566406e+00 3.644901037216186523e+00 2.013819456100463867e+00 3.935555368661880493e-02 -8.641032576560974121e-01 -4.650655090808868408e-01 1.924567818641662598e-01 9.353050589561462402e-02
-3.924296379089355469e+00 5.314903736114501953e+00 4.695936143398284912e-01 1.257859263569116592e-02 7.404367923736572266e-01 -5.114618539810180664e-01 4.360735416412353516e-01 1.904880106449127197e-01
-3.799431324005126953e+00 5.217281341552734375e+00 5.594261884689331055e-01 1.257859263569116592e-02 -1.511966586112976074e-01 -9.092953205108642578e-01 -3.877132534980773926e-01 1.459392309188842773e-01
-3.926949977874755859e+00 5.521272659301757812e+00 4.585732221603393555e-01 1.541530154645442963e-02 -8.759295940399169922e-01 4.441887140274047852e-01 -1.882650554180145264e-01 5.969867855310440063e-02
-4.012278556823730469e+00 5.569238185882568359e+00 4.105902910232543945e-01 9.999999776482582092e-03 7.889672517776489258e-01 3.493538796901702881e-01 -5.054527521133422852e-01 5.739828199148178101e-02
-3.182484626770019531e+00 1.094431042671203613e+00 7.941773533821105957e-02 1.402487754821777344e-01 -4.338764548301696777e-01 8.385111689567565918e-01 3.296213448047637939e-01 3.002942502498626709e-01
-3.529927968978881836e+00 1.469543457031250000e+00 1.152938157320022583e-01 1.770320832729339600e-01 -4.047282934188842773e-01 -2.647961676120758057e-01 8.752588033676147461e-01 5.960330367088317871e-01
-3.909636974334716797e+00 1.330886840820312500e+00 9.319881796836853027e-01 1.577234864234924316e-01 9.052559137344360352e-01 5.408000946044921875e-02 4.214107692241668701e-01 2.457811683416366577e-01
-3.961708068847656250e+00 1.367067337036132812e+00 1.093063116073608398e+00 1.025117710232734680e-01 1.458976417779922485e-01 9.345043301582336426e-01 3.246776759624481201e-01 2.827127277851104736e-01
-3.837295532226562500e+00 1.527105331420898438e+00 1.303701877593994141e+00 8.536359667778015137e-02 -4.431741833686828613e-01 4.972350597381591797e-01 7.458913922309875488e-01 5.084146857261657715e-01
-3.999319791793823242e+00 1.809722304344177246e+00 1.731089949607849121e+00 4.963069781661033630e-02 -6.621824502944946289e-01 2.883603870868682861e-01 6.916376948356628418e-01 2.265996783971786499e-01
-3.632046937942504883e+00 1.498614192008972168e+00 5.255510807037353516e-01 9.004347026348114014e-02 -1.681968420743942261e-01 8.295027613639831543e-01 5.325739383697509766e-01 5.555997490882873535e-01
-3.732577323913574219e+00 2.007361650466918945e+00 7.067037224769592285e-01 8.783470094203948975e-02 -6.783742904663085938e-01 6.622496843338012695e-01 3.181724846363067627e-01 7.076708674430847168e-01
-4.241200447082519531e+00 2.474650144577026367e+00 8.594110012054443359e-01 8.570783585309982300e-02 -8.543730378150939941e-01 4.021151363849639893e-01 3.291657567024230957e-01 1.195925995707511902e-01
-4.355692386627197266e+00 2.486874341964721680e+00 1.049139261245727539e+00 9.056539088487625122e-02 -4.760167598724365234e-01 8.634406328201293945e-01 1.669679284095764160e-01 3.091101944446563721e-01
-3.334119319915771484e+00 1.597401857376098633e+00 5.811936780810356140e-02 6.822562962770462036e-02 2.979639768600463867e-01 6.188589334487915039e-01 7.267950773239135742e-01 8.037422895431518555e-01
-3.509512424468994141e+00 1.274923563003540039e+00 1.008556604385375977e+00 1.498373150825500488e-01 -5.035886541008949280e-02 -9.670464992523193359e-01 2.495698183774948120e-01 5.171281099319458008e-01
-3.701698541641235352e+00 6.014797091484069824e-01 9.533980488777160645e-01 1.472995430231094360e-01 -3.240370452404022217e-01 -5.254423618316650391e-01 7.867085337638854980e-01 8.685582876205444336e-01
-3.944470167160034180e+00 1.924854069948196411e-01 1.627099752426147461e+00 1.423950493335723877e-01 5.018273591995239258e-01 -2.412873506546020508e-01 8.306320905685424805e-01 6.821701526641845703e-01
-3.678761720657348633e+00 -1.049174144864082336e-01 2.137212753295898438e+00 1.360808312892913818e-01 -1.884728223085403442e-01 -2.905113697052001953e-01 9.381263852119445801e-01 8.508044481277465820e-01
-3.789251327514648438e+00 -4.433458745479583740e-01 2.868023872375488281e+00 1.283542513847351074e-01 3.708512783050537109e-01 -4.117202758789062500e-01 8.324396014213562012e-01 3.565910160541534424e-01
-3.759878396987915039e+00 -5.870876908302307129e-01 3.222952127456665039e+00 1.179125159978866577e-01 4.886456131935119629e-01 1.658239960670471191e-01 8.565791845321655273e-01 5.611353516578674316e-01
-3.482562780380249023e+00 -4.958806335926055908e-01 3.678813457489013672e+00 9.087444096803665161e-02 7.703120261430740356e-02 -9.935240149497985840e-01 8.352355659008026123e-02 2.870980203151702881e-01
-3.461179971694946289e+00 -6.983069181442260742e-01 3.728986501693725586e+00 9.287454187870025635e-02 2.533453106880187988e-01 -2.896986007690429688e-01 9.229793548583984375e-01 3.109609782695770264e-01
-3.375881195068359375e+00 -6.412839889526367188e-01 4.089862823486328125e+00 8.326701074838638306e-02 -1.631060242652893066e-01 -4.369388520717620850e-01 8.845794796943664551e-01 3.500174582004547119e-01
-3.512227296829223633e+00 -8.730935454368591309e-01 4.321656703948974609e+00 6.346927583217620850e-02 -4.776612222194671631e-01 -3.252777457237243652e-01 8.161091208457946777e-01 2.575706243515014648e-01
-3.634648084640502930e+00 -1.048587918281555176e+00 4.486349582672119141e+00 4.626695439219474792e-02 -1.577779352664947510e-01 -4.398043751716613770e-01 8.841257095336914062e-01 2.047843188047409058e-01
-3.646038293838500977e+00 -1.129957914352416992e+00 4.674926280975341797e+00 3.644868731498718262e-02 -1.595380008220672607e-01 -3.977383077144622803e-01 9.035218954086303711e-01 1.794016808271408081e-01
-3.685719966888427734e+00 -1.208401083946228027e+00 4.833058357238769531e+00 3.345245867967605591e-02 -1.357904374599456787e-01 -3.133356571197509766e-01 9.398838877677917480e-01 3.128461241722106934e-01
-3.730924129486083984e+00 -1.298482418060302734e+00 5.128172874450683594e+00 2.465835399925708771e-02 -4.671666026115417480e-02 -1.496659964323043823e-01 9.876323342323303223e-01 2.255981564521789551e-01
-3.993506431579589844e+00 1.615553259849548340e+00 1.255086421966552734e+00 1.739038899540901184e-02 -9.647909402847290039e-01 -2.413953393697738647e-01 1.044352054595947266e-01 4.666041135787963867e-01
-4.470949172973632812e+00 1.565619468688964844e+00 1.310527920722961426e+00 2.136790007352828979e-02 -5.949195027351379395e-01 -3.368286788463592529e-01 7.298063039779663086e-01 2.856822609901428223e-01
-4.649771690368652344e+00 1.386045098304748535e+00 1.526636362075805664e+00 2.726507931947708130e-02 -2.937383763492107391e-02 9.405203163623809814e-02 9.951338768005371094e-01 3.009372055530548096e-01
-3.815382242202758789e+00 1.703025937080383301e+00 1.260913491249084473e+00 3.230507299304008484e-02 3.535160124301910400e-01 4.348470568656921387e-01 8.282116055488586426e-01 4.393216371536254883e-01
-3.655964374542236328e+00 1.943807840347290039e+00 1.611217498779296875e+00 2.614888735115528107e-02 4.193586111068725586e-01 2.061238288879394531e-01 8.841104507446289062e-01 1.751144379377365112e-01
-4.084676265716552734e+00 1.841822862625122070e+00 1.886720180511474609e+00 1.234859041869640350e-02 2.410696744918823242e-01 -1.966560781002044678e-01 9.503745436668395996e-01 9.947296231985092163e-02
-4.068455219268798828e+00 1.849372744560241699e+00 1.963740468025207520e+00 1.234859041869640350e-02 1.378436982631683350e-01 5.650167465209960938e-01 8.134833574295043945e-01 4.281122088432312012e-01
-3.512814044952392578e+00 1.092887163162231445e+00 9.008503556251525879e-01 9.572672098875045776e-02 1.516585145145654678e-02 -4.771253466606140137e-01 -8.787043690681457520e-01 2.287542372941970825e-01
-3.509344816207885742e+00 9.837427139282226562e-01 6.998429894447326660e-01 9.572672098875045776e-02 -6.318013668060302734e-01 7.732298374176025391e-01 -5.424562096595764160e-02 3.969701826572418213e-01
-3.566074371337890625e+00 1.533743143081665039e-01 2.051755189895629883e+00 1.352752894163131714e-01 2.577274143695831299e-01 6.707495450973510742e-01 -6.954650282859802246e-01 1.421660423278808594e+00
-3.211616754531860352e+00 1.108800053596496582e+00 1.074864983558654785e+00 1.352752894163131714e-01 -5.682453513145446777e-01 5.016049742698669434e-01 -6.522956490516662598e-01 3.985720872879028320e-02
-3.418768882751464844e+00 1.199364781379699707e+00 9.865657687187194824e-01 1.119913607835769653e-01 4.416822195053100586e-01 4.930268526077270508e-01 -7.495607733726501465e-01 1.149738281965255737e-01
-3.419979095458984375e+00 1.324649691581726074e+00 8.805661201477050781e-01 1.013560220599174500e-01 5.773823261260986328e-01 2.096108347177505493e-01 -7.891089320182800293e-01 3.588065207004547119e-01
-3.822482109069824219e+00 2.311043739318847656e-01 1.564618825912475586e+00 8.390984684228897095e-02 9.368521571159362793e-01 2.312587052583694458e-01 -2.623498737812042236e-01 6.312948465347290039e-01
-3.219139814376831055e+00 2.977174520492553711e-01 1.327967405319213867e+00 8.668517321348190308e-02 9.083550572395324707e-01 -1.948165446519851685e-01 3.700508475303649902e-01 1.686126142740249634e-01
-3.072458982467651367e+00 2.724012732505798340e-01 1.388228178024291992e+00 9.802785515785217285e-02 5.482499003410339355e-01 6.280835270881652832e-01 5.522074699401855469e-01 1.629735827445983887e-01
-2.858997344970703125e+00 5.360175371170043945e-01 1.477888464927673340e+00 9.766013920307159424e-02 6.115850061178207397e-02 -4.499999806284904480e-02 9.971131682395935059e-01 3.042002618312835693e-01
-2.721966266632080078e+00 4.234647452831268311e-01 1.713158488273620605e+00 7.465014606714248657e-02 -4.706359654664993286e-02 -6.040108203887939453e-01 7.955852746963500977e-01 4.754280745983123779e-01
-2.766021966934204102e+00 6.654566526412963867e-02 2.095607757568359375e+00 4.058979824185371399e-02 -6.072646975517272949e-01 1.416064947843551636e-01 -7.817782163619995117e-01 1.578312516212463379e-01
-3.552163362503051758e+00 9.342702031135559082e-01 1.249390363693237305e+00 7.529325038194656372e-02 1.451459676027297974e-01 -1.800174266099929810e-01 9.728958606719970703e-01 8.032270073890686035e-01
-3.359495162963867188e+00 8.944924473762512207e-01 2.040525197982788086e+00 9.950591623783111572e-02 -1.911885887384414673e-01 4.825132712721824646e-02 9.803666472434997559e-01 4.781026542186737061e-01
-3.532818794250488281e+00 1.015598773956298828e+00 2.493705272674560547e+00 8.768238872289657593e-02 1.598033308982849121e-01 2.833740115165710449e-01 9.456014037132263184e-01 6.654480099678039551e-01
-3.430378913879394531e+00 1.099862933158874512e+00 3.125398397445678711e+00 5.528491735458374023e-02 -6.719172596931457520e-01 4.245720431208610535e-02 7.394082546234130859e-01 1.529902815818786621e-01
-3.503147602081298828e+00 1.175625443458557129e+00 3.231859445571899414e+00 5.359391123056411743e-02 -3.204624652862548828e-01 2.273561954498291016e-01 9.195721745491027832e-01 3.943882286548614502e-01
-3.588656187057495117e+00 1.247170329093933105e+00 3.609908103942871094e+00 5.359391123056411743e-02 -3.043685257434844971e-01 1.158643439412117004e-01 9.454814791679382324e-01 4.225303828716278076e-01
-3.759690046310424805e+00 1.921940594911575317e-02 1.936761856079101562e+00 4.393976554274559021e-02 -5.286757349967956543e-01 5.406714081764221191e-01 -6.543518304824829102e-01 1.126896142959594727e+00
-4.355453014373779297e+00 6.284999847412109375e-01 1.199375271797180176e+00 4.393976554274559021e-02 -1.769926398992538452e-01 7.938818931579589844e-01 -5.817431807518005371e-01 3.399821817874908447e-01
-3.800470829010009766e+00 1.848265081644058228e-01 1.568220973014831543e+00 4.626523330807685852e-02 7.043611407279968262e-01 -4.192035198211669922e-01 5.728383660316467285e-01 7.669796347618103027e-01
-3.274918794631958008e+00 -1.448081731796264648e-01 1.984457850456237793e+00 4.559004679322242737e-02 -4.091045260429382324e-02 -9.343790411949157715e-01 3.539239168167114258e-01 3.035441637039184570e-01
-3.304352045059204102e+00 -4.320837855339050293e-01 2.082920074462890625e+00 6.883024424314498901e-02 -1.887785643339157104e-01 -7.310839295387268066e-01 6.556515693664550781e-01 1.720085144042968750e-01
-3.379255771636962891e+00 -6.798574328422546387e-01 2.160097360610961914e+00 6.624113023281097412e-02 1.072295457124710083e-01 -3.126476109027862549e-01 9.437972903251647949e-01 1.900725364685058594e-01
-3.384121894836425781e+00 -7.372069954872131348e-01 2.338253021240234375e+00 4.393741488456726074e-02 -5.960696190595626831e-02 -1.370996236801147461e-01 9.887621998786926270e-01 3.764973282814025879e-01
-3.477935314178466797e+00 -8.556979298591613770e-01 2.718511581420898438e+00 6.792545318603515625e-02 8.750632405281066895e-02 2.562061510980129242e-02 9.958344101905822754e-01 1.651493906974792480e-01
-3.410126209259033203e+00 -8.761423230171203613e-01 2.890496015548706055e+00 6.134675815701484680e-02 5.756526440382003784e-02 4.029575884342193604e-01 9.134064912796020508e-01 3.255054950714111328e-01
-3.381129980087280273e+00 -4.451069235801696777e-01 3.236714124679565430e+00 6.487408280372619629e-02 8.973907232284545898e-01 -1.007500290870666504e-01 4.295804202556610107e-01 6.117275357246398926e-01
-2.880317926406860352e+00 -4.427178204059600830e-01 3.439959526062011719e+00 6.502130627632141113e-02 -4.830524623394012451e-01 3.733170032501220703e-01 7.920193672180175781e-01 2.168242633342742920e-01
-2.916050672531127930e+00 -4.278259277343750000e-01 3.659649133682250977e+00 6.015627458691596985e-02 -7.542161941528320312e-01 -4.236850142478942871e-01 5.016462206840515137e-01 3.012764155864715576e-01
-3.126193523406982422e+00 -4.747270941734313965e-01 3.862643241882324219e+00 5.185072496533393860e-02 8.973283767700195312e-01 -3.567593395709991455e-01 2.598547935485839844e-01 2.615221738815307617e-01
-2.879696846008300781e+00 -6.345635056495666504e-01 3.900417089462280273e+00 4.143228009343147278e-02 8.431211113929748535e-01 -9.060142189264297485e-02 5.300359725952148438e-01 3.488413393497467041e-01
-3.985877990722656250e+00 2.612599730491638184e-01 1.297078609466552734e+00 7.745803892612457275e-02 -8.065945506095886230e-01 -5.584140419960021973e-01 -1.938531100749969482e-01 6.135455965995788574e-01
-4.480760574340820312e+00 -8.135250955820083618e-02 1.178140878677368164e+00 7.745803892612457275e-02 -1.909955441951751709e-01 -9.815618991851806641e-01 -7.544345222413539886e-03 2.224293202161788940e-01
-4.508001327514648438e+00 -3.046934306621551514e-01 1.190796256065368652e+00 9.390311688184738159e-02 -2.749070525169372559e-01 -9.604832530021667480e-01 -4.356629028916358948e-02 1.895775198936462402e-01
-4.538722515106201172e+00 -4.866723716259002686e-01 1.179751873016357422e+00 8.386369794607162476e-02 2.907238900661468506e-02 -9.822059273719787598e-01 1.855433583259582520e-01 2.108669728040695190e-01
-4.609291076660156250e+00 -7.461460828781127930e-01 1.178210735321044922e+00 8.554214239120483398e-02 3.312858641147613525e-01 -8.315570354461669922e-01 4.458279311656951904e-01 3.504233062267303467e-01
-4.526177406311035156e+00 -1.059548735618591309e+00 1.355493903160095215e+00 8.255106955766677856e-02 6.749629378318786621e-01 -4.578458368778228760e-01 5.786209702491760254e-01 4.679549634456634521e-01
-4.194310665130615234e+00 -1.192064642906188965e+00 1.723354220390319824e+00 4.599706083536148071e-02 2.625040411949157715e-01 -7.590812444686889648e-01 5.957241654396057129e-01 7.203612327575683594e-01
-3.447331190109252930e+00 -8.929824829101562500e-01 4.322227001190185547e+00 2.533437497913837433e-02 8.357158303260803223e-01 -4.404769837856292725e-01 3.279620707035064697e-01 1.133552640676498413e-01
-3.342720746994018555e+00 -9.449759721755981445e-01 4.361120223999023438e+00 2.533437497913837433e-02 -4.267026111483573914e-02 5.104836821556091309e-01 8.588280677795410156e-01 4.612438678741455078e-01
-3.842849731445312500e+00 1.292032301425933838e-01 1.549964785575866699e+00 1.624228209257125854e-01 -3.785988083109259605e-03 -9.986777901649475098e-01 5.126689001917839050e-02 7.475364208221435547e-01
-3.841678380966186523e+00 -6.467599272727966309e-01 1.570832371711730957e+00 1.624228209257125854e-01 7.869971990585327148e-01 -2.321632355451583862e-01 5.716079473495483398e-01 5.721529126167297363e-01
-3.398250579833984375e+00 -1.030910491943359375e+00 1.786982417106628418e+00 1.624228209257125854e-01 6.580598354339599609e-01 -3.189282417297363281e-01 6.820865273475646973e-01 3.793635666370391846e-01
-3.088589191436767578e+00 -1.201565742492675781e+00 1.938713908195495605e+00 1.624228209257125854e-01 8.826082348823547363e-01 6.249700114130973816e-02 4.659365117549896240e-01 4.036757946014404297e-01
-2.779515981674194336e+00 -1.264276981353759766e+00 2.323709487915039062e+00 1.624228209257125854e-01 7.607622146606445312e-01 5.048499107360839844e-01 4.078816473484039307e-01 3.883479535579681396e-01
-2.441007137298583984e+00 -1.064096927642822266e+00 2.342468261718750000e+00 1.624228209257125854e-01 7.052458524703979492e-01 6.680919528007507324e-01 2.372371256351470947e-01 2.307301312685012817e-01
-2.334151983261108398e+00 -9.096363782882690430e-01 2.465296268463134766e+00 1.624228209257125854e-01 6.324340105056762695e-01 5.775029659271240234e-01 5.162534117698669434e-01 2.843160331249237061e-01
-2.038961172103881836e+00 -7.082022428512573242e-01 2.461500406265258789e+00 1.624228209257125854e-01 7.952659130096435547e-01 -1.319906860589981079e-02 6.061170697212219238e-01 3.748451769351959229e-01
-1.787735223770141602e+00 -5.665764808654785156e-01 2.740879774093627930e+00 1.624228209257125854e-01 5.666208863258361816e-01 -1.095175668597221375e-01 8.166680335998535156e-01 1.936212331056594849e-01
-1.584363460540771484e+00 -7.708810567855834961e-01 2.915710926055908203e+00 1.624228209257125854e-01 2.525128126144409180e-01 2.152457684278488159e-01 9.433485865592956543e-01 1.709358841180801392e-01
-1.509529948234558105e+00 -5.423914790153503418e-01 3.034460783004760742e+00 1.624228209257125854e-01 -4.792756438255310059e-01 2.647120654582977295e-01 8.367928862571716309e-01 2.396705597639083862e-01
-1.653538465499877930e+00 -4.861699044704437256e-01 3.179689645767211914e+00 1.624228209257125854e-01 -1.957956552505493164e-01 9.803299307823181152e-01 -2.484439685940742493e-02 2.644748091697692871e-01
-3.865427494049072266e+00 1.391963660717010498e-01 2.022341012954711914e+00 3.417129814624786377e-02 -3.381432294845581055e-01 7.601054757833480835e-02 9.380199909210205078e-01 3.664816915988922119e-01
-3.989350795745849609e+00 1.670528352260589600e-01 2.366108179092407227e+00 3.417129814624786377e-02 -1.872736066579818726e-01 2.955088615417480469e-01 9.368047118186950684e-01 3.189408779144287109e-01
-3.723939418792724609e+00 -6.106788516044616699e-01 3.358045101165771484e+00 6.701372563838958740e-02 -2.496710568666458130e-01 -8.111483454704284668e-01 5.288692712783813477e-01 1.477132588624954224e-01
-3.795053720474243164e+00 -7.527267932891845703e-01 3.431017398834228516e+00 8.255943655967712402e-02 7.681486010551452637e-02 -3.357244729995727539e-01 9.388229846954345703e-01 4.138965904712677002e-01
-3.764013767242431641e+00 -9.082605242729187012e-01 3.812052726745605469e+00 7.536509633064270020e-02 -7.833234965801239014e-02 -4.097973704338073730e-01 9.088069796562194824e-01 1.378097981214523315e-01
-3.864629268646240234e+00 -1.046808719635009766e+00 3.981760978698730469e+00 6.224440783262252808e-02 7.857529819011688232e-02 4.070399403572082520e-01 9.100244045257568359e-01 2.353661209344863892e-01
-3.805783271789550781e+00 -9.781118631362915039e-01 4.145460128784179688e+00 2.970882318913936615e-02 6.590015292167663574e-01 7.410235404968261719e-01 1.288450956344604492e-01 2.328909337520599365e-01
-3.896289587020874023e+00 -4.790654480457305908e-01 2.937424421310424805e+00 7.214621454477310181e-02 -8.079909682273864746e-01 -2.696332037448883057e-01 5.238783359527587891e-01 3.839216232299804688e-01
-4.203197002410888672e+00 -6.068847775459289551e-01 3.122127771377563477e+00 5.126261338591575623e-02 2.737381458282470703e-01 -5.128179192543029785e-01 8.136861920356750488e-01 3.581673800945281982e-01
-4.025938987731933594e+00 -8.247705698013305664e-01 3.432638168334960938e+00 5.929771345108747482e-03 -4.359738826751708984e-01 -6.822108626365661621e-01 5.869541168212890625e-01 4.186037480831146240e-01
-3.565463781356811523e+00 -3.966141641139984131e-01 3.626184225082397461e+00 6.141013652086257935e-02 -7.869884967803955078e-01 5.952875018119812012e-01 1.621169745922088623e-01 4.101576805114746094e-01
-3.905038356781005859e+00 -1.733698546886444092e-01 3.688415527343750000e+00 6.147168949246406555e-02 -7.607669234275817871e-01 6.364156007766723633e-01 -1.273142844438552856e-01 3.528694808483123779e-01
-3.605547428131103516e+00 -4.338096678256988525e-01 3.681201457977294922e+00 9.258914738893508911e-02 -2.517172098159790039e-01 5.715896487236022949e-01 7.809761166572570801e-01 2.024504244327545166e-01
-3.656507730484008789e+00 -3.180910944938659668e-01 3.839310407638549805e+00 9.258914738893508911e-02 -1.610833257436752319e-01 3.383236378431320190e-02 9.863607287406921387e-01 1.674669682979583740e-01
-3.711691856384277344e+00 -3.669539988040924072e-01 4.048379421234130859e+00 9.832456707954406738e-02 5.745354294776916504e-01 3.118408620357513428e-01 7.567458748817443848e-01 1.397207379341125488e-01
-3.585895061492919922e+00 -3.070903122425079346e-01 4.133669376373291016e+00 7.743524760007858276e-02 3.185485005378723145e-01 2.553796470165252686e-01 9.128571152687072754e-01 6.137445569038391113e-01
-3.393596887588500977e+00 -1.184489205479621887e-01 4.681360721588134766e+00 4.085651785135269165e-02 3.686681389808654785e-01 3.726138472557067871e-01 8.516118526458740234e-01 3.092221915721893311e-01
-3.250201225280761719e+00 -4.656165242195129395e-01 3.825880050659179688e+00 1.009194087237119675e-02 2.102804183959960938e-01 7.342088818550109863e-01 6.455381512641906738e-01 4.545063674449920654e-01
-3.089946985244750977e+00 -1.480530798435211182e-01 4.144022941589355469e+00 2.106640115380287170e-02 -9.539902210235595703e-02 7.010489702224731445e-01 7.067031860351562500e-01 2.757325768470764160e-01
-3.542032241821289062e+00 -9.169231653213500977e-01 4.286742687225341797e+00 2.061953209340572357e-02 5.095758438110351562e-01 3.162589371204376221e-01 -8.001954555511474609e-01 7.125014066696166992e-01
-3.467261791229248047e+00 -7.052758932113647461e-01 4.148017883300781250e+00 7.910365611314773560e-02 -4.456017315387725830e-01 1.685747504234313965e-01 -8.792164921760559082e-01 1.323580741882324219e-01
-3.590183734893798828e+00 -5.893830657005310059e-01 4.041349411010742188e+00 7.876674830913543701e-02 1.879153400659561157e-01 2.659665793180465698e-02 9.818250536918640137e-01 5.675766468048095703e-01
-3.721159696578979492e+00 -6.106062531471252441e-01 4.548963069915771484e+00 7.771250605583190918e-02 -1.904765814542770386e-01 -9.003318846225738525e-02 9.775544404983520508e-01 5.557629466056823730e-01
-3.804557800292968750e+00 -6.281933188438415527e-01 5.080526351928710938e+00 6.492737680673599243e-02 8.771374076604843140e-02 2.842495441436767578e-01 9.547295570373535156e-01 2.842016518115997314e-01
-3.776216268539428711e+00 -5.507155656814575195e-01 5.351995944976806641e+00 5.539491772651672363e-02 1.653661578893661499e-01 2.096880823373794556e-01 9.636830091476440430e-01 1.740242093801498413e-01
-3.670217752456665039e+00 -2.414501011371612549e-01 5.849749088287353516e+00 7.173155248165130615e-02 8.939905762672424316e-01 -4.249706268310546875e-01 1.420589834451675415e-01 5.694447159767150879e-01
-3.182995557785034180e+00 -4.231368601322174072e-01 6.045928955078125000e+00 6.824615597724914551e-02 7.248962521553039551e-01 -5.443212985992431641e-01 4.221844673156738281e-01 3.827118873596191406e-01
-2.931098222732543945e+00 -6.454300284385681152e-01 6.222374916076660156e+00 6.502834707498550415e-02 6.207412481307983398e-01 -6.104313135147094727e-01 4.919897317886352539e-01 4.581888020038604736e-01
-2.625962972640991211e+00 -9.180820584297180176e-01 6.430214881896972656e+00 6.112702190876007080e-02 6.353833675384521484e-01 -5.707791447639465332e-01 5.200953483581542969e-01 4.248790740966796875e-01
-2.348201751708984375e+00 -1.157667398452758789e+00 6.643321037292480469e+00 5.128815397620201111e-02 6.969408988952636719e-01 -5.148187279701232910e-01 4.992344379425048828e-01 3.197797238826751709e-01
-2.106180906295776367e+00 -1.116818308830261230e+00 6.611036300659179688e+00 4.729407653212547302e-02 9.976621866226196289e-01 -4.475462436676025391e-02 5.164489150047302246e-02 1.358390599489212036e-01
-2.059902429580688477e+00 -1.232899427413940430e+00 6.724132061004638672e+00 4.370453208684921265e-02 8.327879905700683594e-01 -1.664857417345046997e-01 5.279646515846252441e-01 5.767283961176872253e-02
-2.001789569854736328e+00 -1.272676110267639160e+00 6.765628814697265625e+00 3.840725123882293701e-02 6.802159547805786133e-01 4.415301680564880371e-01 5.851131081581115723e-01 2.349832952022552490e-01
-1.859494090080261230e+00 -1.107935070991516113e+00 6.904956340789794922e+00 3.996933996677398682e-02 8.130517005920410156e-01 2.176300734281539917e-01 5.399852991104125977e-01 2.610395252704620361e-01
-1.595787644386291504e+00 -1.077913045883178711e+00 7.031375408172607422e+00 4.156794771552085876e-02 4.045260846614837646e-01 3.103297352790832520e-01 8.602639436721801758e-01 1.492328196763992310e-01
-1.394211411476135254e+00 -1.107136011123657227e+00 7.165241718292236328e+00 3.279896453022956848e-02 3.746638596057891846e-01 7.409042119979858398e-01 5.573939085006713867e-01 3.948646187782287598e-01
-1.255836009979248047e+00 -8.190977573394775391e-01 7.312759876251220703e+00 2.729609049856662750e-02 1.322603523731231689e-01 9.880658388137817383e-01 -7.894986122846603394e-02 2.853061854839324951e-01
-3.344823837280273438e+00 -7.940779924392700195e-01 4.317081451416015625e+00 6.519532296806573868e-03 8.628000020980834961e-01 -5.039103031158447266e-01 4.062645882368087769e-02 2.722693085670471191e-01
-3.051195144653320312e+00 -9.617449641227722168e-01 4.463620662689208984e+00 6.519532296806573868e-03 -6.634222716093063354e-02 -9.792532920837402344e-01 -1.914725750684738159e-01 3.688333630561828613e-01
-3.039786100387573242e+00 -1.352226018905639648e+00 4.420301914215087891e+00 1.168176718056201935e-02 -6.941467523574829102e-01 -7.021234035491943359e-01 1.586915850639343262e-01 1.194305717945098877e-01
-4.368010520935058594e+00 1.507794022560119629e+00 1.285131573677062988e+00 2.592560602352023125e-03 3.260178118944168091e-02 -7.962728142738342285e-01 -6.040585637092590332e-01 4.286267161369323730e-01
-4.288872718811035156e+00 1.185262560844421387e+00 9.767873287200927734e-01 2.592560602352023125e-03 -1.065362244844436646e-01 9.680066704750061035e-01 2.271851599216461182e-01 3.409436047077178955e-01
-3.160452127456665039e+00 1.101826429367065430e+00 1.211445450782775879e+00 1.285115182399749756e-01 -1.505893617868423462e-01 7.738003730773925781e-01 6.152688860893249512e-01 1.808532923460006714e-01
-3.240471839904785156e+00 1.340264320373535156e+00 1.484613060951232910e+00 1.249754428863525391e-01 7.662607431411743164e-01 -4.068172872066497803e-01 4.973371028900146484e-01 3.899995684623718262e-01
-2.924336671829223633e+00 1.160363674163818359e+00 1.648755788803100586e+00 1.133921593427658081e-01 4.423265457153320312e-01 -5.891312360763549805e-01 6.762186288833618164e-01 3.488555848598480225e-01
-2.796287536621093750e+00 9.942773580551147461e-01 1.871416807174682617e+00 9.209775924682617188e-02 -2.362031936645507812e-01 -4.469885528087615967e-01 -8.627915382385253906e-01 2.560081481933593750e-01
-2.914871931076049805e+00 9.546543955802917480e-01 1.695349097251892090e+00 2.818134613335132599e-02 -3.520802557468414307e-01 2.643479704856872559e-01 -8.978639245033264160e-01 2.035639584064483643e-01
-2.777451515197753906e+00 4.221954643726348877e-01 1.803397536277770996e+00 9.626828134059906006e-03 -6.339681148529052734e-01 7.669858336448669434e-01 9.908178448677062988e-02 3.663737177848815918e-01
-3.022482872009277344e+00 6.726109981536865234e-01 1.844249010086059570e+00 9.626828134059906006e-03 7.993545532226562500e-01 -2.523984611034393311e-01 5.452772974967956543e-01 3.834403157234191895e-01
-2.790730714797973633e+00 4.791649281978607178e-01 1.358164548873901367e+00 1.266914606094360352e-02 2.761477231979370117e-01 -9.608792066574096680e-01 2.129705995321273804e-02 5.164579749107360840e-01
-2.643172740936279297e+00 1.038376009091734886e-03 1.389750123023986816e+00 2.248279750347137451e-02 -2.242049276828765869e-01 7.574621438980102539e-01 -6.131747364997863770e-01 3.467174246907234192e-02
-3.425153970718383789e+00 8.084632754325866699e-01 2.241008281707763672e+00 5.938109382987022400e-02 -2.005101144313812256e-01 -9.376921653747558594e-01 -2.837765216827392578e-01 3.226603865623474121e-01
-3.489850759506225586e+00 5.059071779251098633e-01 2.149444818496704102e+00 5.938109382987022400e-02 -7.260998487472534180e-01 5.119224786758422852e-01 4.590363800525665283e-01 4.634559750556945801e-01
-3.323572874069213867e+00 9.728199839591979980e-01 2.227199554443359375e+00 9.453061968088150024e-02 7.260211706161499023e-01 6.870307326316833496e-01 -2.969933301210403442e-02 3.842206895351409912e-01
-3.087655067443847656e+00 1.245365381240844727e+00 2.258629322052001953e+00 8.903335779905319214e-02 1.250088661909103394e-01 -9.411785006523132324e-01 3.139360845088958740e-01 5.734539628028869629e-01
-3.021073102951049805e+00 6.884354352951049805e-01 2.410054206848144531e+00 7.096824049949645996e-02 8.643399477005004883e-01 -4.839261174201965332e-01 1.368646621704101562e-01 5.987808108329772949e-01
-2.470047712326049805e+00 5.276919007301330566e-01 2.570549964904785156e+00 5.326160043478012085e-02 8.222292065620422363e-01 -4.360249936580657959e-01 3.658159971237182617e-01 1.936585307121276855e-01
-2.293360471725463867e+00 4.624735414981842041e-01 2.668431043624877930e+00 2.386770769953727722e-02 4.253772497177124023e-01 -8.443895578384399414e-01 3.256692886352539062e-01 3.428793549537658691e-01
-3.341569185256958008e+00 1.177884936332702637e+00 3.141041278839111328e+00 3.878681361675262451e-02 9.378549456596374512e-01 -3.421917855739593506e-01 5.773115530610084534e-02 1.262777447700500488e-01
-3.223138809204101562e+00 1.134673714637756348e+00 3.148331403732299805e+00 3.878681361675262451e-02 6.637201905250549316e-01 7.475652098655700684e-01 -2.493582293391227722e-02 1.609394550323486328e-01
-3.390377283096313477e+00 1.124431371688842773e+00 3.132396459579467773e+00 2.840564027428627014e-02 5.458121299743652344e-01 -8.216981291770935059e-01 1.640162169933319092e-01 3.769707381725311279e-01
-3.485389947891235352e+00 1.219148874282836914e+00 3.327855110168457031e+00 1.107815373688936234e-02 4.580975472927093506e-01 8.693125098943710327e-02 8.846409320831298828e-01 3.986462354660034180e-01
-3.297685384750366211e+00 1.258010506629943848e+00 3.677052497863769531e+00 1.127277780324220657e-02 5.456734895706176758e-01 2.941395901143550873e-02 8.374814987182617188e-01 2.563282549381256104e-01
-3.195372581481933594e+00 -5.270329117774963379e-01 3.354260444641113281e+00 1.848911307752132416e-02 -5.711183547973632812e-01 -8.095095157623291016e-01 1.360812634229660034e-01 3.175526559352874756e-01
-3.404356241226196289e+00 -7.750145196914672852e-01 3.411638259887695312e+00 1.848911307752132416e-02 -4.246367216110229492e-01 -8.625295758247375488e-01 -2.751842141151428223e-01 5.852370262145996094e-01
-2.857516765594482422e+00 -6.248557567596435547e-01 3.866795063018798828e+00 7.689507212489843369e-03 8.282200098037719727e-01 1.680065095424652100e-01 -5.346264243125915527e-01 3.939267694950103760e-01
-2.527048587799072266e+00 -5.634546279907226562e-01 3.681433916091918945e+00 8.200138807296752930e-03 7.786860466003417969e-01 6.273162961006164551e-01 -1.105975359678268433e-02 1.248842701315879822e-01
-2.401436805725097656e+00 -5.112562179565429688e-01 3.631418466567993164e+00 7.785626221448183060e-03 8.652765750885009766e-01 4.145795106887817383e-01 2.818160951137542725e-01 4.314870238304138184e-01
-3.979151248931884766e+00 7.287319004535675049e-02 1.641664624214172363e+00 3.076202236115932465e-02 -7.892645597457885742e-01 -3.097693026065826416e-01 5.301928520202636719e-01 4.795598089694976807e-01
-4.360963344573974609e+00 -8.265201747417449951e-02 1.891591668128967285e+00 2.560460753738880157e-02 -3.860619366168975830e-01 -3.475228250026702881e-01 8.545081019401550293e-01 1.564386934041976929e-01
-4.524745941162109375e+00 -1.557736694812774658e-01 2.048605203628540039e+00 3.351955115795135498e-02 2.635899782180786133e-01 -3.213907480239868164e-01 9.095209240913391113e-01 5.559841990470886230e-01
-3.688577651977539062e+00 -5.494817495346069336e-01 1.546903610229492188e+00 8.016457408666610718e-02 3.388860225677490234e-01 7.534436583518981934e-01 -5.634526610374450684e-01 6.096203923225402832e-01
-3.484375476837158203e+00 -9.024899452924728394e-02 1.194836497306823730e+00 7.493636757135391235e-02 4.003505706787109375e-01 -9.105693101882934570e-01 -1.028733775019645691e-01 1.069930940866470337e-01
-3.417724370956420898e+00 -1.261679530143737793e-01 1.436833620071411133e+00 9.737791121006011963e-02 7.868043184280395508e-01 -6.126446127891540527e-01 7.487012445926666260e-02 5.696374773979187012e-01
-3.049720764160156250e+00 -2.130889743566513062e-01 1.533613681793212891e+00 8.409945666790008545e-02 9.977588802576065063e-02 -1.719051599502563477e-01 9.800476431846618652e-01 2.413522303104400635e-01
-3.029221296310424805e+00 -2.761488854885101318e-01 1.736102700233459473e+00 7.120345532894134521e-02 4.285329878330230713e-01 -7.829502224922180176e-01 4.509417414665222168e-01 2.906101644039154053e-01
-2.897647619247436523e+00 -5.011612176895141602e-01 1.869227409362792969e+00 6.214211136102676392e-02 3.678464591503143311e-01 -9.209420084953308105e-01 -1.286654770374298096e-01 1.579500883817672729e-01
-2.789457559585571289e+00 -6.414052844047546387e-01 1.822448372840881348e+00 3.932181000709533691e-02 2.884271740913391113e-02 -9.896445274353027344e-01 -1.406123340129852295e-01 5.564456582069396973e-01
-3.147749423980712891e+00 -1.085024714469909668e+00 2.035147428512573242e+00 1.498891133815050125e-02 -9.680744409561157227e-01 5.188833922147750854e-02 -2.452335357666015625e-01 1.364591836929321289e+00
-3.791592121124267578e+00 -7.303304076194763184e-01 1.801649808883666992e+00 8.725451678037643433e-02 -7.294115424156188965e-01 -2.033611238002777100e-01 6.531485915184020996e-01 3.576634228229522705e-01
-4.052475929260253906e+00 -8.030652403831481934e-01 2.035257101058959961e+00 8.725451678037643433e-02 -7.110139131546020508e-01 -5.068014860153198242e-01 4.874540865421295166e-01 2.903980612754821777e-01
-3.901514291763305664e+00 -3.453191220760345459e-01 1.726678848266601562e+00 7.614783197641372681e-02 2.225866317749023438e-01 -8.690962791442871094e-01 4.417316913604736328e-01 7.018194794654846191e-01
-3.857245922088623047e+00 -1.101586818695068359e+00 1.997379422187805176e+00 7.075143605470657349e-02 2.585332691669464111e-01 -4.302014112472534180e-01 8.649203777313232422e-01 5.602421760559082031e-01
-3.714672803878784180e+00 -1.327988386154174805e+00 2.497928857803344727e+00 7.050801068544387817e-02 3.653665184974670410e-01 -6.605859398841857910e-01 6.558456420898437500e-01 1.553924977779388428e-01
-3.583318233489990234e+00 -8.738505840301513672e-01 1.878113865852355957e+00 4.825160652399063110e-02 -1.634465008974075317e-01 -9.464803338050842285e-01 2.783167660236358643e-01 5.943958163261413574e-01
-3.329066276550292969e+00 -1.209938526153564453e+00 1.786444544792175293e+00 1.057790890336036682e-01 3.412086367607116699e-01 -8.629242181777954102e-01 3.727444410324096680e-01 3.263244926929473877e-01
-1.929331064224243164e+00 -4.780054092407226562e-01 2.781835794448852539e+00 7.219392061233520508e-02 -8.319852352142333984e-01 5.130522251129150391e-01 2.111348807811737061e-01 1.268111318349838257e-01
-2.036354064941406250e+00 -4.158807396888732910e-01 2.805197954177856445e+00 6.561277061700820923e-02 -2.717611193656921387e-01 7.859392166137695312e-01 -5.553786158561706543e-01 1.474866271018981934e-01
-2.077490806579589844e+00 -2.792089879512786865e-01 2.754497051239013672e+00 5.460076779127120972e-02 -5.137096047401428223e-01 -7.223127484321594238e-01 4.629975855350494385e-01 1.835085153579711914e-01
-2.175227403640747070e+00 -4.845192134380340576e-01 2.736051082611083984e+00 3.829740732908248901e-02 -9.495809674263000488e-01 -2.405459880828857422e-01 2.010810822248458862e-01 2.780187427997589111e-01
-1.718678951263427734e+00 -5.866369605064392090e-01 3.130705356597900391e+00 4.821999371051788330e-02 -7.470858097076416016e-01 -5.677121877670288086e-01 -3.457826673984527588e-01 1.180690899491310120e-01
-1.806886672973632812e+00 -6.536661982536315918e-01 3.089879274368286133e+00 4.821999371051788330e-02 6.173524633049964905e-02 -9.883373379707336426e-01 1.392050981521606445e-01 3.514417707920074463e-01
-3.203194618225097656e+00 -3.353938758373260498e-01 3.947656393051147461e+00 2.499999944120645523e-03 8.431980013847351074e-01 -2.012159824371337891e-01 4.985271096229553223e-01 1.542271077632904053e-01
-3.071460723876953125e+00 -3.682192265987396240e-01 3.995271205902099609e+00 2.499999944120645523e-03 9.311876296997070312e-01 3.631748259067535400e-01 3.152128681540489197e-02 4.746535122394561768e-01
-3.614604234695434570e+00 -5.703204274177551270e-01 4.328131198883056641e+00 4.973390325903892517e-02 -6.834394931793212891e-01 -6.016386151313781738e-01 4.134506285190582275e-01 6.492035388946533203e-01
-3.560259103775024414e+00 -6.639565825462341309e-01 4.083981037139892578e+00 3.090668842196464539e-02 2.686471939086914062e-01 -9.624091386795043945e-01 -3.996689245104789734e-02 6.252613067626953125e-01
-3.397905588150024414e+00 -1.269097685813903809e+00 4.066882133483886719e+00 3.090668842196464539e-02 -7.538423538208007812e-01 -2.041093409061431885e-01 -6.245487332344055176e-01 2.433123737573623657e-01
-3.249750852584838867e+00 -3.619306683540344238e-01 5.913650512695312500e+00 1.371114328503608704e-02 8.992851376533508301e-01 1.656737625598907471e-01 4.047696590423583984e-01 5.465110540390014648e-01
-2.796040534973144531e+00 -7.285969257354736328e-01 6.247090339660644531e+00 1.378949265927076340e-02 7.503202557563781738e-01 1.924723945558071136e-02 -6.607942581176757812e-01 1.930409520864486694e-01
-2.671610355377197266e+00 -7.159582376480102539e-01 6.156020164489746094e+00 1.378949265927076340e-02 7.911725640296936035e-01 5.246679782867431641e-01 3.142761588096618652e-01 2.954919636249542236e-01
-2.948131561279296875e+00 1.235777854919433594e+00 1.730022430419921875e+00 4.438286647200584412e-02 -4.802014231681823730e-01 7.002872228622436523e-01 -5.282086730003356934e-01 5.461815595626831055e-01
-3.193974733352661133e+00 1.653299450874328613e+00 1.426005959510803223e+00 4.284421727061271667e-02 -4.763293862342834473e-01 -1.595569700002670288e-01 -8.646686673164367676e-01 3.742488622665405273e-01
-2.961889743804931641e+00 1.059778451919555664e+00 1.794766664505004883e+00 2.840445190668106079e-02 9.715373814105987549e-02 5.289050936698913574e-01 8.431017398834228516e-01 6.145213246345520020e-01
-2.848667383193969727e+00 9.577344059944152832e-01 1.968965411186218262e+00 5.061521381139755249e-02 4.425527155399322510e-01 -3.130894601345062256e-01 8.403106927871704102e-01 4.863261580467224121e-01
-2.649165153503417969e+00 8.215695619583129883e-01 2.389183282852172852e+00 3.390879556536674500e-02 5.240284800529479980e-01 -9.555441886186599731e-02 8.463235497474670410e-01 3.439727723598480225e-01
-2.544989109039306641e+00 5.240209102630615234e-01 2.584911823272705078e+00 4.216543398797512054e-03 -9.809931516647338867e-01 -4.805358499288558960e-02 1.879981160163879395e-01 7.482419610023498535e-01
-3.239503860473632812e+00 4.789833128452301025e-01 2.834120750427246094e+00 4.216543398797512054e-03 -3.928582072257995605e-01 8.934479355812072754e-01 2.177457660436630249e-01 3.831079900264739990e-01
-3.278872013092041016e+00 8.849939703941345215e-01 2.226370334625244141e+00 9.546196088194847107e-03 2.366634756326675415e-01 -9.715915322303771973e-01 -4.992026952095329762e-04 6.242246627807617188e-01
-3.106961965560913086e+00 2.617874741554260254e-01 2.202175140380859375e+00 9.546196088194847107e-03 3.675206005573272705e-02 8.358303904533386230e-01 -5.477561950683593750e-01 3.707087635993957520e-01
3.157985687255859375e+00 -3.990786790847778320e+00 8.420910686254501343e-02 8.496461063623428345e-02 -7.469827681779861450e-02 7.186170667409896851e-02 9.946135282516479492e-01 2.080510705709457397e-01
3.044586658477783203e+00 -3.516105651855468750e+00 7.633592486381530762e-01 9.319535642862319946e-02 -2.462649717926979065e-02 -7.188473343849182129e-01 6.947316527366638184e-01 5.065951347351074219e-01
2.949010610580444336e+00 -3.806284189224243164e+00 1.140293240547180176e+00 5.888154357671737671e-02 -5.635043978691101074e-01 -7.499383687973022461e-01 3.464898765087127686e-01 6.702840328216552734e-02
2.935326099395751953e+00 -3.880882740020751953e+00 1.149676203727722168e+00 5.856705456972122192e-02 -4.165270030498504639e-01 -7.246423363685607910e-01 5.489979386329650879e-01 1.814773678779602051e-01
2.823659181594848633e+00 -4.074252605438232422e+00 1.277252912521362305e+00 7.916537672281265259e-02 4.088674485683441162e-01 1.668636053800582886e-01 8.972089886665344238e-01 2.893388271331787109e-01
2.947985887527465820e+00 -4.133411884307861328e+00 1.540393948554992676e+00 5.700087174773216248e-02 7.844974994659423828e-01 6.433902680873870850e-02 6.167854070663452148e-01 2.488050013780593872e-01
3.672526121139526367e+00 -4.147296428680419922e+00 1.640736579895019531e+00 8.288339525461196899e-02 1.078007146716117859e-01 1.677632629871368408e-01 9.799155592918395996e-01 1.433474183082580566e+00
3.922341108322143555e+00 -3.963865995407104492e+00 2.998302221298217773e+00 7.518843561410903931e-02 4.505892395973205566e-01 1.537557318806648254e-02 8.925989866256713867e-01 1.105460599064826965e-01
3.878851175308227539e+00 -3.912315368652343750e+00 3.116060018539428711e+00 4.881019517779350281e-02 1.299201250076293945e-01 -1.329992562532424927e-01 9.825639724731445312e-01 4.617666900157928467e-01
3.941554546356201172e+00 -3.971201896667480469e+00 3.569111585617065430e+00 4.639986529946327209e-02 2.888668775558471680e-01 -5.877743661403656006e-02 9.555632472038269043e-01 8.727741986513137817e-02
4.017921447753906250e+00 -3.994933366775512695e+00 3.646663427352905273e+00 4.557450488209724426e-02 1.039774790406227112e-01 -2.658417075872421265e-02 9.942243099212646484e-01 1.032680422067642212e-01
4.001675605773925781e+00 -4.004869937896728516e+00 3.767039537429809570e+00 4.441342502832412720e-02 5.778831243515014648e-01 -2.941895425319671631e-01 7.612513303756713867e-01 1.513106375932693481e-01
4.213912963867187500e+00 -4.035573005676269531e+00 3.999069929122924805e+00 6.627731025218963623e-02 -6.858959794044494629e-01 1.016403734683990479e-01 7.205663919448852539e-01 1.279895901679992676e-01
4.175808429718017578e+00 -4.023754119873046875e+00 4.083014488220214844e+00 5.536547303199768066e-02 1.613952964544296265e-01 -9.611606597900390625e-02 9.821981787681579590e-01 2.936510741710662842e-01
4.197170734405517578e+00 -4.015298843383789062e+00 4.364495754241943359e+00 3.861650079488754272e-02 3.967060744762420654e-01 4.345736205577850342e-01 8.085604906082153320e-01 9.608862549066543579e-02
4.227501869201660156e+00 -3.978278875350952148e+00 4.470635890960693359e+00 3.713102266192436218e-02 8.626313209533691406e-01 4.046234786510467529e-01 3.035573065280914307e-01 5.267089605331420898e-02
4.337051868438720703e+00 -3.985211372375488281e+00 4.517607688903808594e+00 6.124697625637054443e-02 -1.823014169931411743e-01 5.089891552925109863e-01 8.412468433380126953e-01 1.692622341215610504e-02
4.363802909851074219e+00 -4.009630203247070312e+00 4.529099464416503906e+00 4.934253543615341187e-02 1.245056465268135071e-01 2.997775562107563019e-02 9.917659163475036621e-01 3.048812747001647949e-01
4.286201953887939453e+00 -3.936261892318725586e+00 4.941464900970458984e+00 4.543223977088928223e-02 7.320045232772827148e-01 2.035611867904663086e-01 6.501786112785339355e-01 4.958482384681701660e-01
4.714827537536621094e+00 -3.846487522125244141e+00 5.276312828063964844e+00 6.052319332957267761e-02 -2.148806452751159668e-01 -1.963028609752655029e-01 9.567086696624755859e-01 4.458324983716011047e-02
3.116142749786376953e+00 -3.678155422210693359e+00 8.445576429367065430e-01 3.923922404646873474e-02 8.047923445701599121e-01 -2.865099608898162842e-01 -5.198282003402709961e-01 7.418785691261291504e-01
3.713200807571411133e+00 -3.890711069107055664e+00 4.589082598686218262e-01 3.923922404646873474e-02 -2.855583131313323975e-01 6.500700116157531738e-02 -9.561540484428405762e-01 2.239065915346145630e-01
3.075510025024414062e+00 -4.012193679809570312e+00 8.640486747026443481e-02 6.772542744874954224e-02 -9.539144039154052734e-01 -2.631803154945373535e-01 -1.441644728183746338e-01 2.901108264923095703e-01
2.803124666213989258e+00 -4.110526561737060547e+00 7.108086347579956055e-02 6.766852736473083496e-02 -1.683155298233032227e-01 7.449223399162292480e-01 6.455699801445007324e-01 2.050727307796478271e-01
2.754509687423706055e+00 -3.948180437088012695e+00 2.324811518192291260e-01 6.373184174299240112e-02 3.392907977104187012e-01 9.298624396324157715e-01 -1.422589719295501709e-01 3.514548242092132568e-01
2.883226156234741211e+00 -3.621990680694580078e+00 1.655015349388122559e-01 6.544037908315658569e-02 8.214026093482971191e-01 3.565059006214141846e-01 4.451979696750640869e-01 2.190759778022766113e-01
3.071914434432983398e+00 -3.525952339172363281e+00 2.531567215919494629e-01 4.518640786409378052e-02 3.636454939842224121e-01 3.071160614490509033e-01 8.794553279876708984e-01 8.654130250215530396e-02
3.057908296585083008e+00 -3.494518280029296875e+00 3.717914819717407227e-01 4.484305158257484436e-02 6.760188937187194824e-01 2.450311779975891113e-01 6.949519515037536621e-01 5.133388638496398926e-01
3.364284276962280273e+00 -3.329003095626831055e+00 7.627234458923339844e-01 4.436184465885162354e-02 5.695627927780151367e-01 -1.172542497515678406e-01 8.135414719581604004e-01 1.534072607755661011e-01
3.435547351837158203e+00 -3.307265996932983398e+00 9.026528596878051758e-01 6.357667595148086548e-02 5.834203362464904785e-01 -7.142946124076843262e-02 8.090232014656066895e-01 6.917237043380737305e-01
3.827841520309448242e+00 -3.316478013992309570e+00 1.468636751174926758e+00 4.231656342744827271e-02 7.054131627082824707e-01 8.643497526645660400e-02 7.035064101219177246e-01 9.454137831926345825e-02
3.903821468353271484e+00 -3.252825975418090820e+00 1.555938482284545898e+00 5.827388539910316467e-02 -8.411792665719985962e-02 -3.372948169708251953e-01 9.376333951950073242e-01 2.262046784162521362e-01
3.834867715835571289e+00 -3.210368156433105469e+00 1.783097267150878906e+00 5.612070858478546143e-02 5.657935142517089844e-01 1.346923559904098511e-01 8.134713768959045410e-01 2.468277066946029663e-01
3.969857454299926758e+00 -3.141283273696899414e+00 1.974262356758117676e+00 5.373872444033622742e-02 1.408211737871170044e-01 2.737677395343780518e-01 9.514308571815490723e-01 2.398584187030792236e-01
3.990151643753051758e+00 -3.025558710098266602e+00 2.188943624496459961e+00 5.474922060966491699e-02 3.253199160099029541e-01 3.273505270481109619e-01 8.871350288391113281e-01 4.678368866443634033e-01
4.111351013183593750e+00 -2.874504566192626953e+00 2.604631662368774414e+00 3.766022995114326477e-02 3.457080945372581482e-02 -2.067777216434478760e-01 9.777770042419433594e-01 1.755884885787963867e-01
4.121195793151855469e+00 -2.958317041397094727e+00 2.798956632614135742e+00 4.702712595462799072e-02 -9.359738975763320923e-02 4.222427010536193848e-01 9.016377329826354980e-01 3.171546459197998047e-01
4.034984588623046875e+00 -2.859685420989990234e+00 3.101318836212158203e+00 5.239657685160636902e-02 4.920564293861389160e-01 -4.387025833129882812e-01 7.519444823265075684e-01 1.714364290237426758e-01
4.277284622192382812e+00 -2.984222650527954102e+00 3.222466945648193359e+00 4.714295640587806702e-02 -3.369305282831192017e-02 -2.597539424896240234e-01 9.650868773460388184e-01 5.360763669013977051e-01
4.362737655639648438e+00 -3.114272356033325195e+00 3.759419202804565430e+00 3.976773098111152649e-02 -1.710205674171447754e-01 -1.496216356754302979e-01 9.738405346870422363e-01 1.215551272034645081e-01
4.396018028259277344e+00 -3.158114671707153320e+00 3.867858171463012695e+00 3.199290856719017029e-02 1.467544287443161011e-01 -7.279021292924880981e-02 9.864911437034606934e-01 7.883178442716598511e-02
4.370500564575195312e+00 -3.128931283950805664e+00 3.956794500350952148e+00 3.114403225481510162e-02 1.213963478803634644e-01 -1.831129491329193115e-01 9.755678176879882812e-01 2.537823617458343506e-01
4.368185043334960938e+00 -3.184568881988525391e+00 4.236276149749755859e+00 4.073436185717582703e-02 6.685046553611755371e-01 -5.001139640808105469e-01 5.504430532455444336e-01 1.341504454612731934e-01
4.472852706909179688e+00 -3.276439905166625977e+00 4.319252967834472656e+00 3.967120870947837830e-02 -1.861851364374160767e-01 2.387220412492752075e-01 9.530723094940185547e-01 3.969198465347290039e-01
4.414717674255371094e+00 -3.224203824996948242e+00 4.691259384155273438e+00 3.324927389621734619e-02 -6.910527497529983521e-02 -1.709516644477844238e-01 9.828529953956604004e-01 1.557182222604751587e-01
4.369363784790039062e+00 -3.217774868011474609e+00 4.845856666564941406e+00 2.657293342053890228e-02 3.116198815405368805e-03 -4.355734214186668396e-02 9.990460872650146484e-01 1.220692098140716553e-01
4.382343769073486328e+00 -3.253289461135864258e+00 4.963158130645751953e+00 2.591149508953094482e-02 5.845565348863601685e-02 -1.281058490276336670e-01 9.900362491607666016e-01 1.037584692239761353e-01
4.376263141632080078e+00 -3.247945785522460938e+00 5.070703983306884766e+00 2.506901882588863373e-02 9.539278596639633179e-02 -1.906093806028366089e-01 9.770200848579406738e-01 1.740218102931976318e-01
4.438499450683593750e+00 -3.249527215957641602e+00 5.252178668975830078e+00 3.159533813595771790e-02 6.739370524883270264e-02 -4.246597588062286377e-01 9.028411507606506348e-01 1.058483645319938660e-01
4.369460582733154297e+00 -3.341655015945434570e+00 5.288237094879150391e+00 3.925184160470962524e-02 -4.025947153568267822e-01 -3.928250074386596680e-01 8.268046975135803223e-01 6.013943552970886230e-01
4.135674953460693359e+00 -3.578923702239990234e+00 5.788563728332519531e+00 3.839333727955818176e-02 -3.509324789047241211e-01 -5.350384116172790527e-01 7.684922218322753906e-01 1.086027324199676514e-01
4.077750682830810547e+00 -3.596384286880493164e+00 5.851861476898193359e+00 3.400058671832084656e-02 -7.480298280715942383e-01 -3.586949408054351807e-02 6.626951098442077637e-01 1.387398242950439453e-01
3.985774755477905273e+00 -3.587112426757812500e+00 5.950946331024169922e+00 3.074406832456588745e-02 -2.361988872289657593e-01 -2.719604372978210449e-01 9.328706264495849609e-01 1.613419950008392334e-01
3.948448419570922852e+00 -3.653438329696655273e+00 6.123433589935302734e+00 1.643140055239200592e-02 -4.726368486881256104e-01 6.080235242843627930e-01 6.379042267799377441e-01 1.455783694982528687e-01
2.957424879074096680e+00 -3.877399206161499023e+00 1.193506956100463867e+00 2.866820618510246277e-02 -7.105710506439208984e-01 -6.130269169807434082e-01 3.453792333602905273e-01 3.076877593994140625e-01
2.638292789459228516e+00 -4.065485000610351562e+00 1.344663500785827637e+00 4.439481534063816071e-03 -3.970032930374145508e-01 2.184212803840637207e-01 -8.914485573768615723e-01 3.383422493934631348e-01
2.540358304977416992e+00 -3.954893827438354492e+00 1.055980563163757324e+00 6.834464613348245621e-03 5.602073073387145996e-01 -2.809477746486663818e-01 -7.792535424232482910e-01 2.250133901834487915e-01
4.347611427307128906e+00 -3.876505613327026367e+00 4.980363845825195312e+00 2.980025671422481537e-02 1.985782943665981293e-02 9.449062943458557129e-01 -3.267380893230438232e-01 1.019360572099685669e-01
4.349635601043701172e+00 -3.780185699462890625e+00 4.947057247161865234e+00 2.980025671422481537e-02 -5.440077185630798340e-01 7.575804591178894043e-01 3.607318401336669922e-01 1.675570607185363770e-01
3.925938367843627930e+00 -3.900835990905761719e+00 2.934884309768676758e+00 3.962254151701927185e-02 3.542864620685577393e-01 6.139749884605407715e-01 -7.053480148315429688e-01 4.564087390899658203e-01
4.129217624664306641e+00 -3.634327173233032227e+00 2.635180950164794922e+00 3.432188183069229126e-02 5.285984873771667480e-01 5.361574292182922363e-01 -6.581176519393920898e-01 2.172783464193344116e-01
4.275969028472900391e+00 -3.533543825149536133e+00 2.476621389389038086e+00 2.941171452403068542e-02 -8.105083554983139038e-02 6.135649085044860840e-01 -7.854736447334289551e-01 3.009888231754302979e-01
4.266290664672851562e+00 -3.380052089691162109e+00 2.221832990646362305e+00 1.848939992487430573e-02 -1.909733265638351440e-01 4.297393858432769775e-01 -8.825266361236572266e-01 1.180864274501800537e-01
3.908342123031616211e+00 -3.961627244949340820e+00 3.614547967910766602e+00 2.698775567114353180e-02 -7.103461027145385742e-01 -7.647046446800231934e-02 6.996861696243286133e-01 2.692336440086364746e-01
2.724941968917846680e+00 -3.951077461242675781e+00 1.467457413673400879e-01 1.710667833685874939e-02 -7.479788661003112793e-01 -7.567211985588073730e-02 6.593946814537048340e-01 1.484010219573974609e-01
2.846507549285888672e+00 -3.741899728775024414e+00 2.624965608119964600e-01 6.054524704813957214e-02 1.788821816444396973e-01 -2.033717483282089233e-01 9.626219868659973145e-01 8.743540942668914795e-02
2.861399650573730469e+00 -3.763226985931396484e+00 3.452211618423461914e-01 6.042452901601791382e-02 -7.042407989501953125e-01 -1.349216997623443604e-01 6.970229744911193848e-01 4.029384553432464600e-01
2.511862516403198242e+00 -3.858939409255981445e+00 6.048158407211303711e-01 5.973840877413749695e-02 -4.409116506576538086e-01 2.595125734806060791e-01 8.592148423194885254e-01 3.309683501720428467e-01
2.380270481109619141e+00 -3.748509645462036133e+00 8.909336924552917480e-01 5.886251851916313171e-02 -7.895018458366394043e-01 4.300876557826995850e-01 4.378486573696136475e-01 6.122027039527893066e-01
1.881629824638366699e+00 -3.497789382934570312e+00 1.125362873077392578e+00 5.775222554802894592e-02 -9.190505743026733398e-01 1.772294491529464722e-01 3.520450890064239502e-01 1.643574982881546021e-01
1.757081627845764160e+00 -3.519223690032958984e+00 1.299915432929992676e+00 5.526091903448104858e-02 -9.471573233604431152e-01 -3.104780614376068115e-01 8.059987425804138184e-02 4.258452653884887695e-01
1.409070611000061035e+00 -3.627296686172485352e+00 1.309155702590942383e+00 5.361380428075790405e-02 -5.194818377494812012e-01 7.311753630638122559e-01 -4.421777725219726562e-01 1.435800343751907349e-01
1.366919279098510742e+00 -3.519996643066406250e+00 1.272745609283447266e+00 5.136222764849662781e-02 -5.450530648231506348e-01 5.824505090713500977e-01 6.030493974685668945e-01 3.155397474765777588e-01
1.176976561546325684e+00 -3.353971481323242188e+00 1.435520410537719727e+00 3.692606091499328613e-02 -7.629579305648803711e-01 6.409409046173095703e-01 8.420181274414062500e-02 1.991118192672729492e-01
9.855522513389587402e-01 -3.235963582992553711e+00 1.468829154968261719e+00 4.999370500445365906e-02 -2.439495176076889038e-01 9.695954918861389160e-01 -1.931958273053169250e-02 3.195207118988037109e-01
8.983977437019348145e-01 -2.940794229507446289e+00 1.482184529304504395e+00 3.503695502877235413e-02 -8.562788367271423340e-02 8.162090778350830078e-01 5.713760852813720703e-01 1.837681978940963745e-01
8.847104907035827637e-01 -2.785177946090698242e+00 1.584205389022827148e+00 4.118311405181884766e-02 -5.904418230056762695e-01 5.352238416671752930e-01 6.040809750556945801e-01 4.222564995288848877e-01
6.115912199020385742e-01 -2.525975465774536133e+00 1.813373565673828125e+00 3.696818649768829346e-02 -5.547677278518676758e-01 2.269431054592132568e-01 8.004558682441711426e-01 6.568004488945007324e-01
2.574628293514251709e-01 -2.384836912155151367e+00 2.347413539886474609e+00 3.950377181172370911e-02 -4.726180136203765869e-01 2.684810757637023926e-01 8.393748402595520020e-01 1.045248508453369141e-01
1.971221566200256348e-01 -2.364243030548095703e+00 2.429795503616333008e+00 3.404856473207473755e-02 -5.605122447013854980e-01 2.566652297973632812e-01 7.873683571815490723e-01 1.124413982033729553e-01
3.680397510528564453e+00 -3.330477714538574219e+00 1.133492827415466309e+00 3.782361000776290894e-02 -4.259648621082305908e-01 1.376275569200515747e-01 -8.942105770111083984e-01 8.010665774345397949e-01
3.382006168365478516e+00 -3.204031229019165039e+00 4.094003736972808838e-01 3.659743443131446838e-02 -1.753200441598892212e-01 -8.627573959529399872e-03 -9.844737052917480469e-01 1.305886358022689819e-01
3.331823110580444336e+00 -3.206560850143432617e+00 3.003832697868347168e-01 1.970732770860195160e-02 -5.792695283889770508e-01 -5.868427827954292297e-02 -8.130208849906921387e-01 2.579361796379089355e-01
3.161996603012084961e+00 -3.260986804962158203e+00 1.240374296903610229e-01 6.039784103631973267e-02 -9.114320874214172363e-01 4.029776453971862793e-01 -8.306964486837387085e-02 1.422184109687805176e-01
3.635521650314331055e+00 -3.390619516372680664e+00 1.147184610366821289e+00 4.946930333971977234e-02 6.038652658462524414e-01 -5.102001428604125977e-01 6.124071478843688965e-01 3.881763219833374023e-01
3.905752182006835938e+00 -3.623852014541625977e+00 1.382344484329223633e+00 5.773929879069328308e-02 -4.626568555831909180e-01 -4.139757454395294189e-01 -7.839468717575073242e-01 7.263005524873733521e-02
3.858650207519531250e+00 -3.659645795822143555e+00 1.332185387611389160e+00 5.270959809422492981e-02 2.787878513336181641e-01 -9.318889379501342773e-01 -2.320783436298370361e-01 2.977552711963653564e-01
3.976480722427368164e+00 -3.970154285430908203e+00 1.268797636032104492e+00 4.934778437018394470e-02 -5.181251168251037598e-01 -4.169504642486572266e-01 7.467922568321228027e-01 1.880444437265396118e-01
3.873263597488403320e+00 -4.029579162597656250e+00 1.401395678520202637e+00 4.702130332589149475e-02 -9.558118581771850586e-01 -2.939160168170928955e-01 -6.088209804147481918e-03 7.373978942632675171e-02
3.801072359085083008e+00 -4.060409069061279297e+00 1.398670911788940430e+00 4.215591773390769958e-02 -4.127930998802185059e-01 -1.463588625192642212e-01 8.989888429641723633e-01 2.148919850587844849e-01
3.689734935760498047e+00 -4.089808464050292969e+00 1.587569475173950195e+00 2.205313369631767273e-02 -1.913728564977645874e-01 -6.452611833810806274e-02 9.793940782546997070e-01 3.935057520866394043e-01
3.932847738265991211e+00 -3.108467578887939453e+00 2.075666666030883789e+00 8.465220220386981964e-03 1.619432568550109863e-01 -2.871737778186798096e-01 9.440898299217224121e-01 3.482114970684051514e-01
3.988462209701538086e+00 -3.211683750152587891e+00 2.404601335525512695e+00 8.574847131967544556e-03 1.308888345956802368e-01 2.742418088018894196e-02 9.910176992416381836e-01 3.115420639514923096e-01
3.923372030258178711e+00 -3.300267696380615234e+00 1.505241632461547852e+00 4.109053313732147217e-02 8.843300342559814453e-01 1.195721104741096497e-01 4.512902200222015381e-01 1.292010098695755005e-01
4.106251239776611328e+00 -3.287521362304687500e+00 1.573020100593566895e+00 4.109053313732147217e-02 -1.172005906701087952e-01 3.194651305675506592e-01 9.403223395347595215e-01 1.720863282680511475e-01
4.146538734436035156e+00 -3.285358905792236328e+00 1.735242366790771484e+00 4.109053313732147217e-02 -5.555088818073272705e-02 -5.593254044651985168e-02 9.968879818916320801e-01 2.138608843088150024e-01
4.228628635406494141e+00 -3.006348848342895508e+00 3.277966499328613281e+00 1.492860261350870132e-02 -9.367552995681762695e-01 -2.166433483362197876e-01 2.748730778694152832e-01 2.194081693887710571e-01
4.000999927520751953e+00 -3.045248746871948242e+00 3.330608606338500977e+00 1.492860261350870132e-02 -4.355050325393676758e-01 -8.490630388259887695e-01 2.990440726280212402e-01 1.573662906885147095e-01
3.924758434295654297e+00 -3.160395145416259766e+00 3.409242153167724609e+00 2.051214687526226044e-02 -8.004511147737503052e-02 -8.688139915466308594e-01 4.886256456375122070e-01 1.513057202100753784e-01
4.287834644317626953e+00 -3.070603132247924805e+00 3.373061895370483398e+00 1.579035632312297821e-02 3.441548049449920654e-01 -9.032628536224365234e-01 -2.562688887119293213e-01 1.681266427040100098e-01
4.345695972442626953e+00 -3.222465515136718750e+00 3.329976081848144531e+00 1.579035632312297821e-02 -8.331316113471984863e-01 -4.803503155708312988e-01 -2.741445600986480713e-01 1.555131077766418457e-01
4.459403038024902344e+00 -3.277696371078491211e+00 4.278659343719482422e+00 1.971559599041938782e-02 5.728309154510498047e-01 -7.765364646911621094e-01 2.624040246009826660e-01 1.403674185276031494e-01
4.070014476776123047e+00 -3.642403841018676758e+00 5.946701049804687500e+00 3.858219832181930542e-02 -8.414004445075988770e-01 -1.352461129426956177e-01 5.232148766517639160e-01 8.772718906402587891e-01
3.328519344329833984e+00 -3.752778053283691406e+00 6.405718326568603516e+00 3.858219832181930542e-02 -9.261409640312194824e-01 -3.758385181427001953e-01 -3.175456821918487549e-02 2.451967298984527588e-01
3.083685874938964844e+00 -3.777775526046752930e+00 6.393620014190673828e+00 3.858219832181930542e-02 -9.490145444869995117e-01 -2.620372176170349121e-01 -1.752368062734603882e-01 7.053421437740325928e-02
2.977656364440917969e+00 -3.792527914047241211e+00 6.346962928771972656e+00 3.858219832181930542e-02 -6.520098447799682617e-01 -2.493264526128768921e-01 7.160443067550659180e-01 3.415794968605041504e-01
2.760809421539306641e+00 -3.989478588104248047e+00 6.610267162322998047e+00 3.858219832181930542e-02 -6.770126223564147949e-01 8.684585988521575928e-02 7.308294773101806641e-01 2.684940695762634277e-01
2.532053232192993164e+00 -3.979558467864990234e+00 6.813961982727050781e+00 3.858219832181930542e-02 -1.021072492003440857e-01 7.330704331398010254e-01 6.724447011947631836e-01 3.733539879322052002e-01
2.491218090057373047e+00 -3.713154554367065430e+00 7.073468685150146484e+00 3.858219832181930542e-02 -4.726758003234863281e-01 7.365100979804992676e-01 4.838702976703643799e-01 3.693344295024871826e-01
2.340967893600463867e+00 -3.431753873825073242e+00 7.182007789611816406e+00 3.858219832181930542e-02 -1.615439802408218384e-01 9.839686751365661621e-01 7.555884122848510742e-02 4.515074491500854492e-01
2.253960371017456055e+00 -2.994468688964843750e+00 7.186223506927490234e+00 3.858219832181930542e-02 -5.821399092674255371e-01 8.086284399032592773e-01 8.504818379878997803e-02 1.233588606119155884e-01
2.175443172454833984e+00 -2.909371614456176758e+00 7.257926940917968750e+00 3.858219832181930542e-02 -7.528235912322998047e-01 6.540362238883972168e-01 7.411623001098632812e-02 6.306331753730773926e-01
1.726796746253967285e+00 -2.488452196121215820e+00 7.340565204620361328e+00 3.858219832181930542e-02 -4.698569178581237793e-01 8.721827268600463867e-01 1.361315697431564331e-01 2.014916390180587769e-02
1.739188790321350098e+00 -2.445424795150756836e+00 7.383251190185546875e+00 3.858219832181930542e-02 -6.897219419479370117e-01 7.195227146148681641e-01 -8.105979859828948975e-02 4.395908415317535400e-01
2.554280996322631836e+00 -3.817935705184936523e+00 6.141986846923828125e-01 5.675148591399192810e-02 7.615390419960021973e-01 6.474962830543518066e-01 2.840486355125904083e-02 3.779235184192657471e-01
2.820224523544311523e+00 -3.625112533569335938e+00 6.466720104217529297e-01 5.675148591399192810e-02 -8.077908754348754883e-01 4.823438823223114014e-01 3.388484716415405273e-01 4.477941095829010010e-01
2.441398620605468750e+00 -3.414270162582397461e+00 8.033303618431091309e-01 5.675148591399192810e-02 -1.405190229415893555e-01 8.871675729751586914e-01 4.395316839218139648e-01 2.728798389434814453e-01
2.413471698760986328e+00 -3.170521497726440430e+00 9.418835043907165527e-01 5.675148591399192810e-02 -2.962862551212310791e-01 9.516552686691284180e-01 8.103506267070770264e-02 2.616538405418395996e-01
2.360041379928588867e+00 -3.783443927764892578e+00 9.391098022460937500e-01 5.591939017176628113e-02 -4.984179139137268066e-01 -3.634514212608337402e-01 7.870721817016601562e-01 1.850750446319580078e-01
2.271151781082153320e+00 -3.850900411605834961e+00 1.087369561195373535e+00 5.515278875827789307e-02 -5.139418840408325195e-01 4.937688410282135010e-01 7.014670968055725098e-01 1.976359635591506958e-01
2.176218509674072266e+00 -3.761038780212402344e+00 1.237301349639892578e+00 5.086856707930564880e-02 -6.255502700805664062e-01 4.219486117362976074e-01 6.562364101409912109e-01 2.463168650865554810e-01
2.009894847869873047e+00 -3.670240879058837891e+00 1.399436593055725098e+00 4.392524436116218567e-02 -7.317644357681274414e-01 6.814403533935546875e-01 -1.264430582523345947e-02 1.253874599933624268e-01
1.897757053375244141e+00 -3.555364370346069336e+00 1.465994834899902344e+00 4.588738828897476196e-02 -9.045935273170471191e-01 2.195241302251815796e-01 -3.654035627841949463e-01 1.951036751270294189e-01
1.583633780479431152e+00 -3.615916490554809570e+00 1.356069087982177734e+00 4.286912083625793457e-02 2.337116003036499023e-01 -6.437715291976928711e-01 7.286543250083923340e-01 5.784114450216293335e-02
1.597151994705200195e+00 -3.653152942657470703e+00 1.398215293884277344e+00 4.150122031569480896e-02 -2.472251057624816895e-01 9.659880995750427246e-01 7.580701261758804321e-02 1.876429617404937744e-01
1.576587080955505371e+00 -3.408335685729980469e+00 1.407538056373596191e+00 5.249787122011184692e-02 1.899637728929519653e-01 -1.467121881432831287e-03 9.817900061607360840e-01 1.933381259441375732e-01
1.620565295219421387e+00 -3.396146059036254883e+00 1.585243582725524902e+00 4.083745926618576050e-02 -4.748495221138000488e-01 7.394382953643798828e-01 4.772304892539978027e-01 3.370577692985534668e-01
1.184854745864868164e+00 -3.408413410186767578e+00 1.427270770072937012e+00 3.507975861430168152e-02 1.416322141885757446e-01 -9.787464737892150879e-01 -1.483094245195388794e-01 3.761403858661651611e-01
1.236132144927978516e+00 -3.760949611663818359e+00 1.364198088645935059e+00 3.162142634391784668e-02 8.706778883934020996e-01 -1.122248172760009766e-01 -4.788795113563537598e-01 3.168699741363525391e-01
1.491277813911437988e+00 -3.817920684814453125e+00 1.187930107116699219e+00 2.805275470018386841e-02 8.042216897010803223e-01 -1.102938503026962280e-01 -5.840057730674743652e-01 1.555980145931243896e-01
1.604980826377868652e+00 -3.814034938812255859e+00 1.090211272239685059e+00 2.528845332562923431e-02 7.496379017829895020e-01 2.021004110574722290e-01 -6.302368044853210449e-01 2.533995211124420166e-01
1.815730452537536621e+00 -3.780377388000488281e+00 9.461981654167175293e-01 1.726858131587505341e-02 6.700785756111145020e-01 1.426087915897369385e-01 -7.284623980522155762e-01 1.155748441815376282e-01
1.045267820358276367e+00 -3.200147867202758789e+00 1.435897231101989746e+00 3.507975861430168152e-02 -7.409570813179016113e-01 6.714508533477783203e-01 -1.167691219598054886e-02 4.199086427688598633e-01
7.657900452613830566e-01 -2.907898426055908203e+00 1.446375846862792969e+00 3.293215110898017883e-02 -1.350463777780532837e-01 9.290963411331176758e-01 -3.443000018596649170e-01 1.455400288105010986e-01
7.125666141510009766e-01 -2.748757362365722656e+00 1.352335572242736816e+00 2.769760042428970337e-02 -7.923099398612976074e-01 -5.170464515686035156e-01 3.238948881626129150e-01 2.682184278964996338e-01
4.821572005748748779e-01 -2.857708930969238281e+00 1.418051242828369141e+00 1.914541237056255341e-02 -8.786468505859375000e-01 -2.318907976150512695e-01 4.173803925514221191e-01 1.592998653650283813e-01
3.386807143688201904e-01 -2.910101890563964844e+00 1.504599452018737793e+00 1.260480470955371857e-02 -8.810935020446777344e-01 -2.874731719493865967e-01 -3.755441904067993164e-01 1.413541138172149658e-01
1.054955124855041504e+00 -3.260312080383300781e+00 1.484934806823730469e+00 3.507975861430168152e-02 -3.197637200355529785e-01 4.436730593442916870e-02 9.464579820632934570e-01 7.042071968317031860e-02
1.030158877372741699e+00 -3.246547698974609375e+00 1.553836464881896973e+00 3.491566330194473267e-02 -7.984991073608398438e-01 -2.833641469478607178e-01 5.311346054077148438e-01 1.253483593463897705e-01
9.181511998176574707e-01 -3.286064386367797852e+00 1.611496686935424805e+00 3.456901386380195618e-02 -6.340557336807250977e-01 3.202050328254699707e-01 7.038764953613281250e-01 1.221737340092658997e-01
8.515372872352600098e-01 -3.228822708129882812e+00 1.722686886787414551e+00 3.299461677670478821e-02 -9.326998591423034668e-01 6.537111103534698486e-02 3.546795547008514404e-01 2.147431671619415283e-01
6.358921527862548828e-01 -3.208773612976074219e+00 1.767112612724304199e+00 2.966129779815673828e-02 -9.030737280845642090e-01 -6.566800922155380249e-02 4.244355559349060059e-01 3.770874440670013428e-01
3.027648925781250000e-01 -3.246356248855590820e+00 1.966452956199645996e+00 2.481124550104141235e-02 -9.822344779968261719e-01 6.963740102946758270e-03 1.875283569097518921e-01 2.289045900106430054e-01
7.362935692071914673e-02 -3.264568090438842773e+00 1.996903538703918457e+00 1.685201004147529602e-02 -9.833743572235107422e-01 1.423982530832290649e-01 1.126838177442550659e-01 3.125355839729309082e-01
9.470115303993225098e-01 -3.024559974670410156e+00 1.512627840042114258e+00 4.749402031302452087e-02 2.795776128768920898e-01 5.261797085404396057e-02 9.586802124977111816e-01 6.994275748729705811e-02
9.665659666061401367e-01 -3.020879745483398438e+00 1.579680562019348145e+00 4.711376130580902100e-02 -9.893245697021484375e-01 2.209502644836902618e-02 1.440442055463790894e-01 7.596776634454727173e-02
8.846367597579956055e-01 -3.038198947906494141e+00 1.539201498031616211e+00 4.443271085619926453e-02 -7.970030307769775391e-01 -5.248445868492126465e-01 2.988717555999755859e-01 2.136694490909576416e-01
6.495787501335144043e-01 -3.166938781738281250e+00 1.620699644088745117e+00 3.200574219226837158e-02 -3.364325463771820068e-01 8.191955089569091797e-01 -4.644693732261657715e-01 2.339029163122177124e-01
5.686409473419189453e-01 -2.989920377731323242e+00 1.532996773719787598e+00 2.006799541413784027e-02 -9.699524044990539551e-01 -1.381222009658813477e-01 -2.002862095832824707e-01 1.559687852859497070e-01
9.442434906959533691e-01 -2.951513528823852539e+00 1.503787398338317871e+00 4.749402031302452087e-02 9.918388128280639648e-01 1.272023022174835205e-01 8.682960644364356995e-03 1.760557889938354492e-01
1.181222796440124512e+00 -2.924995183944702148e+00 1.555536508560180664e+00 4.742917418479919434e-02 6.027391552925109863e-01 2.213659882545471191e-01 -7.666176557540893555e-01 1.341928541660308838e-01
1.222244143486022949e+00 -2.902479410171508789e+00 1.375513076782226562e+00 4.720256850123405457e-02 8.064007759094238281e-01 -4.581134915351867676e-01 -3.739649057388305664e-01 2.997710704803466797e-01
1.458757758140563965e+00 -3.017841339111328125e+00 1.254569649696350098e+00 4.707187786698341370e-02 9.410561323165893555e-01 2.922411262989044189e-01 1.703186482191085815e-01 1.975205987691879272e-01
1.681633710861206055e+00 -2.958208560943603516e+00 1.218890070915222168e+00 4.617857187986373901e-02 7.723523974418640137e-01 4.718734323978424072e-01 4.252143502235412598e-01 1.769111603498458862e-01
1.830734848976135254e+00 -2.850136995315551758e+00 1.366171360015869141e+00 4.599432647228240967e-02 9.049420952796936035e-01 3.296888172626495361e-01 -2.690447866916656494e-01 1.586526930332183838e-01
1.975771665573120117e+00 -2.796153068542480469e+00 1.327283978462219238e+00 4.527266696095466614e-02 7.330242395401000977e-01 4.708493053913116455e-01 -4.908934533596038818e-01 2.217603176832199097e-01
2.145930290222167969e+00 -2.685918092727661133e+00 1.194034695625305176e+00 4.318022355437278748e-02 9.531177282333374023e-01 2.012600935995578766e-02 3.019296824932098389e-01 1.219954192638397217e-01
2.288884878158569336e+00 -2.787145614624023438e+00 1.223056316375732422e+00 4.330526292324066162e-02 6.239203810691833496e-01 1.021614745259284973e-01 7.747815251350402832e-01 1.556133031845092773e-01
2.448749065399169922e+00 -2.927294731140136719e+00 1.427398800849914551e+00 4.187364876270294189e-02 4.542226195335388184e-01 -2.726209163665771484e-01 -8.481507301330566406e-01 1.187018454074859619e-01
2.539386987686157227e+00 -2.976976633071899414e+00 1.415550947189331055e+00 4.040130227804183960e-02 6.598832011222839355e-01 -6.378230452537536621e-01 -3.971597850322723389e-01 3.888768851757049561e-01
2.787835359573364258e+00 -3.235301017761230469e+00 1.270015478134155273e+00 3.603979572653770447e-02 4.276980161666870117e-01 -7.613471746444702148e-01 -4.872626364231109619e-01 1.091742217540740967e-01
2.838293790817260742e+00 -3.339103221893310547e+00 1.235330104827880859e+00 3.603979572653770447e-02 9.657466411590576172e-01 -5.177781730890274048e-02 -2.542684078216552734e-01 6.539166718721389771e-02
5.567491054534912109e-01 -2.543315649032592773e+00 1.866757512092590332e+00 3.511977568268775940e-02 -8.099341988563537598e-01 -5.463425517082214355e-01 2.133456766605377197e-01 1.758992969989776611e-01
4.048413336277008057e-01 -2.609347343444824219e+00 1.911629080772399902e+00 3.388458862900733948e-02 -9.023665785789489746e-01 -3.460536897182464600e-01 2.568684220314025879e-01 1.871175915002822876e-01
2.329231351613998413e-01 -2.659843206405639648e+00 1.993390560150146484e+00 3.097417578101158142e-02 -9.508653879165649414e-01 -3.065900802612304688e-01 4.309866577386856079e-02 2.199968248605728149e-01
-4.119560122489929199e-02 -2.714502096176147461e+00 2.088731050491333008e+00 2.609448693692684174e-02 -7.979881763458251953e-01 -5.614457651972770691e-03 -6.026470065116882324e-01 1.663710176944732666e-01
-1.256800442934036255e-01 -2.683177471160888672e+00 1.977791428565979004e+00 1.566903106868267059e-02 2.654508650302886963e-01 -6.368468403816223145e-01 -7.238521575927734375e-01 3.339239358901977539e-01
3.417848587036132812e+00 -3.258681774139404297e+00 5.105148553848266602e-01 3.888790961354970932e-03 7.816296219825744629e-01 -5.902687311172485352e-01 -2.015886902809143066e-01 5.855919793248176575e-02
3.100715160369873047e+00 -3.118035316467285156e+00 4.838646054267883301e-01 1.509022247046232224e-02 2.078541964292526245e-01 5.016618371009826660e-01 8.397213816642761230e-01 3.875080347061157227e-01
3.193854093551635742e+00 -2.921259880065917969e+00 8.090656995773315430e-01 1.527127344161272049e-02 -5.812660977244377136e-02 3.845346271991729736e-01 9.212787151336669922e-01 1.657023131847381592e-01
2.959113836288452148e+00 -3.536525726318359375e+00 6.586810946464538574e-01 2.751856297254562378e-02 1.407462358474731445e-01 1.624595671892166138e-01 9.766255021095275879e-01 3.266341686248779297e-01
1.963982582092285156e+00 -3.544005870819091797e+00 1.465815067291259766e+00 1.446810178458690643e-02 8.622661232948303223e-01 -4.558460321277379990e-03 -5.064349770545959473e-01 4.415457844734191895e-01
2.312790870666503906e+00 -3.540939331054687500e+00 1.228981733322143555e+00 1.446810178458690643e-02 2.586815059185028076e-01 -5.097303390502929688e-01 -8.205235004425048828e-01 2.747385799884796143e-01
1.554758071899414062e+00 -3.252371072769165039e+00 1.709171056747436523e+00 6.412493530660867691e-03 -9.622353315353393555e-01 -1.980865448713302612e-01 -1.867213398218154907e-01 2.753610908985137939e-01
7.832941412925720215e-01 -2.847743988037109375e+00 1.403905868530273438e+00 1.094207353889942169e-02 8.035584092140197754e-01 -5.128171667456626892e-02 -5.930127501487731934e-01 1.005728691816329956e-01
8.615571856498718262e-01 -2.856554508209228516e+00 1.352072119712829590e+00 1.094207353889942169e-02 5.710738897323608398e-01 6.558872461318969727e-01 4.936461448669433594e-01 9.834956377744674683e-02
9.362272024154663086e-01 -2.785510301589965820e+00 1.373379111289978027e+00 6.584329996258020401e-03 3.803228139877319336e-01 8.068858981132507324e-01 4.519841670989990234e-01 2.351584285497665405e-01
2.969897985458374023e-01 -2.912212371826171875e+00 1.495057225227355957e+00 2.499999944120645523e-03 -5.626043677330017090e-01 7.196767330169677734e-01 4.068682193756103516e-01 9.571136534214019775e-02
2.525319457054138184e-01 -2.908224821090698242e+00 1.517638564109802246e+00 2.499999944120645523e-03 -5.852705240249633789e-01 -2.768271863460540771e-01 7.621188163757324219e-01 2.339829951524734497e-01
2.963303625583648682e-01 -3.263076305389404297e+00 1.924668073654174805e+00 4.879347514361143112e-03 -9.621976315975189209e-02 -9.953152537345886230e-01 9.448429569602012634e-03 2.343281954526901245e-01
2.758206725120544434e-01 -3.493781089782714844e+00 1.924858450889587402e+00 6.957588251680135727e-03 4.302830696105957031e-01 -7.498050332069396973e-01 -5.026418566703796387e-01 2.481259852647781372e-01
-2.041593790054321289e-01 -3.251270294189453125e+00 2.039495706558227539e+00 6.148166581988334656e-02 6.138222217559814453e-01 -5.532320737838745117e-01 -5.631665587425231934e-01 4.369657039642333984e-01
4.375022649765014648e-02 -3.551693677902221680e+00 1.746971249580383301e+00 6.148166581988334656e-02 9.099781513214111328e-01 1.304853055626153946e-02 -4.144508540630340576e-01 7.534393072128295898e-01
7.418652772903442383e-01 -3.553268671035766602e+00 1.457955718040466309e+00 6.148166581988334656e-02 8.999178409576416016e-01 2.248572260141372681e-01 -3.736135363578796387e-01 1.783104240894317627e-01
9.032355546951293945e-01 -3.502669095993041992e+00 1.400388956069946289e+00 6.148166581988334656e-02 9.134925007820129395e-01 2.175332754850387573e-01 -3.438179194927215576e-01 7.108292728662490845e-02
9.820261001586914062e-01 -3.463986873626708984e+00 1.418864965438842773e+00 6.148166581988334656e-02 5.018228292465209961e-01 6.825466752052307129e-01 -5.313227772712707520e-01 1.715821325778961182e-01
1.730184793472290039e+00 -2.880178451538085938e+00 1.234584093093872070e+00 4.386964440345764160e-02 -2.341910749673843384e-01 9.002661705017089844e-01 -3.669813573360443115e-01 1.402925252914428711e-01
1.703518033027648926e+00 -2.739644289016723633e+00 1.175964117050170898e+00 4.125719889998435974e-02 -3.487743139266967773e-01 5.367667675018310547e-01 7.682694196701049805e-01 4.299917221069335938e-01
1.618507862091064453e+00 -2.549700736999511719e+00 1.578728199005126953e+00 3.386456891894340515e-02 -6.623522043228149414e-01 2.175328582525253296e-01 7.169163227081298828e-01 1.841801553964614868e-01
1.514803409576416016e+00 -2.523581504821777344e+00 1.742114424705505371e+00 2.817838639020919800e-02 -4.443605244159698486e-01 6.930705308914184570e-01 5.676239728927612305e-01 3.203508257865905762e-01
1.316477894783020020e+00 -2.319703340530395508e+00 1.928844809532165527e+00 2.205841243267059326e-02 2.366235405206680298e-01 -8.544961214065551758e-01 -4.624345600605010986e-01 1.283281445503234863e-01
1.345537185668945312e+00 -2.427214145660400391e+00 1.863123893737792969e+00 8.836755529046058655e-03 9.778422713279724121e-01 1.441831588745117188e-01 -1.517750769853591919e-01 1.644801944494247437e-01
1.782704472541809082e+00 -2.949409484863281250e+00 1.251038074493408203e+00 4.386964440345764160e-02 6.121066212654113770e-01 -7.719556093215942383e-01 -1.714933663606643677e-01 3.258014470338821411e-02
1.811177372932434082e+00 -2.977238416671752930e+00 1.244088649749755859e+00 4.358572512865066528e-02 -3.582548350095748901e-02 3.599790334701538086e-01 -9.322723150253295898e-01 9.309744089841842651e-02
1.807929039001464844e+00 -2.961681604385375977e+00 1.137355089187622070e+00 3.951820358633995056e-02 -1.584352701902389526e-01 7.334001660346984863e-01 -6.610767245292663574e-01 2.706274390220642090e-01
1.716457486152648926e+00 -2.779334545135498047e+00 8.845376968383789062e-01 3.062252886593341827e-02 -2.151934430003166199e-02 9.796295762062072754e-01 -1.996566504240036011e-01 3.526398539543151855e-01
1.703190445899963379e+00 -2.426640748977661133e+00 7.806207537651062012e-01 1.967565156519412994e-02 4.138160049915313721e-01 9.017869234085083008e-01 1.246459335088729858e-01 2.003081440925598145e-01
2.056148290634155273e+00 -2.745961666107177734e+00 1.325841069221496582e+00 4.300903156399726868e-02 5.106426477432250977e-01 2.964741587638854980e-01 8.070607781410217285e-01 1.071137040853500366e-01
2.102827072143554688e+00 -2.714741706848144531e+00 1.400196194648742676e+00 4.225841537117958069e-02 -3.946387395262718201e-02 9.990560412406921387e-01 -1.815517805516719818e-02 1.468325704336166382e-01
2.139364004135131836e+00 -2.556316375732421875e+00 1.390376210212707520e+00 3.799125179648399353e-02 -9.344297647476196289e-02 7.420180439949035645e-01 6.638355255126953125e-01 2.055763900279998779e-01
2.054185867309570312e+00 -2.429809570312500000e+00 1.552762269973754883e+00 2.991620451211929321e-02 -4.426565170288085938e-01 8.560964465141296387e-01 -2.667471766471862793e-01 3.143805265426635742e-01
1.850926756858825684e+00 -2.163489580154418945e+00 1.517481088638305664e+00 1.643393561244010925e-02 -3.223428726196289062e-01 -8.200322389602661133e-01 -4.729082286357879639e-01 1.269207149744033813e-01
2.162997484207153320e+00 -2.721479654312133789e+00 1.177246332168579102e+00 1.220869459211826324e-02 1.162735894322395325e-01 -9.353341460227966309e-01 -3.341115415096282959e-01 3.919351994991302490e-01
2.363230705261230469e+00 -2.643753767013549805e+00 1.252351641654968262e+00 7.325216662138700485e-03 9.982013106346130371e-01 -3.113513439893722534e-02 5.123242363333702087e-02 2.577801644802093506e-01
2.791223049163818359e+00 -3.306789159774780273e+00 1.227105498313903809e+00 1.222778763622045517e-02 -8.160033822059631348e-01 5.601872205734252930e-01 -1.425788998603820801e-01 1.533320546150207520e-01
2.651859521865844727e+00 -3.255340337753295898e+00 1.214239001274108887e+00 1.222778763622045517e-02 -8.701913952827453613e-01 4.249602556228637695e-01 2.493505626916885376e-01 1.191217750310897827e-01
2.527186632156372070e+00 -3.204324245452880859e+00 1.235569119453430176e+00 1.004203781485557556e-02 1.542750000953674316e-01 9.263607263565063477e-01 -3.435914218425750732e-01 1.265868693590164185e-01
1.284540891647338867e-01 -3.610374450683593750e+00 1.693507790565490723e+00 1.004084292799234390e-02 1.571951210498809814e-01 -9.696094393730163574e-01 1.874758303165435791e-01 1.174259111285209656e-01
1.785272806882858276e-01 -3.716811180114746094e+00 1.719722390174865723e+00 1.004084292799234390e-02 1.900989562273025513e-01 -9.500302076339721680e-01 2.475984692573547363e-01 2.866733968257904053e-01
2.584282159805297852e-01 -3.996857881546020508e+00 1.793912053108215332e+00 1.315684244036674500e-02 2.923451066017150879e-01 6.876612305641174316e-01 -6.645722985267639160e-01 1.147797703742980957e-01
6.002103686332702637e-01 -3.526544809341430664e+00 1.471807241439819336e+00 2.844863198697566986e-02 8.974044919013977051e-01 -3.139174580574035645e-01 3.100338280200958252e-01 3.020206987857818604e-01
8.751252889633178711e-01 -3.681126356124877930e+00 1.631120920181274414e+00 2.844863198697566986e-02 -8.334167599678039551e-01 3.833227753639221191e-01 3.980956375598907471e-01 2.875995934009552002e-01
6.468502879142761230e-01 -3.592591047286987305e+00 1.772027254104614258e+00 2.346733212471008301e-02 -7.510512471199035645e-01 3.126477599143981934e-01 5.815267562866210938e-01 1.465513557195663452e-01
1.808974862098693848e+00 -3.012418508529663086e+00 1.214285016059875488e+00 1.478801388293504715e-02 -3.754392638802528381e-02 -9.375341534614562988e-01 -3.458614945411682129e-01 1.397593915462493896e-01
1.804716110229492188e+00 -3.149242401123046875e+00 1.198875427246093750e+00 1.478801388293504715e-02 9.618538618087768555e-01 2.728922665119171143e-01 1.915527135133743286e-02 1.013977378606796265e-01
1.896867513656616211e+00 -3.088687181472778320e+00 1.229830622673034668e+00 2.499999944120645523e-03 9.805667996406555176e-01 1.927274018526077271e-01 -3.667296469211578369e-02 2.794828414916992188e-01
-1.570382952690124512e+00 5.208544731140136719e+00 2.821660367771983147e-03 5.948788300156593323e-02 2.337398007512092590e-02 -5.494939088821411133e-01 8.351706862449645996e-01 1.845095753669738770e-01
-1.528723955154418945e+00 4.893030643463134766e+00 2.392107546329498291e-01 7.586690038442611694e-02 -3.021981120109558105e-01 2.955820858478546143e-01 9.062601923942565918e-01 5.229935050010681152e-01
-1.640255808830261230e+00 5.115400314331054688e+00 6.597600579261779785e-01 6.314915418624877930e-02 -1.039355620741844177e-01 6.586486101150512695e-01 7.452378273010253906e-01 4.054260626435279846e-02
-1.624403119087219238e+00 5.124384403228759766e+00 7.187078595161437988e-01 4.995807632803916931e-02 -7.810852676630020142e-02 8.232832551002502441e-01 5.622310042381286621e-01 1.173019707202911377e-01
-1.495405554771423340e+00 4.966526508331298828e+00 2.934412956237792969e-01 6.881026923656463623e-02 6.895565390586853027e-01 6.377249360084533691e-01 3.432473838329315186e-01 5.419579744338989258e-01
-1.114503383636474609e+00 5.264474391937255859e+00 4.406794011592864990e-01 6.881026923656463623e-02 9.678793549537658691e-01 2.295137047767639160e-01 -1.026306971907615662e-01 1.978398412466049194e-01
-9.644782543182373047e-01 5.407954216003417969e+00 4.251197278499603271e-01 6.881026923656463623e-02 8.620861768722534180e-01 3.465576171875000000e-01 3.697367310523986816e-01 2.636186480522155762e-01
-7.559878230094909668e-01 5.475351810455322266e+00 6.433240175247192383e-01 6.881026923656463623e-02 8.661853671073913574e-01 -4.984424114227294922e-01 3.575034439563751221e-02 1.238373070955276489e-01
-6.806471943855285645e-01 5.400054931640625000e+00 6.663921475410461426e-01 6.881026923656463623e-02 5.407721996307373047e-01 -7.505893707275390625e-01 3.797118067741394043e-01 8.671294152736663818e-02
-5.735900998115539551e-01 5.321803092956542969e+00 7.258987426757812500e-01 7.130483537912368774e-02 2.690880298614501953e-01 -4.688325524330139160e-01 -8.413011431694030762e-01 1.039657890796661377e-01
-5.163142085075378418e-01 5.266446590423583984e+00 6.671143770217895508e-01 6.881026923656463623e-02 6.134395673871040344e-02 -9.570510387420654297e-01 -2.833553254604339600e-01 9.619135409593582153e-02
-5.972448587417602539e-01 5.158366203308105469e+00 6.534143090248107910e-01 6.881026923656463623e-02 1.240508705377578735e-01 -9.403674006462097168e-01 -3.167341053485870361e-01 1.077111601829528809e+00
-1.665589332580566406e+00 4.934729576110839844e+00 6.004441976547241211e-01 5.091912671923637390e-02 -1.555882841348648071e-01 -9.116042256355285645e-01 3.804866075515747070e-01 1.532112061977386475e-01
-1.684354543685913086e+00 4.804563045501708984e+00 6.627481579780578613e-01 5.091338604688644409e-02 -8.093100190162658691e-01 1.988595575094223022e-01 5.526953935623168945e-01 2.423048764467239380e-01
-1.847410559654235840e+00 4.820883274078369141e+00 8.346807956695556641e-01 4.889229685068130493e-02 -2.378328740596771240e-01 6.326084733009338379e-01 7.370495796203613281e-01 3.052822649478912354e-01
-1.934875249862670898e+00 5.003057003021240234e+00 1.099300861358642578e+00 3.620813041925430298e-02 5.787867307662963867e-01 7.039265632629394531e-01 4.116956889629364014e-01 2.584001719951629639e-01
-1.758212208747863770e+00 5.197410583496093750e+00 1.200719237327575684e+00 3.975188359618186951e-02 2.996352910995483398e-01 -2.897004485130310059e-01 9.090062379837036133e-01 1.842203140258789062e-01
-1.702481150627136230e+00 5.115966320037841797e+00 1.377516627311706543e+00 3.913528099656105042e-02 4.044484347105026245e-02 3.160969316959381104e-01 9.478644132614135742e-01 1.562960743904113770e-01
-1.646904230117797852e+00 5.178858280181884766e+00 1.513224005699157715e+00 4.201149940490722656e-02 1.975358426570892334e-01 1.692114621400833130e-01 9.655811786651611328e-01 1.711292415857315063e-01
-1.605007767677307129e+00 5.215138912200927734e+00 1.678454995155334473e+00 3.527969121932983398e-02 2.807556092739105225e-01 -3.091955184936523438e-01 9.086112380027770996e-01 1.581650674343109131e-01
-1.546194791793823242e+00 5.137023925781250000e+00 1.848198056221008301e+00 4.436840489506721497e-02 -3.422661125659942627e-01 5.253986716270446777e-01 7.789801955223083496e-01 1.275895982980728149e-01
-1.584307670593261719e+00 5.231569290161132812e+00 1.952229380607604980e+00 3.690655902028083801e-02 2.765143811702728271e-01 -2.139276117086410522e-01 9.368963241577148438e-01 9.827959537506103516e-02
-1.585541486740112305e+00 5.215472698211669922e+00 2.044512748718261719e+00 4.378582537174224854e-02 -7.196278870105743408e-02 -4.519871175289154053e-01 8.891170024871826172e-01 9.346748888492584229e-02
-1.594035983085632324e+00 5.097055435180664062e+00 2.204881668090820312e+00 3.513757139444351196e-02 -7.536509037017822266e-01 4.766085743904113770e-01 4.526086747646331787e-01 1.261408478021621704e-01
-1.706127643585205078e+00 5.179733753204345703e+00 2.239047765731811523e+00 4.691125079989433289e-02 -7.795657515525817871e-01 4.642855748534202576e-02 6.245971322059631348e-01 2.537061870098114014e-01
-1.894619345664978027e+00 5.192303657531738281e+00 2.414053440093994141e+00 4.674882441759109497e-02 -8.530016541481018066e-01 -1.853952407836914062e-01 4.878696501255035400e-01 3.864896893501281738e-01
-2.250891685485839844e+00 5.130672931671142578e+00 2.588115692138671875e+00 4.731526598334312439e-02 -5.420024991035461426e-01 -3.068501651287078857e-01 7.823530435562133789e-01 8.740705996751785278e-02
-2.343856811523437500e+00 5.122879028320312500e+00 2.711909294128417969e+00 4.936610162258148193e-02 -6.881787180900573730e-01 -6.369012594223022461e-01 -3.475151658058166504e-01 1.977376490831375122e-01
-2.549775838851928711e+00 4.976595878601074219e+00 2.660075187683105469e+00 4.775146022439002991e-02 -2.453153729438781738e-01 9.591389894485473633e-01 1.409708857536315918e-01 2.175503075122833252e-01
-2.623263120651245117e+00 5.222755432128906250e+00 2.678645372390747070e+00 5.177240446209907532e-02 -8.052846789360046387e-01 -2.601682245731353760e-01 5.327561497688293457e-01 4.019079506397247314e-01
-2.960204601287841797e+00 5.151854515075683594e+00 2.902974367141723633e+00 5.182748660445213318e-02 -7.328298687934875488e-01 -4.453691542148590088e-01 5.143993496894836426e-01 9.679640829563140869e-02
-3.043437719345092773e+00 5.129353523254394531e+00 2.961836338043212891e+00 4.765212908387184143e-02 -8.475897908210754395e-01 -3.192054629325866699e-01 -4.239096641540527344e-01 7.790359854698181152e-02
-3.152639865875244141e+00 5.111941337585449219e+00 2.886015892028808594e+00 4.729654639959335327e-02 -7.020703554153442383e-01 -2.600335776805877686e-01 6.629326939582824707e-01 3.690130710601806641e-01
-3.392653465270996094e+00 5.042676925659179688e+00 3.136698961257934570e+00 3.797388821840286255e-02 -4.460440576076507568e-01 1.173118054866790771e-01 8.872894644737243652e-01 5.966030806303024292e-02
-3.447757005691528320e+00 5.060484409332275391e+00 3.181523084640502930e+00 3.405068442225456238e-02 -1.733965873718261719e-01 2.565355598926544189e-01 9.508538842201232910e-01 1.181459575891494751e-01
-3.428655862808227539e+00 5.056139469146728516e+00 3.326467275619506836e+00 5.013885721564292908e-02 -3.351674079895019531e-01 4.135910272598266602e-01 8.465254306793212891e-01 1.226760223507881165e-01
-3.480921983718872070e+00 5.100224018096923828e+00 3.427821397781372070e+00 3.932821750640869141e-02 -5.124377012252807617e-01 6.469957232475280762e-01 5.646274089813232422e-01 1.239471584558486938e-01
-3.538001775741577148e+00 5.167864322662353516e+00 3.513020038604736328e+00 3.705728426575660706e-02 6.393732428550720215e-01 7.036002874374389648e-01 3.100782632827758789e-01 6.136541813611984253e-02
-3.530947685241699219e+00 5.285710334777832031e+00 3.522978782653808594e+00 4.346640408039093018e-02 4.090357720851898193e-01 2.817093133926391602e-01 8.679456114768981934e-01 4.129069745540618896e-01
-3.367254972457885742e+00 5.388080596923828125e+00 3.878488779067993164e+00 4.428431391716003418e-02 -8.182800561189651489e-02 -1.715385466814041138e-01 9.817732572555541992e-01 2.471279799938201904e-01
-3.380978107452392578e+00 5.365226268768310547e+00 4.109443664550781250e+00 4.675533249974250793e-02 3.686492443084716797e-01 3.831948935985565186e-01 8.469116687774658203e-01 6.140527874231338501e-02
-3.378137588500976562e+00 5.400567054748535156e+00 4.151325225830078125e+00 3.329171985387802124e-02 3.562175631523132324e-01 8.759367465972900391e-01 3.253364861011505127e-01 1.800089478492736816e-01
-3.310701131820678711e+00 5.585539817810058594e+00 4.166388034820556641e+00 3.550850600004196167e-02 -3.112693428993225098e-01 8.154624700546264648e-01 4.879880249500274658e-01 2.346371710300445557e-01
-3.370487451553344727e+00 5.797555923461914062e+00 4.289087295532226562e+00 4.837600141763687134e-02 -7.962254881858825684e-01 3.023896515369415283e-01 5.240090489387512207e-01 9.545382857322692871e-02
-3.426412820816040039e+00 5.787051200866699219e+00 4.350362777709960938e+00 4.584896191954612732e-02 -5.318123698234558105e-01 -2.921500615775585175e-02 8.463581204414367676e-01 3.336459994316101074e-01
-3.595286607742309570e+00 5.802888870239257812e+00 4.640594482421875000e+00 4.739977791905403137e-02 -6.417589187622070312e-01 -2.035502344369888306e-02 7.666362524032592773e-01 8.548563718795776367e-02
-3.683670282363891602e+00 5.837603092193603516e+00 4.705609321594238281e+00 5.299922078847885132e-02 -2.648471593856811523e-01 -2.301431298255920410e-01 9.364241361618041992e-01 1.680399626493453979e-01
-3.735205411911010742e+00 5.783401966094970703e+00 4.886151790618896484e+00 4.978067427873611450e-02 7.538205385208129883e-01 4.169752299785614014e-01 5.078250169754028320e-01 1.017542481422424316e-01
-1.251101374626159668e+00 5.105377674102783203e+00 4.205186963081359863e-01 6.536975502967834473e-02 6.084473729133605957e-01 -6.956735849380493164e-01 3.818770647048950195e-01 1.540213823318481445e-01
-1.182988643646240234e+00 4.989639282226562500e+00 4.789772033691406250e-01 6.536975502967834473e-02 -4.420696198940277100e-02 9.020808339118957520e-02 9.949413537979125977e-01 2.323365062475204468e-01
-1.251901626586914062e+00 4.995249748229980469e+00 6.907921433448791504e-01 2.782452292740345001e-02 -3.715390563011169434e-01 3.218949139118194580e-01 8.708285689353942871e-01 1.023127213120460510e-01
-1.282753944396972656e+00 5.019326210021972656e+00 7.851302027702331543e-01 1.993588730692863464e-02 -5.193789005279541016e-01 8.335777372121810913e-02 8.504687547683715820e-01 1.485065668821334839e-01
-1.258142828941345215e+00 5.245178222656250000e+00 4.830238819122314453e-01 4.254609346389770508e-02 -8.250045776367187500e-01 4.407768324017524719e-02 5.634044408798217773e-01 1.416084170341491699e-01
-1.377997994422912598e+00 5.251463413238525391e+00 5.606621503829956055e-01 3.830644115805625916e-02 4.823985397815704346e-01 5.647788643836975098e-01 -6.695643663406372070e-01 1.482739001512527466e-01
-1.315783619880676270e+00 5.365329265594482422e+00 4.438220262527465820e-01 2.985043637454509735e-02 3.542226552963256836e-01 -3.868313729763031006e-01 -8.514034152030944824e-01 1.948434412479400635e-01
-6.597924828529357910e-01 5.473292350769042969e+00 5.953105092048645020e-01 4.467132315039634705e-02 3.359232842922210693e-01 -6.797456145286560059e-01 -6.519980430603027344e-01 2.195461839437484741e-01
-1.926922440528869629e+00 4.900602340698242188e+00 9.695000648498535156e-01 4.277889057993888855e-02 -9.446296691894531250e-01 3.277089595794677734e-01 -1.678183116018772125e-02 1.964751780033111572e-01
-2.123975276947021484e+00 4.948220252990722656e+00 9.647456407546997070e-01 4.600286856293678284e-02 -5.655138492584228516e-01 3.203231096267700195e-01 7.599915862083435059e-01 1.017609164118766785e-01
-2.211012601852416992e+00 4.989747047424316406e+00 1.018661260604858398e+00 4.532645270228385925e-02 -2.494432777166366577e-01 7.577471733093261719e-01 6.029902696609497070e-01 1.509460955858230591e-01
-2.243684768676757812e+00 5.113624095916748047e+00 1.111176013946533203e+00 4.060471802949905396e-02 6.113583445549011230e-01 -1.999978721141815186e-01 -7.656643390655517578e-01 6.749895215034484863e-02
-2.341208696365356445e+00 5.127493858337402344e+00 1.114377737045288086e+00 4.110020026564598083e-02 3.217665851116180420e-01 8.665323257446289062e-01 3.815599083900451660e-01 1.910118162631988525e-01
-2.395564556121826172e+00 5.259801864624023438e+00 1.168092846870422363e+00 3.981781378388404846e-02 -3.140796422958374023e-01 8.028913140296936035e-01 5.066750049591064453e-01 2.633464336395263672e-01
-2.462691545486450195e+00 5.508147716522216797e+00 1.274565458297729492e+00 3.413242846727371216e-02 -9.255517721176147461e-01 3.782278895378112793e-01 -1.725122891366481781e-02 3.087985813617706299e-01
-2.701691150665283203e+00 5.634690284729003906e+00 1.260246634483337402e+00 2.943338826298713684e-02 6.022894382476806641e-02 5.050509572029113770e-01 8.609855175018310547e-01 1.425889283418655396e-01
-2.695072174072265625e+00 5.723083972930908203e+00 1.372382760047912598e+00 2.093210816383361816e-02 2.174277305603027344e-01 5.496559143066406250e-01 8.065999746322631836e-01 7.848629355430603027e-02
-1.898312568664550781e+00 4.882844924926757812e+00 7.596902847290039062e-01 6.333867553621530533e-03 -4.495149552822113037e-01 7.101034522056579590e-01 5.419312119483947754e-01 3.081777095794677734e-01
-2.079440116882324219e+00 5.158146381378173828e+00 8.684289455413818359e-01 8.594705723226070404e-03 8.383731842041015625e-01 5.372241139411926270e-01 -9.230734407901763916e-02 8.996424078941345215e-02
-1.997286558151245117e+00 5.212179183959960938e+00 8.731120824813842773e-01 7.268081419169902802e-03 8.330902457237243652e-01 -5.131911039352416992e-01 -2.063868790864944458e-01 1.645429879426956177e-01
-1.822950124740600586e+00 5.188771247863769531e+00 1.215820193290710449e+00 1.554418262094259262e-02 -3.965401947498321533e-01 6.979749798774719238e-01 5.963109731674194336e-01 7.934597879648208618e-02
-1.839268565177917480e+00 5.250417709350585938e+00 1.252876996994018555e+00 1.554418262094259262e-02 -2.720544040203094482e-01 9.460297226905822754e-01 1.761082708835601807e-01 9.278852492570877075e-02
-1.858809947967529297e+00 5.327341556549072266e+00 1.279564976692199707e+00 9.999999776482582092e-03 -5.912736654281616211e-01 3.716054856777191162e-01 7.157546877861022949e-01 2.434726208448410034e-01
-1.621101737022399902e+00 5.283076286315917969e+00 1.520929574966430664e+00 7.366089150309562683e-03 5.846039652824401855e-01 7.999166250228881836e-01 1.355418115854263306e-01 4.357196688652038574e-01
-1.318431496620178223e+00 5.598243713378906250e+00 1.532258629798889160e+00 1.097240392118692398e-02 7.080084681510925293e-01 6.607589125633239746e-01 2.492423057556152344e-01 1.173310354351997375e-01
-1.583944320678710938e+00 5.160123348236083984e+00 1.730694413185119629e+00 5.103642866015434265e-02 2.568460702896118164e-01 -5.012415051460266113e-01 8.263092637062072754e-01 2.321099042892456055e-01
-1.496206521987915039e+00 5.032325267791748047e+00 1.913900375366210938e+00 5.103642866015434265e-02 5.145700648427009583e-02 -5.151624083518981934e-01 8.555465340614318848e-01 3.380257487297058105e-01
-1.475115895271301270e+00 4.874634265899658203e+00 2.210592508316040039e+00 5.103642866015434265e-02 2.990241348743438721e-01 -4.505629837512969971e-01 8.411763310432434082e-01 8.723106980323791504e-02
-1.429150223731994629e+00 4.837780952453613281e+00 2.282217741012573242e+00 5.103642866015434265e-02 1.109723001718521118e-01 -2.053751945495605469e-01 9.723713994026184082e-01 8.513459563255310059e-02
-1.418671607971191406e+00 4.823654174804687500e+00 2.367567777633666992e+00 5.103642866015434265e-02 4.042166471481323242e-02 -6.147445440292358398e-01 7.876898050308227539e-01 1.147588938474655151e-01
-1.406383991241455078e+00 4.736419677734375000e+00 2.451243877410888672e+00 5.103642866015434265e-02 -1.001495867967605591e-01 -4.107667803764343262e-01 9.062232971191406250e-01 4.308922216296195984e-02
-1.673239588737487793e+00 5.108192920684814453e+00 2.238945960998535156e+00 3.338069096207618713e-02 -7.450342178344726562e-01 -6.670126914978027344e-01 -4.249570425599813461e-03 3.179087936878204346e-01
-1.907082438468933105e+00 4.868332386016845703e+00 2.220168113708496094e+00 3.135353699326515198e-02 -9.939588904380798340e-01 -1.097007468342781067e-01 3.388172946870326996e-03 2.000828087329864502e-01
-2.128576755523681641e+00 4.831630706787109375e+00 2.180097818374633789e+00 2.805487252771854401e-02 -8.734723329544067383e-01 -5.413176491856575012e-03 4.868436455726623535e-01 2.208690345287322998e-01
-2.321596145629882812e+00 4.830108165740966797e+00 2.288258075714111328e+00 2.605610899627208710e-02 -9.895210266113281250e-01 1.396356895565986633e-02 -1.437122374773025513e-01 1.517907530069351196e-01
-2.471542596817016602e+00 4.819127559661865234e+00 2.266580104827880859e+00 2.106051333248615265e-02 -9.996958374977111816e-01 -1.951489038765430450e-02 -1.508134603500366211e-02 8.754980564117431641e-02
-2.556651592254638672e+00 4.820263862609863281e+00 2.296789407730102539e+00 1.786173693835735321e-02 -9.955848455429077148e-01 -4.815201461315155029e-02 8.057422935962677002e-02 1.399352699518203735e-01
-1.526955485343933105e+00 5.154005527496337891e+00 1.910855531692504883e+00 4.734564572572708130e-02 7.699070572853088379e-01 3.585616946220397949e-01 5.278983116149902344e-01 3.251906484365463257e-02
-1.540068030357360840e+00 5.195772647857666016e+00 1.962651252746582031e+00 4.734564572572708130e-02 7.500981092453002930e-01 2.430302351713180542e-01 6.150521039962768555e-01 3.033389449119567871e-01
-1.354782581329345703e+00 5.318676948547363281e+00 2.173031806945800781e+00 4.734564572572708130e-02 3.990840017795562744e-01 -9.852331876754760742e-02 9.116057753562927246e-01 3.822499215602874756e-01
-1.219682455062866211e+00 5.300680637359619141e+00 2.515976190567016602e+00 4.734564572572708130e-02 8.863934874534606934e-02 3.411900401115417480e-01 9.358057379722595215e-01 9.412237256765365601e-02
-1.208527088165283203e+00 5.351035594940185547e+00 2.604952335357666016e+00 4.734564572572708130e-02 4.481018483638763428e-01 -1.126400902867317200e-01 8.868579268455505371e-01 3.566935360431671143e-01
-1.085813760757446289e+00 5.335920810699462891e+00 2.934612751007080078e+00 4.734564572572708130e-02 2.064134776592254639e-01 -2.031126618385314941e-01 9.571513533592224121e-01 2.122259587049484253e-01
-1.002156615257263184e+00 5.292317867279052734e+00 3.137717008590698242e+00 4.734564572572708130e-02 -7.519355975091457367e-03 -6.462309956550598145e-01 7.631047964096069336e-01 1.571858674287796021e-01
-9.811483025550842285e-01 5.236590385437011719e+00 3.289652347564697266e+00 4.734564572572708130e-02 -6.619595289230346680e-01 -1.861398965120315552e-01 7.260589003562927246e-01 5.753685235977172852e-01
-1.374587774276733398e+00 5.178250789642333984e+00 3.696124553680419922e+00 4.734564572572708130e-02 -8.954840898513793945e-01 -1.325418502092361450e-01 4.249010682106018066e-01 2.743961811065673828e-01
-1.590674757957458496e+00 5.084948539733886719e+00 3.718296766281127930e+00 4.734564572572708130e-02 -8.140184283256530762e-01 -5.737445950508117676e-01 9.050492197275161743e-02 2.211687564849853516e-01
-1.736382842063903809e+00 4.951943874359130859e+00 3.776742219924926758e+00 4.734564572572708130e-02 -5.345050692558288574e-01 -7.667387127876281738e-01 3.555504679679870605e-01 1.298363059759140015e-01
-1.800779581069946289e+00 4.830031394958496094e+00 3.832531929016113281e+00 4.734564572572708130e-02 -9.709085822105407715e-01 -2.355879545211791992e-01 -4.283516481518745422e-02 1.036075502634048462e-01
-1.890862464904785156e+00 5.237303733825683594e+00 2.397348880767822266e+00 4.840049892663955688e-03 9.480772167444229126e-02 1.828575730323791504e-01 -9.785574078559875488e-01 2.542754411697387695e-01
-1.866155266761779785e+00 5.312731266021728516e+00 2.158755064010620117e+00 1.186611503362655640e-02 -9.295536875724792480e-01 1.398840844631195068e-01 -3.411193788051605225e-01 9.763094782829284668e-02
-2.611912012100219727e+00 5.036686420440673828e+00 2.685786724090576172e+00 3.871901705861091614e-02 -8.863209486007690430e-01 -3.522039949893951416e-01 3.006451427936553955e-01 1.072878465056419373e-01
-2.707003593444824219e+00 4.998899459838867188e+00 2.718042135238647461e+00 3.871901705861091614e-02 9.145282208919525146e-02 -3.627462387084960938e-01 9.273896217346191406e-01 1.218185722827911377e-01
-2.680475711822509766e+00 4.946009635925292969e+00 2.831302165985107422e+00 3.163756057620048523e-02 1.825895905494689941e-02 6.515113264322280884e-02 9.977083206176757812e-01 2.297675162553787231e-01
-2.692317724227905273e+00 5.008087158203125000e+00 3.083284139633178711e+00 4.290901497006416321e-02 -1.567599177360534668e-01 -4.721381664276123047e-01 8.674744367599487305e-01 2.949396073818206787e-01
-2.727207422256469727e+00 4.864601612091064453e+00 3.337642908096313477e+00 4.221866652369499207e-02 -8.233036845922470093e-02 -5.205487608909606934e-01 8.498533368110656738e-01 1.268654167652130127e-01
-2.746926307678222656e+00 4.804778575897216797e+00 3.447617769241333008e+00 4.185028746724128723e-02 -5.594689026474952698e-02 -4.008840918540954590e-01 9.144188761711120605e-01 1.290932297706604004e-01
-2.754291772842407227e+00 4.760691165924072266e+00 3.601731538772583008e+00 4.124460741877555847e-02 -9.707688093185424805e-01 -2.355283200740814209e-01 4.619827494025230408e-02 3.352321088314056396e-01
-3.076940059661865234e+00 4.675208091735839844e+00 3.621512174606323242e+00 3.240254148840904236e-02 -9.302218556404113770e-01 -3.634677231311798096e-01 5.077856034040451050e-02 2.015787959098815918e-01
-3.163850545883178711e+00 4.611817359924316406e+00 3.745748519897460938e+00 3.887451812624931335e-02 -6.235070228576660156e-01 -5.080459117889404297e-01 5.942460298538208008e-01 9.613833576440811157e-02
-3.248620986938476562e+00 4.581659793853759766e+00 3.791269302368164062e+00 3.714313730597496033e-02 -6.019304990768432617e-01 -3.555563092231750488e-01 7.150240540504455566e-01 8.370212465524673462e-02
-3.300254821777343750e+00 4.549330234527587891e+00 3.838060855865478516e+00 3.353430330753326416e-02 -6.792550683021545410e-01 -7.050454616546630859e-01 2.037729769945144653e-01 1.204642429947853088e-01
-3.384239196777343750e+00 4.469584941864013672e+00 3.858445644378662109e+00 2.541624195873737335e-02 -8.817518949508666992e-01 1.151795405894517899e-02 4.715728759765625000e-01 1.000089198350906372e-01
-3.470793247222900391e+00 4.473264694213867188e+00 3.917323112487792969e+00 3.463742509484291077e-02 -7.551215887069702148e-01 -6.112897992134094238e-01 2.368885129690170288e-01 2.343272119760513306e-01
-3.646518230438232422e+00 4.324635982513427734e+00 3.967249155044555664e+00 3.495601937174797058e-02 -9.511402845382690430e-01 -2.982635796070098877e-01 7.981874048709869385e-02 1.170163825154304504e-01
-3.811956882476806641e+00 4.328785896301269531e+00 3.986363172531127930e+00 2.572561055421829224e-02 -4.307375550270080566e-01 -7.299712300300598145e-01 5.306667089462280273e-01 1.063334867358207703e-01
-3.880197525024414062e+00 4.238041400909423828e+00 4.012812137603759766e+00 2.541624195873737335e-02 -3.689098954200744629e-01 -7.178673744201660156e-01 5.903998613357543945e-01 1.074593961238861084e-01
-2.633696794509887695e+00 5.167487621307373047e+00 2.677223920822143555e+00 4.328421130776405334e-02 2.503544092178344727e-02 -9.841241240501403809e-01 -1.757069975137710571e-01 2.710020542144775391e-01
-2.626912117004394531e+00 4.900787830352783203e+00 2.629606962203979492e+00 4.328421130776405334e-02 3.411163091659545898e-01 -7.782251238822937012e-01 5.272620320320129395e-01 1.646444052457809448e-01
-2.521429061889648438e+00 4.776948451995849609e+00 2.684956073760986328e+00 3.593120723962783813e-02 4.996714890003204346e-01 -4.860429167747497559e-01 7.170011997222900391e-01 3.652675747871398926e-01
-2.332068443298339844e+00 4.584597587585449219e+00 2.929651498794555664e+00 1.635201461613178253e-02 2.068017125129699707e-01 -6.991214156150817871e-01 6.844430565834045410e-01 8.645471930503845215e-02
-2.322618484497070312e+00 4.537331104278564453e+00 2.993700742721557617e+00 9.033332578837871552e-03 2.065226733684539795e-01 -2.206497788429260254e-01 9.532376527786254883e-01 1.598314195871353149e-01
-2.342280387878417969e+00 5.095010280609130859e+00 2.637511014938354492e+00 4.494950175285339355e-02 -6.363267898559570312e-01 7.429428696632385254e-01 -2.076634168624877930e-01 4.298948347568511963e-01
-2.658140182495117188e+00 5.429889202117919922e+00 2.507550954818725586e+00 4.458912834525108337e-02 7.118352055549621582e-01 3.598677814006805420e-01 -6.031466126441955566e-01 2.977518737316131592e-01
-2.442135810852050781e+00 5.528520107269287109e+00 2.325745105743408203e+00 4.423585161566734314e-02 7.736860513687133789e-01 4.767548143863677979e-01 -4.172705709934234619e-01 1.442442089319229126e-01
-2.261941194534301758e+00 5.572819232940673828e+00 2.257067441940307617e+00 4.339395463466644287e-02 1.451102048158645630e-01 6.426978856325149536e-02 9.873259067535400391e-01 3.408263027667999268e-01
-2.288795948028564453e+00 5.596518516540527344e+00 2.552933454513549805e+00 4.226652160286903381e-02 -4.684857428073883057e-01 5.153284966945648193e-02 8.819668292999267578e-01 3.481490910053253174e-01
-2.410762310028076172e+00 5.614248275756835938e+00 2.889766693115234375e+00 4.190523549914360046e-02 -5.799590349197387695e-01 -1.531753689050674438e-01 8.001155257225036621e-01 4.450803622603416443e-02
-2.434456825256347656e+00 5.588788986206054688e+00 2.923377037048339844e+00 4.136523231863975525e-02 -4.530178904533386230e-01 -1.458884626626968384e-01 8.794835805892944336e-01 2.344732433557510376e-01
-2.551904916763305664e+00 5.615601539611816406e+00 3.114582777023315430e+00 3.867315873503684998e-02 -3.611955046653747559e-01 1.595352888107299805e-01 9.187417030334472656e-01 4.500223696231842041e-02
-2.594600439071655273e+00 5.601890563964843750e+00 3.177921533584594727e+00 3.870699182152748108e-02 7.330433726310729980e-01 -2.710148990154266357e-01 6.238576173782348633e-01 4.080323874950408936e-01
-2.284447431564331055e+00 5.505758285522460938e+00 3.419651746749877930e+00 3.903818130493164062e-02 8.359706401824951172e-01 -1.786233931779861450e-01 5.188899040222167969e-01 1.342539191246032715e-01
-2.171703100204467773e+00 5.492411136627197266e+00 3.489423990249633789e+00 3.663633763790130615e-02 8.854433894157409668e-01 -4.736721515655517578e-02 4.623271524906158447e-01 8.231646567583084106e-02
-2.082214832305908203e+00 5.507031440734863281e+00 3.482472896575927734e+00 3.167168423533439636e-02 8.976386785507202148e-01 1.766398549079895020e-01 4.037860333919525146e-01 1.197756454348564148e-01
-1.981855511665344238e+00 5.530354022979736328e+00 3.539584875106811523e+00 3.192245960235595703e-02 6.313935518264770508e-01 6.947209835052490234e-01 3.445357978343963623e-01 8.275394886732101440e-02
-3.128709316253662109e+00 5.130595684051513672e+00 2.922379970550537109e+00 4.493171721696853638e-02 -7.900120615959167480e-01 -4.179957807064056396e-01 4.485091269016265869e-01 9.459304064512252808e-02
-3.171645641326904297e+00 5.075786590576171875e+00 2.894373893737792969e+00 4.438419640064239502e-02 -8.006682395935058594e-01 -5.477578043937683105e-01 -2.426762878894805908e-01 2.131822556257247925e-01
-3.344472885131835938e+00 4.913426876068115234e+00 2.901197671890258789e+00 4.214011132717132568e-02 -8.253390192985534668e-01 -4.305318892002105713e-01 -3.653187453746795654e-01 3.135709166526794434e-01
-3.613658189773559570e+00 4.820626258850097656e+00 2.788923263549804688e+00 3.055717423558235168e-02 -6.992105245590209961e-01 -1.341076940298080444e-01 -7.022248506546020508e-01 8.749536424875259399e-02
-3.683193445205688477e+00 4.823090076446533203e+00 2.719547033309936523e+00 3.797729685902595520e-02 -6.992428302764892578e-01 -6.151630878448486328e-01 -3.641892373561859131e-01 1.170676574110984802e-01
-3.248950958251953125e+00 5.040378570556640625e+00 3.032380342483520508e+00 2.950903028249740601e-02 6.953890323638916016e-01 -5.011833310127258301e-01 5.150236487388610840e-01 2.094117701053619385e-01
-3.103328227996826172e+00 4.935425281524658203e+00 3.140232324600219727e+00 2.950903028249740601e-02 -5.089213848114013672e-01 -8.372887372970581055e-01 -1.998664885759353638e-01 2.321278154850006104e-01
-3.437708139419555664e+00 5.017476558685302734e+00 3.235459327697753906e+00 2.705639600753784180e-02 -8.392149209976196289e-01 -9.830217063426971436e-02 5.348410606384277344e-01 4.694146215915679932e-01
-3.870519876480102539e+00 4.912110328674316406e+00 3.484250545501708984e+00 3.139453008770942688e-02 -7.995648384094238281e-01 5.128328204154968262e-01 3.125676512718200684e-01 1.581295579671859741e-01
-4.019944667816162109e+00 5.052519798278808594e+00 3.504167795181274414e+00 2.867973968386650085e-02 -5.714604854583740234e-01 1.771396696567535400e-01 8.012830018997192383e-01 1.503860503435134888e-01
-4.094254493713378906e+00 5.091401576995849609e+00 3.613122701644897461e+00 2.772733010351657867e-02 -6.210936903953552246e-01 7.621861696243286133e-01 1.825237274169921875e-01 1.142914593219757080e-01
-4.136204719543457031e+00 5.156502723693847656e+00 3.682043790817260742e+00 1.979841664433479309e-02 8.447616100311279297e-01 4.355864524841308594e-01 -3.108733296394348145e-01 5.749090760946273804e-02
-3.393475770950317383e+00 5.075158596038818359e+00 3.256270647048950195e+00 1.036795880645513535e-02 -8.382193744182586670e-02 6.924627423286437988e-01 -7.165676355361938477e-01 3.528477251529693604e-01
-3.432697057723999023e+00 5.309760570526123047e+00 3.003528833389282227e+00 2.457201853394508362e-02 1.769766807556152344e-01 -1.850664466619491577e-01 -9.666590094566345215e-01 5.152490362524986267e-02
-3.488801240921020508e+00 5.298748493194580078e+00 3.513156890869140625e+00 4.266785830259323120e-02 9.419091939926147461e-01 -2.323839515447616577e-01 -2.424970418214797974e-01 1.787618845701217651e-01
-3.320933580398559570e+00 5.249246120452880859e+00 3.466999053955078125e+00 4.266785830259323120e-02 9.965898990631103516e-01 -7.553192973136901855e-02 3.321905806660652161e-02 1.310757100582122803e-01
-3.190360546112060547e+00 5.237201213836669922e+00 3.471496820449829102e+00 4.266785830259323120e-02 7.567669749259948730e-01 2.412822097539901733e-02 6.532393097877502441e-01 4.747331440448760986e-01
-2.840332269668579102e+00 5.220712184906005859e+00 3.782223701477050781e+00 4.266785830259323120e-02 6.952660083770751953e-01 -2.147253602743148804e-01 6.859287023544311523e-01 7.970631867647171021e-02
-2.780099391937255859e+00 5.192772388458251953e+00 3.828566789627075195e+00 4.266785830259323120e-02 6.599217653274536133e-01 -2.512752711772918701e-01 7.080706357955932617e-01 1.627777069807052612e-01
-2.714153289794921875e+00 5.066191196441650391e+00 3.921425104141235352e+00 4.266785830259323120e-02 2.438489049673080444e-01 -3.540816605091094971e-01 9.028642773628234863e-01 2.057615816593170166e-01
-2.653973340988159180e+00 4.987333297729492188e+00 4.100548267364501953e+00 4.266785830259323120e-02 4.897157847881317139e-01 -1.377517431974411011e-01 8.609313964843750000e-01 2.544317543506622314e-01
-2.531201839447021484e+00 4.954410076141357422e+00 4.323294162750244141e+00 4.266785830259323120e-02 1.862483024597167969e-01 -8.092291355133056641e-01 5.571892261505126953e-01 1.469499170780181885e-01
-2.511489391326904297e+00 4.838290214538574219e+00 4.408423900604248047e+00 4.266785830259323120e-02 1.072211414575576782e-01 -6.147783398628234863e-01 7.813777923583984375e-01 1.425585448741912842e-01
-3.547430276870727539e+00 5.312503814697265625e+00 3.586298465728759766e+00 2.762957476079463959e-02 -8.884744346141815186e-02 -9.957013130187988281e-01 2.617307193577289581e-02 8.486135303974151611e-02
-3.548829555511474609e+00 5.223110675811767578e+00 3.597306728363037109e+00 3.709238395094871521e-02 -8.527023792266845703e-01 -2.919564545154571533e-01 4.331975579261779785e-01 2.654790580272674561e-01
-3.789054632186889648e+00 5.173242092132568359e+00 3.695883989334106445e+00 3.840707987546920776e-02 -8.982717394828796387e-01 -2.262208759784698486e-01 3.767386972904205322e-01 9.796946495771408081e-02
-3.876101732254028320e+00 5.122323513031005859e+00 3.746999502182006836e+00 2.687114104628562927e-02 -9.488777518272399902e-01 1.138874590396881104e-01 2.943818569183349609e-01 1.702589094638824463e-01
-4.072213172912597656e+00 5.171261310577392578e+00 3.756657361984252930e+00 3.731632232666015625e-02 -7.344945073127746582e-01 6.591764092445373535e-02 6.754056215286254883e-01 3.838655948638916016e-01
-4.344637393951416016e+00 5.212255001068115234e+00 4.030111789703369141e+00 3.605554997920989990e-02 -8.723048567771911621e-01 9.579093754291534424e-02 4.794875681400299072e-01 1.966372728347778320e-01
-4.521837711334228516e+00 5.255814075469970703e+00 4.092945575714111328e+00 3.148837015032768250e-02 -7.870811223983764648e-01 4.079793989658355713e-01 4.626620113849639893e-01 3.686024248600006104e-02
-3.434792757034301758e+00 5.340387344360351562e+00 3.800964832305908203e+00 2.662383578717708588e-02 -4.432595372200012207e-01 -5.612629055976867676e-01 6.989312767982482910e-01 3.365597501397132874e-02
-3.449711084365844727e+00 5.321497440338134766e+00 3.824488162994384766e+00 2.662383578717708588e-02 -6.622231006622314453e-01 2.492547333240509033e-01 7.066347599029541016e-01 1.574247926473617554e-01
-3.332845687866210938e+00 5.348116874694824219e+00 4.134693145751953125e+00 3.176804259419441223e-02 7.737395167350769043e-01 -6.317266821861267090e-01 -4.741899669170379639e-02 3.635101020336151123e-02
-3.304719448089599609e+00 5.325153350830078125e+00 4.132969379425048828e+00 3.176804259419441223e-02 -7.671879529953002930e-01 -3.969176709651947021e-01 5.038641095161437988e-01 1.724057346582412720e-01
-3.455147504806518555e+00 5.288685798645019531e+00 4.193031311035156250e+00 3.489067777991294861e-02 3.637266457080841064e-01 7.111936807632446289e-01 6.015866398811340332e-01 7.657238095998764038e-02
-3.438421487808227539e+00 5.372684001922607422e+00 4.251126766204833984e+00 2.984998188912868500e-02 -2.905817627906799316e-01 -4.527376592159271240e-01 8.429654836654663086e-01 1.191589161753654480e-01
-3.476035594940185547e+00 5.325131416320800781e+00 4.395022392272949219e+00 2.220389991998672485e-02 -5.236893296241760254e-01 8.369019031524658203e-01 -1.592001616954803467e-01 1.000298708677291870e-01
-3.313472747802734375e+00 5.631094932556152344e+00 4.228287220001220703e+00 6.884302478283643723e-03 8.222281336784362793e-01 -2.300067692995071411e-01 5.206128954887390137e-01 1.106237247586250305e-01
-3.214745998382568359e+00 5.677292346954345703e+00 4.102685451507568359e+00 6.884302478283643723e-03 8.405795693397521973e-01 -5.156263113021850586e-01 -1.659983545541763306e-01 1.244827508926391602e-01
-3.118160009384155273e+00 5.639787673950195312e+00 4.078834533691406250e+00 7.106852252036333084e-03 9.870054572820663452e-02 1.473358273506164551e-01 9.841495752334594727e-01 9.432702511548995972e-02
-3.554402828216552734e+00 5.745665550231933594e+00 4.614164352416992188e+00 3.736487776041030884e-02 6.406181454658508301e-01 -7.119209766387939453e-01 2.877097725868225098e-01 1.630948483943939209e-01
-3.449921369552612305e+00 5.629554748535156250e+00 4.661088466644287109e+00 3.736487776041030884e-02 -1.933516263961791992e-01 -9.089749455451965332e-01 -3.692962527275085449e-01 2.164947390556335449e-01
-3.503195762634277344e+00 5.428389549255371094e+00 4.582961559295654297e+00 3.906163945794105530e-02 -3.249526917934417725e-01 5.176628828048706055e-01 -7.914738655090332031e-01 2.250919342041015625e-01
-3.575704097747802734e+00 5.522510051727294922e+00 4.387005329132080078e+00 3.379610925912857056e-02 1.217438802123069763e-01 6.196393966674804688e-01 -7.753872871398925781e-01 1.159289330244064331e-01
-3.568782567977905273e+00 5.614399433135986328e+00 4.292554855346679688e+00 3.131448850035667419e-02 5.165022611618041992e-01 -9.479193016886711121e-03 -8.562333583831787109e-01 1.606206446886062622e-01
-3.481507062911987305e+00 5.596717357635498047e+00 4.140361785888671875e+00 2.945036068558692932e-02 6.453378200531005859e-01 6.006308794021606445e-01 -4.719974398612976074e-01 1.617748886346817017e-01
-3.374675750732421875e+00 5.681113243103027344e+00 4.069858074188232422e+00 2.461287938058376312e-02 1.288860011845827103e-02 4.186704456806182861e-01 9.080467820167541504e-01 6.661558896303176880e-02
-2.474397897720336914e+00 5.478902339935302734e+00 1.261424303054809570e+00 1.030114199966192245e-02 -8.934818506240844727e-01 -2.300372719764709473e-01 -3.857111036777496338e-01 9.524647146463394165e-02
-2.560143470764160156e+00 5.461329936981201172e+00 1.242383718490600586e+00 8.685483597218990326e-03 -9.841490387916564941e-01 1.606010645627975464e-01 -7.521963119506835938e-02 1.632952094078063965e-01
-2.476495027542114258e+00 5.413702011108398438e+00 1.307407617568969727e+00 1.108481269329786301e-02 -4.114169180393218994e-01 1.385809481143951416e-01 9.008504152297973633e-01 3.224008381366729736e-01
-2.406298160552978516e+00 4.841276645660400391e+00 2.251611232757568359e+00 9.542088955640792847e-03 2.349430471658706665e-01 3.775858879089355469e-01 -8.956732749938964844e-01 7.835379242897033691e-02
-2.366006851196289062e+00 4.847820758819580078e+00 2.192592144012451172e+00 9.542088955640792847e-03 -2.548013627529144287e-01 2.146962583065032959e-01 9.428582787513732910e-01 2.057688981294631958e-01
-2.442890405654907227e+00 4.937986373901367188e+00 2.372971534729003906e+00 9.392994455993175507e-03 8.800491094589233398e-01 3.859296143054962158e-01 -2.767163217067718506e-01 1.974470615386962891e-01
-1.242942929267883301e+00 5.314770221710205078e+00 2.315244913101196289e+00 4.230663925409317017e-02 8.642922639846801758e-01 -5.354653671383857727e-02 5.001316666603088379e-01 2.058438360691070557e-01
-1.067422509193420410e+00 5.327116489410400391e+00 2.433290004730224609e+00 3.208321705460548401e-02 9.027251005172729492e-01 -1.645190417766571045e-01 3.975183963775634766e-01 7.146480679512023926e-02
-1.003930449485778809e+00 5.306847572326660156e+00 2.481733798980712891e+00 4.184095934033393860e-02 9.828038811683654785e-01 -1.825948357582092285e-01 -2.748912945389747620e-02 1.578326076269149780e-01
-8.001606464385986328e-01 5.231718540191650391e+00 2.490174531936645508e+00 4.340065643191337585e-02 6.937055587768554688e-01 7.194676995277404785e-01 -3.374553099274635315e-02 7.359491288661956787e-02
-7.401881217956542969e-01 5.272786140441894531e+00 2.491671323776245117e+00 4.172623902559280396e-02 7.651997804641723633e-01 6.254945397377014160e-01 1.524004340171813965e-01 1.351006627082824707e-01
-6.525239944458007812e-01 5.379854679107666016e+00 2.513761758804321289e+00 3.608908876776695251e-02 6.851707100868225098e-01 4.385076165199279785e-01 5.815945267677307129e-01 1.095378771424293518e-01
-5.589741468429565430e-01 5.430202960968017578e+00 2.611188411712646484e+00 4.067554324865341187e-02 8.752474188804626465e-01 3.408532962203025818e-02 -4.824729859828948975e-01 1.074591577053070068e-01
-4.427940845489501953e-01 5.450191974639892578e+00 2.618959188461303711e+00 3.843689709901809692e-02 1.800624430179595947e-01 -9.637092351913452148e-01 1.970838457345962524e-01 2.019906789064407349e-01
-3.702142238616943359e-01 5.258362293243408203e+00 2.630726337432861328e+00 2.867379412055015564e-02 4.852295219898223877e-01 5.474368333816528320e-01 6.818102598190307617e-01 8.935768157243728638e-02
-1.559814929962158203e+00 5.100738525390625000e+00 3.667889356613159180e+00 2.808966487646102905e-02 1.211032792925834656e-01 -3.879837691783905029e-02 -9.918813705444335938e-01 9.720717370510101318e-02
-1.548042774200439453e+00 5.096966743469238281e+00 3.571471452713012695e+00 2.216373942792415619e-02 -5.197198987007141113e-01 4.792467057704925537e-01 7.072579860687255859e-01 1.442580521106719971e-01
-1.623016595840454102e+00 5.166102409362792969e+00 3.673499107360839844e+00 9.999999776482582092e-03 -8.518894910812377930e-01 -3.778882026672363281e-01 3.626083731651306152e-01 1.391920894384384155e-01
-2.715788125991821289e+00 4.998837471008300781e+00 2.611912012100219727e+00 4.649347439408302307e-02 7.059136778116226196e-02 -8.837124109268188477e-01 4.626761078834533691e-01 3.850054740905761719e-01
-2.667151689529418945e+00 4.660990715026855469e+00 2.790538311004638672e+00 4.649347439408302307e-02 5.126547440886497498e-02 -6.223142743110656738e-01 7.810869216918945312e-01 2.996616065502166748e-01
-2.620789527893066406e+00 4.509884834289550781e+00 3.024430990219116211e+00 4.649347439408302307e-02 1.725977957248687744e-01 -1.465858519077301025e-01 9.740239381790161133e-01 2.168015688657760620e-01
-3.012443304061889648e+00 4.720278739929199219e+00 3.578596830368041992e+00 1.115559320896863937e-02 -6.128805279731750488e-01 4.485717117786407471e-01 -6.505081653594970703e-01 1.495812535285949707e-01
-3.117237329483032227e+00 4.775697708129882812e+00 3.476205110549926758e+00 1.115536224097013474e-02 -3.383339345455169678e-01 6.685469150543212891e-01 -6.622501015663146973e-01 1.922556757926940918e-01
-3.184499502182006836e+00 4.920136451721191406e+00 3.364825487136840820e+00 1.115706190466880798e-02 -1.663158833980560303e-01 6.863582730293273926e-01 -7.079910635948181152e-01 5.216995254158973694e-03
-2.327584743499755859e+00 5.645001411437988281e+00 2.275734901428222656e+00 1.250716019421815872e-02 -7.144516110420227051e-01 1.338987648487091064e-01 6.867532730102539062e-01 2.867584228515625000e-01
-2.551555633544921875e+00 5.651865005493164062e+00 2.454453945159912109e+00 1.350773312151432037e-02 -8.844766616821289062e-01 4.270086884498596191e-01 1.880547553300857544e-01 3.040457367897033691e-01
-2.769065618515014648e+00 5.813643932342529297e+00 2.555507898330688477e+00 6.140005774796009064e-03 -6.964122056961059570e-01 1.598470807075500488e-01 6.996134519577026367e-01 8.527444303035736084e-02
-2.273934841156005859e+00 5.607544422149658203e+00 2.129511117935180664e+00 4.122425615787506104e-02 7.276372313499450684e-01 3.061286807060241699e-01 -6.138642430305480957e-01 3.434235155582427979e-01
-1.992040872573852539e+00 5.646974086761474609e+00 1.950514316558837891e+00 4.122425615787506104e-02 -2.163251638412475586e-01 -5.088915824890136719e-01 -8.332062959671020508e-01 2.165206074714660645e-01
-2.027750730514526367e+00 5.554412841796875000e+00 1.759586453437805176e+00 1.865804195404052734e-02 4.587378799915313721e-01 -6.508327722549438477e-01 -6.049597263336181641e-01 2.121966332197189331e-02
-1.968604564666748047e+00 5.563999176025390625e+00 1.743977189064025879e+00 4.122425615787506104e-02 3.902952373027801514e-01 -8.624446988105773926e-01 -3.222712576389312744e-01 1.304195672273635864e-01
-2.397857427597045898e+00 5.575336456298828125e+00 2.807550430297851562e+00 1.402357220649719238e-02 4.379276335239410400e-01 -8.320909738540649414e-01 3.403585851192474365e-01 9.830176085233688354e-02
-2.354072093963623047e+00 5.492558002471923828e+00 2.843308210372924805e+00 1.402357220649719238e-02 7.955383062362670898e-01 6.058890223503112793e-01 4.153969697654247284e-03 1.660629361867904663e-01
-2.468524456024169922e+00 5.609827518463134766e+00 2.898123502731323242e+00 7.705882657319307327e-03 -2.073113769292831421e-01 3.127298057079315186e-01 -9.269423484802246094e-01 2.489954978227615356e-01
-2.501706838607788086e+00 5.554913043975830078e+00 3.007424354553222656e+00 1.663363724946975708e-02 -3.069730997085571289e-01 -1.743701398372650146e-01 -9.356081485748291016e-01 2.521543502807617188e-01
-2.547561645507812500e+00 5.569887161254882812e+00 3.175680875778198242e+00 1.125662494450807571e-02 -3.033009171485900879e-01 3.825311362743377686e-01 8.727419376373291016e-01 2.966736555099487305e-01
-3.289127826690673828e+00 5.043728828430175781e+00 2.885680437088012695e+00 1.845232211053371429e-02 -8.052464127540588379e-01 5.726277232170104980e-01 1.538690626621246338e-01 2.334821820259094238e-01
-3.421846628189086914e+00 5.030970573425292969e+00 3.253446817398071289e+00 3.348049893975257874e-02 -4.715927243232727051e-01 1.779759079217910767e-01 8.636694550514221191e-01 1.470071226358413696e-01
-3.480998039245605469e+00 5.071597576141357422e+00 3.389459848403930664e+00 3.348049893975257874e-02 -5.089215636253356934e-01 -1.698283702135086060e-01 8.438940644264221191e-01 2.149577736854553223e-01
-3.587002277374267578e+00 5.031738758087158203e+00 3.571897268295288086e+00 3.348049893975257874e-02 -5.376949906349182129e-01 -3.006602227687835693e-01 7.877103090286254883e-01 1.386719644069671631e-01
-3.662953376770019531e+00 4.993383407592773438e+00 3.682666540145874023e+00 3.348049893975257874e-02 -3.145875632762908936e-01 -5.015822649002075195e-01 8.058845400810241699e-01 1.409968137741088867e-01
-3.726517200469970703e+00 4.930516242980957031e+00 3.817699432373046875e+00 3.348049893975257874e-02 3.574945330619812012e-01 -7.261819839477539062e-01 5.872456431388854980e-01 5.642666667699813843e-02
-3.704667091369628906e+00 4.846524715423583984e+00 3.815296649932861328e+00 3.348049893975257874e-02 3.495827913284301758e-01 -5.885989069938659668e-01 7.289329171180725098e-01 1.528636217117309570e-01
-3.673462629318237305e+00 4.758522510528564453e+00 3.931195735931396484e+00 3.348049893975257874e-02 -2.027458548545837402e-01 -7.113535702228546143e-02 -9.766442179679870605e-01 1.331870257854461670e-01
-2.970152616500854492e+00 5.259449481964111328e+00 3.609352111816406250e+00 3.007718175649642944e-02 8.912948369979858398e-01 3.401435911655426025e-01 -2.998264431953430176e-01 1.836356520652770996e-01
-2.806479215621948242e+00 5.321911811828613281e+00 3.554293155670166016e+00 2.613046765327453613e-02 -9.343980550765991211e-01 3.538451194763183594e-01 4.115694388747215271e-02 2.767174877226352692e-02
-2.845252037048339844e+00 5.327684402465820312e+00 3.554894685745239258e+00 4.053446650505065918e-02 -2.760680317878723145e-01 8.203225731849670410e-01 5.008565783500671387e-01 7.838923484086990356e-02
-2.889870405197143555e+00 5.421042442321777344e+00 3.572141408920288086e+00 9.999999776482582092e-03 -7.425618767738342285e-01 -6.623997688293457031e-01 -9.913861006498336792e-02 1.832266151905059814e-01
-2.814071416854858398e+00 5.255382061004638672e+00 3.813049793243408203e+00 2.411573566496372223e-02 1.787080019712448120e-01 9.399740099906921387e-01 2.907100021839141846e-01 6.605751812458038330e-02
-2.802266597747802734e+00 5.317474365234375000e+00 3.832253217697143555e+00 2.361340634524822235e-02 7.292127609252929688e-02 -1.481486409902572632e-01 9.862729907035827637e-01 8.698567003011703491e-02
-2.798478364944458008e+00 5.296536445617675781e+00 3.947839260101318359e+00 3.006359934806823730e-02 -9.854613542556762695e-01 1.651534140110015869e-01 -3.987800702452659607e-02 2.179980725049972534e-01
-2.996908426284790039e+00 5.349618434906005859e+00 3.949943304061889648e+00 2.851809374988079071e-02 -7.219088673591613770e-01 2.984687685966491699e-01 6.243108510971069336e-01 1.376650929450988770e-01
-3.090097188949584961e+00 5.410028934478759766e+00 4.057599544525146484e+00 9.999999776482582092e-03 -4.386381804943084717e-01 -6.055347323417663574e-01 6.640212535858154297e-01 1.355865746736526489e-01
-2.929401874542236328e+00 5.206701278686523438e+00 3.672245025634765625e+00 4.053446650505065918e-02 3.493278324604034424e-01 -8.967477679252624512e-01 -2.716864347457885742e-01 9.029319882392883301e-02
-2.897860050201416016e+00 5.125730991363525391e+00 3.647713661193847656e+00 3.993838652968406677e-02 -8.041307926177978516e-01 -1.864510625600814819e-01 5.644552111625671387e-01 1.016797795891761780e-01
-2.975724935531616211e+00 5.104732036590576172e+00 3.710263013839721680e+00 3.859690204262733459e-02 -8.070054054260253906e-01 -5.677382275462150574e-02 5.878086686134338379e-01 1.411253362894058228e-01
-3.145719051361083984e+00 5.129049777984619141e+00 3.790671586990356445e+00 3.246091678738594055e-02 7.781695574522018433e-02 2.117652446031570435e-01 9.742176532745361328e-01 2.370681613683700562e-01
-3.143269538879394531e+00 5.197052478790283203e+00 4.014487743377685547e+00 1.604879274964332581e-02 4.169014096260070801e-02 4.040044844150543213e-01 9.138064980506896973e-01 1.987708732485771179e-02
-2.885408639907836914e+00 5.266509532928466797e+00 3.785341262817382812e+00 4.053446650505065918e-02 -5.949614048004150391e-01 4.400492012500762939e-01 6.725902557373046875e-01 1.223999559879302979e-01
-2.955323457717895508e+00 5.333082675933837891e+00 3.869194507598876953e+00 4.011684656143188477e-02 6.535907387733459473e-01 -5.884144827723503113e-02 -7.545573711395263672e-01 3.591786324977874756e-01
-2.786391019821166992e+00 5.289670467376708984e+00 3.551592588424682617e+00 3.848216310143470764e-02 6.168393492698669434e-01 -3.700902462005615234e-01 -6.946527361869812012e-01 1.502325832843780518e-01
-2.689698219299316406e+00 5.198722839355468750e+00 3.431124687194824219e+00 3.771022707223892212e-02 6.098976135253906250e-01 3.850668966770172119e-01 -6.926387548446655273e-01 2.842692136764526367e-01
-2.512686252593994141e+00 5.300623416900634766e+00 3.229713439941406250e+00 3.306666389107704163e-02 3.508650064468383789e-01 5.986889600753784180e-01 -7.200453281402587891e-01 9.048407524824142456e-02
-2.472535610198974609e+00 5.310117244720458984e+00 3.151803255081176758e+00 3.054487146437168121e-02 7.862620353698730469e-01 -2.837541699409484863e-02 6.172413229942321777e-01 4.366820454597473145e-01
-2.141994714736938477e+00 5.335976600646972656e+00 3.419666767120361328e+00 2.774604409933090210e-02 7.733235955238342285e-01 2.837148308753967285e-01 5.669890046119689941e-01 8.308072388172149658e-02
-2.081864833831787109e+00 5.380062103271484375e+00 3.455754518508911133e+00 2.331424318253993988e-02 5.413833260536193848e-01 4.795961976051330566e-01 6.905733942985534668e-01 6.298365443944931030e-02
-2.039149522781372070e+00 5.398045063018798828e+00 3.507064342498779297e+00 2.195662073791027069e-02 -7.874401211738586426e-01 -1.777625977993011475e-01 5.902020931243896484e-01 8.465545624494552612e-02
-3.572656154632568359e+00 5.246289730072021484e+00 3.604629516601562500e+00 2.409533411264419556e-02 -7.284408807754516602e-01 6.196954250335693359e-01 2.921497821807861328e-01 1.248605996370315552e-01
-3.670755624771118164e+00 5.344238281250000000e+00 3.603185653686523438e+00 2.796163968741893768e-02 -6.408941149711608887e-01 6.176300048828125000e-01 4.558375775814056396e-01 1.582063734531402588e-01
-3.786431550979614258e+00 5.429839134216308594e+00 3.667464256286621094e+00 2.387307770550251007e-02 -7.106140851974487305e-01 5.849182605743408203e-01 3.910219967365264893e-01 1.221846044063568115e-01
-3.850900888442993164e+00 5.535404205322265625e+00 3.730628490447998047e+00 3.523776307702064514e-02 -8.543185591697692871e-01 4.254134297370910645e-01 2.986020445823669434e-01 1.457972228527069092e-01
-4.350080966949462891e+00 5.223536491394042969e+00 3.979807376861572266e+00 3.545050695538520813e-02 -5.956906080245971680e-01 7.527819871902465820e-01 -2.801284790039062500e-01 1.305596828460693359e-01
-4.430871963500976562e+00 5.289707660675048828e+00 3.970790147781372070e+00 3.476434946060180664e-02 9.636687636375427246e-01 1.159364432096481323e-01 2.406268864870071411e-01 9.132095426321029663e-02
-4.337635517120361328e+00 5.326431274414062500e+00 3.927040338516235352e+00 3.292927518486976624e-02 -5.852271914482116699e-01 7.684019804000854492e-01 2.589740753173828125e-01 2.219799757003784180e-01
-4.461541652679443359e+00 5.493275642395019531e+00 3.982273817062377930e+00 3.063986636698246002e-02 3.539990782737731934e-01 8.304874300956726074e-01 -4.300875961780548096e-01 1.295198202133178711e-01
-4.412572860717773438e+00 5.615303516387939453e+00 3.953106880187988281e+00 2.706285752356052399e-02 9.934857487678527832e-01 -9.273702651262283325e-02 -6.622653454542160034e-02 1.238335818052291870e-01
-4.291404724121093750e+00 5.605999469757080078e+00 3.940624713897705078e+00 1.574328541755676270e-02 9.282945394515991211e-01 2.485563755035400391e-01 -2.765664756298065186e-01 2.658997178077697754e-01
-2.564389228820800781e+00 5.453443050384521484e+00 1.240226149559020996e+00 2.619431586936116219e-03 -4.608211219310760498e-01 -8.560411334037780762e-01 -2.341739833354949951e-01 9.466640651226043701e-02
-2.613618373870849609e+00 5.371010780334472656e+00 1.234205126762390137e+00 2.619431586936116219e-03 8.754803538322448730e-01 -4.012922644615173340e-01 2.692557275295257568e-01 3.185752630233764648e-01
-2.344814538955688477e+00 5.243505477905273438e+00 1.314416289329528809e+00 2.499999944120645523e-03 4.728578031063079834e-01 2.580086290836334229e-01 -8.425182700157165527e-01 7.889463752508163452e-02
-2.387063026428222656e+00 4.877920627593994141e+00 2.289075851440429688e+00 3.699993714690208435e-03 5.509761571884155273e-01 8.290313482284545898e-01 -9.556282311677932739e-02 2.217057347297668457e-01
-2.264044046401977539e+00 5.062162399291992188e+00 2.278860330581665039e+00 3.699993714690208435e-03 5.910127162933349609e-01 8.028000593185424805e-01 -7.884181290864944458e-02 1.853145956993103027e-01
-2.129470348358154297e+00 5.185238361358642578e+00 2.235890150070190430e+00 2.697912044823169708e-03 -8.318089842796325684e-01 -4.454692900180816650e-01 -3.311358392238616943e-01 1.045140549540519714e-01
-8.540802001953125000e-01 5.254857063293457031e+00 2.442956447601318359e+00 1.022114884108304977e-02 9.806488752365112305e-01 -1.930723935365676880e-01 3.241625428199768066e-02 2.865063250064849854e-01
-5.800851583480834961e-01 5.170987129211425781e+00 2.430958032608032227e+00 6.739580538123846054e-03 1.857519149780273438e-01 5.577399134635925293e-01 -8.089638352394104004e-01 1.225750818848609924e-01
-5.010775923728942871e-01 5.249339103698730469e+00 2.327186346054077148e+00 4.258811939507722855e-03 -1.916135102510452271e-01 8.637195229530334473e-01 -4.661253094673156738e-01 1.621629148721694946e-01
-2.877785921096801758e+00 5.302577018737792969e+00 3.768486738204956055e+00 1.561432238668203354e-02 -1.445597112178802490e-01 9.892168045043945312e-01 2.350823022425174713e-02 2.766562998294830322e-01
-2.919227361679077148e+00 5.602920532226562500e+00 3.770526409149169922e+00 1.561432238668203354e-02 -4.544385075569152832e-01 1.229900717735290527e-01 8.822466135025024414e-01 8.950004726648330688e-02
-3.007416248321533203e+00 5.591072082519531250e+00 3.814297676086425781e+00 1.561432238668203354e-02 -6.365169882774353027e-01 1.624710410833358765e-01 7.539557814598083496e-01 1.516615897417068481e-01
-2.519551753997802734e+00 5.346335887908935547e+00 3.239957571029663086e+00 2.672537788748741150e-02 -5.846168398857116699e-01 4.039559960365295410e-01 7.035927176475524902e-01 3.298971652984619141e-01
-2.712415218353271484e+00 5.479599475860595703e+00 3.472070932388305664e+00 2.672537788748741150e-02 3.260728418827056885e-01 -2.409295439720153809e-01 -9.141277074813842773e-01 2.659842967987060547e-01
-4.319939136505126953e+00 5.356146335601806641e+00 3.922821760177612305e+00 6.620700936764478683e-03 5.079113245010375977e-01 8.528571724891662598e-01 -1.210815757513046265e-01 4.746309518814086914e-01
-4.073863983154296875e+00 5.759261608123779297e+00 3.871850967407226562e+00 6.620700936764478683e-03 -7.466583251953125000e-01 2.133038043975830078e-01 6.300815939903259277e-01 3.314803242683410645e-01
-4.307557582855224609e+00 5.813839435577392578e+00 4.084313869476318359e+00 6.862079724669456482e-03 -7.667497396469116211e-01 -6.339979767799377441e-01 1.007043421268463135e-01 7.135218381881713867e-02
-5.575426220893859863e-01 5.191231727600097656e+00 2.443954229354858398e+00 9.710091166198253632e-03 -1.040816456079483032e-01 -4.920698702335357666e-01 -8.643114566802978516e-01 2.823192775249481201e-01
-6.858732104301452637e-01 5.038065910339355469e+00 2.220212459564208984e+00 9.710091166198253632e-03 -2.270150929689407349e-01 8.122293353080749512e-01 -5.373524427413940430e-01 3.717097342014312744e-01
-7.860526442527770996e-01 5.333083152770996094e+00 2.030449151992797852e+00 9.710091166198253632e-03 -5.320267081260681152e-01 7.943035960197448730e-01 -2.933075726032257080e-01 2.268597185611724854e-01
-9.130871295928955078e-01 5.507567882537841797e+00 1.974015355110168457e+00 9.710091166198253632e-03 -7.695346325635910034e-02 8.879176378250122070e-01 4.535200297832489014e-01 1.795278340578079224e-01
2.297273874282836914e+00 5.725703835487365723e-01 -7.295065373182296753e-02 1.379006654024124146e-01 9.174066185951232910e-01 -3.792065680027008057e-01 1.206960380077362061e-01 3.144306838512420654e-01
4.238406658172607422e+00 7.765575051307678223e-01 -4.087133109569549561e-01 1.396394073963165283e-01 2.741023600101470947e-01 -8.193589448928833008e-01 5.035065412521362305e-01 1.714404702186584473e+00
4.922445774078369141e+00 -5.250098705291748047e-01 5.212506651878356934e-01 1.010317280888557434e-01 4.812730252742767334e-01 -5.657787919044494629e-01 -6.695301532745361328e-01 2.247733175754547119e-01
5.043883323669433594e+00 -6.225298047065734863e-01 4.094713330268859863e-01 8.139906078577041626e-02 8.521223068237304688e-01 -5.134280323982238770e-01 1.013867408037185669e-01 3.566415011882781982e-01
4.143560886383056641e+00 7.475977540016174316e-01 -2.964177727699279785e-01 1.447650603950023651e-02 -7.660763263702392578e-01 5.706939101219177246e-02 6.402109861373901367e-01 1.060859084129333496e+00
3.296017169952392578e+00 1.010804176330566406e+00 3.139066100120544434e-01 1.447650603950023651e-02 3.856648504734039307e-01 3.555416464805603027e-01 8.513828516006469727e-01 2.283926606178283691e-01
3.437606811523437500e+00 1.068114995956420898e+00 5.501775145530700684e-01 1.022351346909999847e-02 -5.937460660934448242e-01 7.297984510660171509e-02 8.013361096382141113e-01 3.397479951381683350e-01
2.573077201843261719e+00 6.072126626968383789e-01 -3.141381964087486267e-02 4.597556777298450470e-03 8.311691880226135254e-01 5.379767417907714844e-01 1.404947787523269653e-01 2.397205591201782227e+00
4.553662300109863281e+00 1.893005371093750000e+00 2.630898952484130859e-01 4.597556777298450470e-03 8.887472152709960938e-01 3.607149124145507812e-01 -2.828660011291503906e-01 5.894896388053894043e-01
4.578444004058837891e+00 4.933264479041099548e-02 1.778934597969055176e-01 1.125822439789772034e-01 6.786595582962036133e-01 7.191522717475891113e-01 1.491346210241317749e-01 6.231701970100402832e-01
5.043009757995605469e+00 4.968673586845397949e-01 3.397053480148315430e-01 1.279778778553009033e-01 2.290914803743362427e-01 9.647064208984375000e-01 -1.298405230045318604e-01 4.045955240726470947e-01
5.077722549438476562e+00 9.689655900001525879e-01 2.001022249460220337e-01 1.267693340778350830e-01 -6.448214054107666016e-01 2.940143644809722900e-01 7.055217623710632324e-01 7.873837351799011230e-01
4.850519657135009766e+00 1.172904014587402344e+00 6.782367825508117676e-01 8.643452823162078857e-02 2.797295451164245605e-01 4.110104143619537354e-01 8.676530718803405762e-01 5.822454690933227539e-01
4.733393669128417969e+00 9.679007530212402344e-01 9.697849750518798828e-01 1.082660928368568420e-01 -1.138551160693168640e-01 -3.713325560092926025e-01 9.214928746223449707e-01 9.779559075832366943e-02
4.812254428863525391e+00 1.035214304924011230e+00 1.040516138076782227e+00 9.866337478160858154e-02 7.287657260894775391e-01 -5.588651895523071289e-01 3.956895470619201660e-01 1.618558764457702637e-01
4.889682292938232422e+00 1.085231423377990723e+00 1.131934165954589844e+00 9.029498696327209473e-02 4.473783075809478760e-01 -4.498520493507385254e-02 8.932127356529235840e-01 5.216470360755920410e-01
5.032722949981689453e+00 1.036804080009460449e+00 1.641682028770446777e+00 6.258737295866012573e-02 4.843384027481079102e-01 -3.328737020492553711e-01 8.090806007385253906e-01 3.070347905158996582e-01
5.192357540130615234e+00 9.503995776176452637e-01 1.909130454063415527e+00 7.089225202798843384e-02 1.416406482458114624e-01 -8.001164793968200684e-01 5.828821063041687012e-01 2.581880688667297363e-01
5.209684848785400391e+00 8.109259009361267090e-01 2.061380386352539062e+00 6.151986867189407349e-02 -3.571538254618644714e-02 -3.638391569256782532e-02 9.986994862556457520e-01 3.317155241966247559e-01
5.320462226867675781e+00 8.562517166137695312e-01 2.463625431060791016e+00 5.354326218366622925e-02 -3.607329428195953369e-01 -3.147569000720977783e-01 8.779520988464355469e-01 3.316543996334075928e-01
5.251660823822021484e+00 7.490602135658264160e-01 2.904790163040161133e+00 4.759683832526206970e-02 -9.179607629776000977e-01 -2.518894970417022705e-01 3.064305782318115234e-01 3.152250945568084717e-01
4.723661422729492188e+00 -2.376531064510345459e-01 2.202715724706649780e-01 1.326574385166168213e-01 9.670996665954589844e-01 2.330116480588912964e-01 -1.020969972014427185e-01 3.535787165164947510e-01
5.065607070922851562e+00 -1.552651375532150269e-01 1.841722428798675537e-01 1.320936977863311768e-01 -2.915242314338684082e-01 5.122501254081726074e-01 8.078449368476867676e-01 2.379435151815414429e-01
4.904073238372802734e+00 -3.088299743831157684e-02 4.139158725738525391e-01 1.307645142078399658e-01 3.635547161102294922e-01 3.303118944168090820e-01 8.710464835166931152e-01 4.992118477821350098e-01
5.175451278686523438e+00 5.319518968462944031e-02 8.529250621795654297e-01 1.274764239788055420e-01 3.327734023332595825e-02 8.840941637754440308e-02 9.955282211303710938e-01 6.955351829528808594e-01
5.213986396789550781e+00 1.344759911298751831e-01 1.549323201179504395e+00 1.198382899165153503e-01 -5.268511828035116196e-03 -1.929091364145278931e-01 9.812024831771850586e-01 7.269551753997802734e-01
5.206047534942626953e+00 2.845231816172599792e-02 2.256785392761230469e+00 1.058528274297714233e-01 4.777541756629943848e-01 2.029773890972137451e-01 8.547228574752807617e-01 2.286673337221145630e-01
5.318201065063476562e+00 2.605966001283377409e-04 2.511399984359741211e+00 7.761122286319732666e-02 -1.714686304330825806e-01 6.080623865127563477e-01 7.751507163047790527e-01 5.985480546951293945e-01
5.212035655975341797e+00 3.667056560516357422e-01 2.973011016845703125e+00 6.807079911231994629e-02 -2.970936149358749390e-02 6.640056371688842773e-01 7.471371293067932129e-01 2.523518502712249756e-01
5.246258258819580078e+00 6.153196096420288086e-01 3.129537582397460938e+00 5.862521007657051086e-02 2.315485291182994843e-02 3.569436371326446533e-01 9.338389039039611816e-01 1.393452584743499756e-01
5.303471088409423828e+00 5.788623094558715820e-01 3.340115547180175781e+00 7.236596941947937012e-02 -5.451008081436157227e-01 3.636483848094940186e-01 7.553972601890563965e-01 4.874785542488098145e-01
4.986737251281738281e+00 7.757136225700378418e-01 3.789521455764770508e+00 6.544478982686996460e-02 3.263520300388336182e-01 -8.514588475227355957e-01 4.105023443698883057e-01 2.641340792179107666e-01
5.107094287872314453e+00 5.986872911453247070e-01 4.010150432586669922e+00 5.199827253818511963e-02 -3.598228693008422852e-01 -8.136137723922729492e-01 4.566837847232818604e-01 1.230778023600578308e-01
4.997591018676757812e+00 4.592840969562530518e-01 4.091088294982910156e+00 4.629513621330261230e-02 7.246467471122741699e-02 4.425769448280334473e-01 8.937978148460388184e-01 5.998450517654418945e-01
4.985881805419921875e+00 7.118673920631408691e-01 4.649655342102050781e+00 3.877852484583854675e-02 3.524758815765380859e-01 1.083973497152328491e-01 9.295217990875244141e-01 7.932254672050476074e-02
4.975944042205810547e+00 7.373692989349365234e-01 4.746338844299316406e+00 1.385432854294776917e-02 4.890482127666473389e-01 -8.259503543376922607e-02 8.683374524116516113e-01 1.642267107963562012e-01
4.584901809692382812e+00 -6.869340538978576660e-01 4.260418117046356201e-01 6.492974609136581421e-02 3.338695764541625977e-01 -3.415104150772094727e-01 8.785793781280517578e-01 1.750672012567520142e-01
4.658343791961669922e+00 -7.680391669273376465e-01 5.898949503898620605e-01 6.418794393539428711e-02 -5.739694237709045410e-01 -6.427052617073059082e-01 -5.074338316917419434e-01 1.297474354505538940e-01
4.662358283996582031e+00 -8.937067985534667969e-01 3.926206529140472412e-01 1.326574385166168213e-01 -7.281835079193115234e-01 -6.467753648757934570e-01 -2.267826944589614868e-01 1.056899070739746094e+00
3.941743850708007812e+00 -1.631379365921020508e+00 9.310435503721237183e-02 5.733759328722953796e-02 -6.363038420677185059e-01 -7.544505000114440918e-01 1.610025763511657715e-01 3.895422816276550293e-01
4.746875286102294922e+00 -5.144495964050292969e-01 4.714082181453704834e-01 1.118451952934265137e-01 -7.139664292335510254e-01 -6.468729972839355469e-01 -2.679688334465026855e-01 8.865692615509033203e-01
4.048695087432861328e+00 -1.013599514961242676e+00 1.856150180101394653e-01 1.111958473920822144e-01 -7.711370587348937988e-01 -3.188344240188598633e-01 5.510828495025634766e-01 6.688860654830932617e-01
3.360249042510986328e+00 -1.186229228973388672e+00 3.628565073013305664e-01 9.021825343370437622e-02 -7.296205163002014160e-01 -3.591198325157165527e-01 5.819680690765380859e-01 9.420803785324096680e-01
2.676741600036621094e+00 -1.546930551528930664e+00 8.983031511306762695e-01 9.132431447505950928e-02 -7.161566615104675293e-01 -4.355448186397552490e-01 5.453625917434692383e-01 2.385577559471130371e-01
2.512999296188354492e+00 -1.664141893386840820e+00 1.026466608047485352e+00 8.651526272296905518e-02 -7.440499067306518555e-01 -4.666635990142822266e-01 4.781368672847747803e-01 2.629283666610717773e-01
2.291725397109985352e+00 -1.768427610397338867e+00 1.144463896751403809e+00 8.651526272296905518e-02 -6.142588257789611816e-01 -7.344979643821716309e-01 2.884419858455657959e-01 3.282242119312286377e-01
2.020248174667358398e+00 -2.007173538208007812e+00 1.197778820991516113e+00 1.028421223163604736e-01 -2.897348999977111816e-01 -8.491984009742736816e-01 4.414926171302795410e-01 3.035451173782348633e-01
1.961112141609191895e+00 -2.344452619552612305e+00 1.310323238372802734e+00 1.025476232171058655e-01 -8.759985566139221191e-01 -1.987774670124053955e-01 -4.394474923610687256e-01 2.037201821804046631e-01
1.770095944404602051e+00 -2.327782392501831055e+00 1.267401576042175293e+00 1.006862893700599670e-01 -9.698292613029479980e-01 -2.413077652454376221e-01 3.466693311929702759e-02 1.619538813829421997e-01
1.576847791671752930e+00 -2.290730953216552734e+00 1.366358757019042969e+00 1.020858511328697205e-01 -8.219699859619140625e-01 -5.537687540054321289e-01 1.330622136592864990e-01 3.178215920925140381e-01
4.736164093017578125e+00 -6.000588536262512207e-01 6.004876494407653809e-01 1.121153831481933594e-01 5.823023617267608643e-02 6.192314028739929199e-01 7.830464243888854980e-01 2.969860732555389404e-01
4.752738475799560547e+00 -4.153280258178710938e-01 8.156039714813232422e-01 1.103978455066680908e-01 9.417885541915893555e-01 -3.317461311817169189e-01 -5.457830429077148438e-02 2.020484358072280884e-01
4.995880126953125000e+00 -4.546971917152404785e-01 8.189087510108947754e-01 9.635542333126068115e-02 1.597327762283384800e-03 -4.624742567539215088e-01 8.866312503814697266e-01 3.904363214969635010e-01
4.941936969757080078e+00 -5.399407744407653809e-01 1.160928010940551758e+00 7.546811550855636597e-02 8.453418016433715820e-01 4.928842484951019287e-01 2.060639709234237671e-01 9.900987148284912109e-02
5.027254581451416016e+00 -4.834571480751037598e-01 1.189237594604492188e+00 9.583750367164611816e-02 -1.005088090896606445e-01 -7.031880021095275879e-01 7.038640975952148438e-01 4.027779996395111084e-01
5.008704185485839844e+00 -7.867088317871093750e-01 1.467918992042541504e+00 8.446395397186279297e-02 2.644115686416625977e-01 5.790317803621292114e-02 9.626700878143310547e-01 1.697068214416503906e-01
5.036009788513183594e+00 -7.916605472564697266e-01 1.659093856811523438e+00 8.529146760702133179e-02 4.659676253795623779e-01 6.247938275337219238e-01 6.265036463737487793e-01 1.958915293216705322e-01
5.145125865936279297e+00 -6.909307241439819336e-01 1.780799746513366699e+00 7.462242245674133301e-02 7.149432301521301270e-01 5.695885419845581055e-01 4.054936170578002930e-01 1.496267169713973999e-01
5.273269653320312500e+00 -5.860451459884643555e-01 1.842581272125244141e+00 4.812749102711677551e-02 -7.819910347461700439e-02 2.798997424542903900e-02 9.965447783470153809e-01 1.725479960441589355e-01
5.244586467742919922e+00 -6.108143925666809082e-01 2.011958122253417969e+00 5.889328196644783020e-02 2.124057896435260773e-02 -9.746146202087402344e-02 9.950126409530639648e-01 3.471560180187225342e-01
5.299249172210693359e+00 -5.902391076087951660e-01 2.385309934616088867e+00 4.018969833850860596e-02 -2.642776072025299072e-01 -2.486059516668319702e-01 9.318543076515197754e-01 1.582210063934326172e-01
5.308157444000244141e+00 -6.414559483528137207e-01 2.574430465698242188e+00 2.888767234981060028e-02 -5.926510691642761230e-01 -5.840012431144714355e-01 5.547136664390563965e-01 2.463000565767288208e-01
4.078162670135498047e+00 7.512131333351135254e-01 -2.606160640716552734e-01 7.276550401002168655e-03 -8.761327862739562988e-01 4.843456670641899109e-02 4.796305596828460693e-01 1.236407995223999023e+00
3.018306493759155273e+00 8.038849234580993652e-01 3.319233953952789307e-01 7.276550401002168655e-03 1.529220938682556152e-01 4.371968209743499756e-01 8.862695693969726562e-01 5.114682316780090332e-01
3.370920658111572266e+00 1.079489707946777344e+00 6.569547057151794434e-01 9.712337516248226166e-03 4.817145317792892456e-02 1.649033129215240479e-01 9.851326942443847656e-01 2.286182343959808350e-01
3.382580280303955078e+00 1.084463238716125488e+00 9.204482436180114746e-01 9.420837275683879852e-03 -9.991959929466247559e-01 -3.720872476696968079e-02 -1.492989994585514069e-02 3.304577171802520752e-01
3.019459247589111328e+00 1.082562923431396484e+00 1.021686792373657227e+00 8.586590178310871124e-03 9.517201185226440430e-01 -5.999376624822616577e-02 3.010475337505340576e-01 6.517547369003295898e-01
3.641347646713256836e+00 1.056640863418579102e+00 1.227655887603759766e+00 7.985169999301433563e-03 9.940317273139953613e-01 -1.076579615473747253e-01 -1.762546412646770477e-02 2.809411883354187012e-01
3.997770309448242188e+00 1.052989721298217773e+00 1.276019215583801270e+00 7.760720327496528625e-03 6.036776304244995117e-01 -2.092249691486358643e-01 -7.692842483520507812e-01 1.969039440155029297e-01
4.129507541656494141e+00 1.026481866836547852e+00 1.144881248474121094e+00 5.927895661443471909e-03 7.911000251770019531e-01 1.333459615707397461e-01 -5.969753861427307129e-01 2.530815899372100830e-01
4.757058143615722656e+00 1.975289344787597656e+00 1.935975402593612671e-01 2.499999944120645523e-03 -1.026657000184059143e-01 -9.927413612604141235e-02 -9.897496700286865234e-01 1.556656360626220703e-01
4.639700889587402344e+00 1.736191391944885254e+00 1.156429648399353027e-01 2.499999944120645523e-03 -8.363469243049621582e-01 4.732671082019805908e-01 2.766623198986053467e-01 3.578766286373138428e-01
4.839695930480957031e+00 3.012402355670928955e-01 3.451011180877685547e-01 6.987851858139038086e-02 3.365346193313598633e-01 5.931766033172607422e-01 7.313590049743652344e-01 1.823370158672332764e-01
4.976321697235107422e+00 4.256481230258941650e-01 5.881987810134887695e-01 5.156712979078292847e-02 -1.530503034591674805e-01 9.873577356338500977e-01 -4.123544692993164062e-02 2.715772688388824463e-01
4.903760433197021484e+00 7.825571894645690918e-01 6.739066839218139648e-01 1.069531291723251343e-01 -9.337530732154846191e-01 5.928589031100273132e-02 -3.529736399650573730e-01 2.284843921661376953e-01
4.713218688964843750e+00 8.036383390426635742e-01 5.388364791870117188e-01 9.999999776482582092e-03 -4.017592221498489380e-02 -9.873247742652893066e-01 -1.535436511039733887e-01 2.431009113788604736e-01
5.014821529388427734e+00 1.126162171363830566e+00 2.701105177402496338e-01 5.539312213659286499e-02 -7.785174995660781860e-03 9.926430583000183105e-01 -1.208267807960510254e-01 2.584764957427978516e-01
5.056397438049316406e+00 1.506127715110778809e+00 2.001038640737533569e-01 7.438407093286514282e-02 8.246238231658935547e-01 -1.174049302935600281e-01 5.533638596534729004e-01 6.727247685194015503e-02
5.224081993103027344e+00 1.434417724609375000e+00 2.673260867595672607e-01 8.456154167652130127e-02 -2.144923508167266846e-01 8.039671182632446289e-02 9.734112024307250977e-01 1.241366788744926453e-01
5.300771236419677734e+00 1.423217058181762695e+00 4.023682475090026855e-01 5.206159129738807678e-02 -1.987694352865219116e-01 -3.575335144996643066e-01 9.125023484230041504e-01 1.571839898824691772e-01
5.275280475616455078e+00 1.406487584114074707e+00 5.825057029724121094e-01 5.832777544856071472e-02 -4.888505339622497559e-01 -5.548292994499206543e-01 6.731935739517211914e-01 1.537648141384124756e-01
5.186264991760253906e+00 1.378061294555664062e+00 6.862514615058898926e-01 6.779014319181442261e-02 -8.311802148818969727e-02 -2.429951541125774384e-02 9.962434172630310059e-01 4.236615896224975586e-01
5.163808345794677734e+00 1.433550119400024414e+00 1.114480137825012207e+00 4.546687006950378418e-02 -2.640629708766937256e-01 -3.901442512869834900e-02 9.637160301208496094e-01 1.766158491373062134e-01
4.817305564880371094e+00 1.074673056602478027e+00 3.015564382076263428e-01 6.951276212930679321e-03 -3.322511315345764160e-01 7.389461994171142578e-01 -5.861464738845825195e-01 4.442168474197387695e-01
4.576564788818359375e+00 1.412134528160095215e+00 1.597820520401000977e-01 6.951276212930679321e-03 7.850821018218994141e-01 1.230738833546638489e-01 6.070411205291748047e-01 3.637580871582031250e-01
4.860194683074951172e+00 1.462212324142456055e+00 3.738686442375183105e-01 1.188121363520622253e-02 2.903942577540874481e-02 7.888603210449218750e-01 6.138860583305358887e-01 1.458993107080459595e-01
4.681947708129882812e+00 1.026413321495056152e+00 1.093134641647338867e+00 5.425590276718139648e-02 -1.330205500125885010e-01 -2.347904443740844727e-01 9.629013538360595703e-01 5.379254817962646484e-01
4.600768089294433594e+00 9.283370971679687500e-01 1.738430857658386230e+00 7.458144426345825195e-02 3.614472746849060059e-01 -9.041523337364196777e-01 2.277375608682632446e-01 2.411422431468963623e-01
4.709267139434814453e+00 7.342218756675720215e-01 1.781760931015014648e+00 5.252299830317497253e-02 5.948937535285949707e-01 -7.117791175842285156e-01 -3.734594583511352539e-01 1.495294272899627686e-01
4.800111770629882812e+00 6.227260231971740723e-01 1.742582917213439941e+00 5.448309704661369324e-02 6.338769793510437012e-01 -7.170863151550292969e-01 -2.898054718971252441e-01 1.655580103397369385e-01
4.941339969635009766e+00 4.796437025070190430e-01 1.710076570510864258e+00 6.033879145979881287e-02 -1.550724729895591736e-02 -5.524157285690307617e-01 -8.334245085716247559e-01 1.176412552595138550e-01
4.964431285858154297e+00 3.889901041984558105e-01 1.636928558349609375e+00 5.550804361701011658e-02 -8.203837275505065918e-01 -4.001055359840393066e-01 4.085169434547424316e-01 1.902943700551986694e-01
4.813707828521728516e+00 3.373035788536071777e-01 1.720502138137817383e+00 4.031219333410263062e-02 -9.577232003211975098e-01 1.530170887708663940e-01 2.436227500438690186e-01 3.605919182300567627e-01
4.464845657348632812e+00 3.915586769580841064e-01 1.803074240684509277e+00 2.600067853927612305e-02 -7.538560032844543457e-01 5.110493898391723633e-01 4.129523634910583496e-01 1.842294931411743164e-01
5.248476505279541016e+00 8.504037261009216309e-01 2.183864593505859375e+00 1.284480746835470200e-02 -5.899516940116882324e-01 7.350164055824279785e-01 3.342272639274597168e-01 4.009602367877960205e-01
5.122819900512695312e+00 9.367328286170959473e-01 1.907267928123474121e+00 6.734763830900192261e-02 -3.816940784454345703e-01 6.909756064414978027e-01 -6.138911843299865723e-01 5.591498017311096191e-01
4.960044860839843750e+00 1.416598677635192871e+00 1.630854606628417969e+00 6.705677509307861328e-02 -8.801434040069580078e-01 4.746993184089660645e-01 2.853201469406485558e-03 2.401827424764633179e-01
4.548598289489746094e+00 1.432697415351867676e+00 1.533584952354431152e+00 5.119780823588371277e-02 -3.728386759757995605e-01 9.151395559310913086e-01 -1.533327698707580566e-01 6.325114965438842773e-01
4.342092514038085938e+00 1.981316924095153809e+00 1.416780352592468262e+00 5.028990656137466431e-02 4.378983974456787109e-01 7.500231862068176270e-01 -4.956916868686676025e-01 6.583740562200546265e-02
4.427647113800048828e+00 2.028167963027954102e+00 1.217458844184875488e+00 6.059351935982704163e-02 -3.573658689856529236e-02 9.989878535270690918e-01 -2.731562964618206024e-02 3.697345554828643799e-01
4.267092704772949219e+00 2.323547601699829102e+00 1.262621045112609863e+00 5.630068480968475342e-02 -1.877023577690124512e-01 7.997664213180541992e-01 5.702117681503295898e-01 3.734680712223052979e-01
4.085677623748779297e+00 2.676824092864990234e+00 1.447108387947082520e+00 5.316274985671043396e-02 2.267490327358245850e-01 7.720229625701904297e-01 5.937721729278564453e-01 4.566227793693542480e-01
4.399499416351318359e+00 3.018474102020263672e+00 2.066232919692993164e+00 4.228284582495689392e-02 7.272685766220092773e-01 5.408485531806945801e-01 -4.225674569606781006e-01 4.870686233043670654e-01
4.714740753173828125e+00 3.320798397064208984e+00 1.945279479026794434e+00 4.230421036481857300e-02 5.223280191421508789e-01 8.403008580207824707e-01 -1.451476365327835083e-01 1.130963489413261414e-01
4.795072078704833984e+00 3.396560192108154297e+00 1.877596378326416016e+00 3.435678035020828247e-02 8.246318697929382324e-01 5.492112040519714355e-01 1.354596614837646484e-01 1.391684263944625854e-01
4.927995204925537109e+00 3.601094007492065430e+00 1.948544263839721680e+00 2.987602166831493378e-02 9.434471726417541504e-01 -2.306089699268341064e-01 2.381741255521774292e-01 2.089143097400665283e-01
5.126496791839599609e+00 3.566246986389160156e+00 2.000222444534301758e+00 2.646601945161819458e-02 9.413284659385681152e-01 -1.430378556251525879e-01 3.056811094284057617e-01 1.901604235172271729e-01
5.194340229034423828e+00 8.073951005935668945e-01 2.712737560272216797e+00 1.174116972833871841e-02 -6.176041364669799805e-01 7.859243750572204590e-01 -2.979948371648788452e-02 2.644214928150177002e-01
5.049161434173583984e+00 1.040668129920959473e+00 2.699300289154052734e+00 9.804123081266880035e-03 -2.114350209012627602e-03 2.147151976823806763e-01 9.766744375228881836e-01 1.241656914353370667e-01
5.082760334014892578e+00 1.070956945419311523e+00 2.844973802566528320e+00 1.085269264876842499e-02 -2.471390739083290100e-02 9.932429194450378418e-01 -1.133919507265090942e-01 3.296352624893188477e-01
5.296504974365234375e+00 5.108910799026489258e-02 2.700980186462402344e+00 3.780697286128997803e-02 1.207725554704666138e-01 -7.647008299827575684e-01 6.329665184020996094e-01 1.550444066524505615e-01
5.315229892730712891e+00 -6.747347861528396606e-02 2.799118280410766602e+00 3.780697286128997803e-02 -9.778363108634948730e-01 -1.253264099359512329e-01 -1.677184253931045532e-01 4.226000607013702393e-01
5.132311344146728516e+00 -1.964074186980724335e-02 2.315817117691040039e+00 7.629445940256118774e-02 -5.194440484046936035e-01 -5.063011050224304199e-01 -6.883582472801208496e-01 7.829076051712036133e-02
5.199237823486328125e+00 -2.075325138866901398e-02 2.206778287887573242e+00 4.558475688099861145e-02 -3.827798366546630859e-01 -2.165457755327224731e-01 -8.981021642684936523e-01 5.137419104576110840e-01
4.986020565032958984e+00 -1.842871457338333130e-01 1.758221149444580078e+00 4.182581603527069092e-02 -4.296055734157562256e-01 -8.458599448204040527e-02 -8.990463018417358398e-01 1.286080777645111084e-01
4.947610378265380859e+00 -1.710866540670394897e-01 1.608328580856323242e+00 4.484804347157478333e-02 -5.433519482612609863e-01 -5.376126170158386230e-01 -6.447800397872924805e-01 2.464976459741592407e-01
4.815609931945800781e+00 -3.129786252975463867e-01 1.452793478965759277e+00 4.220413789153099060e-02 -6.196895241737365723e-01 -3.776415586471557617e-01 -6.880201697349548340e-01 7.580925524234771729e-02
4.737936496734619141e+00 -3.274984657764434814e-01 1.377953886985778809e+00 3.198648616671562195e-02 4.862684309482574463e-01 -2.752784490585327148e-01 -8.293158411979675293e-01 7.690545916557312012e-02
4.779992580413818359e+00 -3.774712681770324707e-01 1.313827514648437500e+00 2.966786921024322510e-02 -3.104448914527893066e-01 -3.876943141222000122e-02 -9.498004317283630371e-01 1.552898436784744263e-01
4.743976593017578125e+00 -3.727448582649230957e-01 1.159635305404663086e+00 2.713069505989551544e-02 -3.959900140762329102e-01 -1.182515323162078857e-01 -9.106088280677795410e-01 2.443603724241256714e-01
5.147011280059814453e+00 6.611269712448120117e-01 3.435979366302490234e+00 1.485799066722393036e-02 -5.346715450286865234e-01 6.723291426897048950e-02 -8.423811793327331543e-01 3.144919276237487793e-01
4.983980178833007812e+00 6.592833995819091797e-01 3.192483663558959961e+00 1.485799066722393036e-02 4.420764148235321045e-01 6.622823476791381836e-01 6.049384474754333496e-01 3.630927801132202148e-01
4.589463233947753906e+00 -8.711122870445251465e-01 5.893442034721374512e-01 3.422963991761207581e-02 8.337417840957641602e-01 -3.156004846096038818e-01 4.530683755874633789e-01 2.467838227748870850e-01
4.982095241546630859e+00 -7.005605697631835938e-01 6.890590190887451172e-01 1.011123880743980408e-02 6.553488373756408691e-01 -4.639455080032348633e-01 5.960473418235778809e-01 5.400606989860534668e-01
4.491060256958007812e+00 -8.414463400840759277e-01 2.675433456897735596e-01 5.449195578694343567e-02 5.825396180152893066e-01 -3.235526680946350098e-01 -7.456281185150146484e-01 1.465587019920349121e-01
4.567063808441162109e+00 -8.928003907203674316e-01 1.622169613838195801e-01 4.118134453892707825e-02 5.067601203918457031e-01 -6.953287124633789062e-01 5.096195936203002930e-01 3.461858034133911133e-01
4.757274627685546875e+00 -1.160511851310729980e+00 3.042806982994079590e-01 3.090914525091648102e-02 6.614165902137756348e-01 -4.247054755687713623e-01 6.181855201721191406e-01 2.907710969448089600e-01
4.907373428344726562e+00 -1.298516273498535156e+00 5.228223204612731934e-01 9.999999776482582092e-03 6.868421435356140137e-01 -4.278697669506072998e-01 5.875162482261657715e-01 3.240133821964263916e-01
4.417542934417724609e+00 -9.611064791679382324e-01 2.984481453895568848e-01 1.062529310584068298e-01 3.270251154899597168e-01 -9.036124348640441895e-01 -2.766570746898651123e-01 2.697858512401580811e-01
4.426753044128417969e+00 -1.193802833557128906e+00 2.592542469501495361e-01 1.018734648823738098e-01 -3.517821198329329491e-03 -9.566113948822021484e-01 2.913456559181213379e-01 6.170496344566345215e-01
4.437677860260009766e+00 -1.766093850135803223e+00 4.743490219116210938e-01 8.353447914123535156e-02 9.032859802246093750e-01 -4.100948274135589600e-01 -1.260818988084793091e-01 4.815343022346496582e-01
4.833666324615478516e+00 -2.004625558853149414e+00 5.234755277633666992e-01 6.162238866090774536e-02 3.459003269672393799e-01 -9.125105738639831543e-01 -2.183514982461929321e-01 2.564043700695037842e-01
4.924897193908691406e+00 -2.266926050186157227e+00 5.325735211372375488e-01 4.788271710276603699e-02 2.292004525661468506e-01 -8.891938924789428711e-01 -3.959814906120300293e-01 3.286491632461547852e-01
4.937615394592285156e+00 -2.608763694763183594e+00 3.963974118232727051e-01 3.048209100961685181e-02 6.111532449722290039e-01 -7.358852028846740723e-01 -2.914870083332061768e-01 2.267695218324661255e-01
3.666499853134155273e+00 -1.059377551078796387e+00 3.824115693569183350e-01 7.459605485200881958e-02 -3.545505404472351074e-01 9.297733902931213379e-01 -9.907263517379760742e-02 5.271023511886596680e-01
3.541154623031616211e+00 -5.537425279617309570e-01 3.635389506816864014e-01 7.341056317090988159e-02 -4.365722239017486572e-01 -1.678404510021209717e-01 8.838745951652526855e-01 5.586746335029602051e-01
3.252185583114624023e+00 -5.670706629753112793e-01 7.830696105957031250e-01 6.841734051704406738e-02 -7.134737968444824219e-01 2.157536149024963379e-01 6.666374206542968750e-01 3.174942731857299805e-01
2.995810508728027344e+00 -5.789449810981750488e-01 9.852184057235717773e-01 4.835266247391700745e-02 -4.187297821044921875e-01 4.827890545129776001e-02 9.068266153335571289e-01 4.727344512939453125e-01
2.821412801742553711e+00 -5.482898354530334473e-01 1.415847420692443848e+00 5.785140395164489746e-02 2.819278649985790253e-02 -3.194921910762786865e-01 9.471694231033325195e-01 1.982337385416030884e-01
2.807706832885742188e+00 -6.535479426383972168e-01 1.594935059547424316e+00 6.000831723213195801e-02 -4.520432651042938232e-01 2.357169613242149353e-02 8.916845321655273438e-01 2.884843349456787109e-01
2.635945558547973633e+00 -7.083398103713989258e-01 1.860564112663269043e+00 4.127285256981849670e-02 1.597471088171005249e-01 2.719372697174549103e-02 9.867833256721496582e-01 1.238953918218612671e-01
2.731664419174194336e+00 -6.425883173942565918e-01 2.020887136459350586e+00 5.792050808668136597e-02 -3.286725580692291260e-01 -1.671580821275711060e-01 9.295334815979003906e-01 4.838941395282745361e-01
2.586755990982055664e+00 -7.349796295166015625e-01 2.507998228073120117e+00 4.250959679484367371e-02 -9.348804950714111328e-01 2.721108961850404739e-03 3.549522161483764648e-01 2.229641228914260864e-01
2.369267940521240234e+00 -7.753255367279052734e-01 2.584985971450805664e+00 4.464976117014884949e-02 -5.495101809501647949e-01 7.759258896112442017e-02 8.318761587142944336e-01 1.682120263576507568e-01
2.259768962860107422e+00 -7.708356380462646484e-01 2.709993362426757812e+00 4.123873636126518250e-02 -6.706192493438720703e-01 6.158833503723144531e-01 4.134700894355773926e-01 1.915295422077178955e-01
1.956289887428283691e+00 -7.362156510353088379e-01 2.814757347106933594e+00 3.626094013452529907e-02 -3.530932366847991943e-01 8.568570017814636230e-01 3.756611049175262451e-01 3.779706656932830811e-01
1.888685703277587891e+00 -6.693324446678161621e-01 2.996011495590209961e+00 2.805386856198310852e-02 -6.336720585823059082e-01 -4.437875375151634216e-02 7.723278403282165527e-01 5.496316552162170410e-01
3.616955041885375977e+00 -1.275263190269470215e+00 4.188228845596313477e-01 1.056360527873039246e-01 -7.681101560592651367e-01 -4.673433303833007812e-01 -4.377179145812988281e-01 4.349971413612365723e-01
3.339087963104248047e+00 -1.575144410133361816e+00 1.234398484230041504e-01 7.538527250289916992e-02 -4.988649785518646240e-01 -7.543494701385498047e-01 4.267207980155944824e-01 3.360462188720703125e-01
3.109751462936401367e+00 -1.838096737861633301e+00 2.938832044601440430e-01 1.056360527873039246e-01 4.057906270027160645e-01 -5.413507223129272461e-01 7.363921403884887695e-01 2.436718642711639404e-01
3.215317726135253906e+00 -2.045520067214965820e+00 4.303016662597656250e-01 6.339125335216522217e-02 2.106542885303497314e-01 -4.697566330432891846e-01 8.572942614555358887e-01 1.405632197856903076e-01
3.705202579498291016e+00 -1.263997197151184082e+00 4.005431532859802246e-01 4.447637125849723816e-02 -9.745291620492935181e-02 -9.160587191581726074e-01 -3.890235424041748047e-01 2.785594165325164795e-01
3.736293315887451172e+00 -1.524410367012023926e+00 3.401859104633331299e-01 4.288980737328529358e-02 -1.048283055424690247e-01 -9.943142533302307129e-01 1.871244609355926514e-02 2.706470787525177002e-01
3.708863258361816406e+00 -1.813155174255371094e+00 3.359605669975280762e-01 3.565271571278572083e-02 -5.589030385017395020e-01 -3.763577938079833984e-01 7.389060854911804199e-01 9.870962798595428467e-02
3.265984058380126953e+00 -1.253676414489746094e+00 3.362151086330413818e-01 3.814843297004699707e-02 -5.377411246299743652e-01 -4.944995045661926270e-01 -6.828650832176208496e-01 1.979861557483673096e-01
3.161275863647460938e+00 -1.348052263259887695e+00 2.051239758729934692e-01 3.449209779500961304e-02 -9.429203271865844727e-01 2.990377843379974365e-01 1.465524882078170776e-01 1.107901185750961304e-01
3.038590192794799805e+00 -1.338725328445434570e+00 2.980844676494598389e-01 8.570733666419982910e-02 -9.105452299118041992e-01 4.032424092292785645e-01 -9.112057834863662720e-02 2.312632352113723755e-01
2.822923898696899414e+00 -1.317239522933959961e+00 2.298260331153869629e-01 1.840738765895366669e-02 -9.550521373748779297e-01 -1.125598400831222534e-01 2.742366790771484375e-01 1.771446168422698975e-01
2.766803503036499023e+00 -1.413261771202087402e+00 8.573585152626037598e-01 4.029661789536476135e-02 -6.547780036926269531e-01 5.166994929313659668e-01 5.516225099563598633e-01 3.224906325340270996e-02
2.769287347793579102e+00 -1.383885145187377930e+00 1.004104018211364746e+00 8.570733666419982910e-02 9.450442790985107422e-01 -2.935158610343933105e-01 -1.440128535032272339e-01 2.637143135070800781e-01
3.095311880111694336e+00 -1.512150049209594727e+00 1.003920078277587891e+00 8.570733666419982910e-02 5.084928870201110840e-01 1.360374242067337036e-01 -8.502522110939025879e-01 1.959758102893829346e-01
3.185774564743041992e+00 -1.468261122703552246e+00 8.397976160049438477e-01 2.582918666303157806e-02 8.772838711738586426e-01 4.764148592948913574e-01 -5.832578614354133606e-02 3.576927483081817627e-01
1.970090031623840332e+00 -2.454958200454711914e+00 1.376583099365234375e+00 4.146935045719146729e-02 8.439406752586364746e-01 -1.867979317903518677e-01 -5.028625130653381348e-01 5.632696151733398438e-01
5.100788593292236328e+00 -8.300184607505798340e-01 1.717948913574218750e+00 6.810464709997177124e-02 3.285988271236419678e-01 -2.102461010217666626e-01 9.207710623741149902e-01 2.672120183706283569e-02
5.154907226562500000e+00 -8.806284666061401367e-01 1.901734232902526855e+00 7.640676200389862061e-02 1.750140637159347534e-01 9.593695998191833496e-01 2.213144153356552124e-01 1.390368193387985229e-01
5.188765525817871094e+00 -7.319406270980834961e-01 1.940960884094238281e+00 7.650378346443176270e-02 -7.502040863037109375e-01 1.063717082142829895e-01 6.525939702987670898e-01 1.172339096665382385e-01
5.086908340454101562e+00 -7.396067380905151367e-01 2.003623247146606445e+00 7.499062269926071167e-02 -8.128665089607238770e-01 1.807877272367477417e-01 5.536820292472839355e-01 3.253160119056701660e-01
4.817215442657470703e+00 -7.442085742950439453e-01 2.176212787628173828e+00 5.411672219634056091e-02 -1.043367609381675720e-01 -1.087740510702133179e-01 9.885757565498352051e-01 1.644192636013031006e-01
4.850373744964599609e+00 -8.160938620567321777e-01 2.372893810272216797e+00 4.910131916403770447e-02 -1.796342432498931885e-01 4.006448686122894287e-01 8.984515666961669922e-01 1.959377080202102661e-01
4.759898185729980469e+00 -7.986140251159667969e-01 2.511156558990478516e+00 6.203795224428176880e-02 -7.891298532485961914e-01 4.701928496360778809e-01 3.952122628688812256e-01 2.811182737350463867e-01
4.479782104492187500e+00 -5.675331354141235352e-01 2.584646940231323242e+00 5.299261957406997681e-02 1.256135553121566772e-01 4.164454340934753418e-01 9.004412293434143066e-01 3.706586956977844238e-01
4.546705245971679688e+00 -3.661662936210632324e-01 2.911234378814697266e+00 4.398846253752708435e-02 -3.597651422023773193e-01 2.910408675670623779e-01 8.864898681640625000e-01 1.673584282398223877e-01
4.490319728851318359e+00 -3.478658199310302734e-01 3.061244964599609375e+00 2.955674193799495697e-02 -6.371219158172607422e-01 -3.838514536619186401e-02 7.698066234588623047e-01 1.236024796962738037e-01
4.412508487701416016e+00 -3.458929061889648438e-01 3.159505844116210938e+00 3.402832150459289551e-02 -5.806052684783935547e-01 -2.739326357841491699e-01 7.667192220687866211e-01 2.727892994880676270e-01
4.309383869171142578e+00 -4.546757042407989502e-01 3.387185811996459961e+00 2.177667804062366486e-02 -9.025346487760543823e-02 3.589385151863098145e-01 9.289873242378234863e-01 1.874851435422897339e-01
5.189308166503906250e+00 -5.982612371444702148e-01 2.061520099639892578e+00 5.594861879944801331e-02 -7.904276847839355469e-01 -9.361563622951507568e-02 -6.053596138954162598e-01 5.084305405616760254e-01
4.722272872924804688e+00 -4.082196354866027832e-01 1.745349884033203125e+00 5.034580454230308533e-02 -7.655308246612548828e-01 -1.881848871707916260e-01 6.152633428573608398e-01 6.257345676422119141e-01
4.366425991058349609e+00 -7.165806293487548828e-01 2.277595043182373047e+00 3.881384059786796570e-02 -8.702335357666015625e-01 -4.813529551029205322e-01 1.048472523689270020e-01 1.945822238922119141e-01
4.190080165863037109e+00 -8.048607707023620605e-01 2.298373222351074219e+00 4.108918830752372742e-02 -5.603608489036560059e-02 -1.421611607074737549e-01 9.882560968399047852e-01 1.084538847208023071e-01
4.169517040252685547e+00 -8.419682979583740234e-01 2.381862401962280273e+00 2.878167852759361267e-02 1.400495767593383789e-01 -7.714683413505554199e-01 6.206631064414978027e-01 2.327217459678649902e-01
4.127847671508789062e+00 1.021806478500366211e+00 1.141637086868286133e+00 2.499999944120645523e-03 -7.808603644371032715e-01 2.553769648075103760e-01 -5.701225399971008301e-01 4.834725856781005859e-01
3.896398305892944336e+00 1.096257567405700684e+00 7.615801095962524414e-01 2.499999944120645523e-03 -5.944226384162902832e-01 -6.379058957099914551e-02 -8.016186952590942383e-01 3.328124880790710449e-01
3.552748918533325195e+00 1.055266022682189941e+00 1.196360588073730469e+00 2.499999944120645523e-03 -1.397135704755783081e-01 7.447310090065002441e-01 6.525763273239135742e-01 2.092843651771545410e-01
4.122860908508300781e+00 1.137315392494201660e+00 1.399724364280700684e+00 2.499999944120645523e-03 1.591364145278930664e-01 5.508332848548889160e-01 -8.193035125732421875e-01 4.614812433719635010e-01
4.173771858215332031e+00 1.437768936157226562e+00 1.086516022682189941e+00 2.499999944120645523e-03 -3.887287899851799011e-02 8.072356581687927246e-01 -5.889477729797363281e-01 1.024983748793601990e-01
4.567675590515136719e+00 8.771808147430419922e-01 1.689574599266052246e+00 2.300565689802169800e-02 -4.706943333148956299e-01 -5.807614922523498535e-01 -6.642009615898132324e-01 3.591480106115341187e-02
4.527693271636962891e+00 8.782171607017517090e-01 1.663656115531921387e+00 2.300565689802169800e-02 -6.605263948440551758e-01 -6.630140542984008789e-01 3.523028790950775146e-01 1.471898257732391357e-01
4.437434196472167969e+00 7.571907639503479004e-01 1.735454082489013672e+00 1.827541179955005646e-02 -7.579551935195922852e-01 -5.384753346443176270e-01 -3.681687414646148682e-01 3.313989639282226562e-01
4.384398460388183594e+00 1.948670625686645508e+00 1.478545308113098145e+00 4.863791540265083313e-02 7.388324141502380371e-01 3.925065696239471436e-01 5.477821230888366699e-01 7.147110253572463989e-02
4.466101169586181641e+00 1.984979510307312012e+00 1.539167046546936035e+00 4.861520975828170776e-02 5.943419337272644043e-01 1.100193057209253311e-02 -8.041371703147888184e-01 1.331786513328552246e-01
4.604012966156005859e+00 1.987375855445861816e+00 1.466187000274658203e+00 4.848618805408477783e-02 5.021874904632568359e-01 -3.707705810666084290e-02 -8.639635443687438965e-01 3.341457247734069824e-01
4.775830745697021484e+00 1.861032366752624512e+00 1.156097531318664551e+00 4.785417765378952026e-02 3.887628316879272461e-01 1.832565665245056152e-01 -9.029288291931152344e-01 5.034129619598388672e-01
4.943503856658935547e+00 1.876546859741210938e+00 7.708454728126525879e-01 4.673634469509124756e-02 9.625762104988098145e-01 -2.426281273365020752e-01 1.207420900464057922e-01 2.363635152578353882e-01
5.130896091461181641e+00 1.812134504318237305e+00 8.221557736396789551e-01 4.064105078577995300e-02 5.107843279838562012e-01 -2.454300522804260254e-01 8.239316940307617188e-01 1.724747270345687866e-01
5.242209911346435547e+00 1.770742177963256836e+00 9.581797122955322266e-01 4.639206826686859131e-02 2.501392364501953125e-01 -3.587627112865447998e-01 8.992884159088134766e-01 1.346455514430999756e-01
5.277444362640380859e+00 1.713150143623352051e+00 1.090937256813049316e+00 4.472081735730171204e-02 1.031004190444946289e-01 -7.716509699821472168e-01 -6.276345252990722656e-01 1.517929434776306152e-01
5.267729759216308594e+00 1.601105690002441406e+00 9.906193017959594727e-01 4.064105078577995300e-02 1.709490418434143066e-01 -1.181923449039459229e-01 -9.781650900840759277e-01 2.103278487920761108e-01
4.564051151275634766e+00 1.528859853744506836e+00 1.512730956077575684e+00 9.926104918122291565e-03 6.836619377136230469e-01 2.848210036754608154e-01 6.719250679016113281e-01 3.159568607807159424e-01
4.881466865539550781e+00 1.579064607620239258e+00 1.724068880081176758e+00 9.062965400516986847e-03 1.684653311967849731e-01 4.077001214027404785e-01 8.974408507347106934e-01 3.916216194629669189e-01
4.945087432861328125e+00 1.743338584899902344e+00 2.070979833602905273e+00 4.825190175324678421e-03 -1.436512172222137451e-01 6.567396521568298340e-01 7.403090000152587891e-01 2.549174726009368896e-01
4.612913608551025391e+00 1.251090288162231445e+00 1.614458203315734863e+00 3.399449214339256287e-02 -2.396865487098693848e-01 9.621393084526062012e-01 1.297624707221984863e-01 7.707967758178710938e-01
4.370017528533935547e+00 2.009168386459350586e+00 1.698757290840148926e+00 3.700023517012596130e-02 1.717076301574707031e-01 9.263994097709655762e-01 3.351128399372100830e-01 3.716907203197479248e-01
4.457886695861816406e+00 2.362205266952514648e+00 1.853686332702636719e+00 4.321109876036643982e-02 -4.720530286431312561e-02 9.695152640342712402e-01 -2.404409497976303101e-01 3.680925443768501282e-02
4.439322471618652344e+00 2.458618640899658203e+00 1.921868681907653809e+00 3.942767530679702759e-02 -2.049355357885360718e-01 7.463978528976440430e-01 -6.331601142883300781e-01 2.867966592311859131e-01
4.388932704925537109e+00 2.638422727584838867e+00 1.713858485221862793e+00 3.399449214339256287e-02 -9.787713289260864258e-01 -1.976103782653808594e-01 -5.437660589814186096e-02 8.821193873882293701e-02
4.456443309783935547e+00 2.286529302597045898e+00 1.257634878158569336e+00 1.225448679178953171e-02 7.396619021892547607e-02 9.904613494873046875e-01 1.162552013993263245e-01 6.937078237533569336e-01
4.124137878417968750e+00 2.924150705337524414e+00 1.682222485542297363e+00 2.119074575603008270e-02 -2.432554811239242554e-01 4.619081914424896240e-01 8.529170751571655273e-01 2.547021508216857910e-01
4.060357093811035156e+00 3.032584667205810547e+00 1.903344988822937012e+00 2.119074575603008270e-02 6.697476655244827271e-02 3.761403262615203857e-01 9.241389632225036621e-01 3.859781622886657715e-01
4.480474472045898438e+00 3.131298780441284180e+00 2.007232427597045898e+00 4.016870260238647461e-02 -5.522966384887695312e-01 5.950068235397338867e-01 5.838966369628906250e-01 1.687856018543243408e-01
4.411556243896484375e+00 3.251858234405517578e+00 2.105987787246704102e+00 4.016870260238647461e-02 1.855505071580410004e-02 -3.243375569581985474e-02 9.993016123771667480e-01 2.183315902948379517e-01
4.430182456970214844e+00 3.198837518692016602e+00 2.324628591537475586e+00 4.016870260238647461e-02 8.779842853546142578e-01 2.824484109878540039e-01 3.864796459674835205e-01 2.389283776283264160e-01
4.641465187072753906e+00 3.283481597900390625e+00 2.439595937728881836e+00 4.016870260238647461e-02 8.234632611274719238e-01 4.243194460868835449e-01 -3.766447305679321289e-01 2.581281065940856934e-01
5.072915077209472656e+00 1.334881544113159180e+00 2.804420709609985352e+00 2.499999944120645523e-03 -2.738114297389984131e-01 -4.401643872261047363e-01 -8.551506400108337402e-01 5.371247529983520508e-01
4.962867736816406250e+00 1.111608982086181641e+00 2.312680959701538086e+00 2.499999944120645523e-03 4.958720207214355469e-01 4.438623189926147461e-01 7.463893890380859375e-01 4.614178240299224854e-01
4.910798549652099609e+00 -1.485999822616577148e-01 1.620600342750549316e+00 1.146162953227758408e-02 8.500360883772373199e-03 1.739788651466369629e-01 9.847127199172973633e-01 6.719305515289306641e-01
4.871803283691406250e+00 -9.302271902561187744e-02 2.296357631683349609e+00 2.499999944120645523e-03 1.948248893022537231e-01 8.266346901655197144e-02 9.773484468460083008e-01 3.830020129680633545e-01
4.938852787017822266e+00 -1.554054170846939087e-01 1.632113575935363770e+00 3.973452374339103699e-02 3.162585794925689697e-01 9.483220577239990234e-01 2.580344490706920624e-02 1.034660264849662781e-01
4.971574783325195312e+00 -5.728629976511001587e-02 1.634783267974853516e+00 3.973452374339103699e-02 -3.213508427143096924e-01 4.820055961608886719e-01 8.151099681854248047e-01 1.279485225677490234e-01
4.940147876739501953e+00 2.336996793746948242e-02 1.749019980430603027e+00 3.359356522560119629e-02 -8.848367929458618164e-01 2.435601353645324707e-01 3.971678614616394043e-01 1.423974931240081787e-01
4.804611682891845703e+00 9.691248834133148193e-02 1.774506688117980957e+00 3.973452374339103699e-02 -9.393088221549987793e-01 4.171274229884147644e-02 3.405274748802185059e-01 3.394356369972229004e-01
4.921311855316162109e+00 -6.694124341011047363e-01 6.424347162246704102e-01 3.049421124160289764e-03 -3.120452761650085449e-01 -8.220952153205871582e-01 4.762218594551086426e-01 4.435790777206420898e-01
4.787159919738769531e+00 -1.033068895339965820e+00 8.347985744476318359e-01 3.049421124160289764e-03 3.788743019104003906e-01 -9.247388243675231934e-01 3.622622415423393250e-02 3.492907881736755371e-01
4.643943786621093750e+00 -9.020760059356689453e-01 6.576423645019531250e-01 3.251815587282180786e-02 5.877672433853149414e-01 -3.340556621551513672e-01 7.368422746658325195e-01 4.752266407012939453e-01
4.919531822204589844e+00 -1.088774681091308594e+00 9.981201291084289551e-01 3.251815587282180786e-02 9.864925742149353027e-01 -1.525328904390335083e-01 5.971745401620864868e-02 1.952003240585327148e-01
5.177111148834228516e+00 -1.204853534698486328e+00 1.072722673416137695e+00 3.251815587282180786e-02 3.947943747043609619e-01 7.166957855224609375e-01 5.748778581619262695e-01 2.446618676185607910e-01
5.304662227630615234e+00 -1.006522536277770996e+00 1.210682988166809082e+00 3.251815587282180786e-02 -6.961662322282791138e-02 2.079884558916091919e-01 9.756507277488708496e-01 3.203686773777008057e-01
4.346763610839843750e+00 -1.324746966361999512e+00 3.658047914505004883e-01 9.677979350090026855e-02 -6.455489397048950195e-01 -3.874712288379669189e-01 6.581281423568725586e-01 2.248067557811737061e-01
4.203759193420410156e+00 -1.391119360923767090e+00 5.235136747360229492e-01 9.518317878246307373e-02 -2.198079824447631836e-01 -3.969045877456665039e-01 8.911516070365905762e-01 2.982825338840484619e-01
4.083829402923583984e+00 -1.501859664916992188e+00 9.021260142326354980e-01 8.852642774581909180e-02 3.344196379184722900e-01 -9.155945181846618652e-01 2.232715189456939697e-01 3.695439696311950684e-01
3.963276386260986328e+00 -2.000051498413085938e+00 9.653499722480773926e-01 6.914532184600830078e-02 2.339544445276260376e-01 -2.437826395034790039e-01 -9.411882758140563965e-01 4.217203557491302490e-01
4.072509765625000000e+00 -2.096122503280639648e+00 5.857030749320983887e-01 3.958087041974067688e-02 5.823441147804260254e-01 -8.119739890098571777e-01 -3.966831043362617493e-02 1.815064549446105957e-01
4.152713298797607422e+00 -2.285727024078369141e+00 5.849345326423645020e-01 5.203271657228469849e-02 8.586485981941223145e-01 -5.075437426567077637e-01 7.156746834516525269e-02 1.456527709960937500e-01
4.324572086334228516e+00 -2.322357177734375000e+00 6.713505387306213379e-01 4.077249765396118164e-02 -2.199445292353630066e-02 -8.920754790306091309e-01 4.513508975505828857e-01 1.817592978477478027e-01
4.323497295379638672e+00 -2.537169218063354492e+00 7.006332278251647949e-01 2.551790513098239899e-02 -4.854701757431030273e-01 -6.319959759712219238e-01 6.040694117546081543e-01 2.493484616279602051e-01
4.821601867675781250e+00 -1.994926095008850098e+00 4.638291299343109131e-01 1.505877543240785599e-02 -3.497313559055328369e-01 8.956103324890136719e-01 2.749002575874328613e-01 7.593656778335571289e-01
4.534277439117431641e+00 -1.385161042213439941e+00 7.769640088081359863e-01 4.065365996211767197e-03 9.409885406494140625e-01 -3.370160162448883057e-01 -3.099617734551429749e-02 3.560705184936523438e-01
4.527481079101562500e+00 -1.884070992469787598e+00 4.122738540172576904e-01 7.935775071382522583e-02 -3.082173466682434082e-01 -7.787187695503234863e-01 -5.464422106742858887e-01 1.471219360828399658e-01
4.489874839782714844e+00 -2.000444412231445312e+00 3.715052604675292969e-01 7.762374728918075562e-02 -2.863275110721588135e-01 -9.580536484718322754e-01 1.223854441195726395e-02 8.283529430627822876e-02
4.447682380676269531e+00 -2.111248254776000977e+00 2.197827845811843872e-01 7.003518939018249512e-02 5.189088582992553711e-01 -8.474996089935302734e-01 1.117051467299461365e-01 2.825456261634826660e-01
4.540973663330078125e+00 -2.378263473510742188e+00 2.319401651620864868e-01 4.994429647922515869e-02 3.615233600139617920e-01 -8.915806412696838379e-01 2.727357149124145508e-01 2.727809846401214600e-01
4.653213500976562500e+00 -2.610272645950317383e+00 2.764601409435272217e-01 3.297623246908187866e-02 7.678231596946716309e-01 -6.304678320884704590e-01 1.138327196240425110e-01 2.610156238079071045e-01
3.059544563293457031e+00 -4.551115632057189941e-01 9.163964390754699707e-01 3.805517405271530151e-02 4.474439620971679688e-01 -3.064873516559600830e-01 -8.401544094085693359e-01 4.641968607902526855e-01
3.291523218154907227e+00 -6.303872466087341309e-01 5.440216660499572754e-01 6.499647349119186401e-02 4.386810064315795898e-01 -1.503737568855285645e-01 -8.859722018241882324e-01 5.053856968879699707e-01
3.511209726333618164e+00 -7.091175913810729980e-01 1.004221364855766296e-01 1.827901415526866913e-02 9.192725419998168945e-01 -3.108606338500976562e-01 2.414615452289581299e-01 1.112571880221366882e-01
3.602923631668090820e+00 -7.132319808006286621e-01 1.254946440458297729e-01 9.999999776482582092e-03 9.285708069801330566e-01 3.098404109477996826e-01 -2.043409794569015503e-01 2.149174660444259644e-01
3.449243307113647461e+00 -5.111060142517089844e-01 4.761974811553955078e-01 1.076812576502561569e-02 8.477264046669006348e-01 4.563746452331542969e-01 2.703370451927185059e-01 2.410060763359069824e-01
3.526863574981689453e+00 -6.915205121040344238e-01 4.186607301235198975e-01 3.530505299568176270e-02 -2.249174714088439941e-01 1.362451910972595215e-01 9.648053646087646484e-01 5.274336338043212891e-01
3.363816499710083008e+00 -6.936700940132141113e-01 9.348172545433044434e-01 3.431627154350280762e-02 2.495797164738178253e-02 8.309230953454971313e-02 9.962292909622192383e-01 3.925773501396179199e-01
3.324007749557495117e+00 -6.138068437576293945e-01 1.340064644813537598e+00 4.629509896039962769e-02 1.564162373542785645e-01 -1.290567517280578613e-01 9.792233109474182129e-01 1.599454134702682495e-01
3.346904993057250977e+00 -6.386793851852416992e-01 1.496968984603881836e+00 4.741470888257026672e-02 3.888639807701110840e-01 -1.341676563024520874e-01 9.114734530448913574e-01 3.319357037544250488e-01
3.527290582656860352e+00 -6.492153406143188477e-01 1.804637432098388672e+00 3.020312264561653137e-02 -1.195114403963088989e-01 3.097578324377536774e-02 9.923495054244995117e-01 3.097849190235137939e-01
3.403481721878051758e+00 -6.339262723922729492e-01 2.148125886917114258e+00 4.800242558121681213e-02 3.794943690299987793e-01 -6.350128352642059326e-02 9.230122566223144531e-01 1.610783040523529053e-01
3.528376102447509766e+00 -6.990904808044433594e-01 2.300708293914794922e+00 3.911797329783439636e-02 -1.648981273174285889e-01 -1.218300536274909973e-01 9.787573814392089844e-01 1.716330051422119141e-01
3.487463235855102539e+00 -7.292177677154541016e-01 2.462716341018676758e+00 2.373969368636608124e-02 -3.691848516464233398e-01 -9.461338073015213013e-02 9.245273470878601074e-01 5.196003317832946777e-01
3.337756872177124023e+00 -7.463093996047973633e-01 2.960827827453613281e+00 2.464703284204006195e-02 -3.661623001098632812e-01 -3.310495242476463318e-02 9.299619793891906738e-01 7.086892127990722656e-01
3.071016073226928711e+00 -7.686237692832946777e-01 3.613038778305053711e+00 2.165478467941284180e-02 -6.801711916923522949e-01 6.140948832035064697e-02 7.304765582084655762e-01 2.150049656629562378e-01
3.563183546066284180e+00 -4.994383156299591064e-01 4.154020845890045166e-01 3.049835190176963806e-02 2.814973890781402588e-01 6.939301490783691406e-01 6.627368927001953125e-01 1.464387625455856323e-01
3.604405641555786133e+00 -3.978200554847717285e-01 5.124524831771850586e-01 3.049835190176963806e-02 -5.838503316044807434e-02 -2.185325622558593750e-01 9.740814566612243652e-01 2.584476172924041748e-01
2.862042188644409180e+00 -5.869313478469848633e-01 1.401603817939758301e+00 3.970009461045265198e-02 -5.959571897983551025e-02 3.707456588745117188e-01 -9.268203973770141602e-01 6.416192650794982910e-01
2.830390453338623047e+00 -3.324986398220062256e-01 9.023487567901611328e-01 5.266891419887542725e-02 -9.518527388572692871e-01 3.062983155250549316e-01 1.255943719297647476e-02 1.384426057338714600e-01
2.678360939025878906e+00 -3.620767295360565186e-01 8.818032741546630859e-01 5.059544369578361511e-02 -9.179757833480834961e-01 1.438459008932113647e-01 3.696332871913909912e-01 2.840935289859771729e-01
2.417359590530395508e+00 -2.661418914794921875e-01 9.571293592453002930e-01 4.249654710292816162e-02 -4.932890832424163818e-01 4.112830162048339844e-01 7.664934396743774414e-01 2.018351703882217407e-01
2.305935621261596680e+00 -1.579802036285400391e-01 1.094542026519775391e+00 3.429467231035232544e-02 -3.890417218208312988e-01 3.902847468852996826e-01 8.344604969024658203e-01 2.714727520942687988e-01
2.213233947753906250e+00 -2.778399363160133362e-02 1.322638750076293945e+00 4.074556380510330200e-02 -3.985983729362487793e-01 1.539887934923171997e-01 9.041055440902709961e-01 1.880399882793426514e-01
2.102619409561157227e+00 2.582124248147010803e-02 1.478920936584472656e+00 3.824610635638237000e-02 -3.367092013359069824e-01 3.678387776017189026e-02 9.408899545669555664e-01 3.794864714145660400e-01
1.984325647354125977e+00 7.321988046169281006e-02 1.958414793014526367e+00 2.859888225793838501e-02 -8.971730470657348633e-01 -4.034785628318786621e-01 1.796817630529403687e-01 2.159541100263595581e-01
1.782584786415100098e+00 3.868697211146354675e-02 2.013754844665527344e+00 1.892240159213542938e-02 -9.107710719108581543e-01 -2.432847917079925537e-01 3.336293399333953857e-01 2.119020819664001465e-01
2.765014171600341797e+00 -5.399888157844543457e-01 1.428209066390991211e+00 5.235723778605461121e-02 -8.736273646354675293e-01 -2.112901657819747925e-01 4.383282661437988281e-01 3.299728631973266602e-01
2.483472108840942383e+00 -5.423991084098815918e-01 1.550384759902954102e+00 5.216918885707855225e-02 -5.095332264900207520e-01 3.177820742130279541e-01 7.996189594268798828e-01 1.633756905794143677e-01
2.345417499542236328e+00 -4.480611085891723633e-01 1.649825096130371094e+00 4.424853250384330750e-02 -2.303247898817062378e-01 3.656441569328308105e-01 9.018064141273498535e-01 3.196029663085937500e-01
2.238382577896118164e+00 -2.986918091773986816e-01 1.922263264656066895e+00 5.205224081873893738e-02 2.932760417461395264e-01 6.443784236907958984e-01 7.062333822250366211e-01 4.059757590293884277e-01
2.323557376861572266e+00 -5.263369902968406677e-02 2.158246278762817383e+00 4.074279218912124634e-02 -5.883483886718750000e-01 7.946606874465942383e-01 1.495343446731567383e-01 2.265618741512298584e-01
2.168909549713134766e+00 8.726887404918670654e-02 2.254121780395507812e+00 4.897287860512733459e-02 -7.385693192481994629e-01 6.528323292732238770e-01 1.683011949062347412e-01 2.377191334962844849e-01
2.028750181198120117e+00 4.292035400867462158e-01 2.315972566604614258e+00 4.755682125687599182e-02 -4.742119908332824707e-01 -1.303975004702806473e-02 8.803141117095947266e-01 3.134254813194274902e-01
1.833727478981018066e+00 5.686347484588623047e-01 2.615723371505737305e+00 4.689018428325653076e-02 -9.398613572120666504e-01 -2.688130438327789307e-01 -2.107134908437728882e-01 1.439322382211685181e-01
1.647789239883422852e+00 6.225944161415100098e-01 2.643307447433471680e+00 4.456393420696258545e-02 8.368021845817565918e-01 5.337631106376647949e-01 -1.218977123498916626e-01 2.852699756622314453e-01
2.587528467178344727e+00 -7.771436572074890137e-01 2.550979375839233398e+00 2.985273860394954681e-02 6.624237895011901855e-01 -7.138282656669616699e-01 2.272529751062393188e-01 2.509070336818695068e-01
2.753735303878784180e+00 -9.562481641769409180e-01 2.607998609542846680e+00 2.761203236877918243e-02 4.876385331153869629e-01 3.870423436164855957e-01 7.825642824172973633e-01 1.861990839242935181e-01
2.867390871047973633e+00 -9.150485396385192871e-01 2.761306285858154297e+00 2.210006304085254669e-02 -3.424406051635742188e-02 2.147972583770751953e-01 9.760581254959106445e-01 2.595759630203247070e-01
2.720225572586059570e+00 -6.725033521652221680e-01 2.226653575897216797e+00 3.011520020663738251e-02 -5.493044853210449219e-02 -1.436537057161331177e-01 9.881023764610290527e-01 3.975645303726196289e-01
2.698387145996093750e+00 -7.296149730682373047e-01 2.619488000869750977e+00 3.011520020663738251e-02 -2.455976456403732300e-01 8.001658916473388672e-01 5.471894741058349609e-01 2.504146397113800049e-01
1.798829317092895508e+00 -4.167865812778472900e-01 2.929347991943359375e+00 7.733200676739215851e-03 -6.969594359397888184e-01 -5.936072468757629395e-01 -4.023406803607940674e-01 4.449570775032043457e-01
1.414833307266235352e+00 -5.056115388870239258e-01 2.856110334396362305e+00 3.660342888906598091e-03 -7.691644430160522461e-01 -5.350330471992492676e-01 3.494648039340972900e-01 4.822017848491668701e-01
1.021496176719665527e+00 -7.533895373344421387e-01 3.035423517227172852e+00 1.230281870812177658e-02 5.462182760238647461e-01 6.734543442726135254e-01 4.981012046337127686e-01 1.064710989594459534e-01
2.322652101516723633e+00 -7.677099108695983887e-01 2.736206531524658203e+00 1.872316561639308929e-02 2.913874089717864990e-01 -9.881597012281417847e-02 9.514876604080200195e-01 1.369010508060455322e-01
2.331558704376220703e+00 -7.846677303314208984e-01 2.880986928939819336e+00 2.230679988861083984e-02 4.055436253547668457e-01 1.522429585456848145e-01 9.013081789016723633e-01 1.566616445779800415e-01
2.381587266921997070e+00 -7.554698586463928223e-01 3.104192018508911133e+00 2.967210300266742706e-02 -5.790354013442993164e-01 -8.142061829566955566e-01 -4.226515814661979675e-02 9.610990434885025024e-02
2.220997333526611328e+00 -1.104863643646240234e+00 3.216917991638183594e+00 2.327838353812694550e-02 5.569183230400085449e-01 -5.009089112281799316e-01 -6.625195741653442383e-01 3.501597940921783447e-01
2.444655656814575195e+00 -1.239124894142150879e+00 3.007208585739135742e+00 2.367200329899787903e-02 4.651075005531311035e-01 1.487091034650802612e-01 -8.726744055747985840e-01 2.889973223209381104e-01
2.603629350662231445e+00 -1.204953074455261230e+00 2.751152276992797852e+00 2.144802920520305634e-02 -1.112240850925445557e-01 1.216943040490150452e-01 -9.863162040710449219e-01 4.541296958923339844e-01
3.304498195648193359e+00 -2.120699167251586914e+00 5.311551690101623535e-01 1.827190443873405457e-02 6.966110467910766602e-01 4.673288166522979736e-01 -5.443683266639709473e-01 3.405005633831024170e-01
2.745215892791748047e+00 -1.398463606834411621e+00 9.228946566581726074e-01 3.828178718686103821e-02 -3.059085607528686523e-01 2.096973806619644165e-01 9.286802411079406738e-01 2.739616632461547852e-01
2.610884904861450195e+00 -1.318698406219482422e+00 1.119216918945312500e+00 3.828178718686103821e-02 3.852119669318199158e-02 9.435706138610839844e-01 3.289234936237335205e-01 1.651580780744552612e-01
2.601845979690551758e+00 -1.152203321456909180e+00 1.158030509948730469e+00 1.437840051949024200e-02 6.041535735130310059e-01 7.950616478919982910e-01 -5.362271890044212341e-02 2.336753904819488525e-01
2.773117780685424805e+00 -9.802923798561096191e-01 1.156557917594909668e+00 3.828178718686103821e-02 5.039528012275695801e-01 5.914377570152282715e-01 -6.294703483581542969e-01 3.988538086414337158e-01
2.844951391220092773e+00 -1.638432979583740234e+00 8.397464156150817871e-01 2.453772723674774170e-02 -8.896647393703460693e-02 9.642735123634338379e-01 -2.495227009057998657e-01 6.612085700035095215e-01
2.759894371032714844e+00 -9.478643536567687988e-01 6.999752521514892578e-01 2.453772723674774170e-02 6.365162730216979980e-01 5.649951696395874023e-01 -5.250023603439331055e-01 3.564275801181793213e-02
2.763771772384643555e+00 -1.026680111885070801e+00 7.024911642074584961e-01 2.453772723674774170e-02 7.420858740806579590e-01 2.737879520282149315e-03 6.702992320060729980e-01 1.192117780447006226e-01
2.817344427108764648e+00 -9.902167916297912598e-01 7.649358510971069336e-01 2.453772723674774170e-02 -7.466350793838500977e-01 -5.211045145988464355e-01 4.135047197341918945e-01 1.556875109672546387e-01
4.748990058898925781e+00 -7.623611688613891602e-01 2.307847738265991211e+00 8.840495720505714417e-03 -8.563760519027709961e-01 4.585530161857604980e-01 2.373799681663513184e-01 4.804889857769012451e-01
4.369037628173828125e+00 -5.697608590126037598e-01 2.474774837493896484e+00 8.840495720505714417e-03 -1.351234912872314453e-01 8.420372009277343750e-01 5.222212672233581543e-01 2.052717953920364380e-01
4.839483737945556641e+00 -7.256751656532287598e-01 2.457515239715576172e+00 4.664625227451324463e-02 2.095357179641723633e-01 8.753339648246765137e-01 -4.357582032680511475e-01 3.049867451190948486e-01
4.867250919342041016e+00 -4.813296496868133545e-01 2.346462726593017578e+00 4.458158463239669800e-02 6.564503312110900879e-01 -5.400548577308654785e-01 5.267007946968078613e-01 1.981443315744400024e-01
5.008367061614990234e+00 -6.967287063598632812e-01 2.455960035324096680e+00 3.652698546648025513e-02 -1.067166402935981750e-01 3.619414195418357849e-02 9.936304688453674316e-01 6.395740509033203125e-01
4.970238685607910156e+00 -6.253544092178344727e-01 3.067219257354736328e+00 2.601425722241401672e-02 8.772125840187072754e-02 4.030957818031311035e-01 9.109438657760620117e-01 1.949328035116195679e-01
4.953720569610595703e+00 -5.313864946365356445e-01 3.210591793060302734e+00 2.054644003510475159e-02 -7.261261940002441406e-01 -6.508237123489379883e-02 6.844742894172668457e-01 1.521244049072265625e-01
4.148517131805419922e+00 -8.564788103103637695e-01 2.368564844131469727e+00 7.323909550905227661e-03 2.405447512865066528e-01 2.019181847572326660e-01 -9.494036436080932617e-01 7.056716680526733398e-01
4.368161678314208984e+00 -7.243123054504394531e-01 1.715345025062561035e+00 7.323909550905227661e-03 3.540353477001190186e-01 2.487601637840270996e-01 -9.015416502952575684e-01 3.616818189620971680e-01
4.469072818756103516e+00 -6.268850564956665039e-01 1.378569006919860840e+00 6.103257648646831512e-03 4.114490151405334473e-01 2.321406751871109009e-01 -8.813741803169250488e-01 2.302550375461578369e-01
4.905726432800292969e+00 1.617138266563415527e+00 1.824646949768066406e+00 2.499999944120645523e-03 6.445140242576599121e-01 -7.119320034980773926e-01 2.788449823856353760e-01 1.260757297277450562e-01
5.017716407775878906e+00 1.490837693214416504e+00 1.861793875694274902e+00 2.499999944120645523e-03 7.210345864295959473e-01 6.229179501533508301e-01 3.034507036209106445e-01 3.326875567436218262e-01
4.904788494110107422e+00 1.644975423812866211e+00 1.865303158760070801e+00 3.587423823773860931e-03 -3.919478058815002441e-01 7.822477221488952637e-01 -4.842163324356079102e-01 3.293529152870178223e-01
4.199739456176757812e+00 -1.391552686691284180e+00 7.377470135688781738e-01 8.150905370712280273e-02 3.764670789241790771e-01 7.511058449745178223e-01 5.423214435577392578e-01 1.712267547845840454e-01
4.264200687408447266e+00 -1.262943267822265625e+00 8.306069970130920410e-01 8.051881194114685059e-02 8.700903058052062988e-01 -2.600901424884796143e-01 4.186836779117584229e-01 2.270067632198333740e-01
4.496774196624755859e+00 -1.352062463760375977e+00 8.819478750228881836e-01 8.096981048583984375e-02 3.466875553131103516e-01 -6.194010376930236816e-01 7.043792009353637695e-01 1.141150593757629395e-01
4.537910461425781250e+00 -1.415197610855102539e+00 9.701629877090454102e-01 8.159498125314712524e-02 2.450810223817825317e-01 -7.223426103591918945e-01 6.466501355171203613e-01 2.322943061590194702e-01
4.185827255249023438e+00 -1.496476769447326660e+00 9.163892865180969238e-01 5.817609280347824097e-02 1.690244376659393311e-01 3.344608545303344727e-01 9.271281957626342773e-01 7.275279760360717773e-01
3.421784162521362305e+00 -6.398222446441650391e-01 1.824123710393905640e-01 2.499999944120645523e-03 -7.041220068931579590e-01 6.388292908668518066e-01 3.100150823593139648e-01 2.179552763700485229e-01
3.284188747406005859e+00 -6.193399429321289062e-01 2.669105827808380127e-01 2.499999944120645523e-03 -6.540886163711547852e-01 2.037107571959495544e-02 7.561435699462890625e-01 5.097348690032958984e-01
2.951000690460205078e+00 -6.058192253112792969e-01 6.723347306251525879e-01 3.035714384168386459e-03 -9.910610914230346680e-01 -1.296530812978744507e-01 3.143254294991493225e-02 1.921457499265670776e-01
3.247908830642700195e+00 -5.879224538803100586e-01 1.157111644744873047e+00 4.398034512996673584e-02 -3.091030120849609375e-01 -5.696702599525451660e-01 7.615320682525634766e-01 9.055971503257751465e-01
3.005944728851318359e+00 -1.125597476959228516e+00 2.009978055953979492e+00 4.051369056105613708e-02 -9.425043463706970215e-01 -2.804462909698486328e-01 1.817566156387329102e-01 2.402711063623428345e-01
2.780683517456054688e+00 -1.147155404090881348e+00 2.077776193618774414e+00 3.788867220282554626e-02 -9.984272718429565430e-01 -3.418889362365007401e-03 5.595787987112998962e-02 4.018629193305969238e-01
2.386299133300781250e+00 -1.147033452987670898e+00 2.130343437194824219e+00 3.451544046401977539e-02 -7.953886389732360840e-01 -5.688053369522094727e-01 2.093260586261749268e-01 2.565329968929290771e-01
2.127341508865356445e+00 -1.136698365211486816e+00 2.238879203796386719e+00 2.954829111695289612e-02 -8.302651643753051758e-01 -4.202758073806762695e-01 3.660983741283416748e-01 3.366913199424743652e-01
1.821797370910644531e+00 -1.209065556526184082e+00 2.215219020843505859e+00 3.111716359853744507e-02 -1.908285766839981079e-01 8.747596144676208496e-01 4.453988075256347656e-01 1.556357890367507935e-01
1.888600230216979980e+00 -1.238047957420349121e+00 2.309761047363281250e+00 2.341662533581256866e-02 -4.364174231886863708e-02 1.258772760629653931e-01 9.910854101181030273e-01 1.102933064103126526e-01
1.959023475646972656e+00 -1.089362502098083496e+00 2.583063602447509766e+00 1.515295542776584625e-02 -5.082359910011291504e-01 -5.362046957015991211e-01 6.739292740821838379e-01 4.579695761203765869e-01
3.409145832061767578e+00 -6.615625619888305664e-01 1.402028441429138184e+00 6.269318982958793640e-03 1.290833204984664917e-01 -9.221906661987304688e-01 3.645571172237396240e-01 4.508912861347198486e-01
3.425847053527832031e+00 -6.321662664413452148e-01 1.572347402572631836e+00 4.179952293634414673e-02 2.397086173295974731e-01 8.012231588363647461e-01 5.482528805732727051e-01 1.797223985195159912e-01
3.459534883499145508e+00 -4.754562675952911377e-01 1.672461271286010742e+00 4.504397138953208923e-02 6.058035492897033691e-01 3.593835234642028809e-01 7.098208069801330566e-01 1.468164920806884766e-01
3.582348585128784180e+00 -3.812319338321685791e-01 1.757358312606811523e+00 4.142570123076438904e-02 2.984949946403503418e-01 1.917308568954467773e-01 9.349545836448669434e-01 1.385329514741897583e-01
3.611409425735473633e+00 -3.721776604652404785e-01 1.882366657257080078e+00 4.504397138953208923e-02 -6.575242877006530762e-01 2.814209163188934326e-01 6.989020109176635742e-01 3.918516337871551514e-01
3.293704509735107422e+00 -6.461769938468933105e-01 1.393714666366577148e+00 1.918206177651882172e-02 -4.152281284332275391e-01 1.581756472587585449e-01 8.958604931831359863e-01 3.773730099201202393e-01
3.142867803573608398e+00 -6.252399086952209473e-01 1.753985881805419922e+00 5.983720533549785614e-03 -6.616207361221313477e-01 2.948647737503051758e-01 6.894293427467346191e-01 4.305021762847900391e-01
3.365257501602172852e+00 -6.184188723564147949e-01 2.174099445343017578e+00 3.595520555973052979e-02 6.598569452762603760e-02 4.313889443874359131e-01 8.997496962547302246e-01 1.485803574323654175e-01
3.420010328292846680e+00 -5.713977217674255371e-01 2.335324764251708984e+00 3.868620842695236206e-02 -2.608930766582489014e-01 5.699409246444702148e-01 7.791675925254821777e-01 3.010392189025878906e-01
3.370655059814453125e+00 -3.792728185653686523e-01 2.557734251022338867e+00 4.560230299830436707e-02 -5.328486561775207520e-01 8.356187343597412109e-01 1.334676444530487061e-01 5.195903405547142029e-02
3.314076185226440430e+00 -3.587292432785034180e-01 2.572868824005126953e+00 2.756738848984241486e-02 -3.389518857002258301e-01 6.662450432777404785e-01 6.642508506774902344e-01 2.713043689727783203e-01
3.529484987258911133e+00 -7.466194629669189453e-01 2.410546302795410156e+00 3.792048199102282524e-03 4.903738200664520264e-01 -8.697121739387512207e-01 5.598477646708488464e-02 1.144127547740936279e-01
3.541317224502563477e+00 -7.827355861663818359e-01 2.428156614303588867e+00 3.792048199102282524e-03 5.150384902954101562e-01 2.129502743482589722e-01 8.302936553955078125e-01 3.418399393558502197e-01
2.615870475769042969e+00 -3.036147654056549072e-01 8.930174112319946289e-01 4.806566983461380005e-02 4.002989456057548523e-02 9.556426405906677246e-01 -2.917956709861755371e-01 1.771529316902160645e-01
2.523102045059204102e+00 -6.450095772743225098e-02 9.237328171730041504e-01 4.806566983461380005e-02 7.029091715812683105e-01 1.995289921760559082e-01 6.827201843261718750e-01 2.497771382331848145e-01
2.717755794525146484e+00 -6.853257864713668823e-02 1.118945240974426270e+00 4.806566983461380005e-02 -3.492510020732879639e-01 2.852706611156463623e-01 8.925493955612182617e-01 2.259963154792785645e-01
2.668428659439086914e+00 -4.562016203999519348e-02 1.345325946807861328e+00 4.806566983461380005e-02 -9.111655503511428833e-02 4.595137834548950195e-01 8.834844827651977539e-01 2.257217317819595337e-01
2.227437734603881836e+00 -1.980683356523513794e-01 2.018285989761352539e+00 3.006844967603683472e-02 -8.817579150199890137e-01 -4.593886733055114746e-01 1.070748716592788696e-01 3.674725592136383057e-01
1.872345566749572754e+00 -3.314323425292968750e-01 2.090537309646606445e+00 4.944962635636329651e-02 -6.265524029731750488e-01 -7.490418553352355957e-01 2.153332829475402832e-01 1.093205437064170837e-01
1.835768342018127441e+00 -4.840249121189117432e-01 2.155474662780761719e+00 4.944962635636329651e-02 -9.262498617172241211e-01 -3.664210140705108643e-01 8.829943090677261353e-02 4.537043869495391846e-01
1.391011834144592285e+00 -6.199633479118347168e-01 2.292755842208862305e+00 9.999999776482582092e-03 -9.716409444808959961e-01 -1.028274372220039368e-01 -2.129327803850173950e-01 2.821979224681854248e-01
2.264105558395385742e+00 -2.095454335212707520e-01 2.084830760955810547e+00 2.881347201764583588e-02 -7.860013246536254883e-01 -2.900604903697967529e-01 5.459550023078918457e-01 2.238119095563888550e-01
2.390962839126586914e+00 -7.244195789098739624e-02 2.227314233779907227e+00 4.944962635636329651e-02 8.664159178733825684e-01 -2.540764510631561279e-01 -4.298471808433532715e-01 2.897688448429107666e-01
2.686037302017211914e+00 -1.269765943288803101e-01 2.193536996841430664e+00 4.944962635636329651e-02 8.130765557289123535e-01 -5.060347914695739746e-01 -2.878112494945526123e-01 1.111948639154434204e-01
2.781306982040405273e+00 -1.621572226285934448e-01 2.109889745712280273e+00 4.944962635636329651e-02 7.919850945472717285e-01 -5.876965522766113281e-01 -1.654458791017532349e-01 3.311225175857543945e-01
3.011395454406738281e+00 -3.624714016914367676e-01 2.045071125030517578e+00 1.579921133816242218e-02 -2.007288299500942230e-02 8.951130509376525879e-01 -4.453870952129364014e-01 1.890006810426712036e-01
2.787506580352783203e+00 -1.281882524490356445e+00 7.446957230567932129e-01 1.179417502135038376e-02 -9.869742393493652344e-01 -1.412681639194488525e-01 -7.697528600692749023e-02 1.088152751326560974e-01
2.678668975830078125e+00 -1.305414557456970215e+00 7.399616837501525879e-01 1.179417502135038376e-02 -7.419781386852264404e-02 -3.955051600933074951e-01 -9.154618382453918457e-01 3.461427390575408936e-01
3.159986734390258789e+00 -6.130274534225463867e-01 4.113896489143371582e-01 2.499999944120645523e-03 -1.849699206650257111e-02 9.314355850219726562e-01 3.634359240531921387e-01 7.470358163118362427e-02
3.196875810623168945e+00 -5.009335875511169434e-01 3.693951666355133057e-01 2.499999944120645523e-03 -2.107574492692947388e-01 -7.763724923133850098e-01 -5.939924120903015137e-01 2.020523697137832642e-01
3.200309038162231445e+00 -7.478783130645751953e-01 2.065241485834121704e-01 2.499999944120645523e-03 -3.069925606250762939e-01 -5.321946144104003906e-01 7.890021800994873047e-01 3.545328378677368164e-01
3.165925741195678711e+00 -9.150695800781250000e-01 4.935683608055114746e-01 2.499999944120645523e-03 -1.033201217651367188e-01 1.937259919941425323e-02 9.944594502449035645e-01 1.613813936710357666e-01
3.147723436355590820e+00 -9.317351579666137695e-01 6.487461328506469727e-01 2.499999944120645523e-03 -8.956258893013000488e-01 -4.941850900650024414e-02 4.420543313026428223e-01 1.522646993398666382e-01
2.995710134506225586e+00 -1.115800976753234863e+00 1.972022294998168945e+00 9.163810871541500092e-03 2.239375263452529907e-01 -7.408775091171264648e-01 6.332080960273742676e-01 3.166827261447906494e-01
3.096537351608276367e+00 -1.335299253463745117e+00 2.223441600799560547e+00 7.854694500565528870e-03 -1.075183320790529251e-02 -9.567668437957763672e-01 2.906572818756103516e-01 1.202428117394447327e-01
3.021713733673095703e+00 -1.435793042182922363e+00 2.344398736953735352e+00 2.771313767880201340e-03 3.148512244224548340e-01 -8.542397618293762207e-01 4.136944711208343506e-01 5.786252617835998535e-01
2.923821210861206055e+00 -1.189362883567810059e+00 2.012791633605957031e+00 3.848800435662269592e-02 -6.993870139122009277e-01 -5.954204201698303223e-01 3.953887522220611572e-01 1.460752785205841064e-01
2.695915460586547852e+00 -1.234776496887207031e+00 2.142364025115966797e+00 3.848800435662269592e-02 -4.621796011924743652e-01 -8.215855360031127930e-01 -3.337472975254058838e-01 1.906983703374862671e-01
2.588821172714233398e+00 -1.404950976371765137e+00 2.164907217025756836e+00 3.848800435662269592e-02 -1.699389666318893433e-01 -9.671865701675415039e-01 -1.888673305511474609e-01 2.959783971309661865e-01
2.512804269790649414e+00 -1.696556687355041504e+00 2.103024005889892578e+00 3.848800435662269592e-02 6.032016500830650330e-02 -8.594138026237487793e-01 5.077099800109863281e-01 4.186520278453826904e-01
1.872111320495605469e+00 -1.204098582267761230e+00 2.416008472442626953e+00 3.089693607762455940e-03 -9.682486057281494141e-01 -1.224883720278739929e-01 -2.179247438907623291e-01 5.806419849395751953e-01
1.305405020713806152e+00 -1.289068102836608887e+00 2.316682338714599609e+00 6.124214269220829010e-03 -2.457438707351684570e-01 -8.468613028526306152e-01 -4.716311097145080566e-01 8.943593502044677734e-02
3.085190534591674805e+00 -1.602764487266540527e+00 2.427863836288452148e+00 2.499999944120645523e-03 3.399880975484848022e-02 9.977821111679077148e-01 5.722657591104507446e-02 1.906610727310180664e-01
3.099892377853393555e+00 -1.428426861763000488e+00 2.406304359436035156e+00 2.499999944120645523e-03 4.832018911838531494e-02 9.018253684043884277e-01 -4.293904006481170654e-01 3.770308792591094971e-01
3.130235195159912109e+00 -1.737300634384155273e+00 2.491436004638671875e+00 2.499999944120645523e-03 -9.023959636688232422e-01 4.216900765895843506e-01 8.865095674991607666e-02 2.530604898929595947e-01
2.915056705474853516e+00 -1.601618409156799316e+00 2.482037782669067383e+00 2.499999944120645523e-03 -7.041454315185546875e-01 6.454925537109375000e-01 2.958353757858276367e-01 1.059019416570663452e-01
2.827927350997924805e+00 -1.569723606109619141e+00 2.497031688690185547e+00 2.499999944120645523e-03 -7.572943568229675293e-01 -3.140170127153396606e-02 6.523182988166809082e-01 3.390898108482360840e-01
-1.303909897804260254e+00 -2.531889438629150391e+00 -3.685394227504730225e-01 3.059558272361755371e-01 -6.589525341987609863e-01 1.994042843580245972e-01 7.252719998359680176e-01 2.443444013595581055e+00
-3.050765752792358398e+00 -2.018447875976562500e+00 1.395043134689331055e+00 3.059558272361755371e-01 1.046147383749485016e-02 3.599618375301361084e-01 9.329083561897277832e-01 1.269626855850219727e+00
-3.180700540542602539e+00 -1.428815841674804688e+00 2.552042007446289062e+00 3.059558272361755371e-01 9.836870431900024414e-02 3.024509251117706299e-01 9.480754137039184570e-01 7.303724884986877441e-01
-1.465536475181579590e+00 -2.248701810836791992e+00 1.831804364919662476e-01 4.954408481717109680e-02 5.875709652900695801e-01 -7.802121043205261230e-01 2.145448625087738037e-01 1.097736954689025879e+00
-1.096422791481018066e+00 -3.389436483383178711e+00 4.580077528953552246e-01 6.500114500522613525e-02 7.202056050300598145e-01 -6.798541545867919922e-01 1.382108479738235474e-01 8.031350374221801758e-01
-1.929023861885070801e+00 -2.307500839233398438e+00 -1.114620789885520935e-01 1.497166901826858521e-01 -9.205694794654846191e-01 3.466842174530029297e-01 1.798940002918243408e-01 1.656032204627990723e+00
-3.452058076858520508e+00 -1.769931077957153320e+00 2.304774075746536255e-01 1.343287974596023560e-01 -9.595921635627746582e-01 2.000697404146194458e-01 1.978760212659835815e-01 3.715590536594390869e-01
-3.859419822692871094e+00 -1.714751124382019043e+00 4.524944424629211426e-01 2.906580269336700439e-01 -6.628626585006713867e-01 -6.794860363006591797e-01 -3.145025372505187988e-01 4.644190669059753418e-01
-4.136261463165283203e+00 -1.891533255577087402e+00 3.654307723045349121e-01 2.906580269336700439e-01 -9.610797166824340820e-01 1.063040494918823242e-01 2.550004720687866211e-01 5.621994733810424805e-01
-2.684693813323974609e+00 -1.929209351539611816e+00 1.026972293853759766e+00 6.295668333768844604e-02 -6.615197062492370605e-01 7.437911033630371094e-01 -9.574145078659057617e-02 3.013724327087402344e+00
-2.524424791336059570e+00 -1.857361793518066406e+00 1.200116276741027832e+00 5.394351854920387268e-02 4.498465359210968018e-01 8.601508736610412598e-01 2.403717339038848877e-01 1.811341941356658936e-01
-2.416536092758178711e+00 -1.698477029800415039e+00 1.242374062538146973e+00 5.018231272697448730e-02 7.253628224134445190e-02 -2.165859043598175049e-01 9.735651016235351562e-01 1.146403253078460693e-01
-2.433285951614379883e+00 -1.720871329307556152e+00 1.355945587158203125e+00 5.605226010084152222e-02 9.179947525262832642e-02 1.521609723567962646e-01 9.840832948684692383e-01 8.844403624534606934e-01
-2.320359945297241211e+00 -1.425288796424865723e+00 2.221324682235717773e+00 4.537735134363174438e-02 8.208358883857727051e-01 -1.446867734193801880e-01 5.525343418121337891e-01 3.774024248123168945e-01
-1.893831014633178711e+00 -2.645939588546752930e+00 3.705348670482635498e-01 1.530212014913558960e-01 -1.610801964998245239e-01 -8.730901479721069336e-01 4.601812660694122314e-01 7.654134035110473633e-01
-2.017123937606811523e+00 -3.314214468002319336e+00 7.227637767791748047e-01 1.530212014913558960e-01 2.505660057067871094e-01 -1.550643146038055420e-01 9.556002020835876465e-01 6.922684907913208008e-01
-1.898368835449218750e+00 -3.463603973388671875e+00 1.367724061012268066e+00 1.187862902879714966e-01 -3.286539614200592041e-01 5.601659417152404785e-02 9.427877068519592285e-01 7.121754288673400879e-01
-2.015737295150756836e+00 -3.507489681243896484e+00 2.083372831344604492e+00 7.426876574754714966e-02 -5.234692692756652832e-01 -3.102749586105346680e-01 7.935423254966735840e-01 2.861429154872894287e-01
-2.075476408004760742e+00 -3.565942287445068359e+00 2.542009830474853516e+00 5.124842375516891479e-02 -8.719768524169921875e-01 -3.091664016246795654e-01 3.795687854290008545e-01 5.896847844123840332e-01
-2.719405651092529297e+00 -2.418565511703491211e+00 1.168751120567321777e+00 1.295051276683807373e-01 -1.750655025243759155e-01 -9.765711426734924316e-01 1.251433789730072021e-01 1.077077269554138184e+00
-2.812536239624023438e+00 -3.342336893081665039e+00 1.114995002746582031e+00 1.200098991394042969e-01 -7.696513533592224121e-01 -2.748818993568420410e-01 -5.762610435485839844e-01 1.213020920753479004e+00
-3.878264904022216797e+00 -3.900047063827514648e+00 5.278623700141906738e-01 9.519328922033309937e-02 -8.468607068061828613e-01 2.704774141311645508e-01 -4.578962028026580811e-01 8.239674568176269531e-01
-2.404572963714599609e+00 -2.357670068740844727e+00 1.139012336730957031e+00 2.209512889385223389e-01 -4.437473714351654053e-01 -5.435041189193725586e-01 7.125247716903686523e-01 1.516221761703491211e+00
-3.132355690002441406e+00 -3.329200267791748047e+00 2.233923912048339844e+00 2.211127430200576782e-01 -9.313449263572692871e-01 3.551105558872222900e-01 8.057997375726699829e-02 8.025275468826293945e-01
-3.892097473144531250e+00 -3.356226921081542969e+00 2.363142728805541992e+00 2.374372929334640503e-01 -4.015139043331146240e-01 2.007147818803787231e-01 8.935883641242980957e-01 1.995631814002990723e+00
-4.366488456726074219e+00 -2.884010553359985352e+00 4.142928600311279297e+00 1.386780142784118652e-01 -1.070675905793905258e-03 5.347799509763717651e-02 9.985684752464294434e-01 8.974818587303161621e-01
-4.375921249389648438e+00 -2.847927570343017578e+00 5.040180683135986328e+00 1.331671476364135742e-01 2.545882714912295341e-03 8.641656488180160522e-02 9.962558150291442871e-01 5.181994438171386719e-01
-4.360653877258300781e+00 -2.801943540573120117e+00 5.556197166442871094e+00 1.286788582801818848e-01 1.345637440681457520e-02 4.566353186964988708e-02 9.988662600517272949e-01 4.484199583530426025e-01
-4.386911869049072266e+00 -2.732515335083007812e+00 6.091613292694091797e+00 1.282034814357757568e-01 2.644529640674591064e-01 -7.967831492424011230e-01 5.433242321014404297e-01 7.368839383125305176e-01
-4.199561595916748047e+00 -3.330177783966064453e+00 6.494490146636962891e+00 1.282034814357757568e-01 -1.393014937639236450e-01 3.227491974830627441e-01 9.361773729324340820e-01 3.877586126327514648e-01
-4.169484138488769531e+00 -3.378173351287841797e+00 6.933711528778076172e+00 1.282034814357757568e-01 -4.280429705977439880e-02 3.850014805793762207e-01 9.219228029251098633e-01 4.347091913223266602e-01
-4.293713569641113281e+00 -3.201876640319824219e+00 7.359937667846679688e+00 1.282034814357757568e-01 2.460598498582839966e-01 4.202203452587127686e-01 8.734239339828491211e-01 3.789750933647155762e-01
-4.205440044403076172e+00 -2.963700532913208008e+00 7.671586036682128906e+00 1.307633817195892334e-01 2.327928505837917328e-02 2.395324409008026123e-01 9.706092476844787598e-01 5.628371834754943848e-01
-4.149342536926269531e+00 -2.862791776657104492e+00 8.216260910034179688e+00 1.292446553707122803e-01 1.037317737936973572e-01 8.417025208473205566e-02 9.910373687744140625e-01 5.945677161216735840e-01
-8.272770047187805176e-01 -3.013867378234863281e+00 4.013495445251464844e-01 4.706687852740287781e-02 8.378809690475463867e-01 5.458176136016845703e-01 6.213212385773658752e-03 2.425711393356323242e+00
1.280011534690856934e+00 -1.646263241767883301e+00 3.820801675319671631e-01 3.248633816838264465e-02 2.860963046550750732e-01 2.396507114171981812e-01 9.277480244636535645e-01 2.193463146686553955e-01
1.434518337249755859e+00 -1.634094357490539551e+00 5.955205559730529785e-01 2.959083579480648041e-02 -5.169247835874557495e-02 1.263993084430694580e-01 9.906316399574279785e-01 2.145754843950271606e-01
1.458870649337768555e+00 -1.490619421005249023e+00 8.405762910842895508e-01 2.162064425647258759e-02 -5.905015468597412109e-01 -4.512231424450874329e-02 8.057740926742553711e-01 6.243269443511962891e-01
1.076435089111328125e+00 -1.367574453353881836e+00 1.278146743774414062e+00 1.435734052211046219e-02 1.997939348220825195e-01 4.046985507011413574e-01 8.923572301864624023e-01 4.680323898792266846e-01
-1.015499472618103027e+00 -2.784563302993774414e+00 3.702570796012878418e-01 7.393111009150743484e-03 5.258099436759948730e-01 5.473648309707641602e-01 6.510880589485168457e-01 5.183255076408386230e-01
-8.067414164543151855e-01 -2.597230911254882812e+00 5.690399408340454102e-01 7.393111009150743484e-03 7.747318148612976074e-01 2.933323681354522705e-01 -5.601309537887573242e-01 7.109561562538146973e-01
-1.983665078878402710e-01 -2.528773546218872070e+00 2.453589737415313721e-01 2.028948068618774414e-02 9.396193623542785645e-01 2.868665754795074463e-01 -1.866092830896377563e-01 1.195274710655212402e+00
-3.863919019699096680e+00 -6.836200952529907227e-01 8.285103440284729004e-01 8.828924968838691711e-03 -7.012212872505187988e-01 -6.049571633338928223e-01 3.772473633289337158e-01 1.044279456138610840e+00
-2.111999988555908203e+00 -1.449718475341796875e+00 2.307696342468261719e+00 4.310848191380500793e-02 3.237592577934265137e-01 2.035469263792037964e-01 -9.239851832389831543e-01 1.941903233528137207e-01
-2.058454751968383789e+00 -1.419300079345703125e+00 2.136923074722290039e+00 4.283270984888076782e-02 1.646722555160522461e-01 5.856246352195739746e-01 7.936792969703674316e-01 1.196231916546821594e-01
-2.090760946273803711e+00 -1.144187927246093750e+00 2.240412950515747070e+00 4.066616296768188477e-02 6.352170705795288086e-01 1.293590962886810303e-01 7.614233493804931641e-01 6.393627524375915527e-01
-1.495575547218322754e+00 -9.880414009094238281e-01 2.594230651855468750e+00 3.630321472883224487e-02 6.192100048065185547e-01 -5.050314664840698242e-01 6.012671589851379395e-01 2.595103085041046143e-01
-1.308016061782836914e+00 -1.265531063079833984e+00 2.719002485275268555e+00 3.231298550963401794e-02 2.650488913059234619e-01 -1.545712649822235107e-01 9.517651200294494629e-01 2.256133854389190674e-01
-1.042290925979614258e+00 -1.265338897705078125e+00 3.012645721435546875e+00 2.486148104071617126e-02 -2.376895099878311157e-01 -4.906678199768066406e-01 8.383011221885681152e-01 5.252793431282043457e-01
-1.208106160163879395e+00 -1.512873172760009766e+00 3.458734750747680664e+00 1.403046771883964539e-02 -1.807769946753978729e-02 -5.447736978530883789e-01 8.383882641792297363e-01 4.372504055500030518e-01
-1.775417208671569824e+00 -3.495591640472412109e+00 1.187705039978027344e+00 3.052580729126930237e-02 4.883611798286437988e-01 -4.824483990669250488e-01 -7.271498441696166992e-01 4.743931293487548828e-01
-1.356770396232604980e+00 -3.699359416961669922e+00 9.732104539871215820e-01 3.052580729126930237e-02 -5.332691669464111328e-01 -2.415186911821365356e-01 8.107358813285827637e-01 1.636295795440673828e+00
-3.799440383911132812e+00 -3.587209463119506836e+00 4.802623391151428223e-01 2.992920763790607452e-02 -5.808923244476318359e-01 6.891089081764221191e-01 4.332355856895446777e-01 4.409622550010681152e-01
-4.013911247253417969e+00 -3.259399652481079102e+00 7.094336748123168945e-01 2.992920763790607452e-02 4.592393040657043457e-01 4.345187246799468994e-01 -7.747855782508850098e-01 7.540257573127746582e-01
-3.327517509460449219e+00 -3.018608331680297852e+00 2.271455764770507812e+00 2.100571095943450928e-01 4.321322143077850342e-01 9.000884890556335449e-01 5.569997429847717285e-02 5.861178636550903320e-01
-2.809057712554931641e+00 -2.531346559524536133e+00 2.389938831329345703e+00 1.851259171962738037e-01 -3.182390332221984863e-01 -6.738613843917846680e-01 6.668093800544738770e-01 8.426376581192016602e-01
-3.010700225830078125e+00 -3.280995845794677734e+00 2.890745878219604492e+00 1.220016106963157654e-01 -6.600815057754516602e-01 -4.447969794273376465e-01 6.053495407104492188e-01 1.397320747375488281e+00
-3.928168296813964844e+00 -3.933866024017333984e+00 3.704989433288574219e+00 1.036095619201660156e-01 -7.722111940383911133e-01 -5.067810416221618652e-01 3.832269310951232910e-01 1.978212036192417145e-02
-4.138362884521484375e+00 -3.893247842788696289e+00 3.623509407043457031e+00 7.122224569320678711e-02 -4.460745453834533691e-01 -1.724258810281753540e-01 8.782293796539306641e-01 4.853815138339996338e-01
-4.008875846862792969e+00 -3.089540958404541016e+00 2.480597972869873047e+00 1.854137517511844635e-02 1.522135287523269653e-01 5.890882015228271484e-01 -7.936033010482788086e-01 1.010747313499450684e+00
-4.370781898498535156e+00 -3.079449653625488281e+00 1.698896884918212891e+00 1.854137517511844635e-02 -1.496792882680892944e-01 9.754413366317749023e-02 -9.839112162590026855e-01 1.253973603248596191e+00
-4.622447013854980469e+00 -2.795949220657348633e+00 3.803797245025634766e+00 8.497857302427291870e-02 3.976747393608093262e-01 9.085423946380615234e-01 -1.280841231346130371e-01 4.361807107925415039e-01
-4.387553691864013672e+00 -2.321669340133666992e+00 3.749760627746582031e+00 4.293801635503768921e-02 -5.677029490470886230e-01 4.307173192501068115e-01 7.015667557716369629e-01 5.408009290695190430e-01
-4.223381996154785156e+00 -3.027066230773925781e+00 6.439261913299560547e+00 1.042710989713668823e-01 3.364789783954620361e-01 5.247450470924377441e-01 7.819364070892333984e-01 1.869576871395111084e-01
-4.160474777221679688e+00 -2.928961038589477539e+00 6.585450649261474609e+00 1.042710989713668823e-01 9.593734741210937500e-01 2.250949591398239136e-01 1.701022684574127197e-01 9.161645770072937012e-01
-3.068790912628173828e+00 -2.665790557861328125e+00 6.968070507049560547e+00 1.085925027728080750e-01 6.985376477241516113e-01 1.641005724668502808e-01 -6.965028047561645508e-01 3.018493950366973877e-01
-2.746139526367187500e+00 -2.778240203857421875e+00 6.785722732543945312e+00 1.056187525391578674e-01 2.435971200466156006e-01 1.128614647313952446e-03 -9.698758721351623535e-01 8.183558583259582520e-01
-2.550996541976928711e+00 -2.768457412719726562e+00 5.992698192596435547e+00 6.507685780525207520e-02 2.235833406448364258e-01 1.795563697814941406e-01 -9.580031037330627441e-01 6.591182947158813477e-01
-2.350431919097900391e+00 -2.837405204772949219e+00 5.366749763488769531e+00 7.570450007915496826e-02 4.453561007976531982e-01 1.004177406430244446e-01 -8.897045850753784180e-01 8.974294662475585938e-01
-1.797773599624633789e+00 -2.778637170791625977e+00 4.669175148010253906e+00 6.193831935524940491e-02 5.327512621879577637e-01 5.609816312789916992e-01 -6.336210966110229492e-01 3.512305617332458496e-01
-1.634762048721313477e+00 -2.553355932235717773e+00 4.457006454467773438e+00 3.576361387968063354e-02 5.966100096702575684e-01 6.709444522857666016e-01 -4.403294920921325684e-01 1.005593419075012207e+00
-4.308156967163085938e+00 -3.397936820983886719e+00 6.501691341400146484e+00 7.218980044126510620e-02 2.744826376438140869e-01 -3.031576871871948242e-01 -9.125539660453796387e-01 3.823456466197967529e-01
-3.804099321365356445e+00 -3.412655591964721680e+00 6.151417732238769531e+00 2.235293760895729065e-02 5.163556337356567383e-02 -2.167839407920837402e-01 -9.748530387878417969e-01 1.540143847465515137e+00
-3.786541938781738281e+00 -3.756585359573364258e+00 4.690814495086669922e+00 4.192268103361129761e-02 -4.587531089782714844e-01 -3.977763950824737549e-01 -7.945562005043029785e-01 6.704396605491638184e-01
-4.235021591186523438e+00 -3.197111129760742188e+00 7.069450378417968750e+00 1.217933073639869690e-01 -4.466955363750457764e-01 8.660502433776855469e-01 -2.245441526174545288e-01 7.407067418098449707e-01
-4.568509101867675781e+00 -2.557897806167602539e+00 6.881182193756103516e+00 1.095601916313171387e-01 3.494519591331481934e-01 9.267687201499938965e-01 -1.377789378166198730e-01 9.591563940048217773e-01
-4.107824802398681641e+00 -1.742224931716918945e+00 6.659075260162353516e+00 9.099765121936798096e-02 6.257417201995849609e-01 7.279058694839477539e-01 2.803575396537780762e-01 3.683579564094543457e-01
-3.860092878341674805e+00 -1.377106189727783203e+00 6.837419509887695312e+00 7.715124636888504028e-02 9.876410365104675293e-01 -6.517299264669418335e-02 -1.425400674343109131e-01 1.634575277566909790e-01
-3.809607744216918945e+00 -8.827806711196899414e-01 7.160234451293945312e+00 5.864110216498374939e-02 -4.056861400604248047e-01 4.544204771518707275e-01 -7.930452823638916016e-01 4.602828621864318848e-01
-3.928018808364868164e+00 -7.068838477134704590e-01 6.875548362731933594e+00 2.446499839425086975e-02 1.502515077590942383e-01 -8.617433309555053711e-01 -4.845853149890899658e-01 6.955903768539428711e-01
1.294114112854003906e+00 -1.647679567337036133e+00 4.893899857997894287e-01 1.084992941468954086e-02 -2.913581430912017822e-01 -6.060529947280883789e-01 7.401419878005981445e-01 8.359320163726806641e-01
1.081030607223510742e+00 -2.177381515502929688e+00 1.117860436439514160e+00 1.084992941468954086e-02 5.193126201629638672e-01 3.572316467761993408e-01 -7.763375043869018555e-01 9.496737122535705566e-01
1.397857546806335449e+00 -1.485626935958862305e+00 8.901423811912536621e-01 2.053961157798767090e-02 -7.745974063873291016e-01 6.338313966989517212e-02 6.292706131935119629e-01 5.997931361198425293e-01
9.550365805625915527e-01 -1.454472541809082031e+00 1.280909657478332520e+00 1.974641531705856323e-02 -5.669782161712646484e-01 -3.530549108982086182e-01 7.442364692687988281e-01 1.743424832820892334e-01
8.491412401199340820e-01 -1.518102884292602539e+00 1.405353665351867676e+00 1.848872564733028412e-02 -4.847738742828369141e-01 -3.747591376304626465e-01 7.902846932411193848e-01 4.799023270606994629e-01
5.721865892410278320e-01 -1.692978858947753906e+00 1.755528926849365234e+00 1.694776304066181183e-02 -5.510784983634948730e-01 -2.448088973760604858e-01 7.977349758148193359e-01 2.687468826770782471e-01
4.486933946609497070e-01 -1.803547859191894531e+00 1.985517621040344238e+00 1.366660185158252716e-02 -5.543764829635620117e-01 -1.475044619292020798e-02 8.321353197097778320e-01 4.169734418392181396e-01
2.213897705078125000e-01 -1.810732007026672363e+00 2.337241888046264648e+00 1.210808381438255310e-02 -7.639378905296325684e-01 8.597858250141143799e-02 6.395362615585327148e-01 4.931528270244598389e-01
-1.604104876518249512e+00 -2.466306209564208984e+00 4.406585216522216797e+00 3.336436301469802856e-02 -7.882208824157714844e-01 5.835439562797546387e-01 -1.954079866409301758e-01 1.176190450787544250e-01
-1.723995923995971680e+00 -2.304223775863647461e+00 4.356837272644042969e+00 3.334738314151763916e-02 2.323683798313140869e-01 3.296728730201721191e-01 9.150522947311401367e-01 1.168431788682937622e-01
-1.710554957389831543e+00 -2.194333553314208984e+00 4.466519355773925781e+00 3.320706263184547424e-02 3.402610868215560913e-02 -3.215833753347396851e-02 9.989034533500671387e-01 6.487038135528564453e-01
-1.690434098243713379e+00 -2.226524829864501953e+00 5.115909099578857422e+00 3.338778764009475708e-02 -8.361861854791641235e-02 1.361402124166488647e-01 9.871543645858764648e-01 2.838261723518371582e-01
-1.724437475204467773e+00 -2.197887659072875977e+00 5.396249771118164062e+00 2.486666478216648102e-02 -1.793171465396881104e-01 1.995546519756317139e-01 9.633396863937377930e-01 6.708453297615051270e-01
-1.755699276924133301e+00 -2.202329158782958984e+00 6.054296016693115234e+00 2.910043671727180481e-02 -9.674580767750740051e-03 7.877787947654724121e-02 9.968452453613281250e-01 1.096253633499145508e+00
-4.483483314514160156e+00 -2.236732959747314453e+00 6.940440654754638672e+00 2.541922964155673981e-02 1.020386628806591034e-02 7.223321795463562012e-01 6.914709806442260742e-01 9.667277932167053223e-01
-1.743587851524353027e+00 -2.274141073226928711e+00 4.388002395629882812e+00 3.168001398444175720e-02 -8.197090625762939453e-01 5.724399089813232422e-01 1.973976939916610718e-02 1.342572420835494995e-01
-1.846918940544128418e+00 -2.194505691528320312e+00 4.408860206604003906e+00 3.156665712594985962e-02 -8.707268238067626953e-01 -3.230783939361572266e-01 3.707494735717773438e-01 1.513235270977020264e-01
-2.060987472534179688e+00 -2.197669982910156250e+00 4.391788959503173828e+00 3.083930350840091705e-02 -6.619942188262939453e-01 7.762695662677288055e-03 7.494687438011169434e-01 4.897077381610870361e-01
-2.394326686859130859e+00 -2.215711593627929688e+00 4.756896972656250000e+00 2.824712172150611877e-02 -4.544952809810638428e-01 1.131322532892227173e-01 8.835355639457702637e-01 4.938803017139434814e-01
-2.666952610015869141e+00 -2.033145427703857422e+00 5.167168617248535156e+00 2.192369662225246429e-02 -1.550914496183395386e-01 1.423569619655609131e-01 9.775894284248352051e-01 9.366278648376464844e-01
-2.781311511993408203e+00 -1.923487901687622070e+00 6.083183288574218750e+00 1.654570363461971283e-02 -1.638879179954528809e-01 -1.985105425119400024e-01 9.662992954254150391e-01 5.685174465179443359e-01
-1.857627749443054199e+00 -2.053115367889404297e+00 6.010281562805175781e+00 6.074570585042238235e-03 -2.689926922321319580e-01 6.786115169525146484e-01 6.834686398506164551e-01 1.043333292007446289e+00
-2.455221652984619141e+00 -2.178225755691528320e+00 4.846755981445312500e+00 6.179057992994785309e-03 -4.997144043445587158e-01 8.658480644226074219e-01 2.434395626187324524e-02 2.865794897079467773e-01
-2.946012020111083984e+00 -2.085962057113647461e+00 5.142208099365234375e+00 6.179057992994785309e-03 1.417896449565887451e-01 7.893496751785278320e-01 5.973464846611022949e-01 1.110075354576110840e+00
-2.839449405670166016e+00 -9.537513256072998047e-01 5.777898311614990234e+00 4.436965100467205048e-03 8.270189762115478516e-01 1.051054820418357849e-01 -5.522612333297729492e-01 6.109109520912170410e-01
-2.462009906768798828e+00 -2.178195476531982422e+00 4.844891548156738281e+00 2.499999944120645523e-03 -9.642757177352905273e-01 4.309813492000102997e-03 -2.648656368255615234e-01 5.676339864730834961e-01
-3.093333959579467773e+00 -2.165294170379638672e+00 4.453631401062011719e+00 2.499999944120645523e-03 -8.699809312820434570e-01 3.755510747432708740e-01 3.195223212242126465e-01 1.286980509757995605e+00
-2.979893922805786133e+00 -2.244398355484008789e+00 5.025479316711425781e+00 2.499999944120645523e-03 -7.701350450515747070e-01 1.857688724994659424e-01 6.102310419082641602e-01 3.028324544429779053e-01
-3.211552619934082031e+00 -2.201222419738769531e+00 5.222096443176269531e+00 2.499999944120645523e-03 -8.272616267204284668e-01 3.189977407455444336e-01 4.624702036380767822e-01 9.138838648796081543e-01
-3.991795778274536133e+00 -1.902037858963012695e+00 5.660160064697265625e+00 2.499999944120645523e-03 5.490118861198425293e-01 -7.724481225013732910e-01 3.192332386970520020e-01 4.801756739616394043e-01
-3.690511465072631836e+00 -2.098382711410522461e+00 5.805623054504394531e+00 2.499999944120645523e-03 -9.512777328491210938e-01 1.945114880800247192e-01 -2.392404526472091675e-01 3.601044416427612305e-01
4.076609134674072266e+00 4.731584548950195312e+00 -7.055269181728363037e-02 1.513363718986511230e-01 5.289983749389648438e-01 5.315799117088317871e-01 6.615009307861328125e-01 7.993357777595520020e-01
4.548646450042724609e+00 4.975393772125244141e+00 6.279872655868530273e-01 2.765463106334209442e-02 9.008134603500366211e-01 4.009380638599395752e-01 1.666848063468933105e-01 2.522149384021759033e-01
4.802333354949951172e+00 5.102128982543945312e+00 6.840824484825134277e-01 3.218546137213706970e-02 -2.551150619983673096e-01 -2.488754391670227051e-01 9.343325495719909668e-01 2.956056594848632812e-01
4.434472084045410156e+00 5.062434196472167969e+00 1.589901447296142578e-01 3.798820823431015015e-02 7.456403970718383789e-01 5.838776230812072754e-01 -3.211032450199127197e-01 2.455050498247146606e-01
4.619805335998535156e+00 5.203668594360351562e+00 8.583616465330123901e-02 3.618718683719635010e-02 2.151590287685394287e-01 9.403977394104003906e-01 2.633604407310485840e-01 1.795386970043182373e-01
4.655975341796875000e+00 5.438074111938476562e+00 1.488696932792663574e-01 5.249938741326332092e-02 9.748113751411437988e-01 -1.685584336519241333e-02 2.223930656909942627e-01 1.925092190504074097e-01
4.853293418884277344e+00 5.434148788452148438e+00 1.721114665269851685e-01 4.172763600945472717e-02 5.818099975585937500e-01 -7.505994439125061035e-01 3.132054805755615234e-01 3.648651540279388428e-01
5.071313381195068359e+00 5.164989471435546875e+00 2.857203185558319092e-01 3.329752013087272644e-02 5.671574473381042480e-01 -6.130698323249816895e-01 5.499798059463500977e-01 4.166514575481414795e-01
4.250594615936279297e+00 5.115611553192138672e+00 3.226001858711242676e-01 5.021101236343383789e-02 -9.345278143882751465e-01 -2.903418242931365967e-01 2.058140486478805542e-01 3.788297772407531738e-01
3.883523225784301758e+00 5.031875133514404297e+00 3.659895658493041992e-01 6.242451444268226624e-02 -6.745893359184265137e-01 4.427832961082458496e-01 5.906540155410766602e-01 1.304615139961242676e-01
3.804224967956542969e+00 5.099925994873046875e+00 4.363627433776855469e-01 5.220016092061996460e-02 -5.406788587570190430e-01 7.298031449317932129e-01 4.183942675590515137e-01 4.567969441413879395e-01
3.553206443786621094e+00 5.390619277954101562e+00 6.894243955612182617e-01 3.329635784029960632e-02 -1.245485022664070129e-01 8.208196163177490234e-01 5.574431419372558594e-01 1.645658612251281738e-01
3.540598154067993164e+00 5.522850513458251953e+00 7.848173379898071289e-01 1.937491819262504578e-02 -1.996715366840362549e-02 7.674816846847534180e-01 6.407598257064819336e-01 2.586207389831542969e-01
4.763912677764892578e+00 5.059010982513427734e+00 7.455196976661682129e-01 4.619487375020980835e-02 -6.145147085189819336e-01 -7.713012099266052246e-01 -1.657291054725646973e-01 9.131126105785369873e-02
4.707800388336181641e+00 4.988582611083984375e+00 7.303867936134338379e-01 4.619487375020980835e-02 9.723030328750610352e-01 2.258465737104415894e-01 6.016734242439270020e-02 6.385330855846405029e-02
4.851578712463378906e+00 5.017098426818847656e+00 6.779947876930236816e-01 4.619487375020980835e-02 5.556844472885131836e-01 8.062381297349929810e-02 8.274748325347900391e-01 2.767931222915649414e-01
5.020540714263916016e+00 5.032540798187255859e+00 8.889416456222534180e-01 4.619487375020980835e-02 5.967559218406677246e-01 -4.439350664615631104e-01 6.684340238571166992e-01 3.836799263954162598e-01
5.267337799072265625e+00 4.852356910705566406e+00 1.138003468513488770e+00 4.619487375020980835e-02 -6.770872045308351517e-03 -6.083959341049194336e-01 7.936047911643981934e-01 2.819171547889709473e-01
5.300608634948730469e+00 4.684755802154541016e+00 1.372487664222717285e+00 4.619487375020980835e-02 -2.773460745811462402e-01 7.079557180404663086e-01 6.495212316513061523e-01 5.407485365867614746e-01
5.130878925323486328e+00 5.073174476623535156e+00 1.706391334533691406e+00 4.619487375020980835e-02 -5.563619136810302734e-01 3.578004539012908936e-01 7.499601840972900391e-01 3.263812959194183350e-01
4.899928092956542969e+00 5.117177009582519531e+00 1.975342750549316406e+00 4.619487375020980835e-02 -2.250334024429321289e-01 4.412496984004974365e-01 8.687109351158142090e-01 3.230152726173400879e-01
4.845221042633056641e+00 5.306327819824218750e+00 2.283454179763793945e+00 4.619487375020980835e-02 -4.759788811206817627e-01 -3.034079074859619141e-01 8.254621624946594238e-01 2.374109774827957153e-01
4.714669227600097656e+00 5.190479755401611328e+00 2.480044841766357422e+00 4.619487375020980835e-02 -7.360129803419113159e-02 4.350552335381507874e-02 9.963383674621582031e-01 1.720091253519058228e-01
4.705533027648925781e+00 5.195211410522460938e+00 2.654672622680664062e+00 4.619487375020980835e-02 -3.711332380771636963e-01 4.701216220855712891e-01 8.007782101631164551e-01 1.834001541137695312e-01
4.574163913726806641e+00 5.317725658416748047e+00 2.848307371139526367e+00 4.619487375020980835e-02 6.821752786636352539e-01 4.071928858757019043e-01 6.073144078254699707e-01 4.644932225346565247e-02
4.621285438537597656e+00 5.464575290679931641e+00 2.902269124984741211e+00 4.619487375020980835e-02 -5.697888135910034180e-01 -9.555588662624359131e-02 8.162167072296142578e-01 4.870750010013580322e-01
4.329321861267089844e+00 5.455928325653076172e+00 3.289037227630615234e+00 4.619487375020980835e-02 -7.608662247657775879e-01 -1.075741574168205261e-01 6.399300098419189453e-01 1.145487353205680847e-01
4.254794120788574219e+00 5.442532062530517578e+00 3.404940843582153320e+00 4.619487375020980835e-02 -7.509162425994873047e-01 -6.271864175796508789e-01 2.067898511886596680e-01 1.926687508821487427e-01
4.178608417510986328e+00 5.152482509613037109e+00 3.543430805206298828e+00 4.619487375020980835e-02 2.357597500085830688e-01 5.589111447334289551e-01 7.950066924095153809e-01 7.487181425094604492e-01
4.345360755920410156e+00 5.575206279754638672e+00 4.131731033325195312e+00 4.619487375020980835e-02 -2.748043537139892578e-01 5.972585678100585938e-01 7.535016536712646484e-01 2.243755310773849487e-01
4.252076625823974609e+00 5.680617332458496094e+00 4.268108367919921875e+00 4.619487375020980835e-02 -7.517831921577453613e-01 8.366926014423370361e-02 6.540806293487548828e-01 2.554978430271148682e-01
4.071405410766601562e+00 5.744250297546386719e+00 4.430621623992919922e+00 4.619487375020980835e-02 -2.960066199302673340e-01 1.820479929447174072e-01 9.376772642135620117e-01 1.475405544042587280e-01
4.002996921539306641e+00 5.851303577423095703e+00 4.637655735015869141e+00 4.619487375020980835e-02 -6.956077367067337036e-02 -6.612387895584106445e-01 7.469434738159179688e-01 1.862498372793197632e-01
4.141111373901367188e+00 5.672187328338623047e+00 4.746744632720947266e+00 4.619487375020980835e-02 1.727192997932434082e-01 -6.125471368432044983e-02 9.830645322799682617e-01 4.049009084701538086e-01
4.216592788696289062e+00 5.694581031799316406e+00 5.143336296081542969e+00 4.619487375020980835e-02 -7.597515583038330078e-01 1.090236380696296692e-01 6.410080790519714355e-01 2.621570825576782227e-01
4.139884948730468750e+00 5.721081733703613281e+00 5.411980152130126953e+00 4.619487375020980835e-02 -6.326710581779479980e-01 -9.824407100677490234e-02 7.681636810302734375e-01 2.795491516590118408e-01
3.900381326675415039e+00 5.657073974609375000e+00 5.699967384338378906e+00 4.619487375020980835e-02 -7.633500099182128906e-01 1.397830434143543243e-02 -6.458339095115661621e-01 4.323797821998596191e-01
3.598802089691162109e+00 5.674164772033691406e+00 5.408907890319824219e+00 4.619487375020980835e-02 -4.601529538631439209e-01 2.880894839763641357e-01 -8.397998213768005371e-01 6.081744655966758728e-02
3.597586154937744141e+00 5.693456172943115234e+00 5.351248264312744141e+00 4.619487375020980835e-02 -1.763371676206588745e-01 -4.960709512233734131e-01 -8.501875400543212891e-01 2.859819829463958740e-01
3.582032918930053711e+00 5.573542594909667969e+00 5.074581146240234375e+00 4.619487375020980835e-02 3.254549503326416016e-01 -9.098908901214599609e-01 -2.572501301765441895e-01 1.801983118057250977e-01
4.773604869842529297e+00 5.092122554779052734e+00 6.735728979110717773e-01 1.092006731778383255e-02 4.632665812969207764e-01 8.319642543792724609e-01 -3.053187429904937744e-01 4.560364186763763428e-01
5.114820003509521484e+00 5.428195953369140625e+00 5.976021289825439453e-01 1.092006731778383255e-02 2.667989432811737061e-01 -4.467081129550933838e-01 -8.539732098579406738e-01 2.938250079751014709e-02
5.114220619201660156e+00 5.438994407653808594e+00 5.299043655395507812e-01 2.499999944120645523e-03 5.330462455749511719e-01 7.784302234649658203e-01 3.315238356590270996e-01 2.246642708778381348e-01
3.827745437622070312e+00 5.027940273284912109e+00 4.635043740272521973e-01 8.471897803246974945e-03 -3.783407434821128845e-02 -6.080835461616516113e-01 7.929710149765014648e-01 1.652919948101043701e-01
3.808377742767333984e+00 5.031432628631591797e+00 6.115106940269470215e-01 8.471897803246974945e-03 -9.602470993995666504e-01 -1.584942638874053955e-01 2.297934889793395996e-01 2.798230051994323730e-01
5.026683330535888672e+00 5.130851745605468750e+00 1.772301554679870605e+00 4.388513043522834778e-02 -6.900672316551208496e-01 2.419515550136566162e-01 -6.821045875549316406e-01 1.545851677656173706e-01
4.928725242614746094e+00 5.167262554168701172e+00 1.660193204879760742e+00 4.324178397655487061e-02 2.774111032485961914e-01 9.343186616897583008e-01 2.238117605447769165e-01 1.435946226119995117e-01
5.023467063903808594e+00 5.324653625488281250e+00 1.722561120986938477e+00 4.012795537710189819e-02 -4.566141963005065918e-01 8.758078217506408691e-01 1.564100682735443115e-01 2.424603253602981567e-01
4.967911243438720703e+00 5.600598335266113281e+00 1.752150058746337891e+00 3.590277582406997681e-02 -6.071372628211975098e-01 5.954945683479309082e-01 5.260898470878601074e-01 1.666992753744125366e-01
4.853260517120361328e+00 5.725548267364501953e+00 1.898027420043945312e+00 2.055888809263706207e-02 -8.669884800910949707e-01 3.499503433704376221e-01 -3.547755777835845947e-01 3.857581019401550293e-01
4.671920776367187500e+00 5.257177829742431641e+00 2.673071622848510742e+00 6.913518533110618591e-03 -1.403136402368545532e-01 5.749536752700805664e-01 -8.060647249221801758e-01 2.369455844163894653e-01
4.662964820861816406e+00 5.439359664916992188e+00 2.474874734878540039e+00 6.913518533110618591e-03 5.402675867080688477e-01 -1.559742391109466553e-01 8.269116878509521484e-01 6.134113073348999023e-01
4.528532505035400391e+00 5.495692253112792969e+00 3.030999898910522461e+00 7.164919283241033554e-03 7.639095187187194824e-02 9.778295755386352539e-01 -1.949711591005325317e-01 1.480410993099212646e-01
4.525906085968017578e+00 5.646543502807617188e+00 2.980966567993164062e+00 7.164919283241033554e-03 -4.040120840072631836e-01 -9.147496819496154785e-01 2.699198201298713684e-03 2.949690818786621094e-01
4.193488597869873047e+00 5.336537361145019531e+00 3.409704208374023438e+00 4.388513043522834778e-02 -5.720964670181274414e-01 -4.621069133281707764e-01 6.776155233383178711e-01 4.500115215778350830e-01
3.838404893875122070e+00 5.154043674468994141e+00 3.679592370986938477e+00 4.321533441543579102e-02 -3.055931329727172852e-01 -9.367072582244873047e-01 1.708577275276184082e-01 2.828749120235443115e-01
3.692786931991577148e+00 4.817436695098876953e+00 3.610624074935913086e+00 4.280821233987808228e-02 -5.388189554214477539e-01 -5.702503323554992676e-01 6.200715303421020508e-01 2.190628498792648315e-01
3.606765270233154297e+00 4.693731784820556641e+00 3.917384624481201172e+00 4.124617576599121094e-02 -8.142243027687072754e-01 5.612348318099975586e-01 1.485069394111633301e-01 2.828566730022430420e-01
3.468841314315795898e+00 4.821763515472412109e+00 4.044562816619873047e+00 3.952509909868240356e-02 -6.947420239448547363e-01 -3.549993336200714111e-01 6.255469322204589844e-01 2.670877575874328613e-01
3.236621379852294922e+00 4.761813163757324219e+00 4.149079799652099609e+00 3.725867718458175659e-02 -8.377929925918579102e-01 -2.760015130043029785e-01 4.710903167724609375e-01 3.641424477100372314e-01
2.912709712982177734e+00 4.658427715301513672e+00 4.218264579772949219e+00 3.642820939421653748e-02 -9.501804709434509277e-01 -2.530669271945953369e-01 1.819732040166854858e-01 6.311663985252380371e-02
2.800645589828491211e+00 4.654145240783691406e+00 4.229740142822265625e+00 3.293768689036369324e-02 1.849713921546936035e-02 8.327086269855499268e-02 9.963552951812744141e-01 3.834578692913055420e-01
2.848323106765747070e+00 4.697602748870849609e+00 4.661699295043945312e+00 2.852869965136051178e-02 -7.618908286094665527e-01 -9.254823625087738037e-02 6.410593986511230469e-01 4.415336549282073975e-01
2.469826698303222656e+00 4.672246932983398438e+00 4.919183254241943359e+00 2.554464340209960938e-02 -5.610358715057373047e-01 -1.978348791599273682e-01 8.038035035133361816e-01 2.706792652606964111e-01
2.334448814392089844e+00 4.588026046752929688e+00 5.129149436950683594e+00 2.359631285071372986e-02 -8.834036588668823242e-01 -4.677663147449493408e-01 -2.815404720604419708e-02 2.205683588981628418e-01
2.134431838989257812e+00 4.479366779327392578e+00 5.111209869384765625e+00 1.861919090151786804e-02 -8.343628048896789551e-01 5.389940142631530762e-01 1.154305934906005859e-01 2.436372339725494385e-01
1.921794414520263672e+00 4.653979301452636719e+00 5.114592552185058594e+00 1.579436659812927246e-02 -9.809163808822631836e-01 -1.286791712045669556e-01 1.457558721303939819e-01 2.399089038372039795e-01
4.197450637817382812e+00 5.356180667877197266e+00 3.389621734619140625e+00 4.388513043522834778e-02 3.814286291599273682e-01 -5.070250034332275391e-01 -7.729410529136657715e-01 1.132113039493560791e-01
4.233469009399414062e+00 5.274809837341308594e+00 3.295487642288208008e+00 4.386564716696739197e-02 9.019801020622253418e-01 -3.423218131065368652e-01 2.631495296955108643e-01 1.982744038105010986e-01
4.428107738494873047e+00 5.233979701995849609e+00 3.328843593597412109e+00 4.377002269029617310e-02 6.771992444992065430e-01 1.106066256761550903e-01 7.274388670921325684e-01 4.122578799724578857e-01
4.690544128417968750e+00 5.300100803375244141e+00 3.641409158706665039e+00 4.336564615368843079e-02 4.530197978019714355e-01 -1.707100123167037964e-01 8.750035166740417480e-01 7.072671055793762207e-01
5.044477939605712891e+00 5.160655975341796875e+00 4.235810756683349609e+00 4.304547980427742004e-02 5.668157339096069336e-01 -5.857394263148307800e-02 8.217597007751464844e-01 7.644144445657730103e-02
5.149656295776367188e+00 5.110911369323730469e+00 4.289355278015136719e+00 4.255815222859382629e-02 3.417245745658874512e-01 2.833737134933471680e-01 8.960600495338439941e-01 3.931169211864471436e-01
5.225939273834228516e+00 5.232614517211914062e+00 4.608830928802490234e+00 4.004372656345367432e-02 -3.165480196475982666e-01 5.870118141174316406e-01 7.451271414756774902e-01 7.945229858160018921e-02
5.204635620117187500e+00 5.278957843780517578e+00 4.677995204925537109e+00 4.218944907188415527e-02 -8.662123084068298340e-01 3.612278699874877930e-01 3.452400863170623779e-01 1.296599954366683960e-01
5.076243400573730469e+00 5.448873043060302734e+00 4.766206741333007812e+00 4.150423780083656311e-02 -6.230999827384948730e-01 -3.314842581748962402e-01 7.084240317344665527e-01 2.270874977111816406e-01
4.978200435638427734e+00 5.370334148406982422e+00 4.934707164764404297e+00 4.095361754298210144e-02 -1.821470409631729126e-01 -1.573360562324523926e-01 9.706017971038818359e-01 3.388129770755767822e-01
4.929171085357666016e+00 5.324753761291503906e+00 5.279950618743896484e+00 4.054945707321166992e-02 -7.959744334220886230e-01 4.516029655933380127e-01 4.030874371528625488e-01 2.244901061058044434e-01
4.786191463470458984e+00 5.427800655364990234e+00 5.410215854644775391e+00 4.004372656345367432e-02 7.395474910736083984e-01 8.638418465852737427e-02 -6.675382256507873535e-01 2.007485777139663696e-01
4.176216602325439453e+00 5.185518741607666016e+00 3.654108285903930664e+00 8.508341386914253235e-03 -1.588291823863983154e-01 1.175912320613861084e-01 9.802783131599426270e-01 1.433420628309249878e-01
4.121416568756103516e+00 5.191206932067871094e+00 3.804172754287719727e+00 8.508341386914253235e-03 2.510288953781127930e-01 1.029602214694023132e-01 9.624882936477661133e-01 2.920850217342376709e-01
4.238186359405517578e+00 5.174003601074218750e+00 4.149131298065185547e+00 9.795787744224071503e-03 -5.604974627494812012e-01 4.357346296310424805e-01 7.042570114135742188e-01 9.291157871484756470e-02
4.451060295104980469e+00 5.575387477874755859e+00 3.395539760589599609e+00 1.044884044677019119e-02 -5.486201643943786621e-01 3.654067218303680420e-02 8.352728486061096191e-01 1.004731774330139160e+00
3.910220146179199219e+00 5.626205921173095703e+00 4.212759494781494141e+00 7.836630567908287048e-03 2.075016349554061890e-01 7.761953473091125488e-01 5.953686833381652832e-01 4.676660150289535522e-02
3.929198741912841797e+00 5.653675556182861328e+00 4.222906112670898438e+00 9.219565428793430328e-03 8.931536674499511719e-01 3.336544632911682129e-01 3.015811145305633545e-01 7.079344987869262695e-02
4.205578327178955078e+00 5.651609420776367188e+00 4.857772350311279297e+00 8.508893661201000214e-03 6.237292289733886719e-01 -1.827137321233749390e-01 -7.599852085113525391e-01 7.751486301422119141e-01
4.675693035125732422e+00 5.515409469604492188e+00 4.266086578369140625e+00 8.508893661201000214e-03 1.925613358616828918e-02 4.679502248764038086e-01 8.835450410842895508e-01 2.070859968662261963e-01
4.017168998718261719e+00 5.749065399169921875e+00 4.449051380157470703e+00 7.259194739162921906e-03 -9.922363162040710449e-01 4.679090157151222229e-02 1.152291670441627502e-01 1.105105355381965637e-01
3.924049377441406250e+00 5.722865104675292969e+00 4.462242603302001953e+00 7.259194739162921906e-03 -8.347322344779968262e-01 -4.349929988384246826e-01 3.376435935497283936e-01 2.884161174297332764e-01
4.151944637298583984e+00 5.687043666839599609e+00 5.007886409759521484e+00 7.073061540722846985e-03 -7.485910058021545410e-01 6.555638313293457031e-01 -9.923470765352249146e-02 1.265496015548706055e-01
4.049266338348388672e+00 5.768170356750488281e+00 5.014136791229248047e+00 7.073061540722846985e-03 -8.741319775581359863e-01 -2.804100215435028076e-01 -3.965646326541900635e-01 4.469010531902313232e-01
4.124215602874755859e+00 5.655523777008056641e+00 4.914729118347167969e+00 1.389220822602510452e-02 1.391523629426956177e-01 -8.454567790031433105e-01 -5.155961513519287109e-01 4.678013920783996582e-01
4.150688171386718750e+00 5.227915287017822266e+00 4.671143531799316406e+00 1.614820770919322968e-02 5.576403737068176270e-01 -6.307520270347595215e-01 -5.396193861961364746e-01 1.465394496917724609e-01
4.195929527282714844e+00 5.723585128784179688e+00 5.113912582397460938e+00 4.388513043522834778e-02 7.696800231933593750e-01 -7.743566483259201050e-02 -6.337163448333740234e-01 2.300929427146911621e-01
4.359188556671142578e+00 5.636481285095214844e+00 4.987308025360107422e+00 4.377015307545661926e-02 6.882488131523132324e-01 6.290508061647415161e-02 7.227423787117004395e-01 1.521603316068649292e-01
4.420032024383544922e+00 5.606624126434326172e+00 5.129714012145996094e+00 4.293404147028923035e-02 3.114292919635772705e-01 3.725163340568542480e-01 8.742101192474365234e-01 2.643250524997711182e-01
4.429861545562744141e+00 5.688846111297607422e+00 5.367108821868896484e+00 4.138341918587684631e-02 1.606704294681549072e-01 -3.593910932540893555e-01 9.192513823509216309e-01 1.260481029748916626e-01
4.447329521179199219e+00 5.572993278503417969e+00 5.523581027984619141e+00 3.918541222810745239e-02 -4.670442044734954834e-01 4.548220336437225342e-01 7.582919001579284668e-01 3.036337792873382568e-01
4.306391239166259766e+00 5.757254123687744141e+00 5.767549991607666016e+00 3.614381700754165649e-02 2.305151149630546570e-02 -2.853369116783142090e-01 9.581500291824340820e-01 1.012868061661720276e-01
4.378615856170654297e+00 5.787468433380126953e+00 5.869331836700439453e+00 3.268120065331459045e-02 -1.762148290872573853e-01 1.302015781402587891e-01 9.757027626037597656e-01 1.790813505649566650e-01
4.397536754608154297e+00 5.805606365203857422e+00 6.083807945251464844e+00 2.748535200953483582e-02 -6.061994433403015137e-01 -3.197154104709625244e-01 7.282199859619140625e-01 2.419490218162536621e-01
4.157349109649658203e+00 5.763769149780273438e+00 6.303630352020263672e+00 2.428751438856124878e-02 4.926238059997558594e-01 2.885169386863708496e-01 8.210236430168151855e-01 2.759416699409484863e-01
4.297875404357910156e+00 5.869730472564697266e+00 6.541743278503417969e+00 1.971820369362831116e-02 1.565510779619216919e-01 -4.195159077644348145e-01 8.941466212272644043e-01 1.919663399457931519e-01
4.156044960021972656e+00 5.621130466461181641e+00 4.823483943939208984e+00 4.125716537237167358e-02 1.599343866109848022e-01 -5.467958450317382812e-01 8.218486905097961426e-01 3.843381702899932861e-01
4.221404075622558594e+00 5.401411533355712891e+00 5.137017250061035156e+00 4.125716537237167358e-02 2.248537391424179077e-01 -1.437814086675643921e-01 9.637259244918823242e-01 1.211496070027351379e-01
4.228187084197998047e+00 5.346276760101318359e+00 5.241231441497802734e+00 4.125716537237167358e-02 3.044823408126831055e-01 -4.451614022254943848e-01 8.420937061309814453e-01 2.604858875274658203e-01
4.381753921508789062e+00 5.240009307861328125e+00 5.553969860076904297e+00 4.337346553802490234e-02 -3.286924958229064941e-01 -8.762729763984680176e-01 3.522880673408508301e-01 1.713131517171859741e-01
4.319994926452636719e+00 5.101404190063476562e+00 5.617689132690429688e+00 4.320702701807022095e-02 -7.986313104629516602e-01 -4.830695092678070068e-01 3.589316010475158691e-01 1.491864919662475586e-01
4.204287528991699219e+00 5.028486251831054688e+00 5.674551963806152344e+00 4.278187081217765808e-02 -5.744565725326538086e-01 -7.057743668556213379e-01 4.145868122577667236e-01 1.620291471481323242e-01
4.073366165161132812e+00 4.913882732391357422e+00 5.708608150482177734e+00 4.235101863741874695e-02 -5.064272880554199219e-01 -6.349652409553527832e-01 5.833957195281982422e-01 2.360300570726394653e-01
4.079092502593994141e+00 5.758812904357910156e+00 5.282753944396972656e+00 1.116676907986402512e-02 3.107600510120391846e-01 9.185234904289245605e-01 2.444233298301696777e-01 7.767012715339660645e-02
4.111589908599853516e+00 5.842976570129394531e+00 5.294848918914794922e+00 1.116676907986402512e-02 -6.075773835182189941e-01 -3.030002862215042114e-02 -7.936823368072509766e-01 1.836631745100021362e-01
3.982981443405151367e+00 5.800944805145263672e+00 5.135194301605224609e+00 9.999999776482582092e-03 -2.299820035696029663e-01 4.381865561008453369e-01 -8.689653873443603516e-01 1.752125769853591919e-01
5.114124774932861328e+00 5.408175468444824219e+00 5.678287148475646973e-01 1.037406362593173981e-02 -9.083868861198425293e-01 -4.176237583160400391e-01 -2.058295346796512604e-02 6.480879783630371094e-01
4.795730590820312500e+00 5.382535934448242188e+00 6.803091168403625488e-01 8.860882371664047241e-03 -1.383164077997207642e-01 5.689013600349426270e-01 -8.106909394264221191e-01 5.679759383201599121e-01
4.482475757598876953e+00 5.756706714630126953e+00 4.709021151065826416e-01 7.932880893349647522e-03 -6.215531826019287109e-01 4.137398600578308105e-01 -6.651999354362487793e-01 1.374174356460571289e-01
4.341262340545654297e+00 5.846606731414794922e+00 4.079001545906066895e-01 7.204954978078603745e-03 -5.583209395408630371e-01 -8.165191411972045898e-01 -1.468818634748458862e-01 1.487584710121154785e-01
4.187022686004638672e+00 5.693040847778320312e+00 3.759158253669738770e-01 5.274088121950626373e-03 2.587690353393554688e-01 -2.821685969829559326e-01 -9.238070845603942871e-01 2.965859174728393555e-01
4.280126571655273438e+00 5.609123706817626953e+00 1.105584874749183655e-01 5.543771665543317795e-03 8.892673254013061523e-02 9.858186841011047363e-01 -1.423151642084121704e-01 2.039564698934555054e-01
5.068789005279541016e+00 5.145839214324951172e+00 1.758613348007202148e+00 6.269304547458887100e-03 4.667464196681976318e-01 4.830210506916046143e-01 -7.408363223075866699e-01 2.160411924123764038e-01
5.210181713104248047e+00 5.218860626220703125e+00 1.606010079383850098e+00 6.269304547458887100e-03 -9.214354306459426880e-02 -3.416150808334350586e-01 -9.353120923042297363e-01 4.249994754791259766e-01
3.355133771896362305e+00 4.724063873291015625e+00 4.138502597808837891e+00 8.195184171199798584e-03 7.626251131296157837e-02 -9.566844105720520020e-01 -2.809607088565826416e-01 2.734746634960174561e-01
3.390282869338989258e+00 4.424996852874755859e+00 4.079983711242675781e+00 8.195184171199798584e-03 -5.573590397834777832e-01 -5.267842411994934082e-01 -6.417548060417175293e-01 2.610668241977691650e-01
2.829887628555297852e+00 4.702621459960937500e+00 4.640513420104980469e+00 3.131564008072018623e-03 -9.957038760185241699e-01 6.209319457411766052e-02 -6.868945807218551636e-02 3.148083984851837158e-01
2.655500888824462891e+00 4.688636302947998047e+00 4.854611396789550781e+00 2.710226364433765411e-02 5.118516087532043457e-01 5.686735510826110840e-01 6.439086198806762695e-01 6.190911680459976196e-02
2.798761606216430664e+00 4.733982086181640625e+00 4.858213901519775391e+00 2.710226364433765411e-02 2.003031373023986816e-01 -9.105169773101806641e-01 3.617145717144012451e-01 1.694044768810272217e-01
2.884349107742309570e+00 4.632050991058349609e+00 4.968029022216796875e+00 1.473912037909030914e-02 -7.966396808624267578e-01 2.993932962417602539e-01 5.250989794731140137e-01 2.748928964138031006e-01
2.668311119079589844e+00 4.700807094573974609e+00 5.129485130310058594e+00 2.710226364433765411e-02 -8.230855464935302734e-01 3.675121366977691650e-01 4.329723119735717773e-01 1.019598171114921570e-01
2.151760101318359375e+00 4.495980739593505859e+00 5.146627902984619141e+00 2.241649664938449860e-02 -4.939492940902709961e-01 8.197351694107055664e-01 2.899108827114105225e-01 3.001517951488494873e-01
1.999558210372924805e+00 4.746102333068847656e+00 5.232728958129882812e+00 2.089907228946685791e-02 4.891357719898223877e-01 2.879740297794342041e-01 -8.232965469360351562e-01 2.694321274757385254e-01
2.197731494903564453e+00 4.846618175506591797e+00 5.030360221862792969e+00 1.875991187989711761e-02 2.394252568483352661e-01 1.238541826605796814e-01 -9.629827141761779785e-01 1.978190243244171143e-01
2.229532480239868164e+00 4.838040351867675781e+00 4.831144332885742188e+00 9.999999776482582092e-03 8.980078101158142090e-01 -3.533781766891479492e-01 -2.621180117130279541e-01 1.703224778175354004e-01
2.382483482360839844e+00 4.777852058410644531e+00 4.786499977111816406e+00 5.218520760536193848e-03 7.177684307098388672e-01 -4.856263697147369385e-01 -4.989744424819946289e-01 1.181934475898742676e-01
2.453813791275024414e+00 4.640229225158691406e+00 4.963775634765625000e+00 3.813450224697589874e-03 -2.800224721431732178e-01 -5.599070191383361816e-01 7.798022627830505371e-01 4.255368411540985107e-01
2.339663743972778320e+00 4.380761146545410156e+00 5.235307693481445312e+00 3.813450224697589874e-03 -9.059980511665344238e-01 -4.172073900699615479e-01 7.145284861326217651e-02 2.924579679965972900e-01
4.747376441955566406e+00 5.287738800048828125e+00 3.657559394836425781e+00 4.263719543814659119e-02 8.722679018974304199e-01 -1.199122965335845947e-01 -4.740988910198211670e-01 1.396041363477706909e-01
4.869148731231689453e+00 5.270998477935791016e+00 3.591373205184936523e+00 4.263719543814659119e-02 -2.320126146078109741e-01 -9.585987925529479980e-01 -1.651014238595962524e-01 2.278005629777908325e-01
4.864274501800537109e+00 5.032392978668212891e+00 3.584775447845458984e+00 4.263719543814659119e-02 -2.580191791057586670e-01 -9.418268203735351562e-01 -2.153795361518859863e-01 2.783997654914855957e-01
4.838751316070556641e+00 4.772970199584960938e+00 3.558446884155273438e+00 4.263719543814659119e-02 -9.723908454179763794e-02 -9.719243049621582031e-01 2.142609208822250366e-01 2.190152555704116821e-01
4.796014785766601562e+00 4.519681453704833984e+00 3.570229530334472656e+00 4.263719543814659119e-02 9.274046421051025391e-01 -2.498951703310012817e-01 -2.783397138118743896e-01 3.279172182083129883e-01
5.061239719390869141e+00 4.347483634948730469e+00 3.507694005966186523e+00 4.263719543814659119e-02 -4.181298315525054932e-01 -1.070606485009193420e-01 -9.020562767982482910e-01 2.294978499412536621e-01
4.930333614349365234e+00 4.265559196472167969e+00 3.325892210006713867e+00 4.263719543814659119e-02 -8.728315830230712891e-01 4.320066869258880615e-01 -2.270136922597885132e-01 2.850775718688964844e-01
4.677693843841552734e+00 4.408695220947265625e+00 3.202052116394042969e+00 4.263719543814659119e-02 -9.743435382843017578e-01 1.865504384040832520e-01 1.259111464023590088e-01 1.892589181661605835e-01
4.452229976654052734e+00 4.416633129119873047e+00 3.225869178771972656e+00 4.263719543814659119e-02 5.522213578224182129e-01 -8.285347819328308105e-01 9.263754636049270630e-02 1.263877004384994507e-01
4.535163879394531250e+00 4.307221412658691406e+00 3.269262790679931641e+00 4.263719543814659119e-02 4.700122177600860596e-01 -8.237819075584411621e-01 -3.169730305671691895e-01 1.929658949375152588e-01
4.644820690155029297e+00 4.160624027252197266e+00 3.220854043960571289e+00 4.263719543814659119e-02 -4.554603248834609985e-03 -7.146604061126708984e-01 6.994568109512329102e-01 2.396912574768066406e-01
4.327421188354492188e+00 5.203448295593261719e+00 3.296855688095092773e+00 5.669709295034408569e-03 7.962791919708251953e-01 -6.048182249069213867e-01 1.159451995044946671e-02 2.238027602434158325e-01
4.496301651000976562e+00 5.148863315582275391e+00 3.306708097457885742e+00 5.669709295034408569e-03 9.815038442611694336e-01 9.861015528440475464e-02 1.640922278165817261e-01 1.671363711357116699e-01
4.684517860412597656e+00 5.175793170928955078e+00 3.279367685317993164e+00 9.428973309695720673e-03 7.468091845512390137e-01 -6.312876343727111816e-01 2.091696411371231079e-01 4.589855074882507324e-01
4.577111244201660156e+00 5.302605152130126953e+00 3.493124246597290039e+00 2.499409019947052002e-02 -2.400330901145935059e-01 9.570085406303405762e-01 -1.628458201885223389e-01 1.448804289102554321e-01
4.542335033416748047e+00 5.441256999969482422e+00 3.469531059265136719e+00 2.499409019947052002e-02 3.034433722496032715e-01 4.390173852443695068e-01 -8.456866145133972168e-01 1.530079543590545654e-01
5.031686782836914062e+00 4.366635322570800781e+00 3.379288911819458008e+00 1.227434352040290833e-02 6.379954218864440918e-01 7.657492160797119141e-01 -8.117888122797012329e-02 1.941953450441360474e-01
5.162469387054443359e+00 4.509233951568603516e+00 3.388926029205322266e+00 1.227434352040290833e-02 1.365312188863754272e-01 9.709753394126892090e-01 1.963825523853302002e-01 3.035032451152801514e-01
4.656111240386962891e+00 4.009893894195556641e+00 3.311157226562500000e+00 1.486802939325571060e-02 2.830590903759002686e-01 -6.499659419059753418e-01 -7.052813768386840820e-01 1.589764058589935303e-01
4.705434322357177734e+00 3.889864206314086914e+00 3.214177608489990234e+00 1.486802939325571060e-02 3.247006982564926147e-02 6.759777665138244629e-01 7.362062931060791016e-01 3.314195275306701660e-01
4.458397388458251953e+00 4.482248306274414062e+00 3.230833768844604492e+00 4.050533473491668701e-02 9.331872314214706421e-02 9.927985072135925293e-01 7.511843740940093994e-02 3.251942992210388184e-01
4.486775875091552734e+00 4.696917533874511719e+00 3.198120117187500000e+00 4.050533473491668701e-02 9.854288697242736816e-01 6.507579237222671509e-02 -1.571465432643890381e-01 1.017387881875038147e-01
4.525671005249023438e+00 4.737550735473632812e+00 3.040505170822143555e+00 4.050533473491668701e-02 7.241719961166381836e-02 9.764703512191772461e-01 2.031290531158447266e-01 3.946116864681243896e-01
4.621076107025146484e+00 5.110496044158935547e+00 3.099721193313598633e+00 9.999999776482582092e-03 1.578300744295120239e-01 9.843554496765136719e-01 -7.832004129886627197e-02 1.951588541269302368e-01
-9.659625291824340820e-01 9.022550284862518311e-02 -3.427376747131347656e-01 3.704248070716857910e-01 7.987621426582336426e-01 1.865183413028717041e-01 5.720052123069763184e-01 2.483223438262939453e+00
7.583819031715393066e-01 8.176601529121398926e-01 1.074683547019958496e+00 1.841105073690414429e-01 -1.930064521729946136e-02 -7.595262955874204636e-03 9.997848868370056152e-01 1.076620221138000488e+00
7.467315793037414551e-01 7.834637761116027832e-01 2.151417970657348633e+00 1.677563339471817017e-01 -8.666432462632656097e-03 1.024776604026556015e-02 9.999099373817443848e-01 3.327231407165527344e-01
7.386552691459655762e-01 7.851455807685852051e-01 2.484076261520385742e+00 1.589452028274536133e-01 -4.158709663897752762e-03 -7.719391956925392151e-03 9.999615550041198730e-01 4.736793935298919678e-01
7.374836802482604980e-01 7.820017933845520020e-01 2.957754850387573242e+00 1.582282036542892456e-01 -2.086405828595161438e-02 -1.545722363516688347e-03 9.997811317443847656e-01 5.410791635513305664e-01
7.245759963989257812e-01 7.826654314994812012e-01 3.498672723770141602e+00 1.568867862224578857e-01 -4.463037103414535522e-02 -1.952864974737167358e-02 9.988126754760742188e-01 5.454527735710144043e-01
-2.914964258670806885e-01 5.809252858161926270e-01 -2.475082315504550934e-02 2.141401767730712891e-01 5.858239531517028809e-01 8.056126236915588379e-01 8.830931037664413452e-02 1.449105620384216309e+00
5.305271744728088379e-01 1.759757876396179199e+00 1.158044636249542236e-01 1.989377737045288086e-01 4.761353135108947754e-01 8.418910503387451172e-01 2.539973258972167969e-01 1.143420860171318054e-01
7.145060896873474121e-01 1.934470891952514648e+00 2.692022621631622314e-01 1.428000777959823608e-01 -4.248133897781372070e-01 8.968498706817626953e-01 -1.232637017965316772e-01 2.681851685047149658e-01
6.996777653694152832e-01 2.261429071426391602e+00 2.003468126058578491e-01 1.310953199863433838e-01 -6.539421081542968750e-01 7.563755512237548828e-01 1.599125005304813385e-02 4.688805043697357178e-01
4.417181611061096191e-01 2.696470975875854492e+00 1.962820589542388916e-01 1.168708950281143188e-01 -7.703531384468078613e-01 5.194713473320007324e-01 3.697371482849121094e-01 4.412149786949157715e-01
2.782414667308330536e-02 2.866364240646362305e+00 4.036662578582763672e-01 1.046561971306800842e-01 -5.309255421161651611e-02 6.388928294181823730e-01 7.674614787101745605e-01 1.940529644489288330e-01
-2.425200939178466797e-01 3.176821470260620117e+00 4.426021575927734375e-01 1.445299535989761353e-01 8.188439160585403442e-02 5.885832309722900391e-01 8.042790293693542480e-01 4.384282529354095459e-01
-1.738117635250091553e-01 3.449554204940795898e+00 7.081669569015502930e-01 8.463552594184875488e-02 -8.112036585807800293e-01 5.442245006561279297e-01 -2.139353454113006592e-01 1.621452569961547852e-01
-3.168579936027526855e-01 3.545057773590087891e+00 6.457211971282958984e-01 6.806601583957672119e-02 -9.206972122192382812e-01 2.815601415932178497e-02 3.892607092857360840e-01 1.676931828260421753e-01
-5.474922657012939453e-01 3.638361215591430664e+00 6.989667415618896484e-01 7.981931418180465698e-02 -6.036530137062072754e-01 -4.282111227512359619e-01 6.724866628646850586e-01 2.035488039255142212e-01
-6.961326003074645996e-01 3.499932050704956055e+00 8.396400809288024902e-01 6.856642663478851318e-02 6.309996247291564941e-01 -2.632062733173370361e-01 7.297683954238891602e-01 1.524122357368469238e-01
-6.155903339385986328e-01 3.451763868331909180e+00 9.545514583587646484e-01 4.825016856193542480e-02 2.257982343435287476e-01 7.608551997691392899e-03 9.741443991661071777e-01 5.364136099815368652e-01
4.693460091948509216e-02 6.224626898765563965e-01 1.454480141401290894e-01 2.214352339506149292e-01 4.597441554069519043e-01 8.477306365966796875e-01 -2.645526230335235596e-01 1.127432227134704590e+00
6.428663134574890137e-01 1.494413256645202637e+00 -1.061669066548347473e-01 2.182765305042266846e-01 -7.652562260627746582e-01 -4.552489519119262695e-01 4.551167786121368408e-01 2.196328401565551758e+00
-1.183698058128356934e+00 5.919106006622314453e-01 6.532658934593200684e-01 1.860659718513488770e-01 -7.791823744773864746e-01 2.503943443298339844e-01 5.746107101440429688e-01 6.158126592636108398e-01
-1.733665466308593750e+00 7.508669495582580566e-01 9.954683780670166016e-01 1.203965172171592712e-01 -1.474424749612808228e-01 1.988030374050140381e-01 9.688849449157714844e-01 1.665727853775024414e+00
-1.875641942024230957e+00 1.159661173820495605e+00 2.628878831863403320e+00 1.115275472402572632e-01 -1.478007584810256958e-01 -5.095700919628143311e-02 9.877035617828369141e-01 4.432480931282043457e-01
-1.933105349540710449e+00 1.132406234741210938e+00 3.067870855331420898e+00 1.080059111118316650e-01 -1.703053563833236694e-01 -4.177462309598922729e-02 9.845054149627685547e-01 2.883431911468505859e-01
-1.984774231910705566e+00 1.102882266044616699e+00 3.350817441940307617e+00 1.033392027020454407e-01 -1.764063686132431030e-01 -2.642563544213771820e-02 9.839626550674438477e-01 6.288260817527770996e-01
-2.075143575668334961e+00 1.093850970268249512e+00 3.975171804428100586e+00 9.809212386608123779e-02 -2.478514462709426880e-01 -4.433353990316390991e-02 9.677831530570983887e-01 3.382108807563781738e-01
-2.296520471572875977e+00 9.889215230941772461e-01 4.273284912109375000e+00 9.577882289886474609e-02 -1.731768399477005005e-01 -5.443795397877693176e-02 9.833851456642150879e-01 3.145169317722320557e-01
-2.380930185317993164e+00 9.516125917434692383e-01 4.570788860321044922e+00 1.222166791558265686e-01 -3.764096796512603760e-01 1.744465902447700500e-02 9.262890815734863281e-01 3.879532217979431152e-01
-2.491210699081420898e+00 9.340441226959228516e-01 4.955344200134277344e+00 1.194480136036872864e-01 -4.526394903659820557e-01 2.277591973543167114e-01 8.621155619621276855e-01 4.371368885040283203e-01
-2.649414777755737305e+00 1.106627106666564941e+00 5.399370193481445312e+00 1.212778463959693909e-01 -8.578324317932128906e-01 -6.730800960212945938e-03 5.138853788375854492e-01 4.755794107913970947e-01
-3.082943677902221680e+00 1.335488677024841309e+00 5.681459903717041016e+00 1.014261990785598755e-01 -5.566197037696838379e-01 -1.925853788852691650e-01 8.081369996070861816e-01 6.079053282737731934e-01
-3.449874401092529297e+00 1.181538105010986328e+00 6.176220417022705078e+00 1.115620210766792297e-01 -3.026258349418640137e-01 3.193440139293670654e-01 8.980183601379394531e-01 2.337208539247512817e-01
-3.538063526153564453e+00 1.212874054908752441e+00 6.388863086700439453e+00 8.679724484682083130e-02 -2.276854217052459717e-01 1.530327200889587402e-01 9.616342186927795410e-01 5.197900533676147461e-01
-3.662358522415161133e+00 1.260805487632751465e+00 6.893250465393066406e+00 7.493641972541809082e-02 -5.882046222686767578e-01 2.222966998815536499e-01 7.775599956512451172e-01 3.646985590457916260e-01
-3.974153041839599609e+00 1.333260178565979004e+00 7.306472778320312500e+00 7.661034166812896729e-02 3.580478131771087646e-01 -9.102045893669128418e-01 2.081571519374847412e-01 4.089419245719909668e-01
-3.916341781616210938e+00 1.043589472770690918e+00 7.568953514099121094e+00 5.841608345508575439e-02 1.810549348592758179e-01 -8.539116382598876953e-01 4.879077672958374023e-01 3.486575782299041748e-01
7.954733371734619141e-01 6.350639462471008301e-01 1.909157276153564453e+00 1.314677894115447998e-01 2.879291772842407227e-01 -9.413242340087890625e-01 -1.760836392641067505e-01 2.229185849428176880e-01
8.395246267318725586e-01 4.344084560871124268e-01 1.863026857376098633e+00 1.192250624299049377e-01 -3.373924493789672852e-01 -9.126170277595520020e-01 -2.308603674173355103e-01 5.667223930358886719e-01
6.543670892715454102e-01 -3.164495900273323059e-02 1.710958123207092285e+00 8.884777128696441650e-02 -3.492246866226196289e-01 -3.237662911415100098e-01 -8.793278932571411133e-01 3.690831959247589111e-01
5.422239899635314941e-01 -2.054143100976943970e-01 1.410412311553955078e+00 7.019265741109848022e-02 -8.922508358955383301e-01 -3.819019198417663574e-01 -2.409136444330215454e-01 8.151089549064636230e-01
4.899664819240570068e-01 2.727412223815917969e+00 2.100604325532913208e-01 1.914392597973346710e-02 5.151265859603881836e-01 8.510630726814270020e-01 1.016671210527420044e-01 3.154429495334625244e-01
6.811521053314208984e-01 3.143147945404052734e+00 2.447152733802795410e-01 3.467363864183425903e-02 9.798996448516845703e-01 -1.898324191570281982e-01 -6.132157146930694580e-02 2.711135149002075195e-01
-2.558982931077480316e-02 2.920803785324096680e+00 6.183847188949584961e-01 9.942338615655899048e-02 -2.344144731760025024e-01 2.389155179262161255e-01 9.423211812973022461e-01 4.113739430904388428e-01
-1.207789182662963867e-01 3.034213304519653320e+00 9.983476996421813965e-01 9.613690525293350220e-02 2.036847621202468872e-01 4.300396740436553955e-01 8.795330524444580078e-01 3.256229162216186523e-01
-1.111359987407922745e-02 3.224513769149780273e+00 1.297081351280212402e+00 9.291048347949981689e-02 -5.291522145271301270e-01 2.578101456165313721e-01 8.084131479263305664e-01 1.967538893222808838e-01
-2.429061383008956909e-01 3.301523447036743164e+00 1.443977355957031250e+00 8.505222946405410767e-02 3.325049579143524170e-02 5.482063293457031250e-01 8.356819152832031250e-01 3.791955709457397461e-01
-2.238335609436035156e-01 3.542121410369873047e+00 1.705014705657958984e+00 6.868523359298706055e-02 -2.766276299953460693e-01 8.427768945693969727e-01 4.617404639720916748e-01 2.813479006290435791e-01
-2.815054059028625488e-01 3.848557710647583008e+00 1.806433081626892090e+00 6.881809234619140625e-02 -2.549757063388824463e-01 4.300756752490997314e-01 8.660382628440856934e-01 1.709348559379577637e-01
-2.858404815196990967e-01 3.928905487060546875e+00 1.959716320037841797e+00 5.625673383474349976e-02 -1.990918070077896118e-01 4.934466183185577393e-01 8.466834425926208496e-01 2.539516687393188477e-01
-3.446823954582214355e-01 4.067847251892089844e+00 2.170595407485961914e+00 4.175951704382896423e-02 1.872448176145553589e-01 3.877479434013366699e-01 9.025468826293945312e-01 3.120453655719757080e-01
-2.960061132907867432e-01 4.242527961730957031e+00 2.447498798370361328e+00 2.743081375956535339e-02 1.186370942741632462e-02 8.993685245513916016e-02 9.958767890930175781e-01 3.199060559272766113e-01
1.764957606792449951e-02 1.001495003700256348e+00 1.409382671117782593e-01 7.818607240915298462e-02 -8.905698359012603760e-02 7.110875248908996582e-01 6.974405646324157715e-01 9.908989071846008301e-01
2.435728609561920166e-01 5.258654952049255371e-01 1.776339858770370483e-01 7.839159667491912842e-02 -5.127017498016357422e-01 -7.902152538299560547e-01 3.357033133506774902e-01 9.154380559921264648e-01
-1.121735095977783203e+00 2.057507038116455078e-01 9.225186705589294434e-01 8.017982542514801025e-02 4.560192227363586426e-01 -8.115308284759521484e-01 -3.653275668621063232e-01 6.571013331413269043e-01
-8.220841884613037109e-01 -3.275072574615478516e-01 6.824614405632019043e-01 8.017982542514801025e-02 -9.365812540054321289e-01 -6.746561825275421143e-02 -3.438953161239624023e-01 4.950762987136840820e-01
-1.300004839897155762e+00 -3.561245203018188477e-01 5.494570136070251465e-01 6.865377724170684814e-02 -8.837724328041076660e-01 -3.665700256824493408e-01 -2.908137738704681396e-01 2.358902692794799805e-01
-1.570428609848022461e+00 -3.789828121662139893e-01 5.793846845626831055e-01 6.496100872755050659e-02 -8.818662762641906738e-01 -3.139051198959350586e-01 -3.518174290657043457e-01 5.484362840652465820e-01
-2.014516353607177734e+00 -5.068849921226501465e-01 4.206619858741760254e-01 3.063665516674518585e-02 -8.158717155456542969e-01 4.323973655700683594e-01 3.839086294174194336e-01 6.885786056518554688e-01
-1.640307784080505371e+00 8.268783092498779297e-01 9.940786957740783691e-01 9.611486457288265228e-03 -1.919676512479782104e-01 3.037364780902862549e-02 -9.809311032295227051e-01 4.797160923480987549e-01
-1.910247206687927246e+00 1.170332431793212891e+00 5.830509066581726074e-01 9.611486457288265228e-03 -4.008246362209320068e-01 -3.685965240001678467e-01 8.387348651885986328e-01 1.224691987037658691e+00
-1.987365841865539551e+00 1.092880725860595703e+00 4.027805328369140625e+00 9.318751841783523560e-02 8.575966358184814453e-01 -9.479357860982418060e-03 5.142354965209960938e-01 3.344963550567626953e+00
6.515175104141235352e-01 9.129129350185394287e-02 3.788657784461975098e-01 8.252432942390441895e-02 -5.735759139060974121e-01 -8.014615178108215332e-01 1.693225651979446411e-01 3.094720363616943359e+00
-4.574855566024780273e-01 -2.343031644821166992e+00 7.115686535835266113e-01 7.517621666193008423e-02 4.609512165188789368e-02 -9.958209991455078125e-01 -7.883984595537185669e-02 2.352620363235473633e-01
-6.156303882598876953e-01 -2.528850555419921875e+00 8.438424468040466309e-01 7.442428171634674072e-02 -1.284733712673187256e-01 -9.770369529724121094e-01 1.699805259704589844e-01 1.003418117761611938e-01
-6.557585000991821289e-01 -2.674878597259521484e+00 9.793074727058410645e-01 6.481341272592544556e-02 9.027042984962463379e-01 -4.289318025112152100e-01 3.379968926310539246e-02 4.470814764499664307e-01
-3.932074308395385742e-01 -2.904754161834716797e+00 9.666307568550109863e-01 5.688432976603507996e-02 1.943914406001567841e-02 -6.350426077842712402e-01 7.722324728965759277e-01 6.598873734474182129e-01
-3.757544457912445068e-01 -3.260143518447875977e+00 1.523909807205200195e+00 5.300220102071762085e-02 2.061615884304046631e-01 -5.962040424346923828e-01 7.759111523628234863e-01 9.696741700172424316e-01
-3.390770554542541504e-01 -3.734209775924682617e+00 2.236338138580322266e+00 5.403645709156990051e-02 -4.107307791709899902e-01 -3.159224987030029297e-01 8.552737236022949219e-01 3.080916106700897217e-01
-4.880682528018951416e-01 -3.699786186218261719e+00 2.472934961318969727e+00 4.273307323455810547e-02 -9.759202599525451660e-01 -1.886404007673263550e-01 -1.095190718770027161e-01 5.680958554148674011e-02
-5.270670652389526367e-01 -3.714352846145629883e+00 2.454844236373901367e+00 4.374885186553001404e-02 -5.880090594291687012e-01 -1.832607015967369080e-02 -8.086467385292053223e-01 2.989229261875152588e-01
-7.247317433357238770e-01 -3.977865219116210938e+00 2.102606773376464844e+00 3.721360862255096436e-02 -1.954881399869918823e-01 4.000769853591918945e-01 -8.953897356986999512e-01 1.063785478472709656e-01
-8.267735838890075684e-01 -3.995467901229858398e+00 1.970644593238830566e+00 3.750372305512428284e-02 -1.557822972536087036e-01 6.592543721199035645e-01 -7.356055378913879395e-01 2.898658215999603271e-01
-9.238737225532531738e-01 -3.784718751907348633e+00 1.769021153450012207e+00 2.794711291790008545e-02 -1.686678975820541382e-01 -7.921084761619567871e-01 5.866133570671081543e-01 4.306156337261199951e-01
-1.839098215103149414e+00 1.054296731948852539e+00 2.634972095489501953e+00 1.059511676430702209e-01 3.271943926811218262e-01 -9.433808922767639160e-01 5.455560609698295593e-02 4.465636312961578369e-01
-1.774156332015991211e+00 8.158104419708251953e-01 2.938380956649780273e+00 9.827335923910140991e-02 -6.480808854103088379e-01 -7.096613049507141113e-01 2.763547897338867188e-01 1.813069283962249756e-01
-1.868763685226440430e+00 7.212495207786560059e-01 3.089758396148681641e+00 9.477170556783676147e-02 3.213757276535034180e-01 -9.170269370079040527e-01 2.361762225627899170e-01 1.798110455274581909e-01
-1.777590155601501465e+00 3.984693884849548340e-01 3.046793460845947266e+00 7.438602298498153687e-02 5.785121023654937744e-02 -4.656042754650115967e-01 8.831001520156860352e-01 6.099600791931152344e-01
-1.906257510185241699e+00 2.935270071029663086e-01 3.566203355789184570e+00 2.763880975544452667e-02 7.247950881719589233e-03 1.134247630834579468e-01 9.935201406478881836e-01 5.595844984054565430e-01
-1.844105005264282227e+00 1.148612976074218750e+00 3.176040410995483398e+00 6.771382689476013184e-02 8.573964834213256836e-01 1.699305921792984009e-01 -4.857929646968841553e-01 6.309111714363098145e-01
-1.303420782089233398e+00 1.241397261619567871e+00 2.859141111373901367e+00 6.753318011760711670e-02 7.924785614013671875e-01 3.474762737751007080e-01 -5.012363791465759277e-01 1.834240257740020752e-01
-1.803907632827758789e+00 1.218913912773132324e+00 3.025726318359375000e+00 8.982297033071517944e-02 3.500134050846099854e-01 1.504546105861663818e-01 9.245831370353698730e-01 1.170717477798461914e+00
-1.504118084907531738e+00 1.277880191802978516e+00 4.130781173706054688e+00 8.448529243469238281e-02 -1.011726707220077515e-01 2.793622612953186035e-01 9.548407196998596191e-01 1.126299798488616943e-01
-1.523633003234863281e+00 1.384937524795532227e+00 4.276667118072509766e+00 8.900697529315948486e-02 4.224984943866729736e-01 -3.734980821609497070e-01 8.258293867111206055e-01 2.229492962360382080e-01
-1.433138251304626465e+00 1.432027101516723633e+00 4.499266147613525391e+00 6.516277790069580078e-02 2.529044747352600098e-01 -2.672931849956512451e-01 9.298353195190429688e-01 4.339744746685028076e-01
-1.277250885963439941e+00 1.245039224624633789e+00 4.911240577697753906e+00 6.452178955078125000e-02 1.301381736993789673e-01 2.001620829105377197e-01 9.710814356803894043e-01 1.114025413990020752e-01
-1.367720961570739746e+00 1.367517471313476562e+00 5.118187427520751953e+00 8.709889650344848633e-02 4.710450172424316406e-01 -3.177273571491241455e-01 8.229008913040161133e-01 1.466405838727951050e-01
-1.332611680030822754e+00 1.291528820991516113e+00 5.238938331604003906e+00 8.695530891418457031e-02 5.633686780929565430e-01 -6.495233774185180664e-01 5.106223225593566895e-01 3.025578856468200684e-01
-1.200924992561340332e+00 1.085129261016845703e+00 5.438061237335205078e+00 6.315136700868606567e-02 7.605370283126831055e-01 -6.637431681156158447e-02 6.458930969238281250e-01 1.822517663240432739e-01
-1.059551477432250977e+00 1.018336057662963867e+00 5.711610317230224609e+00 8.834426105022430420e-02 9.993568658828735352e-01 -2.438896335661411285e-02 -2.628728747367858887e-02 2.927739620208740234e-01
-5.890790820121765137e-01 1.237070798873901367e+00 5.644970417022705078e+00 8.516275137662887573e-02 7.543734312057495117e-01 -4.761908650398254395e-01 4.518439769744873047e-01 7.825679183006286621e-01
-1.212301254272460938e-01 8.038833141326904297e-01 6.071919918060302734e+00 7.977166026830673218e-02 5.476130843162536621e-01 -1.018134504556655884e-01 8.305142521858215332e-01 1.162408828735351562e+00
5.536260008811950684e-01 5.618720054626464844e-01 6.918967723846435547e+00 8.062195032835006714e-02 6.317279934883117676e-01 -4.248533844947814941e-01 6.483975052833557129e-01 3.618416488170623779e-01
6.776686906814575195e-01 3.197894096374511719e-01 7.033281803131103516e+00 7.460960745811462402e-02 6.870228052139282227e-01 -7.236741781234741211e-01 -6.553906202316284180e-02 2.464748620986938477e-01
8.730645179748535156e-01 1.679751574993133545e-01 7.026477813720703125e+00 6.832017004489898682e-02 6.754782795906066895e-01 -7.196213006973266602e-01 1.608549356460571289e-01 3.400890529155731201e-01
1.072066426277160645e+00 -9.039204567670822144e-02 7.111969947814941406e+00 4.910914599895477295e-02 4.700170755386352539e-01 -8.790441155433654785e-01 7.978363335132598877e-02 2.268185466527938843e-01
1.204485535621643066e+00 -2.737208008766174316e-01 7.130686759948730469e+00 5.636258423328399658e-02 5.005371570587158203e-01 -8.158808350563049316e-01 2.894840538501739502e-01 4.253685772418975830e-01
1.508462190628051758e+00 -6.158643364906311035e-01 7.391687870025634766e+00 5.429529026150703430e-02 -1.481064707040786743e-01 -9.800270199775695801e-01 1.327084749937057495e-01 4.432726502418518066e-01
1.465527772903442383e+00 -1.063489556312561035e+00 7.438475131988525391e+00 5.081177875399589539e-02 -2.229948043823242188e-01 -8.378404378890991211e-01 4.982937574386596680e-01 3.222082555294036865e-01
1.343358278274536133e+00 -1.307219147682189941e+00 7.627781391143798828e+00 4.689395055174827576e-02 -4.980446770787239075e-02 -7.797127962112426758e-01 6.241533756256103516e-01 1.779866963624954224e-01
1.314391016960144043e+00 -1.447980046272277832e+00 7.757093906402587891e+00 4.071650654077529907e-02 3.604471385478973389e-01 -8.826648592948913574e-01 3.016298413276672363e-01 6.263535618782043457e-01
-3.552934169769287109e+00 1.215318799018859863e+00 6.121340274810791016e+00 1.638904400169849396e-02 -7.181951403617858887e-01 4.112668335437774658e-02 6.946253180503845215e-01 1.254544377326965332e+00
-2.592891216278076172e+00 9.517949819564819336e-01 5.335281372070312500e+00 6.697129458189010620e-02 -1.464273184537887573e-01 1.409250944852828979e-01 9.791318178176879883e-01 3.070553839206695557e-01
-2.586128473281860352e+00 9.931041598320007324e-01 5.653923511505126953e+00 6.576888263225555420e-02 -2.914247214794158936e-01 3.776708245277404785e-01 8.788836002349853516e-01 3.563264608383178711e-01
-2.688871145248413086e+00 1.181097865104675293e+00 5.976179122924804688e+00 9.008596092462539673e-02 -3.796124160289764404e-01 -1.475269794464111328e-01 9.133073091506958008e-01 1.531260907649993896e-01
-2.795289993286132812e+00 1.098926424980163574e+00 6.142561435699462891e+00 7.611892372369766235e-02 6.978362798690795898e-02 3.580514490604400635e-01 9.310904145240783691e-01 2.011227011680603027e-01
-2.722406387329101562e+00 1.244866013526916504e+00 6.312177658081054688e+00 8.443193882703781128e-02 1.472697556018829346e-01 1.172117888927459717e-01 9.821267724037170410e-01 5.512021183967590332e-01
-2.643519401550292969e+00 1.327436208724975586e+00 6.852550506591796875e+00 7.342589646577835083e-02 -6.985543370246887207e-01 -5.016599968075752258e-02 7.137963175773620605e-01 2.799878120422363281e-01
-2.845220804214477539e+00 1.244300007820129395e+00 7.133547306060791016e+00 6.840187311172485352e-02 -6.385015249252319336e-01 6.090642809867858887e-01 4.704853296279907227e-01 3.195653259754180908e-01
-3.050365447998046875e+00 1.526927351951599121e+00 7.281452178955078125e+00 5.616904422640800476e-02 -3.788412511348724365e-01 2.097288519144058228e-02 9.252240061759948730e-01 5.904870033264160156e-01
-3.257374525070190430e+00 1.517992615699768066e+00 7.823336124420166016e+00 3.817461431026458740e-02 -2.338173836469650269e-01 -3.706391453742980957e-01 8.988637328147888184e-01 3.348196148872375488e-01
8.632557988166809082e-01 5.210352540016174316e-01 2.002889633178710938e+00 5.820099636912345886e-02 6.703625321388244629e-01 -5.659038424491882324e-01 4.799654781818389893e-01 5.999598503112792969e-01
1.258645296096801758e+00 1.476123332977294922e-01 2.302364349365234375e+00 4.597265645861625671e-02 -4.531786590814590454e-02 3.293981850147247314e-01 9.431029558181762695e-01 1.357518136501312256e-01
1.404513120651245117e+00 1.661016047000885010e-01 2.512283325195312500e+00 8.321735076606273651e-03 -3.011754453182220459e-01 5.909727811813354492e-01 7.483612298965454102e-01 4.681843519210815430e-01
5.980195999145507812e-01 -1.284294277429580688e-01 1.686660647392272949e+00 7.407003082334995270e-03 3.517332077026367188e-01 -5.972059369087219238e-01 7.208528518676757812e-01 8.855836987495422363e-01
8.366209864616394043e-01 1.356560736894607544e-01 1.730979561805725098e+00 2.516973577439785004e-02 2.626579403877258301e-01 -1.297201812267303467e-01 -9.561294317245483398e-01 7.809607386589050293e-01
1.057745337486267090e+00 6.805521994829177856e-02 9.832636713981628418e-01 2.516973577439785004e-02 1.767729409039020538e-02 -3.851752355694770813e-02 -9.991015791893005371e-01 5.335585474967956543e-01
-2.966363131999969482e-01 3.486799716949462891e+00 1.620224714279174805e+00 1.346660312265157700e-02 -5.607734918594360352e-01 7.979894280433654785e-01 2.207849919795989990e-01 2.970968186855316162e-01
-5.004357099533081055e-01 3.706372737884521484e+00 1.702228903770446777e+00 1.346660312265157700e-02 -3.637655377388000488e-01 9.184470176696777344e-01 1.553372591733932495e-01 2.765323817729949951e-01
-3.838265240192413330e-01 -1.231727838516235352e+00 7.081876993179321289e-01 1.259485166519880295e-02 -4.740763604640960693e-01 7.763017416000366211e-01 4.154602289199829102e-01 5.228477716445922852e-01
-6.323869228363037109e-01 -7.237209677696228027e-01 8.565192222595214844e-01 1.259485166519880295e-02 3.152502179145812988e-01 5.321993827819824219e-01 7.857360243797302246e-01 4.998758435249328613e-01
-4.858484268188476562e-01 -4.739049077033996582e-01 1.260257482528686523e+00 2.507611736655235291e-02 -2.771740853786468506e-01 6.606379747390747070e-01 6.976618170738220215e-01 5.342607498168945312e-01
-3.856657147407531738e-01 -2.277076244354248047e+00 7.089093327522277832e-01 4.317964240908622742e-02 7.362646460533142090e-01 6.761443614959716797e-01 -2.726224251091480255e-02 1.063400864601135254e+00
4.002355039119720459e-01 -1.562057256698608398e+00 6.734905242919921875e-01 3.741554170846939087e-02 1.941922307014465332e-01 -7.907208204269409180e-01 5.805600285530090332e-01 2.811553478240966797e-01
4.597502052783966064e-01 -1.788861870765686035e+00 7.972713112831115723e-01 3.671428933739662170e-02 9.659268856048583984e-01 2.415678948163986206e-01 9.289876371622085571e-02 2.539629638195037842e-01
7.290958166122436523e-01 -1.744937062263488770e+00 7.835687994956970215e-01 2.033362165093421936e-02 8.078863620758056641e-01 -1.203898042440414429e-01 5.769106745719909668e-01 3.501746654510498047e-01
-6.279727816581726074e-01 -2.616330385208129883e+00 9.802223443984985352e-01 2.125725522637367249e-02 -2.393120825290679932e-01 9.708970189094543457e-01 -9.418171830475330353e-03 1.886799097061157227e+00
-1.326966643333435059e+00 -7.832752466201782227e-01 8.922654390335083008e-01 8.115454576909542084e-03 -2.359179705381393433e-01 4.887582063674926758e-01 8.399155735969543457e-01 2.345280796289443970e-01
-1.395524621009826660e+00 -6.932188272476196289e-01 1.180942177772521973e+00 2.606253605335950851e-03 -6.863574385643005371e-01 -6.716206669807434082e-01 -2.789966464042663574e-01 5.066421031951904297e-01
-3.836879432201385498e-01 -2.327021837234497070e+00 7.229557633399963379e-01 7.141740620136260986e-02 9.663421511650085449e-01 2.096417099237442017e-01 1.491080522537231445e-01 3.968726694583892822e-01
-2.220843173563480377e-02 -2.293959140777587891e+00 7.678462862968444824e-01 7.141740620136260986e-02 4.872309565544128418e-01 -4.306077063083648682e-01 7.597256302833557129e-01 3.986038565635681152e-01
2.548395693302154541e-01 -2.463838577270507812e+00 1.040018916130065918e+00 7.141740620136260986e-02 7.946952432394027710e-02 -9.842119812965393066e-01 1.581496447324752808e-01 4.340724647045135498e-01
2.297446578741073608e-01 -3.049680471420288086e+00 1.117051601409912109e+00 7.141740620136260986e-02 9.121394753456115723e-01 -3.298035264015197754e-01 2.433747053146362305e-01 4.791595935821533203e-01
-7.046177983283996582e-01 -2.636595249176025391e+00 8.581709861755371094e-01 7.070306688547134399e-02 -9.304602146148681641e-01 -3.662082254886627197e-01 1.163079217076301575e-02 1.074212193489074707e-01
-8.175185918807983398e-01 -2.653075933456420898e+00 8.660026192665100098e-01 6.985865533351898193e-02 -5.542957186698913574e-01 -5.046285390853881836e-01 6.618959903717041016e-01 3.319627344608306885e-01
-1.048070430755615234e+00 -2.697153091430664062e+00 1.237036228179931641e+00 6.077019125223159790e-02 -4.622970521450042725e-01 -7.514145374298095703e-01 4.708052873611450195e-01 8.349798917770385742e-01
-1.349869251251220703e+00 -3.197168350219726562e+00 1.613859534263610840e+00 4.742067679762840271e-02 -1.959765851497650146e-01 2.507510483264923096e-01 9.480069279670715332e-01 1.815225481986999512e-01
-1.464555621147155762e+00 -3.140349388122558594e+00 1.780317544937133789e+00 2.728740125894546509e-02 -6.623876281082630157e-03 4.081170856952667236e-01 9.129055738449096680e-01 5.996935367584228516e-01
-4.125266075134277344e-01 -3.312515020370483398e+00 1.552720785140991211e+00 5.035208910703659058e-02 -8.496204018592834473e-01 -5.243356823921203613e-01 -5.672107264399528503e-02 3.244167864322662354e-01
-7.026316523551940918e-01 -3.473550796508789062e+00 1.531140089035034180e+00 5.035208910703659058e-02 2.167392522096633911e-01 3.662733593955636024e-03 -9.762226343154907227e-01 3.265770375728607178e-01
-6.197496652603149414e-01 -3.450879573822021484e+00 1.172407031059265137e+00 5.035208910703659058e-02 9.653645753860473633e-01 -1.580851227045059204e-01 2.075580507516860962e-01 7.785803675651550293e-01
1.323407292366027832e-01 -3.598173379898071289e+00 1.325782537460327148e+00 5.035208910703659058e-02 9.891467094421386719e-01 6.434136629104614258e-02 -1.320944577455520630e-01 4.400590062141418457e-01
-1.988324642181396484e+00 1.218913197517395020e+00 2.752552032470703125e+00 4.715891927480697632e-02 1.579949818551540375e-02 2.046248912811279297e-01 9.787129759788513184e-01 1.202155113220214844e+00
-1.903231978416442871e+00 1.431584119796752930e+00 3.960950374603271484e+00 6.178639084100723267e-02 -3.170868158340454102e-01 2.460379749536514282e-01 9.159264564514160156e-01 4.782251119613647461e-01
-2.085992574691772461e+00 1.500683426856994629e+00 4.423168182373046875e+00 5.621358007192611694e-02 2.141546458005905151e-02 4.348707795143127441e-01 9.002382159233093262e-01 2.204496860504150391e-01
-2.096773147583007812e+00 1.632850289344787598e+00 4.623035907745361328e+00 6.555774807929992676e-02 3.267508447170257568e-01 1.030360236763954163e-01 9.394772052764892578e-01 2.247461229562759399e-01
-2.044028759002685547e+00 1.636833906173706055e+00 4.829269886016845703e+00 6.164798513054847717e-02 -1.904481053352355957e-01 -4.558533802628517151e-02 9.806383252143859863e-01 2.336776554584503174e-01
-1.975372314453125000e+00 1.721431493759155273e+00 5.189007759094238281e+00 6.203252077102661133e-02 -8.191273808479309082e-01 3.479423820972442627e-01 4.560333192348480225e-01 4.275177717208862305e-01
-2.347497940063476562e+00 1.979666233062744141e+00 5.477950572967529297e+00 6.058882176876068115e-02 -9.750884771347045898e-01 -2.199562340974807739e-01 2.866518124938011169e-02 4.381897449493408203e-01
-2.814599990844726562e+00 1.936683297157287598e+00 5.381115436553955078e+00 5.434755608439445496e-02 3.642345964908599854e-01 -7.777670025825500488e-01 -5.122612714767456055e-01 3.218885362148284912e-01
7.616486549377441406e-01 4.626388549804687500e-01 7.209327220916748047e+00 2.792374789714813232e-02 -7.852493524551391602e-01 -2.005969882011413574e-01 5.857851505279541016e-01 4.949427247047424316e-01
-1.435795307159423828e+00 1.318893551826477051e+00 5.259690761566162109e+00 8.260754495859146118e-02 3.884005844593048096e-01 -4.364765584468841553e-01 8.115621805191040039e-01 1.407970905303955078e+00
-9.163476824760437012e-01 7.643865346908569336e-01 6.415741920471191406e+00 6.688310950994491577e-02 7.961719036102294922e-01 2.394959777593612671e-01 5.556545853614807129e-01 4.720747768878936768e-01
-4.391968846321105957e-01 9.205638170242309570e-01 6.670849323272705078e+00 5.897572636604309082e-02 1.752170920372009277e-01 -2.526852786540985107e-01 9.515509009361267090e-01 2.178778201341629028e-01
-3.899417817592620850e-01 8.672813773155212402e-01 6.877063274383544922e+00 5.123176798224449158e-02 1.572614163160324097e-01 -4.261225759983062744e-01 8.908919095993041992e-01 2.441446483135223389e-01
-3.986971974372863770e-01 7.887933850288391113e-01 7.128742218017578125e+00 3.606282174587249756e-02 1.698311567306518555e-01 -6.624609231948852539e-01 7.295908927917480469e-01 6.347678899765014648e-01
-2.807847857475280762e-01 3.870600163936614990e-01 7.682982921600341797e+00 1.964476704597473145e-02 6.787302494049072266e-01 -7.305245399475097656e-01 7.522739470005035400e-02 2.797140181064605713e-01
-8.979297876358032227e-01 1.487016916275024414e+00 5.365134716033935547e+00 6.787116825580596924e-02 8.712217807769775391e-01 -4.319239854812622070e-01 2.332686781883239746e-01 1.543723344802856445e+00
6.370686292648315430e-01 7.593318819999694824e-01 5.794312000274658203e+00 6.787116825580596924e-02 3.241302669048309326e-01 -5.925283581018447876e-02 -9.441549777984619141e-01 4.205566048622131348e-01
7.439789175987243652e-01 7.581592202186584473e-01 5.397583007812500000e+00 6.787116825580596924e-02 -1.315713766962289810e-02 -1.911842497065663338e-03 -9.999116063117980957e-01 3.305715620517730713e-01
1.326835006475448608e-01 8.373692035675048828e-01 6.420042037963867188e+00 1.374749653041362762e-02 9.865555167198181152e-01 1.213027015328407288e-01 1.095164120197296143e-01 5.485423207283020020e-01
6.296542286872863770e-01 7.999777197837829590e-01 6.454560279846191406e+00 1.374749653041362762e-02 8.624644875526428223e-01 -4.317171275615692139e-01 2.641502618789672852e-01 2.912447750568389893e-01
9.067106842994689941e-01 7.400102019309997559e-01 6.486208915710449219e+00 1.403390243649482727e-02 6.540489792823791504e-01 2.372991293668746948e-01 7.182680964469909668e-01 2.866459488868713379e-01
-1.111152470111846924e-01 7.789530158042907715e-01 6.230859279632568359e+00 1.948707550764083862e-02 6.274723261594772339e-02 -1.546539217233657837e-01 9.859741330146789551e-01 8.646580576896667480e-01
-2.257485501468181610e-02 6.035790443420410156e-01 7.047119140625000000e+00 1.948707550764083862e-02 6.191984415054321289e-01 -1.597932428121566772e-01 7.688038945198059082e-01 4.656840860843658447e-01
1.391079783439636230e+00 -1.040653228759765625e+00 7.463898658752441406e+00 1.322577614337205887e-02 -5.106685161590576172e-01 1.287088636308908463e-02 -8.596813678741455078e-01 6.208026409149169922e-01
6.694921255111694336e-01 5.298400521278381348e-01 6.922736644744873047e+00 7.153552770614624023e-02 9.162313342094421387e-01 -8.542681485414505005e-02 -3.914363086223602295e-01 5.198979973793029785e-01
1.145838975906372070e+00 4.854268133640289307e-01 6.719229698181152344e+00 7.076223939657211304e-02 4.950371980667114258e-01 -8.686136007308959961e-01 2.118028327822685242e-02 1.421794891357421875e-01
1.272071480751037598e+00 3.090146183967590332e-01 6.661776065826416016e+00 6.617800891399383545e-02 3.371629714965820312e-01 -5.318392515182495117e-01 7.768321037292480469e-01 2.480691671371459961e-01
1.315789818763732910e+00 1.327167749404907227e-01 6.799146175384521484e+00 5.012312158942222595e-02 8.089882135391235352e-01 -5.748686194419860840e-01 -1.227361038327217102e-01 4.711840450763702393e-01
1.666934251785278320e+00 -2.290146499872207642e-01 6.637858390808105469e+00 3.663103282451629639e-02 7.909840345382690430e-01 -5.549154281616210938e-01 2.577075660228729248e-01 2.150815874338150024e-01
1.842158555984497070e+00 -3.539471328258514404e-01 6.693969726562500000e+00 2.198673970997333527e-02 -5.199678540229797363e-01 -3.814713656902313232e-01 7.642728686332702637e-01 2.281415015459060669e-01
8.620424866676330566e-01 2.337526679039001465e-01 7.025293827056884766e+00 8.584738709032535553e-03 7.018007636070251465e-01 7.097007036209106445e-01 6.164881587028503418e-02 2.638278007507324219e-01
1.063326358795166016e+00 4.307152032852172852e-01 7.039805889129638672e+00 8.584738709032535553e-03 4.094666838645935059e-01 -5.476657152175903320e-01 7.296569943428039551e-01 5.852791070938110352e-01
-4.231315135955810547e+00 1.241941452026367188e+00 6.791989803314208984e+00 6.394653581082820892e-03 1.516406983137130737e-01 -7.086486220359802246e-01 6.890734434127807617e-01 6.216325163841247559e-01
-2.605451345443725586e+00 1.122749805450439453e+00 5.832171916961669922e+00 1.242415793240070343e-02 5.789787769317626953e-01 8.139284849166870117e-01 4.799982905387878418e-02 2.250449359416961670e-01
-2.467284679412841797e+00 1.289816856384277344e+00 5.842236518859863281e+00 1.242415793240070343e-02 2.160617858171463013e-01 6.097221001982688904e-02 9.744740724563598633e-01 7.768955826759338379e-01
-2.633363962173461914e+00 9.302840828895568848e-01 5.654201507568359375e+00 3.691000118851661682e-02 -3.461788222193717957e-02 -6.390066146850585938e-01 7.684218287467956543e-01 2.351469546556472778e-01
-2.641504049301147461e+00 7.800235748291015625e-01 5.834893703460693359e+00 3.691000118851661682e-02 4.813816845417022705e-01 5.970254167914390564e-02 -8.744754195213317871e-01 4.613310396671295166e-01
-4.975837171077728271e-01 -5.159180760383605957e-01 1.158681511878967285e+00 2.499999944120645523e-03 9.237927794456481934e-01 -9.931911714375019073e-03 -3.827639222145080566e-01 2.511528134346008301e-01
-2.732547521591186523e-01 -5.122451782226562500e-01 1.071609020233154297e+00 2.499999944120645523e-03 1.468371450901031494e-01 -7.553067803382873535e-01 6.387100219726562500e-01 4.403680562973022461e-01
-2.795400619506835938e-01 -3.506466865539550781e+00 1.194076538085937500e+00 1.464320998638868332e-02 2.618282139301300049e-01 -9.643145799636840820e-01 -3.928649052977561951e-02 1.975792497396469116e-01
-2.409568876028060913e-01 -3.700308322906494141e+00 1.206713557243347168e+00 1.016748789697885513e-02 3.628972768783569336e-01 -9.281094074249267578e-01 8.317746967077255249e-02 5.074985027313232422e-01
-2.038929939270019531e+00 1.607313871383666992e+00 4.605718612670898438e+00 2.931796573102474213e-02 9.520180821418762207e-01 -2.979980111122131348e-01 -6.970449537038803101e-02 2.384397536516189575e-01
-2.652806758880615234e+00 1.686691761016845703e+00 5.247350215911865234e+00 4.338670521974563599e-03 8.295156955718994141e-01 -2.257087230682373047e-01 5.108417272567749023e-01 3.605914413928985596e-01
6.057724356651306152e-01 4.023487567901611328e-01 7.353523731231689453e+00 8.684617467224597931e-03 6.260324120521545410e-01 -7.760834693908691406e-01 7.601211220026016235e-02 5.638564825057983398e-01
-1.083377242088317871e+00 8.374245762825012207e-01 6.187391757965087891e+00 7.357656210660934448e-02 -4.665830135345458984e-01 1.078214943408966064e-01 -8.778808712959289551e-01 7.315355539321899414e-01
-1.564470648765563965e+00 8.929787278175354004e-01 5.609393119812011719e+00 7.847716659307479858e-02 -4.387790858745574951e-01 2.719325423240661621e-01 -8.564611077308654785e-01 3.511528670787811279e-01
-1.748834609985351562e+00 1.050414681434631348e+00 5.301439762115478516e+00 7.847716659307479858e-02 6.662908475846052170e-03 -1.123107746243476868e-01 -9.936507940292358398e-01 5.102835893630981445e-01
-1.729129076004028320e+00 1.007620573043823242e+00 4.801571846008300781e+00 7.847716659307479858e-02 3.177809715270996094e-01 1.086524426937103271e-01 -9.419181942939758301e-01 7.470164895057678223e-01
-7.685460448265075684e-01 1.368638515472412109e+00 5.454286575317382812e+00 1.762615330517292023e-02 6.576804518699645996e-01 -6.017385721206665039e-01 4.531745016574859619e-01 1.403454065322875977e+00
1.523998826742172241e-01 5.426701307296752930e-01 6.083546161651611328e+00 1.762615330517292023e-02 9.159421324729919434e-01 2.238909006118774414e-01 3.330508768558502197e-01 5.201237797737121582e-01
-1.339386582374572754e+00 8.380663990974426270e-01 5.826972007751464844e+00 6.989773362874984741e-02 3.444761931896209717e-01 -8.206835389137268066e-01 -4.558670222759246826e-01 5.415451526641845703e-01
-1.110386133193969727e+00 4.530652761459350586e-01 5.547553062438964844e+00 6.488372385501861572e-02 7.342240214347839355e-01 -1.635971963405609131e-01 6.589013934135437012e-01 1.352353543043136597e-01
-9.022147059440612793e-01 2.754788100719451904e-01 5.569612979888916016e+00 5.577166378498077393e-02 -2.381810247898101807e-01 -5.204530358314514160e-01 8.199990391731262207e-01 2.661691606044769287e-01
-8.296124935150146484e-01 1.178474500775337219e-01 5.797879219055175781e+00 4.393207654356956482e-02 -1.448671966791152954e-01 -9.855868220329284668e-01 8.736184984445571899e-02 2.846184670925140381e-01
-8.535125255584716797e-01 -2.188553661108016968e-01 5.876910209655761719e+00 2.467568032443523407e-02 4.708015825599431992e-03 -6.932842731475830078e-01 -7.206488251686096191e-01 2.981877923011779785e-01
6.190966069698333740e-02 6.231628656387329102e-01 6.037403583526611328e+00 2.581971464678645134e-03 2.318200618028640747e-01 5.929659605026245117e-01 7.711360454559326172e-01 2.356299012899398804e-01
1.206001043319702148e-01 7.540524601936340332e-01 6.232054710388183594e+00 2.581971464678645134e-03 9.348949790000915527e-01 3.507268726825714111e-01 -5.442430078983306885e-02 4.330798685550689697e-01
4.875084400177001953e+00 3.223546981811523438e+00 1.948691532015800476e-02 2.905278839170932770e-02 2.659983038902282715e-01 -6.271774768829345703e-01 7.320473194122314453e-01 1.348651945590972900e-01
4.907258510589599609e+00 3.173277378082275391e+00 1.504367440938949585e-01 2.778730541467666626e-02 -6.773540377616882324e-01 -5.410682559013366699e-01 4.984341561794281006e-01 1.009468138217926025e-01
4.847354888916015625e+00 3.138046026229858398e+00 1.948562562465667725e-01 2.359550260007381439e-02 -8.178552985191345215e-01 4.618195891380310059e-01 3.432715535163879395e-01 8.851838111877441406e-02
4.767232894897460938e+00 3.175157546997070312e+00 2.171320468187332153e-01 2.312717773020267487e-02 -6.257631778717041016e-01 7.376863956451416016e-01 2.534546554088592529e-01 5.540660768747329712e-02
4.803685188293457031e+00 3.141872167587280273e+00 1.933767944574356079e-01 2.331871539354324341e-02 -1.179186925292015076e-01 -7.127066254615783691e-01 -6.914798617362976074e-01 8.102276921272277832e-02
4.805017948150634766e+00 3.085683107376098633e+00 1.325258165597915649e-01 2.331871539354324341e-02 -4.433158412575721741e-02 9.756757020950317383e-01 2.146897614002227783e-01 5.346284806728363037e-02
4.803737640380859375e+00 3.120424032211303711e+00 1.467260718345642090e-01 2.331871539354324341e-02 -9.800493121147155762e-01 -3.061507828533649445e-02 1.963824629783630371e-01 9.723068028688430786e-02
4.683009624481201172e+00 3.112458229064941406e+00 1.738599091768264771e-01 2.331871539354324341e-02 -2.488136440515518188e-01 9.478811025619506836e-01 -1.990306079387664795e-01 1.212145537137985229e-01
4.664308071136474609e+00 3.205981731414794922e+00 1.418233364820480347e-01 2.331871539354324341e-02 -8.910411596298217773e-01 -4.455218613147735596e-01 -8.692477643489837646e-02 6.242751330137252808e-02
4.597938537597656250e+00 3.212888002395629883e+00 1.253719627857208252e-01 2.331871539354324341e-02 -9.332873821258544922e-01 -3.321690559387207031e-01 -1.365222930908203125e-01 5.191863775253295898e-01
4.106680870056152344e+00 3.046198844909667969e+00 6.781441718339920044e-02 2.331871539354324341e-02 -7.955825924873352051e-01 -5.880013108253479004e-01 -1.459547430276870728e-01 9.107102453708648682e-02
4.039066791534423828e+00 3.006730318069458008e+00 6.615369766950607300e-02 2.331871539354324341e-02 -9.665089249610900879e-01 2.076076567173004150e-01 1.508625596761703491e-01 6.540057063102722168e-02
2.681478977203369141e+00 3.838670969009399414e+00 4.002667963504791260e-02 7.267798762768507004e-03 3.645811975002288818e-01 9.259285926818847656e-01 9.867510944604873657e-02 2.703539133071899414e-01
2.778021097183227539e+00 4.144468784332275391e+00 -9.768129140138626099e-02 2.595504000782966614e-02 4.774289727210998535e-01 8.343138098716735840e-01 2.756483256816864014e-01 7.787152528762817383e-01
3.124086618423461914e+00 4.815516948699951172e+00 1.718290895223617554e-01 1.400070730596780777e-02 5.162012577056884766e-01 8.517675995826721191e-01 -8.960022777318954468e-02 4.425587356090545654e-01
2.766883373260498047e+00 4.068756580352783203e+00 5.890090763568878174e-02 3.194951266050338745e-02 -1.985412463545799255e-02 6.979199647903442383e-01 7.159005403518676758e-01 1.056843757629394531e+00
2.739663362503051758e+00 4.831678390502929688e+00 7.844102382659912109e-01 3.194951266050338745e-02 -2.201814502477645874e-01 7.341056466102600098e-01 6.423464417457580566e-01 2.888664305210113525e-01
2.603094339370727539e+00 5.036403179168701172e+00 9.432300329208374023e-01 3.194951266050338745e-02 -3.551301658153533936e-01 2.394877970218658447e-01 9.036194682121276855e-01 1.627347469329833984e-01
2.585310697555541992e+00 5.109058380126953125e+00 1.068557620048522949e+00 3.194951266050338745e-02 9.018698707222938538e-03 5.343745946884155273e-01 8.451996445655822754e-01 6.253299117088317871e-01
2.518384456634521484e+00 5.474674224853515625e+00 1.572667360305786133e+00 3.194951266050338745e-02 -1.884770095348358154e-01 2.928903102874755859e-01 9.373855590820312500e-01 2.223866283893585205e-01
2.426515579223632812e+00 5.629926681518554688e+00 1.757403373718261719e+00 3.194951266050338745e-02 -3.268451988697052002e-01 6.701584160327911377e-02 9.426988363265991211e-01 8.801586031913757324e-01
2.140472650527954102e+00 5.694813251495361328e+00 2.586463928222656250e+00 3.194951266050338745e-02 -2.198633402585983276e-01 1.689069122076034546e-01 9.607968330383300781e-01 6.138271093368530273e-02
2.078330039978027344e+00 5.738638401031494141e+00 2.647645235061645508e+00 3.194951266050338745e-02 3.328729793429374695e-02 -1.745996810495853424e-02 9.992933273315429688e-01 2.062149941921234131e-01
2.107214450836181641e+00 5.725628852844238281e+00 2.871303558349609375e+00 3.194951266050338745e-02 -4.717672169208526611e-01 3.817247450351715088e-01 7.948093414306640625e-01 3.280667662620544434e-01
1.962454676628112793e+00 5.808928012847900391e+00 3.155085086822509766e+00 3.194951266050338745e-02 -7.670631408691406250e-01 1.583420634269714355e-01 6.217249631881713867e-01 2.589798867702484131e-01
2.747230529785156250e+00 4.911976814270019531e+00 8.338953256607055664e-01 7.678342983126640320e-03 6.015713810920715332e-01 7.867037653923034668e-01 1.385969817638397217e-01 2.227163314819335938e-01
2.897585391998291016e+00 5.067630290985107422e+00 8.795165419578552246e-01 7.678342983126640320e-03 -2.677182294428348541e-02 5.876086950302124023e-01 8.087022304534912109e-01 2.365179359912872314e-01
2.749571561813354492e+00 4.081177711486816406e+00 3.334881737828254700e-02 3.035203740000724792e-02 -5.386452674865722656e-01 7.301266193389892578e-01 -4.204478263854980469e-01 3.951370418071746826e-01
2.550641536712646484e+00 4.318172454833984375e+00 -2.248826771974563599e-01 3.013863414525985718e-02 1.645208448171615601e-01 -8.500985503196716309e-01 5.002652406692504883e-01 1.355171680450439453e+00
2.627625465393066406e+00 3.208770751953125000e+00 4.992517530918121338e-01 2.980932407081127167e-02 -3.315148353576660156e-01 -9.228766560554504395e-01 -1.959505230188369751e-01 1.653041392564773560e-01
2.388982295989990234e+00 3.075862169265747070e+00 3.848424851894378662e-01 2.978272549808025360e-02 -1.333878487348556519e-01 -9.891193509101867676e-01 6.205268204212188721e-02 8.578979969024658203e-01
2.346281051635742188e+00 2.260995864868164062e+00 4.487160444259643555e-01 2.936745434999465942e-02 4.414066076278686523e-01 -8.688185811042785645e-01 -2.243090122938156128e-01 3.557791411876678467e-01
2.463112115859985352e+00 1.900931358337402344e+00 4.600843787193298340e-01 2.903519012033939362e-02 3.672313094139099121e-01 -8.714661598205566406e-01 -3.250967860221862793e-01 3.310512304306030273e-01
2.545580625534057617e+00 1.541891217231750488e+00 4.092730283737182617e-01 2.847541309893131256e-02 5.294792652130126953e-01 -6.904622316360473633e-01 -4.928626716136932373e-01 2.415294200181961060e-01
2.560003280639648438e+00 1.223430514335632324e+00 2.892934978008270264e-01 2.805167250335216522e-02 4.102485179901123047e-01 -3.121548891067504883e-01 8.568871021270751953e-01 4.232542514801025391e-01
2.581573247909545898e+00 8.995935320854187012e-01 6.248132586479187012e-01 2.848598361015319824e-02 -3.541907966136932373e-01 1.501737982034683228e-01 9.230366945266723633e-01 1.864138990640640259e-01
2.449037313461303711e+00 9.548276066780090332e-01 8.094987869262695312e-01 2.829173393547534943e-02 2.467645853757858276e-01 1.597369015216827393e-01 9.558197259902954102e-01 2.568039000034332275e-01
2.500017881393432617e+00 9.426593780517578125e-01 1.078447818756103516e+00 2.702197059988975525e-02 8.302633762359619141e-01 5.170474946498870850e-02 5.549678802490234375e-01 3.504570424556732178e-01
2.795728445053100586e+00 8.784826397895812988e-01 1.348615169525146484e+00 2.679577842354774475e-02 7.760070562362670898e-01 4.505506455898284912e-01 4.413809776306152344e-01 4.587753415107727051e-01
3.209637641906738281e+00 1.069730281829833984e+00 1.525622129440307617e+00 2.629062905907630920e-02 4.423996210098266602e-01 6.649917364120483398e-01 6.017212867736816406e-01 1.555449813604354858e-01
3.319188356399536133e+00 1.241905808448791504e+00 1.527757167816162109e+00 2.587021514773368835e-02 8.064866065979003906e-01 2.406258732080459595e-01 5.400726795196533203e-01 2.972720861434936523e-01
3.525282382965087891e+00 1.295750737190246582e+00 1.756263732910156250e+00 2.463022619485855103e-02 7.589742541313171387e-01 4.310431480407714844e-01 4.880162477493286133e-01 3.865653276443481445e-01
3.756826162338256836e+00 1.474001169204711914e+00 1.889023661613464355e+00 2.466710098087787628e-02 -5.693545937538146973e-01 4.064424633979797363e-01 7.145907282829284668e-01 2.793927490711212158e-01
3.691688537597656250e+00 1.646878480911254883e+00 2.169589519500732422e+00 2.396266907453536987e-02 -7.294281125068664551e-01 3.723283708095550537e-01 5.738520622253417969e-01 5.246865153312683105e-01
3.322844743728637695e+00 1.820992469787597656e+00 2.492152452468872070e+00 2.213723212480545044e-02 -5.758527517318725586e-01 3.638227581977844238e-01 7.321383953094482422e-01 4.231780171394348145e-01
3.081719160079956055e+00 1.939375758171081543e+00 2.837970733642578125e+00 2.330374531447887421e-02 -5.575416684150695801e-01 5.702067017555236816e-01 6.033337116241455078e-01 1.625746339559555054e-01
2.974485874176025391e+00 2.042876005172729492e+00 2.921899318695068359e+00 2.206018194556236267e-02 -3.916994035243988037e-01 4.502205252647399902e-01 8.024170398712158203e-01 4.225438535213470459e-01
2.818225383758544922e+00 2.220854520797729492e+00 3.291522026062011719e+00 2.052330598235130310e-02 -4.201879501342773438e-01 7.911386489868164062e-01 4.444566369056701660e-01 1.969718635082244873e-01
2.684407234191894531e+00 2.352202653884887695e+00 3.379728317260742188e+00 2.145186252892017365e-02 -3.554374575614929199e-01 7.559797167778015137e-01 5.496897697448730469e-01 8.566166758537292480e-01
2.385680437088012695e+00 2.985686779022216797e+00 3.877196311950683594e+00 1.958179660141468048e-02 -3.820229172706604004e-01 7.797707319259643555e-01 4.960001111030578613e-01 2.026480138301849365e-01
2.306360483169555664e+00 3.145582199096679688e+00 3.969195604324340820e+00 1.990303583443164825e-02 -7.798439860343933105e-01 5.516030192375183105e-01 2.959347963333129883e-01 1.131413355469703674e-01
2.221724987030029297e+00 3.239745616912841797e+00 3.965581893920898438e+00 1.847882196307182312e-02 -8.922210335731506348e-01 3.821578025817871094e-01 2.406181097030639648e-01 2.733252644538879395e-01
1.975154995918273926e+00 3.320778846740722656e+00 3.964823722839355469e+00 1.940956711769104004e-02 -9.738956093788146973e-01 2.235960811376571655e-01 -3.914229571819305420e-02 2.774564921855926514e-01
2.741764545440673828e+00 4.481587886810302734e+00 4.411970674991607666e-01 3.035203740000724792e-02 -4.158934950828552246e-01 8.426073193550109863e-01 -3.421191573143005371e-01 2.821905314922332764e-01
2.662228822708129883e+00 4.771549701690673828e+00 4.042708277702331543e-01 2.956777811050415039e-02 -6.766399741172790527e-01 7.106367945671081543e-01 -1.927530318498611450e-01 2.382207959890365601e-01
2.496476888656616211e+00 4.940940856933593750e+00 2.166003733873367310e-01 2.810214273631572723e-02 -9.745492339134216309e-01 2.219457030296325684e-01 3.152599930763244629e-02 2.498919367790222168e-01
2.305039167404174805e+00 5.074858188629150391e+00 2.212244570255279541e-01 2.595979720354080200e-02 -7.941859960556030273e-01 5.389820337295532227e-01 2.806544899940490723e-01 5.348414182662963867e-01
1.861962795257568359e+00 5.365947723388671875e+00 3.347732424736022949e-01 2.283303998410701752e-02 -8.101727366447448730e-01 3.917501568794250488e-01 4.360642135143280029e-01 2.117260396480560303e-01
1.671828627586364746e+00 5.458023548126220703e+00 3.936921358108520508e-01 2.149012126028537750e-02 -6.604238748550415039e-01 5.449002385139465332e-01 5.166469216346740723e-01 2.130798101425170898e-01
1.542333245277404785e+00 5.591669559478759766e+00 4.945056140422821045e-01 1.630148850381374359e-02 -2.108518928289413452e-01 5.589902400970458984e-01 8.019173145294189453e-01 2.518419921398162842e-01
1.471916675567626953e+00 5.749516963958740234e+00 6.792324185371398926e-01 1.408268138766288757e-02 -1.598319411277770996e-01 6.162429451942443848e-01 7.711669206619262695e-01 1.718901842832565308e-01
2.682859182357788086e+00 4.909858703613281250e+00 8.610210418701171875e-01 9.066193364560604095e-03 -9.151002764701843262e-01 -3.930737078189849854e-01 -8.991413563489913940e-02 1.465270519256591797e-01
2.544934988021850586e+00 4.859538555145263672e+00 8.543604016304016113e-01 9.066193364560604095e-03 -9.279065132141113281e-01 -2.197240293025970459e-01 -3.011824488639831543e-01 2.955770790576934814e-01
2.235946655273437500e+00 4.723764896392822266e+00 6.774523854255676270e-01 2.499999944120645523e-03 -9.215599894523620605e-01 3.844249844551086426e-01 5.426436662673950195e-02 3.332055211067199707e-01
2.553601980209350586e+00 5.473098754882812500e+00 1.477874875068664551e+00 6.354490760713815689e-03 3.482210040092468262e-01 -1.557760220021009445e-02 -9.372830390930175781e-01 8.443005681037902832e-01
2.863558292388916016e+00 5.496970653533935547e+00 6.421147584915161133e-01 6.354490760713815689e-03 -9.041562676429748535e-01 -1.066310629248619080e-01 -4.136801660060882568e-01 3.436734676361083984e-01
2.492726802825927734e+00 5.509334564208984375e+00 5.608193874359130859e-01 3.941823262721300125e-03 -7.378638386726379395e-01 -6.405495405197143555e-01 -2.127280980348587036e-01 3.377967476844787598e-01
2.315302371978759766e+00 5.620372295379638672e+00 2.047806739807128906e+00 9.889135137200355530e-03 -2.893593609333038330e-01 -9.505269527435302734e-01 -1.130028441548347473e-01 1.603181958198547363e-01
2.275909900665283203e+00 5.480848789215087891e+00 2.034134149551391602e+00 9.889135137200355530e-03 -8.612050414085388184e-01 3.370390534400939941e-01 3.804346919059753418e-01 5.572748184204101562e-01
2.328849077224731445e+00 5.633525371551513672e+00 1.947047948837280273e+00 1.017087697982788086e-02 -8.328279852867126465e-01 -3.363606631755828857e-01 -4.396123886108398438e-01 1.092218458652496338e-01
2.226972818374633789e+00 5.593554496765136719e+00 1.897367000579833984e+00 1.017087697982788086e-02 3.129311800003051758e-01 -7.697675228118896484e-01 -5.563560724258422852e-01 2.647270858287811279e-01
3.646035909652709961e+00 1.568778514862060547e+00 2.067556619644165039e+00 2.343374490737915039e-02 7.438721060752868652e-01 1.023792698979377747e-01 6.604338288307189941e-01 2.043549269437789917e-01
3.769346475601196289e+00 1.606069684028625488e+00 2.174465656280517578e+00 2.336507104337215424e-02 4.229249358177185059e-01 9.013563990592956543e-01 9.322617202997207642e-02 2.560178041458129883e-01
3.919193983078002930e+00 1.894682288169860840e+00 2.257246494293212891e+00 2.311038039624691010e-02 -5.212542414665222168e-01 7.632869482040405273e-01 -3.816897571086883545e-01 2.930592596530914307e-01
3.783223390579223633e+00 2.129576444625854492e+00 2.130062580108642578e+00 2.269221097230911255e-02 -5.690890550613403320e-01 8.219714760780334473e-01 -2.237363345921039581e-02 3.484382033348083496e-01
3.528013944625854492e+00 2.442586898803710938e+00 2.197261571884155273e+00 2.235648036003112793e-02 -9.138883650302886963e-02 9.146326184272766113e-01 -3.938213586807250977e-01 8.709186315536499023e-02
3.473993301391601562e+00 2.530528306961059570e+00 2.186240196228027344e+00 2.254581637680530548e-02 2.026833444833755493e-01 9.778052568435668945e-01 5.306975543498992920e-02 1.425699740648269653e-01
3.544014453887939453e+00 2.680791139602661133e+00 2.180391073226928711e+00 2.219214290380477905e-02 -2.035682946443557739e-01 9.662362933158874512e-01 1.579472422599792480e-01 1.251724362373352051e-01
3.489750623703002930e+00 2.812256574630737305e+00 2.220443248748779297e+00 2.180524915456771851e-02 4.892978966236114502e-01 8.314735889434814453e-01 2.631334364414215088e-01 1.424069851636886597e-01
3.537343978881835938e+00 2.963418960571289062e+00 2.264594078063964844e+00 2.125521004199981689e-02 8.241654038429260254e-01 5.646534562110900879e-01 -4.379312321543693542e-02 1.535820662975311279e-01
3.702020883560180664e+00 3.048197269439697266e+00 2.194442033767700195e+00 2.049751393496990204e-02 7.334442734718322754e-01 5.310540199279785156e-01 4.243125319480895996e-01 7.203219532966613770e-01
4.191700935363769531e+00 3.466158151626586914e+00 2.518629074096679688e+00 2.078834176063537598e-02 7.004633545875549316e-01 4.944226443767547607e-01 5.146817564964294434e-01 1.643164008855819702e-01
4.307477474212646484e+00 3.516284704208374023e+00 2.645611763000488281e+00 1.862903125584125519e-02 9.380165934562683105e-01 2.864398062229156494e-01 1.951335072517395020e-01 3.889364600181579590e-01
4.640172481536865234e+00 3.663304090499877930e+00 2.713548421859741211e+00 1.595740206539630890e-02 7.494888305664062500e-01 6.553795933723449707e-01 -9.350975602865219116e-02 2.624737322330474854e-01
4.801032066345214844e+00 3.894983291625976562e+00 2.706489086151123047e+00 1.397956535220146179e-02 8.657926321029663086e-01 4.880433678627014160e-01 1.105294972658157349e-01 2.631070613861083984e-01
5.029038906097412109e+00 4.103215217590332031e+00 2.716835260391235352e+00 1.385379862040281296e-02 7.627422213554382324e-01 1.458570510149002075e-01 6.300396919250488281e-01 2.027176469564437866e-01
5.277597427368164062e+00 4.225669384002685547e+00 2.855103015899658203e+00 1.134983543306589127e-02 -5.104509592056274414e-01 4.317815303802490234e-01 7.436427474021911621e-01 1.417408585548400879e-01
5.164619922637939453e+00 4.264589309692382812e+00 2.983535528182983398e+00 7.087228819727897644e-03 4.482238590717315674e-01 1.007471531629562378e-01 8.882259726524353027e-01 1.072626486420631409e-01
2.633989810943603516e+00 3.748094558715820312e+00 1.242387741804122925e-01 2.863170206546783447e-02 9.193057417869567871e-01 -2.387879043817520142e-01 3.128215670585632324e-01 7.098758816719055176e-01
3.371997594833374023e+00 3.610153436660766602e+00 3.954607844352722168e-01 2.463231794536113739e-02 -3.459597527980804443e-01 9.382482767105102539e-01 -1.408593030646443367e-03 4.579429626464843750e-01
3.189559221267700195e+00 4.039671897888183594e+00 3.940412700176239014e-01 1.938291080296039581e-02 -1.619424857199192047e-02 9.459925889968872070e-01 3.237835764884948730e-01 4.173941910266876221e-01
3.165143251419067383e+00 4.442730903625488281e+00 5.130142569541931152e-01 1.486804336309432983e-02 -1.085566356778144836e-01 8.336120843887329102e-01 5.415776371955871582e-01 2.448569536209106445e-01
3.164721965789794922e+00 4.660641193389892578e+00 6.359941959381103516e-01 1.047946512699127197e-02 3.740497827529907227e-01 -8.903961181640625000e-01 -2.593868076801300049e-01 2.551781535148620605e-01
2.558986186981201172e+00 3.000247478485107422e+00 4.851979911327362061e-01 5.394068080931901932e-03 8.293067216873168945e-01 -5.417686104774475098e-01 -1.368836760520935059e-01 6.591036319732666016e-01
3.080383777618408203e+00 2.637365341186523438e+00 3.609728813171386719e-01 8.826657198369503021e-03 -3.047249019145965576e-01 -8.754386901855468750e-01 3.751663863658905029e-01 1.436794698238372803e-01
3.018195390701293945e+00 2.543872117996215820e+00 4.882697165012359619e-01 3.406779840588569641e-03 6.603735685348510742e-02 -9.071236252784729004e-01 4.156510233879089355e-01 4.087481498718261719e-01
3.581428766250610352e+00 1.691561818122863770e+00 2.279039621353149414e+00 5.068171303719282150e-03 1.542239040136337280e-01 -5.573626160621643066e-01 8.158197402954101562e-01 1.248003616929054260e-01
3.561048269271850586e+00 1.637740135192871094e+00 2.394467830657958984e+00 5.068171303719282150e-03 4.354529976844787598e-01 3.980301320552825928e-01 8.074358701705932617e-01 2.022034674882888794e-01
3.684868097305297852e+00 1.716178417205810547e+00 2.519533872604370117e+00 6.581583525985479355e-03 7.126277685165405273e-01 -1.835294961929321289e-01 6.771104931831359863e-01 2.632633149623870850e-01
2.913868427276611328e+00 2.124633550643920898e+00 3.023840665817260742e+00 2.095717191696166992e-02 -9.027751535177230835e-02 6.254251599311828613e-01 -7.750440835952758789e-01 1.007050201296806335e-01
2.889678955078125000e+00 2.175841569900512695e+00 2.951203107833862305e+00 2.095717191696166992e-02 -4.947476089000701904e-01 2.520199716091156006e-01 -8.316915035247802734e-01 1.907779723405838013e-01
2.863690137863159180e+00 2.184860706329345703e+00 2.693864107131958008e+00 2.095717191696166992e-02 -6.164771914482116699e-01 4.857891201972961426e-01 -6.196489334106445312e-01 5.579029321670532227e-01
2.538985013961791992e+00 2.451656818389892578e+00 2.370875120162963867e+00 2.095717191696166992e-02 -7.478517293930053711e-01 1.131713390350341797e-01 6.541483402252197266e-01 9.595539420843124390e-02
2.801687479019165039e+00 2.236694812774658203e+00 3.234432458877563477e+00 3.707822784781455994e-02 1.094405427575111389e-01 9.507876634597778320e-01 -2.898716032505035400e-01 2.436148226261138916e-01
2.883140563964843750e+00 2.478693008422851562e+00 3.194430351257324219e+00 3.707822784781455994e-02 -1.158791184425354004e-01 9.851883649826049805e-01 -1.263961046934127808e-01 2.454400509595870972e-01
2.792076349258422852e+00 2.791893720626831055e+00 3.044342041015625000e+00 3.707822784781455994e-02 7.243985682725906372e-02 8.717228770256042480e-01 4.846150279045104980e-01 3.284081220626831055e-01
2.764544725418090820e+00 3.157267093658447266e+00 3.177477836608886719e+00 3.707822784781455994e-02 -7.000910043716430664e-01 -2.321631163358688354e-01 6.752576231956481934e-01 3.296225368976593018e-01
2.510633945465087891e+00 3.032792568206787109e+00 3.444537401199340820e+00 3.707822784781455994e-02 3.489055931568145752e-01 -7.223169207572937012e-01 -5.970956087112426758e-01 2.516985535621643066e-01
2.651675462722778320e+00 2.823816061019897461e+00 3.274302482604980469e+00 3.707822784781455994e-02 -4.708563685417175293e-01 -8.803545832633972168e-01 -5.718496814370155334e-02 5.221759900450706482e-02
2.603124141693115234e+00 2.784792184829711914e+00 3.264957904815673828e+00 3.707822784781455994e-02 -2.658498287200927734e-01 -9.627292752265930176e-01 -4.976173117756843567e-02 3.692695200443267822e-01
2.538461685180664062e+00 4.928912639617919922e+00 3.419273793697357178e-01 6.687949877232313156e-03 5.636386275291442871e-01 3.339501321315765381e-01 -7.555056810379028320e-01 7.923077791929244995e-02
2.588714599609375000e+00 4.949794769287109375e+00 2.839563786983489990e-01 6.687949877232313156e-03 6.923319101333618164e-01 5.282154679298400879e-01 -4.915942847728729248e-01 3.561513125896453857e-01
2.277837514877319336e+00 5.096560955047607422e+00 2.241708040237426758e-01 2.466180734336376190e-02 -8.243631720542907715e-01 -5.330009460449218750e-01 1.906184107065200806e-01 5.560672283172607422e-01
1.859470129013061523e+00 4.818220138549804688e+00 4.179364442825317383e-01 2.269182354211807251e-02 -8.898990750312805176e-01 -1.389637738466262817e-01 4.344752430915832520e-01 1.614824384450912476e-01
1.734439849853515625e+00 4.754154682159423828e+00 5.598766803741455078e-01 2.079039625823497772e-02 -9.733591079711914062e-01 -5.125968158245086670e-02 2.234826534986495972e-01 1.736943721771240234e-01
1.597503304481506348e+00 4.692568778991699219e+00 6.468871831893920898e-01 1.620870456099510193e-02 -7.942429780960083008e-01 -5.953682661056518555e-01 -1.213041990995407104e-01 2.357303202152252197e-01
1.445232272148132324e+00 4.536252975463867188e+00 6.128672957420349121e-01 8.671551942825317383e-03 -3.839716017246246338e-01 -9.041404128074645996e-01 1.873390376567840576e-01 3.024873137474060059e-01
2.832376003265380859e+00 5.491235733032226562e+00 6.211293935775756836e-01 2.499999944120645523e-03 7.208853960037231445e-01 -2.175266891717910767e-01 -6.580321788787841797e-01 8.608499169349670410e-02
2.879427194595336914e+00 5.467001438140869141e+00 5.482081174850463867e-01 2.499999944120645523e-03 7.190379500389099121e-01 8.058688789606094360e-02 -6.902827024459838867e-01 2.446353584527969360e-01
3.081158638000488281e+00 5.505098342895507812e+00 3.792815804481506348e-01 2.499999944120645523e-03 2.762467861175537109e-01 -3.909770250320434570e-01 -8.779662251472473145e-01 2.983720600605010986e-01
3.677945137023925781e+00 1.558815717697143555e+00 2.118970394134521484e+00 2.226205728948116302e-02 5.203239917755126953e-01 -1.624584048986434937e-01 8.383735418319702148e-01 2.279296964406967163e-01
3.828240156173706055e+00 1.540364265441894531e+00 2.295772790908813477e+00 2.209039963781833649e-02 -2.922707200050354004e-01 8.442253470420837402e-01 4.492898881435394287e-01 2.995568215847015381e-01
3.733202695846557617e+00 1.758293867111206055e+00 2.475881099700927734e+00 2.165452577173709869e-02 -4.322352111339569092e-01 7.480912804603576660e-01 5.035198330879211426e-01 3.589621186256408691e-01
3.323298692703247070e+00 2.078409194946289062e+00 2.713257551193237305e+00 2.083449065685272217e-02 2.452307492494583130e-01 9.366672039031982422e-01 2.500327527523040771e-01 3.512093722820281982e-01
3.470371007919311523e+00 2.414520740509033203e+00 2.865152359008789062e+00 2.005730941891670227e-02 -1.710803806781768799e-01 9.838302135467529297e-01 5.300619453191757202e-02 3.207461833953857422e-01
3.332437515258789062e+00 2.698048353195190430e+00 2.834120512008666992e+00 1.937406510114669800e-02 -3.347611129283905029e-01 9.410446286201477051e-01 -4.868231713771820068e-02 2.225379347801208496e-01
3.272429943084716797e+00 2.914722919464111328e+00 2.818940401077270508e+00 1.887946389615535736e-02 -2.529112398624420166e-01 8.161894679069519043e-01 5.194907188415527344e-01 1.675653010606765747e-01
3.140755176544189453e+00 3.066609859466552734e+00 3.000739336013793945e+00 1.656502485275268555e-02 3.854691684246063232e-01 8.960433006286621094e-01 2.202724665403366089e-01 4.034490585327148438e-01
3.376448869705200195e+00 3.447979450225830078e+00 3.108407258987426758e+00 1.498837582767009735e-02 -2.936387658119201660e-01 9.108698964118957520e-01 2.899867594242095947e-01 1.891030520200729370e-01
3.296617507934570312e+00 3.624912977218627930e+00 3.161908388137817383e+00 1.349199190735816956e-02 1.450883746147155762e-01 8.809889554977416992e-01 4.503419399261474609e-01 1.695291697978973389e-01
3.280500411987304688e+00 3.824317693710327148e+00 3.309020757675170898e+00 1.311669033020734787e-02 2.864772221073508263e-03 8.172039985656738281e-01 -5.763413906097412109e-01 2.591997087001800537e-01
3.314045906066894531e+00 4.055320262908935547e+00 3.184802055358886719e+00 9.970468468964099884e-03 5.248106122016906738e-01 1.909367442131042480e-01 -8.295282125473022461e-01 2.477845102548599243e-01
4.769246101379394531e+00 3.882994890213012695e+00 2.715825319290161133e+00 2.499999944120645523e-03 -8.265686780214309692e-02 3.680509626865386963e-01 9.261243343353271484e-01 8.628994226455688477e-02
4.774129390716552734e+00 3.915452718734741211e+00 2.730921745300292969e+00 2.499999944120645523e-03 -9.213792085647583008e-01 -3.472660183906555176e-01 -1.745469868183135986e-01 1.538798660039901733e-01
3.794690132141113281e+00 1.663804292678833008e+00 2.203781127929687500e+00 8.191683329641819000e-03 2.856688201427459717e-01 7.013614177703857422e-01 6.530585289001464844e-01 4.389365315437316895e-01
3.925072669982910156e+00 1.942770123481750488e+00 2.516914129257202148e+00 8.191683329641819000e-03 4.867465496063232422e-01 6.345101594924926758e-01 6.003953814506530762e-01 4.688581526279449463e-01
4.421955585479736328e+00 3.562323808670043945e+00 2.654449224472045898e+00 3.090053563937544823e-03 7.390652596950531006e-02 6.148669123649597168e-01 -7.851601839065551758e-01 2.016645222902297974e-01
4.477847099304199219e+00 3.683010816574096680e+00 2.485842704772949219e+00 3.090053563937544823e-03 1.866054832935333252e-01 8.648127317428588867e-01 4.661302268505096436e-01 3.357843756675720215e-01
4.251941204071044922e+00 3.513992786407470703e+00 2.647409439086914062e+00 1.769758015871047974e-02 4.084098041057586670e-01 6.890636086463928223e-01 5.986591577529907227e-01 3.887082338333129883e-01
4.410748958587646484e+00 3.781737327575683594e+00 2.880264282226562500e+00 1.769758015871047974e-02 4.415783286094665527e-01 8.140766620635986328e-01 3.772104382514953613e-01 1.853583455085754395e-01
4.444787979125976562e+00 3.956956624984741211e+00 3.027173757553100586e+00 1.769758015871047974e-02 6.394970417022705078e-01 7.520589828491210938e-01 1.595332175493240356e-01 4.080146849155426025e-01
4.724061965942382812e+00 4.259346008300781250e+00 3.075778722763061523e+00 1.769758015871047974e-02 6.383611559867858887e-01 -1.582096517086029053e-01 7.533025145530700684e-01 2.807810902595520020e-01
4.840137004852294922e+00 3.930458784103393555e+00 2.719911336898803711e+00 4.065485671162605286e-03 -9.436216205358505249e-02 8.334829211235046387e-01 5.444281101226806641e-01 2.016424983739852905e-01
4.819901943206787109e+00 4.063952922821044922e+00 2.840189695358276367e+00 4.065485671162605286e-03 4.923067986965179443e-01 2.371277362108230591e-01 8.374989032745361328e-01 2.046386897563934326e-01
4.973228931427001953e+00 4.136838912963867188e+00 2.990189790725708008e+00 2.499999944120645523e-03 2.777488827705383301e-01 2.211342453956604004e-01 9.348556995391845703e-01 3.461702466011047363e-01
3.206348180770874023e+00 4.080023288726806641e+00 3.988914489746093750e-01 2.615154720842838287e-03 8.912126421928405762e-01 1.021446473896503448e-02 -4.534706771373748779e-01 2.544949650764465332e-01
3.426926612854003906e+00 4.083313941955566406e+00 3.556320369243621826e-01 2.615154720842838287e-03 9.746530652046203613e-01 -2.064698040485382080e-01 8.614876121282577515e-02 2.656281888484954834e-01
2.756872415542602539e+00 2.244458675384521484e+00 2.588105916976928711e+00 9.332490153610706329e-03 -6.408358216285705566e-01 -5.052294731140136719e-01 -5.779901146888732910e-01 2.265491336584091187e-01
2.609100818634033203e+00 2.138209581375122070e+00 2.458493947982788086e+00 9.332490153610706329e-03 2.125083506107330322e-01 -9.068532288074493408e-02 9.729421138763427734e-01 2.233143746852874756e-01
2.506688594818115234e+00 3.099843740463256836e+00 3.453032493591308594e+00 8.025170303881168365e-03 4.643011391162872314e-01 8.568791151046752930e-01 2.240147888660430908e-01 2.142589986324310303e-01
2.610760927200317383e+00 3.285194873809814453e+00 3.509050607681274414e+00 8.025170303881168365e-03 8.923839777708053589e-02 9.610390067100524902e-01 -2.616114616394042969e-01 2.626141905784606934e-01
1.906206965446472168e+00 4.829393863677978516e+00 3.028295934200286865e-01 9.101380594074726105e-03 4.628098011016845703e-01 -7.901895046234130859e-01 -4.017557203769683838e-01 2.069915086030960083e-01
2.004280805587768555e+00 4.667079925537109375e+00 2.203147709369659424e-01 9.101380594074726105e-03 5.187556147575378418e-01 -8.193282485008239746e-01 -2.441184073686599731e-01 5.437866449356079102e-01
3.308185815811157227e+00 3.417410135269165039e+00 3.095258951187133789e+00 1.573677361011505127e-02 8.117215037345886230e-01 -4.311205744743347168e-01 3.940091133117675781e-01 1.899029761552810669e-01
3.458905220031738281e+00 3.353205442428588867e+00 3.174093246459960938e+00 1.573677361011505127e-02 -1.904890500009059906e-02 2.178360968828201294e-01 -9.757994413375854492e-01 7.696849107742309570e-02
3.444908142089843750e+00 3.319681406021118164e+00 3.021279096603393555e+00 1.573677361011505127e-02 5.527452379465103149e-02 8.341550230979919434e-01 -5.487532615661621094e-01 1.510360091924667358e-01
3.441820621490478516e+00 3.484216690063476562e+00 2.899872064590454102e+00 1.573677361011505127e-02 3.003449738025665283e-01 7.173706293106079102e-01 6.286273002624511719e-01 2.564121782779693604e-01
3.807832002639770508e+00 1.498572945594787598e+00 2.359166383743286133e+00 2.614568453282117844e-03 -9.840971231460571289e-01 1.068798676133155823e-01 1.418784707784652710e-01 5.427621006965637207e-01
3.283658027648925781e+00 2.891934633255004883e+00 2.820751428604125977e+00 4.612872377038002014e-03 9.472256898880004883e-01 2.614253163337707520e-01 -1.855269521474838257e-01 1.351252794265747070e-01
3.426281690597534180e+00 2.882765769958496094e+00 2.791698932647705078e+00 4.612872377038002014e-03 6.787932515144348145e-01 1.590044945478439331e-01 7.169081568717956543e-01 2.478493750095367432e-01
3.489615201950073242e+00 3.106983900070190430e+00 2.911590099334716797e+00 4.997667390853166580e-03 3.570648133754730225e-01 4.573773443698883057e-01 8.144388794898986816e-01 2.088396847248077393e-01
3.254657745361328125e+00 2.940296649932861328e+00 2.817832708358764648e+00 1.793549023568630219e-02 -5.703127980232238770e-01 8.206582069396972656e-01 -3.554563596844673157e-02 3.839145898818969727e-01
3.035609483718872070e+00 3.255343437194824219e+00 2.804338693618774414e+00 1.793549023568630219e-02 3.609174787998199463e-01 8.761860728263854980e-01 3.194315433502197266e-01 3.631488680839538574e-01
3.172186851501464844e+00 3.574726343154907227e+00 2.871662855148315430e+00 1.793549023568630219e-02 6.585438251495361328e-01 7.467848062515258789e-01 9.291157871484756470e-02 2.182562500238418579e-01
3.340754270553588867e+00 3.708695650100708008e+00 2.903971195220947266e+00 1.793549023568630219e-02 6.633077263832092285e-01 6.888605356216430664e-01 2.923935353755950928e-01 1.669434905052185059e-01
3.312564373016357422e+00 3.687696456909179688e+00 3.208243608474731445e+00 3.745341906324028969e-03 3.554639816284179688e-01 1.717157065868377686e-01 9.187812805175781250e-01 1.605687588453292847e-01
3.356846094131469727e+00 3.729150772094726562e+00 3.345239400863647461e+00 3.745341906324028969e-03 -5.145910978317260742e-01 -7.662308216094970703e-01 -3.848199248313903809e-01 3.498380482196807861e-01
3.661577224731445312e+00 1.512475490570068359e+00 2.381957769393920898e+00 2.499999944120645523e-03 6.510746479034423828e-02 -2.569388151168823242e-01 9.642320871353149414e-01 4.167265295982360840e-01
