7.751118540763854980e-01 -3.612613916397094727e+00 -8.140823803842067719e-03 1.029549390077590942e-01 7.486346364021301270e-01 2.684728205204010010e-01 6.061918735504150391e-01 1.078271985054016113e+00
1.572502374649047852e+00 -3.313523530960083008e+00 6.952357292175292969e-01 1.029378846287727356e-01 -2.424356341361999512e-01 -9.603787660598754883e-01 1.374685466289520264e-01 4.429134428501129150e-01
1.478716850280761719e+00 -3.663927793502807617e+00 7.640542984008789062e-01 7.850985974073410034e-02 4.382590353488922119e-01 -1.728067845106124878e-01 8.820809721946716309e-01 4.270523488521575928e-01
1.681508541107177734e+00 -3.764139652252197266e+00 1.126323580741882324e+00 5.267007648944854736e-02 8.848364353179931641e-01 3.666959702968597412e-01 2.873995602130889893e-01 2.093810886144638062e-01
1.936169147491455078e+00 -3.682366132736206055e+00 1.118824601173400879e+00 4.957308247685432434e-02 6.553722620010375977e-01 2.980715930461883545e-01 6.940032243728637695e-01 4.819769859313964844e-01
2.242799282073974609e+00 -3.537465095520019531e+00 1.476235151290893555e+00 3.494261950254440308e-02 9.078683853149414062e-01 -1.850502789020538330e-01 3.762066364288330078e-01 2.087182402610778809e-01
1.646311879158020020e+00 -3.170875072479248047e+00 7.706474661827087402e-01 9.779098629951477051e-02 8.671544194221496582e-01 4.949549436569213867e-01 5.534327402710914612e-02 9.850254058837890625e-01
2.467120170593261719e+00 -2.672698497772216797e+00 8.548268079757690430e-01 9.141566604375839233e-02 4.512874484062194824e-01 8.707229495048522949e-01 1.954000294208526611e-01 3.912549018859863281e-01
2.659107446670532227e+00 -2.346354484558105469e+00 9.318426847457885742e-01 8.667084574699401855e-02 6.791267395019531250e-01 7.325419187545776367e-01 4.657511413097381592e-02 2.465409487485885620e-01
2.886098623275756836e+00 -2.236856698989868164e+00 1.000541567802429199e+00 8.063860982656478882e-02 6.806755065917968750e-01 7.112815976142883301e-01 1.753835082054138184e-01 4.984712600708007812e-01
3.223444223403930664e+00 -1.909050464630126953e+00 1.120860457420349121e+00 6.841446459293365479e-02 2.880779504776000977e-01 7.345550060272216797e-01 6.143614649772644043e-01 6.343927979469299316e-01
3.359668493270874023e+00 -1.421375274658203125e+00 1.459693670272827148e+00 4.539521783590316772e-02 -3.068136749789118767e-03 9.190477728843688965e-01 3.941341638565063477e-01 3.520466089248657227e-01
3.518426895141601562e+00 -1.366798520088195801e+00 1.671787977218627930e+00 4.486580565571784973e-02 4.781183004379272461e-01 4.839730858802795410e-01 7.329208254814147949e-01 2.096070209518074989e-03
9.313836693763732910e-01 -3.453485488891601562e+00 1.881815493106842041e-01 9.542518109083175659e-02 7.198077440261840820e-02 -6.898404657840728760e-02 9.950175881385803223e-01 1.044392108917236328e+00
1.050832986831665039e+00 -3.497823476791381836e+00 1.246974349021911621e+00 9.520510584115982056e-02 -4.524502456188201904e-01 9.561327099800109863e-02 8.866492509841918945e-01 6.103650331497192383e-01
7.451443672180175781e-01 -3.354588031768798828e+00 1.876262903213500977e+00 9.370686113834381104e-02 -7.290803194046020508e-01 -5.984365344047546387e-01 3.321380019187927246e-01 2.583734095096588135e-01
5.786548852920532227e-01 -3.543895006179809570e+00 1.955963850021362305e+00 9.330174326896667480e-02 -6.799887418746948242e-01 -5.201370120048522949e-01 5.167908668518066406e-01 9.495983272790908813e-02
5.328357815742492676e-01 -3.603718519210815430e+00 2.030650377273559570e+00 9.198154509067535400e-02 -7.422759532928466797e-01 -5.995431542396545410e-01 2.992898821830749512e-01 1.806043684482574463e-01
3.722507357597351074e-01 -3.713929891586303711e+00 2.062594652175903320e+00 9.038391709327697754e-02 -5.624947547912597656e-01 -4.208777248859405518e-01 7.116611599922180176e-01 8.365583419799804688e-01
-7.020122557878494263e-02 -4.020420551300048828e+00 2.636288404464721680e+00 8.959661424160003662e-02 3.118745684623718262e-01 2.438120245933532715e-01 9.183081984519958496e-01 6.363971829414367676e-01
1.550226956605911255e-01 -3.798908472061157227e+00 3.154067039489746094e+00 6.455349177122116089e-02 6.982316374778747559e-01 3.471982181072235107e-01 6.260399222373962402e-01 1.033504083752632141e-01
2.087554782629013062e-01 -3.949332237243652344e+00 3.238878726959228516e+00 8.493755757808685303e-02 3.956841528415679932e-01 5.977987498044967651e-02 9.164389967918395996e-01 2.667666673660278320e-01
1.853876858949661255e-01 -3.978335618972778320e+00 3.540050983428955078e+00 6.655827909708023071e-02 4.790873229503631592e-01 -3.702369630336761475e-01 7.958642840385437012e-01 2.078164517879486084e-01
3.918113708496093750e-01 -4.066849708557128906e+00 3.695437431335449219e+00 7.354342937469482422e-02 5.555213615298271179e-02 -3.082568347454071045e-01 9.496797919273376465e-01 2.482812255620956421e-01
6.051225662231445312e-01 -4.083547115325927734e+00 4.047943115234375000e+00 8.013455569744110107e-02 -1.931350976228713989e-01 -6.990336179733276367e-01 6.885135173797607422e-01 9.126184582710266113e-01
5.063883662223815918e-01 -4.546007156372070312e+00 4.660201549530029297e+00 8.010900020599365234e-02 -2.887404859066009521e-01 2.131406515836715698e-01 9.333809614181518555e-01 3.233656287193298340e-01
4.091066122055053711e-01 -4.493448734283447266e+00 4.964054584503173828e+00 8.276817947626113892e-02 -7.576735615730285645e-01 2.556568682193756104e-01 6.004750728607177734e-01 1.030068248510360718e-01
3.379669189453125000e-01 -4.445588588714599609e+00 5.026726245880126953e+00 7.579159736633300781e-02 -8.817455172538757324e-01 2.681203186511993408e-01 3.881190121173858643e-01 1.808100044727325439e-01
1.283418238162994385e-01 -4.388091087341308594e+00 5.099272727966308594e+00 6.373631209135055542e-02 -1.501683797687292099e-02 -3.315765857696533203e-01 9.433087706565856934e-01 1.476203501224517822e-01
9.724874049425125122e-02 -4.478043556213378906e+00 5.263733386993408203e+00 6.499668210744857788e-02 7.876317501068115234e-01 -1.954284906387329102e-01 5.843320488929748535e-01 1.703019291162490845e-01
2.419208586215972900e-01 -4.463263511657714844e+00 5.458258628845214844e+00 7.520611584186553955e-02 9.167303442955017090e-01 -3.881276845932006836e-01 9.466964751482009888e-02 2.761949300765991211e-01
4.381307065486907959e-01 -4.456055164337158203e+00 5.683156490325927734e+00 6.947813183069229126e-02 7.806576490402221680e-01 -4.181018173694610596e-01 4.645045399665832520e-01 1.194102391600608826e-01
7.045228481292724609e-01 -4.436251640319824219e+00 5.709794521331787109e+00 7.039462774991989136e-02 2.416641414165496826e-01 -2.083502411842346191e-01 9.477281570434570312e-01 4.597077965736389160e-01
8.489023447036743164e-01 -4.523240566253662109e+00 6.106704711914062500e+00 5.167496949434280396e-02 7.160112261772155762e-01 -4.813659191131591797e-01 5.055836439132690430e-01 5.313588678836822510e-02
8.721802234649658203e-01 -4.583769321441650391e+00 6.133559703826904297e+00 4.480921104550361633e-02 3.686799481511116028e-02 -1.585675030946731567e-02 9.991943240165710449e-01 1.717271655797958374e-01
9.064864516258239746e-01 -4.572483062744140625e+00 6.304493427276611328e+00 4.368001967668533325e-02 -1.033279523253440857e-01 2.513257861137390137e-01 9.623714089393615723e-01 1.485723406076431274e-01
8.495429754257202148e-01 -4.534471988677978516e+00 6.464591503143310547e+00 4.597403109073638916e-02 3.774645924568176270e-01 -9.636618942022323608e-02 9.209961891174316406e-01 1.508239656686782837e-01
8.957027792930603027e-01 -4.527768611907958984e+00 6.648033142089843750e+00 4.031449183821678162e-02 9.701465368270874023e-01 -1.548131089657545090e-02 2.420248240232467651e-01 6.162476539611816406e-01
1.491409540176391602e+00 -4.533377647399902344e+00 6.804784774780273438e+00 4.505823925137519836e-02 9.699300527572631836e-01 9.772669523954391479e-02 2.229016572237014771e-01 1.250104904174804688e-01
1.658863186836242676e+00 -4.521152019500732422e+00 6.912588596343994141e+00 5.889645591378211975e-02 8.079251646995544434e-01 3.594050407409667969e-01 -4.669955968856811523e-01 1.105782836675643921e-01
1.776870369911193848e+00 -4.492096424102783203e+00 6.888158321380615234e+00 5.112921074032783508e-02 7.062387466430664062e-01 3.897478580474853516e-01 -5.910359025001525879e-01 5.771647691726684570e-01
2.183601379394531250e+00 -4.229532241821289062e+00 6.691062927246093750e+00 5.429620295763015747e-02 9.162482619285583496e-01 3.889510929584503174e-01 -9.594870358705520630e-02 3.708097040653228760e-01
2.519651651382446289e+00 -4.122973442077636719e+00 6.685280323028564453e+00 4.757156595587730408e-02 9.933103919029235840e-01 -1.136842891573905945e-01 -2.025640569627285004e-02 8.325622975826263428e-02
2.613349199295043945e+00 -4.126180648803710938e+00 6.722477912902832031e+00 4.482819885015487671e-02 9.631425142288208008e-01 -4.645655304193496704e-02 -2.649496495723724365e-01 1.723326146602630615e-01
1.631159067153930664e+00 -3.798370599746704102e+00 1.152467846870422363e+00 7.608981430530548096e-02 -1.085426434874534607e-01 -9.906663894653320312e-01 -8.245346695184707642e-02 1.156325116753578186e-01
1.674014091491699219e+00 -4.043915271759033203e+00 1.055032968521118164e+00 7.608981430530548096e-02 2.049272507429122925e-02 -5.511043667793273926e-01 8.341846466064453125e-01 6.581128835678100586e-01
1.681194424629211426e+00 -4.368282318115234375e+00 1.607476711273193359e+00 7.608981430530548096e-02 1.764623522758483887e-01 -5.957052111625671387e-02 9.825031161308288574e-01 1.325378715991973877e-01
2.307756900787353516e+00 -3.583697080612182617e+00 1.520144462585449219e+00 3.319548815488815308e-02 -2.481987625360488892e-01 -8.903173208236694336e-01 3.817491829395294189e-01 8.894047886133193970e-02
2.284415245056152344e+00 -3.664047956466674805e+00 1.553680419921875000e+00 3.234654292464256287e-02 -2.379722148180007935e-01 -8.743286877870559692e-02 9.673286676406860352e-01 3.289100825786590576e-01
2.310817718505859375e+00 -3.742968797683715820e+00 1.922459840774536133e+00 2.751976996660232544e-02 -4.231113195419311523e-01 3.082155250012874603e-02 9.055533409118652344e-01 5.642126202583312988e-01
2.086085796356201172e+00 -3.715756177902221680e+00 2.439246177673339844e+00 2.356996014714241028e-02 -4.280644953250885010e-01 7.221350818872451782e-02 9.008584618568420410e-01 6.438439339399337769e-02
2.050247907638549805e+00 -3.703927278518676758e+00 2.494033098220825195e+00 1.942535117268562317e-02 -2.456741333007812500e-01 1.458150148391723633e-01 9.583225846290588379e-01 1.963350921869277954e-01
2.388302803039550781e+00 -2.628644227981567383e+00 8.405493497848510742e-01 8.684488385915756226e-02 -4.864989519119262695e-01 -8.520393967628479004e-01 -1.932553499937057495e-01 9.184095859527587891e-01
1.930593490600585938e+00 -3.427340984344482422e+00 6.692382097244262695e-01 8.628291636705398560e-02 8.445951938629150391e-01 -4.750137329101562500e-01 2.470241189002990723e-01 2.414629012346267700e-01
2.153829336166381836e+00 -3.509388446807861328e+00 7.213342785835266113e-01 8.402062207460403442e-02 8.581842184066772461e-01 -4.501429498195648193e-01 2.467613667249679565e-01 2.939763367176055908e-01
2.407601356506347656e+00 -3.635607242584228516e+00 7.786965370178222656e-01 7.770875841379165649e-02 9.362080693244934082e-01 -3.480828702449798584e-01 -4.850491136312484741e-02 1.780938953161239624e-01
2.616443157196044922e+00 -3.648609876632690430e+00 7.375693917274475098e-01 7.180231064558029175e-02 8.116402029991149902e-01 -4.533026218414306641e-01 3.684520423412322998e-01 2.289560586214065552e-01
2.841850757598876953e+00 -3.870644807815551758e+00 8.085804581642150879e-01 6.353621184825897217e-02 7.450107336044311523e-01 1.767463684082031250e-01 6.432104706764221191e-01 6.668832898139953613e-01
3.318930864334106445e+00 -3.792411088943481445e+00 1.239353299140930176e+00 4.464995115995407104e-02 5.210119485855102539e-01 -2.216989248991012573e-01 8.242548704147338867e-01 1.158062294125556946e-01
3.409167528152465820e+00 -3.827665090560913086e+00 1.319576025009155273e+00 3.065198473632335663e-02 5.138369202613830566e-01 5.248492360115051270e-01 6.786051392555236816e-01 1.549484431743621826e-01
2.570144176483154297e+00 -2.620051145553588867e+00 9.367321729660034180e-01 5.243221297860145569e-02 8.305115252733230591e-02 4.828574359416961670e-01 8.717517852783203125e-01 3.152695894241333008e-01
2.619678020477294922e+00 -2.388071060180664062e+00 1.220513343811035156e+00 5.243221297860145569e-02 -4.982851743698120117e-01 4.880994930863380432e-02 8.656381964683532715e-01 3.472035229206085205e-01
3.339555501937866211e+00 -1.386169672012329102e+00 1.519164085388183594e+00 3.668961673974990845e-02 -4.389638900756835938e-01 -3.125789165496826172e-01 8.423806428909301758e-01 1.832613795995712280e-01
3.259110450744628906e+00 -1.443453311920166016e+00 1.673539876937866211e+00 3.668961673974990845e-02 6.285023689270019531e-01 -7.769865989685058594e-01 -3.573016077280044556e-02 8.480761200189590454e-02
3.374897480010986328e+00 -1.518008232116699219e+00 1.652543067932128906e+00 3.668961673974990845e-02 -1.402001380920410156e-01 -9.900691509246826172e-01 -1.034533418715000153e-02 4.352715909481048584e-01
3.094172716140747070e+00 -2.134689092636108398e+00 1.051836252212524414e+00 1.302834600210189819e-02 7.544093132019042969e-01 -6.351309418678283691e-01 1.657566279172897339e-01 1.964001208543777466e-01
3.297614097595214844e+00 -2.306308984756469727e+00 1.157476305961608887e+00 1.302834600210189819e-02 6.827458739280700684e-01 -2.596951127052307129e-01 -6.829469203948974609e-01 2.531689405441284180e-01
2.623422145843505859e+00 -2.560568332672119141e+00 9.170588850975036621e-01 8.684488385915756226e-02 9.131436944007873535e-01 2.077657282352447510e-01 3.507163822650909424e-01 4.827411770820617676e-01
3.020780801773071289e+00 -2.482488870620727539e+00 1.141752958297729492e+00 8.684488385915756226e-02 6.719286441802978516e-01 3.339042961597442627e-01 6.610747575759887695e-01 7.983342409133911133e-01
3.544999599456787109e+00 -2.235817432403564453e+00 1.686749935150146484e+00 6.637678295373916626e-02 6.689522862434387207e-01 2.079491466283798218e-01 7.136245965957641602e-01 1.701056212186813354e-01
3.614025831222534180e+00 -2.186356306076049805e+00 1.852041602134704590e+00 4.487606510519981384e-02 6.056265234947204590e-01 -3.308029472827911377e-01 7.237305641174316406e-01 1.234730854630470276e-01
8.602195382118225098e-01 -3.391827344894409180e+00 2.055888324975967407e-01 9.065391868352890015e-02 -7.541865706443786621e-01 -2.783022522926330566e-01 5.947692990303039551e-01 1.375215768814086914e+00
-2.688364088535308838e-01 -3.867199420928955078e+00 8.512271046638488770e-01 9.065391868352890015e-02 -6.497697830200195312e-01 -4.686108231544494629e-01 5.985007286071777344e-01 2.360009402036666870e-01
-4.479863941669464111e-01 -3.952971696853637695e+00 9.439440369606018066e-01 9.065391868352890015e-02 -3.884571492671966553e-01 -8.876263499259948730e-01 -2.474278509616851807e-01 3.159545361995697021e-01
-5.395411252975463867e-01 -4.271497726440429688e+00 9.625898003578186035e-01 5.742560327053070068e-02 2.058057487010955811e-02 -9.281496405601501465e-01 -3.716378808021545410e-01 3.334358036518096924e-01
2.916029095649719238e-01 -3.676121473312377930e+00 3.242445945739746094e+00 6.132581457495689392e-02 8.943455219268798828e-01 1.972987949848175049e-01 -4.015212059020996094e-01 3.330945670604705811e-01
5.861668586730957031e-01 -3.590127468109130859e+00 3.085586547851562500e+00 5.817282944917678833e-02 7.612593770027160645e-01 5.380070805549621582e-01 3.619841337203979492e-01 5.344832539558410645e-01
9.825744628906250000e-01 -3.243485927581787109e+00 3.377056360244750977e+00 5.024636164307594299e-02 9.724734425544738770e-01 -1.384614408016204834e-01 1.874134838581085205e-01 3.994085788726806641e-01
1.353425383567810059e+00 -3.271677255630493164e+00 3.487717628479003906e+00 4.325488209724426270e-02 7.504400014877319336e-01 -2.949982583522796631e-01 5.914523005485534668e-01 3.090513348579406738e-01
1.617584466934204102e+00 -3.408467054367065430e+00 3.638617277145385742e+00 2.685465477406978607e-02 8.355556726455688477e-01 2.475350052118301392e-01 4.904825091361999512e-01 2.481920123100280762e-01
1.086272597312927246e+00 -3.444416046142578125e+00 1.041089415550231934e+00 9.044484794139862061e-02 -5.343667864799499512e-01 6.467281579971313477e-01 5.442378520965576172e-01 6.921437382698059082e-01
7.406392097473144531e-01 -3.030406951904296875e+00 1.409451842308044434e+00 9.044484794139862061e-02 -6.316727399826049805e-01 -5.820197463035583496e-01 5.120962262153625488e-01 3.021786510944366455e-01
5.565909147262573242e-01 -3.129500865936279297e+00 1.503839969635009766e+00 6.822314858436584473e-02 -9.288010001182556152e-01 2.765389680862426758e-01 2.466878890991210938e-01 2.096187621355056763e-01
3.505550324916839600e-01 -3.031856536865234375e+00 1.547856092453002930e+00 6.732483208179473877e-02 -9.622775316238403320e-01 -2.587891221046447754e-01 8.396495133638381958e-02 1.539650708436965942e-01
1.003209590911865234e+00 -3.578478097915649414e+00 1.265648603439331055e+00 5.711939185857772827e-02 -4.111724495887756348e-01 -7.288883328437805176e-01 5.474112033843994141e-01 5.469471216201782227e-01
7.985346317291259766e-01 -3.979739189147949219e+00 1.587540507316589355e+00 2.728593535721302032e-02 -1.940239518880844116e-01 -9.790786504745483398e-01 6.131668761372566223e-02 1.777118742465972900e-01
7.598741054534912109e-01 -4.170630455017089844e+00 1.574050545692443848e+00 3.191480413079261780e-02 -2.762885391712188721e-01 -7.671509981155395508e-01 5.789162516593933105e-01 1.770420074462890625e-01
8.607586622238159180e-01 -3.391442775726318359e+00 1.494841456413269043e+00 3.663463145494461060e-02 -6.494368314743041992e-01 7.513824105262756348e-01 1.168603003025054932e-01 6.570464372634887695e-02
8.120088577270507812e-01 -3.324824810028076172e+00 1.485233664512634277e+00 3.662354126572608948e-02 -9.434888362884521484e-01 -3.807856992352753878e-04 3.314040899276733398e-01 9.894950687885284424e-02
7.222648859024047852e-01 -3.349070787429809570e+00 1.511841058731079102e+00 3.659765422344207764e-02 -9.029318690299987793e-01 -2.278861552476882935e-01 3.643925786018371582e-01 8.743210881948471069e-02
6.190246939659118652e-01 -3.389683961868286133e+00 1.518156290054321289e+00 5.167831853032112122e-02 -7.468931078910827637e-01 5.935479328036308289e-02 6.622897386550903320e-01 1.530373543500900269e-01
4.455177485942840576e-01 -3.431473970413208008e+00 1.606904268264770508e+00 5.835711210966110229e-02 -5.611327886581420898e-01 4.871964454650878906e-01 6.691559553146362305e-01 1.409553140401840210e-01
3.742729127407073975e-01 -3.340790510177612305e+00 1.681046247482299805e+00 5.302354693412780762e-02 -6.279363632202148438e-01 6.356436014175415039e-01 4.490580260753631592e-01 2.576495707035064697e-01
1.885676383972167969e-01 -3.127921581268310547e+00 1.758158445358276367e+00 5.994154140353202820e-02 -7.178354859352111816e-01 1.790808737277984619e-01 6.727869510650634766e-01 3.860455751419067383e-01
-8.432660996913909912e-02 -3.131703615188598633e+00 2.028105735778808594e+00 4.531995952129364014e-02 -8.838312029838562012e-01 1.435666996985673904e-02 4.675855934619903564e-01 1.833235025405883789e-01
-2.341284304857254028e-01 -3.119222164154052734e+00 2.148565292358398438e+00 5.002794414758682251e-02 -8.869911432266235352e-01 -2.555928230285644531e-01 3.846023976802825928e-01 8.467350900173187256e-02
-3.074623048305511475e-01 -3.152837991714477539e+00 2.259655714035034180e+00 3.559360280632972717e-02 -9.997185468673706055e-01 4.682056140154600143e-03 2.325822412967681885e-02 2.087669372558593750e-01
-5.047397017478942871e-01 -3.176136732101440430e+00 2.263538122177124023e+00 4.741793870925903320e-02 -4.683937132358551025e-01 -2.544643580913543701e-01 8.460822701454162598e-01 2.764637172222137451e-01
-6.393405795097351074e-01 -3.309472560882568359e+00 2.520736217498779297e+00 4.102972522377967834e-02 -6.328988075256347656e-01 3.131133317947387695e-01 7.080954313278198242e-01 1.100412532687187195e-01
-7.002799510955810547e-01 -3.237617254257202148e+00 2.603183984756469727e+00 4.804275557398796082e-02 -5.028988048434257507e-02 -1.084923818707466125e-01 9.928244352340698242e-01 3.853353261947631836e-01
-7.622405290603637695e-01 -3.282559156417846680e+00 2.995449304580688477e+00 5.095721781253814697e-02 2.182080000638961792e-01 5.011786520481109619e-02 9.746145009994506836e-01 6.545320898294448853e-02
-5.401730537414550781e-01 -3.435545444488525391e+00 3.168456554412841797e+00 4.133548215031623840e-02 -1.788101941347122192e-01 3.927257955074310303e-01 9.021049737930297852e-01 7.868743538856506348e-01
-7.146946191787719727e-01 -3.131794452667236328e+00 3.847042083740234375e+00 4.607071354985237122e-02 -6.331661343574523926e-01 -2.601592242717742920e-01 7.289840579032897949e-01 1.065328568220138550e-01
3.921595811843872070e-01 -3.664594650268554688e+00 2.163250684738159180e+00 3.958452492952346802e-02 -7.962955236434936523e-01 -5.591120719909667969e-01 2.308834046125411987e-01 5.206059813499450684e-01
-2.237198129296302795e-02 -3.971298217773437500e+00 2.303224563598632812e+00 3.269666433334350586e-02 -9.776964187622070312e-01 -1.653738617897033691e-01 -1.294651925563812256e-01 4.072850048542022705e-01
-4.150811731815338135e-01 -4.040753841400146484e+00 2.244486808776855469e+00 2.365239709615707397e-02 -7.526939511299133301e-01 -1.123140454292297363e-01 -6.487197875976562500e-01 1.344639211893081665e-01
-4.139312542974948883e-03 -3.998094797134399414e+00 2.979148149490356445e+00 2.884228900074958801e-02 6.081228852272033691e-01 -6.331683993339538574e-01 4.788364470005035400e-01 3.442288339138031006e-01
2.262511998414993286e-01 -4.228448390960693359e+00 3.081816911697387695e+00 4.879280552268028259e-02 6.938244700431823730e-01 -6.239937543869018555e-01 3.594987690448760986e-01 2.218443900346755981e-01
4.142538011074066162e-01 -4.337439060211181641e+00 3.160719156265258789e+00 4.386488720774650574e-02 2.450581490993499756e-01 -2.566982805728912354e-01 9.349077343940734863e-01 8.235393464565277100e-02
3.822748959064483643e-01 -4.493904590606689453e+00 3.279450416564941406e+00 3.019533492624759674e-02 8.223515152931213379e-01 -1.474803090095520020e-01 5.495339035987854004e-01 4.526463449001312256e-01
7.437291145324707031e-01 -4.542474746704101562e+00 3.546996593475341797e+00 2.480016462504863739e-02 7.830706238746643066e-01 -1.577674150466918945e-01 6.015894412994384766e-01 1.841865628957748413e-01
7.892206311225891113e-02 -3.797405242919921875e+00 3.147717237472534180e+00 4.281271621584892273e-02 -2.614553570747375488e-01 9.648956656455993652e-01 2.484950609505176544e-02 1.646001487970352173e-01
3.588647022843360901e-02 -3.638583421707153320e+00 3.151807546615600586e+00 4.281271621584892273e-02 -4.143869876861572266e-01 1.157922297716140747e-01 9.027045965194702148e-01 9.219815582036972046e-02
2.709354041144251823e-03 -3.594270706176757812e+00 3.270439147949218750e+00 4.538397863507270813e-02 -6.024984121322631836e-01 -5.341287255287170410e-01 5.930448174476623535e-01 1.417715102434158325e-01
-4.874327778816223145e-02 -3.616450071334838867e+00 3.417085886001586914e+00 5.061547830700874329e-02 -6.186017990112304688e-01 -3.987315297126770020e-01 6.770117878913879395e-01 1.680937111377716064e-01
-1.601868718862533569e-01 -3.679526090621948242e+00 3.533509492874145508e+00 4.285727068781852722e-02 2.536121606826782227e-01 -1.549154222011566162e-01 9.548204541206359863e-01 2.029882520437240601e-01
-1.280461698770523071e-01 -3.717440366744995117e+00 3.739369392395019531e+00 2.000885643064975739e-02 3.722523450851440430e-01 4.240697026252746582e-01 8.255864977836608887e-01 2.654347717761993408e-01
6.661533117294311523e-01 -4.100031375885009766e+00 4.115502357482910156e+00 5.971125885844230652e-02 6.857130527496337891e-01 -1.557290554046630859e-01 7.110176086425781250e-01 9.593536704778671265e-02
7.202417850494384766e-01 -4.100653171539306641e+00 4.202192783355712891e+00 6.009040772914886475e-02 8.427009582519531250e-01 -6.426453590393066406e-03 5.383435487747192383e-01 4.775891005992889404e-01
1.119537234306335449e+00 -4.136613368988037109e+00 4.447849750518798828e+00 5.744672566652297974e-02 4.121380448341369629e-01 -3.347205817699432373e-01 8.474103808403015137e-01 1.670208722352981567e-01
1.177476763725280762e+00 -4.184381961822509766e+00 4.596586704254150391e+00 4.653249308466911316e-02 5.455577969551086426e-01 -1.111990865319967270e-02 8.379994034767150879e-01 2.299271523952484131e-01
1.323215961456298828e+00 -4.197988033294677734e+00 4.816586494445800781e+00 2.912872284650802612e-02 7.676147222518920898e-01 5.340117812156677246e-01 -3.543996214866638184e-01 9.105364233255386353e-02
3.782156705856323242e-01 -4.005130767822265625e+00 3.738630533218383789e+00 4.598033055663108826e-02 7.140222191810607910e-01 5.758801698684692383e-01 3.981636464595794678e-01 2.906096875667572021e-01
6.279283761978149414e-01 -3.816255331039428711e+00 3.820461511611938477e+00 4.715653508901596069e-02 3.307992219924926758e-01 5.539554953575134277e-01 7.640060186386108398e-01 4.081491827964782715e-01
8.268133997917175293e-01 -3.611705064773559570e+00 4.170812129974365234e+00 6.265859305858612061e-02 1.834375411272048950e-01 9.556555151939392090e-01 2.303761392831802368e-01 3.202669918537139893e-01
9.151897430419921875e-01 -3.300507068634033203e+00 4.163248538970947266e+00 6.283190101385116577e-02 9.396332502365112305e-01 -7.466051029041409492e-04 3.421823084354400635e-01 8.968218415975570679e-02
1.047385096549987793e+00 -3.296187639236450195e+00 4.130182266235351562e+00 4.568774253129959106e-02 6.738688349723815918e-01 5.030046105384826660e-01 5.411904454231262207e-01 4.587036073207855225e-01
1.480108022689819336e+00 -3.048546075820922852e+00 4.354948520660400391e+00 5.072654038667678833e-02 5.989980697631835938e-02 6.333540678024291992e-01 7.715404629707336426e-01 7.988585829734802246e-01
1.582455515861511230e+00 -2.542969465255737305e+00 4.956495761871337891e+00 5.393384397029876709e-02 2.100884616374969482e-01 6.183393597602844238e-01 7.573105692863464355e-01 1.405827850103378296e-01
1.590407490730285645e+00 -2.456662893295288086e+00 5.070263862609863281e+00 6.261131167411804199e-02 2.085067778825759888e-01 7.065497636795043945e-01 6.762487292289733887e-01 1.446974724531173706e-01
1.605640172958374023e+00 -2.318214416503906250e+00 5.115334033966064453e+00 6.291296333074569702e-02 3.398803472518920898e-01 8.176076412200927734e-01 4.647570252418518066e-01 5.634210109710693359e-01
1.832551836967468262e+00 -1.921711802482604980e+00 5.403387546539306641e+00 4.747209697961807251e-02 5.235152244567871094e-01 5.535196065902709961e-01 6.477251648902893066e-01 6.915114820003509521e-02
1.879855632781982422e+00 -1.907301664352416992e+00 5.480009078979492188e+00 4.392034932971000671e-02 -4.166029393672943115e-02 7.923555970191955566e-01 6.086353659629821777e-01 2.145933806896209717e-01
1.839961528778076172e+00 -1.701670169830322266e+00 5.601720333099365234e+00 4.372074455022811890e-02 3.266677558422088623e-01 4.865879118442535400e-01 8.102594614028930664e-01 1.138135567307472229e-01
1.856283783912658691e+00 -1.584744453430175781e+00 5.689606189727783203e+00 6.015583127737045288e-02 5.648190379142761230e-01 2.468402683734893799e-01 7.874320745468139648e-01 1.864921152591705322e-01
2.015424489974975586e+00 -1.566742062568664551e+00 5.761048793792724609e+00 5.978536978363990784e-02 8.303818702697753906e-01 2.356265336275100708e-01 5.049218535423278809e-01 4.358351826667785645e-01
2.318423748016357422e+00 -1.444764494895935059e+00 5.958440303802490234e+00 5.877334624528884888e-02 3.365331888198852539e-01 -7.546523958444595337e-02 -9.386428594589233398e-01 1.484797894954681396e-01
2.328483819961547852e+00 -1.451604962348937988e+00 5.791824340820312500e+00 6.081277132034301758e-02 5.294663310050964355e-01 -2.393571436405181885e-01 -8.138633370399475098e-01 1.719469726085662842e-01
2.449666738510131836e+00 -1.311397194862365723e+00 5.657707691192626953e+00 6.111266836524009705e-02 8.508660197257995605e-01 -1.575118005275726318e-01 5.012155771255493164e-01 8.022047281265258789e-01
3.146806478500366211e+00 -1.399166345596313477e+00 5.979770660400390625e+00 5.577750504016876221e-02 9.834929108619689941e-01 3.757876111194491386e-03 1.809076815843582153e-01 1.132219657301902771e-01
3.257429361343383789e+00 -1.414552688598632812e+00 6.002698421478271484e+00 5.483110249042510986e-02 9.607329964637756348e-01 -1.454112702049314976e-03 2.774708271026611328e-01 1.861106157302856445e-01
3.476858139038085938e+00 -1.359020829200744629e+00 6.078961372375488281e+00 5.812726542353630066e-02 7.310142517089843750e-01 -6.384599804878234863e-01 2.408048957586288452e-01 3.110264539718627930e-01
3.655341863632202148e+00 -1.580127716064453125e+00 6.141755580902099609e+00 5.864200741052627563e-02 3.312881886959075928e-01 -8.888431191444396973e-01 3.165534436702728271e-01 6.216711401939392090e-01
3.915167808532714844e+00 -2.085914373397827148e+00 6.360034942626953125e+00 3.936646506190299988e-02 3.766180574893951416e-01 -7.080691456794738770e-01 5.973247885704040527e-01 2.818698883056640625e-01
3.908473014831542969e+00 -2.297125816345214844e+00 6.565080642700195312e+00 5.898832902312278748e-02 2.659815549850463867e-01 -7.755601406097412109e-01 5.725035667419433594e-01 2.363253980875015259e-01
4.097942352294921875e+00 -2.310192584991455078e+00 6.596908569335937500e+00 5.619125813245773315e-02 8.439388275146484375e-01 -4.554375410079956055e-01 2.834500074386596680e-01 1.852557510137557983e-01
4.234627246856689453e+00 -2.315779685974121094e+00 6.673137664794921875e+00 5.069980397820472717e-02 3.228870332241058350e-01 -1.980464160442352295e-01 9.254845380783081055e-01 7.297713309526443481e-02
4.264332771301269531e+00 -2.339211940765380859e+00 6.728067398071289062e+00 5.003576353192329407e-02 7.160901427268981934e-01 -3.545231819152832031e-01 6.012722253799438477e-01 1.503776907920837402e-01
4.357226848602294922e+00 -2.383687257766723633e+00 6.853422641754150391e+00 4.096490517258644104e-02 7.815266251564025879e-01 -4.401231110095977783e-01 4.421626031398773193e-01 1.704583019018173218e-01
4.522830963134765625e+00 -2.490969181060791016e+00 6.951458930969238281e+00 5.425377190113067627e-02 -7.568145543336868286e-02 5.212697982788085938e-01 8.500294685363769531e-01 5.402227118611335754e-02
4.524958610534667969e+00 -2.472259283065795898e+00 7.006509780883789062e+00 5.078655481338500977e-02 -4.655191898345947266e-01 4.372224509716033936e-01 7.694988250732421875e-01 3.245396539568901062e-02
4.426218509674072266e+00 -2.315896987915039062e+00 7.080053806304931641e+00 5.429153144359588623e-02 3.832598924636840820e-01 -8.863931894302368164e-02 9.193774461746215820e-01 4.577341079711914062e-01
4.573927402496337891e+00 -2.364112854003906250e+00 7.514914512634277344e+00 5.560901388525962830e-02 4.518421888351440430e-01 -1.297422801144421101e-03 8.920969367027282715e-01 2.240092009305953979e-01
4.692544937133789062e+00 -2.325206756591796875e+00 7.697159767150878906e+00 5.237059667706489563e-02 6.592153310775756836e-01 4.426252469420433044e-02 7.506503462791442871e-01 1.416921168565750122e-01
4.827632904052734375e+00 -2.375709295272827148e+00 7.803032875061035156e+00 3.436832129955291748e-02 3.810577690601348877e-01 2.721709907054901123e-01 8.835824131965637207e-01 2.292445898056030273e-01
4.928958892822265625e+00 -2.291067600250244141e+00 8.013412475585937500e+00 5.085914954543113708e-02 1.522843241691589355e-01 2.413693964481353760e-01 -9.584103226661682129e-01 2.342031896114349365e-01
4.947394132614135742e-01 -4.450184345245361328e+00 5.739599704742431641e+00 3.097428008913993835e-02 8.613906684331595898e-04 9.481239914894104004e-01 3.178995847702026367e-01 1.098443269729614258e-01
4.956308603286743164e-01 -4.361972332000732422e+00 5.831354618072509766e+00 2.228124625980854034e-02 2.773743867874145508e-02 9.626061916351318359e-01 2.694809734821319580e-01 4.011843800544738770e-01
7.028147578239440918e-01 -4.446255207061767578e+00 5.944283008575439453e+00 4.533325135707855225e-02 -1.630617529153823853e-01 6.310626268386840820e-01 7.584002017974853516e-01 2.768298089504241943e-01
6.481356620788574219e-01 -4.305433273315429688e+00 6.190348625183105469e+00 3.138414025306701660e-02 -5.279065370559692383e-01 6.845794916152954102e-01 5.026585459709167480e-01 2.203545570373535156e-01
5.186640620231628418e-01 -4.151074886322021484e+00 6.289279460906982422e+00 2.599499747157096863e-02 -1.622911542654037476e-01 8.822641968727111816e-01 4.418952763080596924e-01 3.381087481975555420e-01
4.560763537883758545e-01 -3.868685722351074219e+00 6.458480834960937500e+00 3.586788102984428406e-02 -7.630431056022644043e-01 6.154792904853820801e-01 1.973585635423660278e-01 6.732919067144393921e-02
3.483004868030548096e-01 -3.837036609649658203e+00 6.414212703704833984e+00 2.983220666646957397e-02 -6.898996233940124512e-01 3.903308212757110596e-01 6.096559166908264160e-01 2.446046769618988037e-01
1.773814320564270020e+00 -4.499766826629638672e+00 6.911618232727050781e+00 1.420993823558092117e-02 -4.710675030946731567e-02 -2.057064324617385864e-01 9.774793386459350586e-01 2.907505035400390625e-01
8.615823388099670410e-01 -4.482922554016113281e+00 6.136838912963867188e+00 3.304592147469520569e-02 3.570524975657463074e-02 9.033712148666381836e-01 4.273705184459686279e-01 2.885648906230926514e-01
8.718856573104858398e-01 -4.222241401672363281e+00 6.260162830352783203e+00 3.304592147469520569e-02 4.286458343267440796e-02 9.064471125602722168e-01 4.201383888721466064e-01 1.401344984769821167e-01
8.844410181045532227e-01 -4.099967479705810547e+00 6.348804950714111328e+00 2.579670399427413940e-02 1.032107621431350708e-01 9.855128526687622070e-01 1.345808058977127075e-01 1.378795206546783447e-01
9.432821273803710938e-01 -3.946211814880371094e+00 6.361114501953125000e+00 3.599499538540840149e-02 -9.848913550376892090e-02 5.383192896842956543e-01 8.369660973548889160e-01 2.373755872249603271e-01
9.089457988739013672e-01 -3.777912378311157227e+00 6.533870220184326172e+00 2.134928852319717407e-02 -8.124790340662002563e-02 5.214329957962036133e-01 8.494153618812561035e-01 2.281078398227691650e-01
8.293647170066833496e-01 -3.613058567047119141e+00 6.714259624481201172e+00 2.994550764560699463e-02 4.403375685214996338e-01 7.354709506034851074e-01 5.149614810943603516e-01 1.165537908673286438e-01
9.015117287635803223e-01 -3.459710359573364258e+00 6.784266471862792969e+00 2.944275550544261932e-02 -1.884250342845916748e-01 -8.643737435340881348e-02 9.782763123512268066e-01 2.331786751747131348e-01
8.314486742019653320e-01 -3.445939779281616211e+00 7.030919551849365234e+00 1.545816659927368164e-02 1.000067442655563354e-01 -4.167347252368927002e-01 9.035102725028991699e-01 4.338096082210540771e-01
9.168643951416015625e-01 -4.563130855560302734e+00 6.308875083923339844e+00 3.944687917828559875e-02 5.508460849523544312e-02 2.907990217208862305e-01 9.551971554756164551e-01 4.617199897766113281e-01
1.014389872550964355e+00 -4.369367599487304688e+00 6.762261390686035156e+00 4.256875067949295044e-02 -5.239708423614501953e-01 4.903085529804229736e-01 6.964567899703979492e-01 1.113686636090278625e-01
9.250690340995788574e-01 -4.320504188537597656e+00 6.878759384155273438e+00 4.256875067949295044e-02 2.592706382274627686e-01 9.041527509689331055e-01 3.395386636257171631e-01 5.379224419593811035e-01
1.078829884529113770e+00 -3.829786777496337891e+00 7.038790225982666016e+00 4.256875067949295044e-02 5.632613301277160645e-01 6.691058874130249023e-01 4.848030209541320801e-01 2.227049022912979126e-01
2.053980827331542969e+00 -4.385440826416015625e+00 6.633963108062744141e+00 3.953180089592933655e-02 4.339484274387359619e-01 -5.256462097167968750e-01 -7.316999435424804688e-01 2.040501683950424194e-01
2.144183635711669922e+00 -4.483982563018798828e+00 6.486479759216308594e+00 3.643742576241493225e-02 1.787348389625549316e-01 1.684877276420593262e-01 -9.693635702133178711e-01 3.143057227134704590e-02
2.104918003082275391e+00 -4.586339473724365234e+00 6.404452800750732422e+00 4.857274889945983887e-02 1.831132471561431885e-01 3.615080416202545166e-01 -9.142108559608459473e-01 5.510289669036865234e-01
2.231351375579833984e+00 -4.409816265106201172e+00 5.923962593078613281e+00 2.166523411870002747e-02 1.013405695557594299e-01 -6.545379757881164551e-01 -7.492063641548156738e-01 2.776754498481750488e-01
1.602619171142578125e+00 -4.521676540374755859e+00 6.876571655273437500e+00 5.395629443228244781e-03 9.965956807136535645e-01 -6.862880196422338486e-03 8.215808123350143433e-02 4.157905578613281250e-01
2.110388994216918945e+00 -4.263864994049072266e+00 6.551946640014648438e+00 3.761669993400573730e-02 8.708718419075012207e-01 3.891080319881439209e-01 -3.002951741218566895e-01 8.952285349369049072e-02
2.206622838973999023e+00 -4.207975387573242188e+00 6.564157009124755859e+00 4.835293442010879517e-02 8.436478972434997559e-01 -5.252090692520141602e-01 -1.114163622260093689e-01 2.292551547288894653e-01
2.423876047134399414e+00 -4.271964073181152344e+00 6.498366832733154297e+00 4.785171151161193848e-02 9.402491450309753418e-01 -2.016277760267257690e-01 2.743680477142333984e-01 1.397668421268463135e-01
2.569759845733642578e+00 -4.348479747772216797e+00 6.557969093322753906e+00 3.751910477876663208e-02 9.591143131256103516e-01 1.982873082160949707e-01 -2.019452750682830811e-01 1.234969720244407654e-01
2.691137552261352539e+00 -4.313376426696777344e+00 6.538989543914794922e+00 3.694255277514457703e-02 9.451754093170166016e-01 -8.366686850786209106e-02 -3.156633675098419189e-01 3.065828382968902588e-01
2.991773366928100586e+00 -4.349291801452636719e+00 6.461059570312500000e+00 4.369167611002922058e-02 8.670306205749511719e-01 2.587072318419814110e-03 -4.982481300830841064e-01 1.879120171070098877e-01
3.156002044677734375e+00 -4.364768028259277344e+00 6.377999782562255859e+00 4.173498973250389099e-02 8.346630930900573730e-01 -2.550273835659027100e-01 -4.881582856178283691e-01 4.113667309284210205e-01
3.517672538757324219e+00 -4.525017261505126953e+00 6.151455879211425781e+00 4.083247482776641846e-02 9.110071659088134766e-01 3.781038820743560791e-01 -1.646309494972229004e-01 2.827334105968475342e-01
3.815808296203613281e+00 -4.466551780700683594e+00 6.149974346160888672e+00 4.198227450251579285e-02 8.107276558876037598e-01 5.745752453804016113e-01 -1.121783107519149780e-01 8.313480764627456665e-02
3.874467611312866211e+00 -4.365553379058837891e+00 6.215602397918701172e+00 3.522088006138801575e-02 9.060710072517395020e-01 3.876335322856903076e-01 -1.696335822343826294e-01 1.816071867942810059e-01
4.021312236785888672e+00 -4.245117664337158203e+00 6.220877170562744141e+00 3.237921744585037231e-02 7.328532934188842773e-01 5.490452647209167480e-01 -4.018400013446807861e-01 2.809875011444091797e-01
4.239872455596923828e+00 -4.085035800933837891e+00 6.078945636749267578e+00 2.449473924934864044e-02 8.505980968475341797e-01 3.015490472316741943e-01 4.307563900947570801e-01 1.289023607969284058e-01
4.385700702667236328e+00 -4.034545421600341797e+00 6.096618652343750000e+00 2.294221147894859314e-02 -6.993715167045593262e-01 -1.183772608637809753e-01 -7.048874497413635254e-01 2.274538427591323853e-01
2.255634546279907227e+00 -3.660466670989990234e+00 1.540195465087890625e+00 3.153571486473083496e-02 5.147343128919601440e-02 -8.417667746543884277e-01 5.373818278312683105e-01 8.369502425193786621e-02
2.485719442367553711e+00 -3.771654605865478516e+00 1.685513138771057129e+00 3.143882751464843750e-02 -8.603267371654510498e-02 8.405679464340209961e-01 5.348307490348815918e-01 2.570629715919494629e-01
2.459480047225952148e+00 -3.557636737823486328e+00 1.823973774909973145e+00 3.121534548699855804e-02 -3.668373823165893555e-01 3.206447660923004150e-01 -8.732796311378479004e-01 7.066814228892326355e-03
2.433339595794677734e+00 -3.571477651596069336e+00 1.824848771095275879e+00 3.032121248543262482e-02 -5.952782034873962402e-01 6.906186342239379883e-01 -4.107185602188110352e-01 2.574854791164398193e-01
2.289618492126464844e+00 -3.374370336532592773e+00 1.710721373558044434e+00 2.940066717565059662e-02 -8.423827290534973145e-01 5.022203922271728516e-01 1.953613013029098511e-01 1.843824684619903564e-01
2.105452299118041992e+00 -3.193802118301391602e+00 1.778877854347229004e+00 2.760510891675949097e-02 -5.928779393434524536e-02 -3.596209585666656494e-01 9.312130212783813477e-01 5.316663980484008789e-01
2.028588056564331055e+00 -3.284126996994018555e+00 2.263944149017333984e+00 2.630321308970451355e-02 -4.886929094791412354e-01 -1.339627951383590698e-01 8.621097207069396973e-01 1.576424688100814819e-01
1.946550369262695312e+00 -3.310004472732543945e+00 2.403758049011230469e+00 1.631506346166133881e-02 2.778943181037902832e-01 4.183056354522705078e-01 8.647515177726745605e-01 1.494328826665878296e-01
2.300201416015625000e+00 -3.769476890563964844e+00 1.950667381286621094e+00 7.900593802332878113e-03 6.817261874675750732e-02 -9.962413907051086426e-01 5.343800038099288940e-02 1.308701932430267334e-01
2.318934917449951172e+00 -3.916355133056640625e+00 1.949848294258117676e+00 7.900593802332878113e-03 -8.466443419456481934e-01 -2.931818068027496338e-01 -4.441146254539489746e-01 2.186772376298904419e-01
2.120386362075805664e+00 -3.753058433532714844e+00 2.358475685119628906e+00 1.108135189861059189e-02 5.684747099876403809e-01 -5.534478425979614258e-01 -6.087133884429931641e-01 4.863776266574859619e-01
2.405067682266235352e+00 -4.004981040954589844e+00 2.052724599838256836e+00 1.108135189861059189e-02 -4.410747885704040527e-01 5.891286134719848633e-01 6.770380735397338867e-01 2.070614099502563477e-01
2.282524347305297852e+00 -3.923294782638549805e+00 2.205805301666259766e+00 6.337886676192283630e-03 -1.770596802234649658e-01 4.216383993625640869e-01 8.893092274665832520e-01 2.232172340154647827e-01
1.932847857475280762e+00 -3.359295845031738281e+00 5.976626276969909668e-01 4.426745325326919556e-02 9.674343466758728027e-01 2.723768912255764008e-02 2.516523301601409912e-01 3.851235210895538330e-01
2.307450771331787109e+00 -3.379936456680297852e+00 6.839988231658935547e-01 4.491522163152694702e-02 8.569911122322082520e-01 -1.150945723056793213e-01 5.023140907287597656e-01 3.801433444023132324e-01
2.653781414031982422e+00 -3.360119581222534180e+00 9.372644424438476562e-01 8.196876943111419678e-02 8.538669943809509277e-01 -4.779866337776184082e-01 2.060095667839050293e-01 1.681752949953079224e-01
2.861055850982666016e+00 -3.320007801055908203e+00 9.297764897346496582e-01 3.742090985178947449e-02 8.604412078857421875e-01 -3.145055770874023438e-01 4.009079635143280029e-01 2.267450243234634399e-01
3.194795131683349609e+00 -3.816402912139892578e+00 1.033544421195983887e+00 7.371117360889911652e-03 5.850342512130737305e-01 -1.233197003602981567e-01 -8.015779256820678711e-01 3.154668509960174561e-01
3.322181463241577148e+00 -3.784888267517089844e+00 1.142965674400329590e+00 2.640723809599876404e-02 5.665774941444396973e-01 4.925993978977203369e-01 -6.605572104454040527e-01 1.214279979467391968e-01
3.408566951751708984e+00 -3.668632507324218750e+00 1.077026009559631348e+00 2.277419343590736389e-02 -7.465549111366271973e-01 3.720859587192535400e-01 -5.515503287315368652e-01 1.894389390945434570e-01
3.232093095779418945e+00 -3.576294660568237305e+00 9.146241545677185059e-01 1.114507857710123062e-02 -6.048410534858703613e-01 5.517967939376831055e-01 5.741842985153198242e-01 1.862609386444091797e-01
3.639808893203735352e+00 -2.239173173904418945e+00 1.859871387481689453e+00 2.499999944120645523e-03 -6.470035910606384277e-01 5.840893387794494629e-01 -4.901285767555236816e-01 1.037353157997131348e+00
3.249556303024291992e+00 -2.275573968887329102e+00 1.371518611907958984e+00 5.354260280728340149e-02 5.499482154846191406e-01 6.209602355957031250e-01 5.585386157035827637e-01 5.138990879058837891e-01
3.532174348831176758e+00 -1.956462979316711426e+00 1.658551096916198730e+00 5.354260280728340149e-02 4.945727884769439697e-01 4.736762642860412598e-01 7.287170290946960449e-01 3.437762856483459473e-01
-2.056395858526229858e-01 -3.928956985473632812e+00 8.714829087257385254e-01 5.380770564079284668e-02 3.531605303287506104e-01 -8.213443756103515625e-01 4.479632079601287842e-01 2.774208486080169678e-01
-1.458611935377120972e-01 -4.145269870758056641e+00 9.746319055557250977e-01 6.972235441207885742e-02 -5.247942805290222168e-01 -5.545967221260070801e-01 6.457657814025878906e-01 2.006655484437942505e-01
-2.175635695457458496e-01 -4.236805438995361328e+00 1.117148995399475098e+00 5.646417662501335144e-02 -8.920992910861968994e-02 -4.349433183670043945e-01 8.960278630256652832e-01 1.704926192760467529e-01
-2.134009748697280884e-01 -4.303595542907714844e+00 1.281121253967285156e+00 5.550819262862205505e-02 -2.904199063777923584e-01 -4.882797300815582275e-01 8.229454159736633301e-01 3.320103585720062256e-01
-3.493648767471313477e-01 -4.490696907043457031e+00 1.557301402091979980e+00 3.590090572834014893e-02 6.945952028036117554e-02 8.000771515071392059e-03 9.975526928901672363e-01 2.598179280757904053e-01
-3.552634716033935547e-01 -3.851826429367065430e+00 9.782174229621887207e-01 4.041575640439987183e-02 -3.801946938037872314e-01 9.240621328353881836e-01 -3.951191157102584839e-02 8.269568681716918945e-01
5.294055938720703125e-01 -3.420583963394165039e+00 4.133036732673645020e-01 5.984106659889221191e-02 -8.446107506752014160e-01 -7.341907918453216553e-02 5.303228497505187988e-01 1.295013308525085449e+00
-5.643766522407531738e-01 -3.515662431716918945e+00 1.100078821182250977e+00 5.984106659889221191e-02 -5.735466480255126953e-01 -8.105771541595458984e-01 1.183591559529304504e-01 2.475226521492004395e-01
-2.086657583713531494e-01 -3.689629554748535156e+00 1.023044943809509277e+00 8.255209028720855713e-02 -5.699292421340942383e-01 -4.778592288494110107e-01 6.684543490409851074e-01 3.758222758769989014e-01
3.970743417739868164e-01 -3.708652019500732422e+00 3.231090545654296875e+00 2.894614078104496002e-02 8.053547739982604980e-01 -5.791075229644775391e-01 1.266417056322097778e-01 9.508401900529861450e-02
4.736507236957550049e-01 -3.763715744018554688e+00 3.243132114410400391e+00 2.828035131096839905e-02 9.544400572776794434e-01 1.592907756567001343e-01 2.523304224014282227e-01 1.187818497419357300e-01
5.911406278610229492e-01 -3.758698225021362305e+00 3.273652315139770508e+00 3.309198468923568726e-02 9.017512798309326172e-01 2.801768481731414795e-01 3.291588127613067627e-01 3.495974540710449219e-01
6.282011270523071289e-01 -3.539323568344116211e+00 3.091489791870117188e+00 3.887487202882766724e-02 4.342540204524993896e-01 8.798853754997253418e-01 -1.929383128881454468e-01 2.048005163669586182e-01
7.171365618705749512e-01 -3.359122753143310547e+00 3.051975727081298828e+00 3.887487202882766724e-02 8.224641084671020508e-01 5.501833558082580566e-01 1.443988531827926636e-01 3.128190934658050537e-01
1.343033194541931152e+00 -3.342368841171264648e+00 3.429946422576904297e+00 2.410682663321495056e-02 -7.983576059341430664e-01 -5.942525267601013184e-01 -9.741199761629104614e-02 1.703338921070098877e-01
1.107546687126159668e+00 -3.527453899383544922e+00 3.390072107315063477e+00 6.250886712223291397e-03 -4.201669096946716309e-01 2.568878829479217529e-01 8.703265786170959473e-01 1.829411238431930542e-01
9.815483093261718750e-01 -3.521557331085205078e+00 3.563391447067260742e+00 3.247214015573263168e-03 1.332918405532836914e-01 1.753228604793548584e-01 9.754461646080017090e-01 2.136621922254562378e-01
1.589526653289794922e+00 -3.322438240051269531e+00 3.685361862182617188e+00 1.582680456340312958e-02 -6.655210256576538086e-01 6.018394231796264648e-01 -4.414420425891876221e-01 2.488722354173660278e-01
1.381258249282836914e+00 -3.126176834106445312e+00 3.595614910125732422e+00 7.940510287880897522e-03 -7.556285262107849121e-01 -5.218731760978698730e-01 -3.958205282688140869e-01 2.684228122234344482e-01
8.619599342346191406e-01 -3.783405065536499023e+00 1.490613937377929688e+00 3.175959363579750061e-02 -3.398749530315399170e-01 -1.445053843781352043e-03 9.404695034027099609e-01 1.796958446502685547e-01
8.008858561515808105e-01 -3.783664703369140625e+00 1.659612417221069336e+00 3.175959363579750061e-02 -6.714693903923034668e-01 -3.865933790802955627e-02 7.400231957435607910e-01 2.459549009799957275e-01
-3.070063889026641846e-01 -3.178417444229125977e+00 2.284402370452880859e+00 1.596879586577415466e-02 2.598158717155456543e-01 -8.953678607940673828e-01 -3.616794943809509277e-01 1.032245531678199768e-01
-4.763417541980743408e-01 -3.184617519378662109e+00 2.277940988540649414e+00 1.590250246226787567e-02 -9.983730912208557129e-01 -5.681539699435234070e-02 4.810140468180179596e-03 3.905383646488189697e-01
-4.339625239372253418e-01 -4.058201789855957031e+00 2.201788425445556641e+00 8.661818690598011017e-03 7.765432596206665039e-01 -4.803912639617919922e-01 -4.076822102069854736e-01 6.930691748857498169e-02
-3.622238636016845703e-01 -4.077712059020996094e+00 2.176002979278564453e+00 8.661818690598011017e-03 6.157088279724121094e-01 -7.779160737991333008e-01 -1.254960298538208008e-01 2.001385390758514404e-01
-2.386324405670166016e-01 -4.259244441986083984e+00 2.079808712005615234e+00 1.069989427924156189e-02 7.025423049926757812e-01 -6.676467061042785645e-01 2.463375478982925415e-01 2.287575602531433105e-01
1.975985020399093628e-01 -4.249516010284423828e+00 3.150589227676391602e+00 2.740017510950565338e-02 -8.616532683372497559e-01 -4.260444939136505127e-01 -2.757529616355895996e-01 2.622684538364410400e-01
-6.106257438659667969e-02 -4.351769924163818359e+00 3.091212272644042969e+00 2.687233127653598785e-02 -3.748874664306640625e-01 -2.686019055545330048e-02 -9.266811013221740723e-01 3.334754109382629395e-01
-2.037705332040786743e-01 -4.383228302001953125e+00 2.765279054641723633e+00 2.644852548837661743e-02 5.095100998878479004e-01 2.237181365489959717e-01 -8.308728337287902832e-01 1.508138775825500488e-01
-1.113520935177803040e-01 -4.313383102416992188e+00 2.643474817276000977e+00 2.435674890875816345e-02 6.028404831886291504e-01 -1.847874969244003296e-01 -7.761681079864501953e-01 6.743992567062377930e-01
3.175304532051086426e-01 -4.402495861053466797e+00 2.139996528625488281e+00 2.149172686040401459e-02 8.423315882682800293e-01 -2.660681605339050293e-01 -4.687058627605438232e-01 1.482640355825424194e-01
4.458459615707397461e-01 -4.433202743530273438e+00 2.072779893875122070e+00 1.189271453768014908e-02 6.809936165809631348e-01 -4.227143824100494385e-01 5.979633927345275879e-01 2.820917367935180664e-01
1.375864863395690918e+00 -4.149228096008300781e+00 4.760379791259765625e+00 7.412219885736703873e-03 -3.214583694934844971e-01 1.859780699014663696e-01 -9.284808635711669922e-01 4.773201644420623779e-01
1.216615200042724609e+00 -4.019302845001220703e+00 4.351872920989990234e+00 7.412219885736703873e-03 -4.446377754211425781e-01 5.395978689193725586e-01 -7.149345278739929199e-01 1.090126335620880127e-01
1.137372136116027832e+00 -4.002094268798828125e+00 4.284790039062500000e+00 2.838183194398880005e-03 -4.934118092060089111e-01 1.409893780946731567e-01 -8.582929372787475586e-01 2.997823655605316162e-01
1.156746506690979004e+00 -4.168006896972656250e+00 4.417352676391601562e+00 5.457438901066780090e-02 8.845622539520263672e-01 1.807173341512680054e-01 4.299894273281097412e-01 3.825573027133941650e-01
1.490766167640686035e+00 -4.093065738677978516e+00 4.597407817840576172e+00 5.350070446729660034e-02 9.010714888572692871e-01 -2.569821476936340332e-01 3.493284583091735840e-01 2.165411710739135742e-01
1.679364442825317383e+00 -4.186694145202636719e+00 4.676496505737304688e+00 3.924730047583580017e-02 3.188079297542572021e-01 -1.397523880004882812e-01 -9.374597668647766113e-01 1.993652284145355225e-01
1.766675710678100586e+00 -4.192799568176269531e+00 4.457079887390136719e+00 4.617604613304138184e-02 -7.042486071586608887e-01 -2.333635538816452026e-01 -6.705037951469421387e-01 1.791058778762817383e-01
1.648658990859985352e+00 -4.255172252655029297e+00 4.324806690216064453e+00 4.137530550360679626e-02 -9.342828392982482910e-01 -3.558818995952606201e-01 -2.153200097382068634e-02 3.320778012275695801e-01
1.300213098526000977e+00 -4.325159549713134766e+00 4.293796539306640625e+00 4.017329216003417969e-02 -4.914561510086059570e-01 -6.668163537979125977e-01 -5.602024793624877930e-01 7.779578864574432373e-02
1.299763679504394531e+00 -4.394696712493896484e+00 4.207348346710205078e+00 3.019891306757926941e-02 -7.700603008270263672e-01 -3.451415002346038818e-01 -5.365486145019531250e-01 1.135816425085067749e-01
1.192452907562255859e+00 -4.394896030426025391e+00 4.132696628570556641e+00 3.139657154679298401e-02 -6.354154944419860840e-01 -5.230084657669067383e-01 -5.680750608444213867e-01 2.872760891914367676e-01
9.629555940628051758e-01 -4.554694175720214844e+00 3.985470533370971680e+00 1.715919747948646545e-02 -3.230364918708801270e-01 5.984157323837280273e-03 -9.463676214218139648e-01 1.723687648773193359e-01
1.054500460624694824e+00 -3.267892360687255859e+00 4.095023632049560547e+00 1.550119742751121521e-02 1.301816999912261963e-01 1.911970376968383789e-01 9.728804826736450195e-01 4.990684986114501953e-01
1.237488150596618652e+00 -3.207060813903808594e+00 4.592249393463134766e+00 1.550119742751121521e-02 2.486097812652587891e-02 3.952132165431976318e-01 9.182529449462890625e-01 5.766252875328063965e-01
1.249137282371520996e+00 -3.038694381713867188e+00 5.133410930633544922e+00 1.641686633229255676e-02 5.549799278378486633e-02 1.897423267364501953e-01 9.802641868591308594e-01 1.311988234519958496e-01
8.916200399398803711e-01 -3.357584953308105469e+00 4.011464595794677734e+00 3.934206813573837280e-02 4.122563004493713379e-01 6.815150976181030273e-01 6.046336889266967773e-01 1.119531154632568359e+00
1.330845713615417480e+00 -2.518920660018920898e+00 4.755423545837402344e+00 3.934206813573837280e-02 9.726458787918090820e-01 1.016238704323768616e-01 2.088840752840042114e-01 1.190616562962532043e-01
1.551083445549011230e+00 -2.836772203445434570e+00 4.617514133453369141e+00 4.615827277302742004e-02 7.328146696090698242e-01 5.294720530509948730e-01 4.273663163185119629e-01 2.250252217054367065e-01
1.707974076271057129e+00 -2.725520372390747070e+00 4.730734825134277344e+00 4.696477204561233521e-02 1.718857437372207642e-01 8.607476949691772461e-01 4.791332483291625977e-01 1.812867820262908936e-01
1.751670479774475098e+00 -2.588114976882934570e+00 4.822861194610595703e+00 4.307226836681365967e-02 6.726688742637634277e-01 5.816852450370788574e-01 4.573388993740081787e-01 5.167881846427917480e-01
2.120111465454101562e+00 -2.326233625411987305e+00 5.069555282592773438e+00 3.363894298672676086e-02 7.795817852020263672e-01 5.144270062446594238e-01 3.572352528572082520e-01 1.434297859668731689e-01
2.246971130371093750e+00 -2.253042459487915039e+00 5.114776134490966797e+00 3.452745452523231506e-02 2.168088108301162720e-01 8.626003861427307129e-01 4.570716619491577148e-01 1.047744676470756531e-01
2.289549589157104492e+00 -2.177437305450439453e+00 5.201603889465332031e+00 1.744100265204906464e-02 -3.697024658322334290e-02 9.279292821884155273e-01 3.709183633327484131e-01 3.183038234710693359e-01
1.138890981674194336e+00 -3.239782810211181641e+00 4.145955085754394531e+00 4.084360972046852112e-02 7.336007356643676758e-01 3.004577457904815674e-01 -6.095532178878784180e-01 7.964806258678436279e-02
1.197320818901062012e+00 -3.215852022171020508e+00 4.097405433654785156e+00 4.084360972046852112e-02 3.379445672035217285e-01 9.162259101867675781e-01 2.152290195226669312e-01 1.623398065567016602e-01
1.221911191940307617e+00 -3.035427093505859375e+00 4.131589889526367188e+00 4.084360972046852112e-02 6.882207989692687988e-01 6.644685864448547363e-01 2.912621796131134033e-01 1.337757557630538940e-01
1.328764915466308594e+00 -2.939129590988159180e+00 4.152971267700195312e+00 4.334204643964767456e-02 4.602483212947845459e-01 6.107141971588134766e-01 6.443598866462707520e-01 1.506862044334411621e-01
1.411384463310241699e+00 -2.847413301467895508e+00 4.243560314178466797e+00 4.084360972046852112e-02 3.039354085922241211e-01 7.528657317161560059e-01 5.837948918342590332e-01 3.111897110939025879e-01
1.543057322502136230e+00 -2.609092950820922852e+00 4.405695438385009766e+00 4.298144578933715820e-02 4.094518721103668213e-01 3.382978141307830811e-01 8.472920060157775879e-01 1.078848093748092651e-01
1.572879672050476074e+00 -2.603658676147460938e+00 4.548724174499511719e+00 4.282973334193229675e-02 2.898696660995483398e-01 7.822930216789245605e-01 5.513558387756347656e-01 1.380705833435058594e-01
1.674266099929809570e+00 -2.523367166519165039e+00 4.610940933227539062e+00 4.252100735902786255e-02 4.488891065120697021e-01 7.497549057006835938e-01 4.861750304698944092e-01 4.624052345752716064e-01
1.930015921592712402e+00 -2.172570705413818359e+00 4.795037269592285156e+00 4.155102744698524475e-02 1.874536275863647461e-01 9.301770925521850586e-01 3.156448602676391602e-01 4.240048527717590332e-01
1.823928594589233398e+00 -1.955975294113159180e+00 5.326941013336181641e+00 5.976731330156326294e-02 2.977668941020965576e-01 -8.524655103683471680e-01 -4.296946525573730469e-01 4.029786884784698486e-01
1.947520852088928223e+00 -2.307102441787719727e+00 5.160304546356201172e+00 5.721856653690338135e-02 9.829498082399368286e-02 6.743773818016052246e-01 7.318150401115417480e-01 4.960441887378692627e-01
2.020423412322998047e+00 -2.002378940582275391e+00 5.532024383544921875e+00 5.329147353768348694e-02 6.273391190916299820e-04 2.809507846832275391e-01 9.597219824790954590e-01 1.107049360871315002e-01
1.964356780052185059e+00 -1.942674398422241211e+00 5.672728061676025391e+00 5.021394789218902588e-02 5.130491852760314941e-01 -2.664169669151306152e-02 8.579456806182861328e-01 1.520505845546722412e-01
2.083349227905273438e+00 -1.978940367698669434e+00 5.796316623687744141e+00 4.532960057258605957e-02 2.932407855987548828e-01 1.727540343999862671e-01 9.403009414672851562e-01 1.503210812807083130e-01
2.160641670227050781e+00 -2.103898525238037109e+00 6.009837627410888672e+00 3.619587421417236328e-02 -1.283004041761159897e-02 4.290795624256134033e-01 9.031755924224853516e-01 4.644958972930908203e-01
2.113153934478759766e+00 -1.906974077224731445e+00 6.459380626678466797e+00 3.012840636074542999e-02 1.736668944358825684e-01 9.333185553550720215e-01 3.142550885677337646e-01 2.448595762252807617e-01
2.172481536865234375e+00 -1.675960183143615723e+00 6.542137145996093750e+00 3.102301433682441711e-02 -1.497788876295089722e-01 9.886597990989685059e-01 1.086596213281154633e-02 1.093762069940567017e-01
2.103201866149902344e+00 -1.522228837013244629e+00 5.866997241973876953e+00 5.679609999060630798e-02 5.308026671409606934e-01 2.588621377944946289e-01 8.069937229156494141e-01 7.537876367568969727e-01
2.495964765548706055e+00 -1.344616055488586426e+00 6.493485450744628906e+00 5.679609999060630798e-02 9.380871057510375977e-01 -3.591024503111839294e-02 3.445331156253814697e-01 1.315030306577682495e-01
2.598552227020263672e+00 -1.322893977165222168e+00 6.553756237030029297e+00 5.679609999060630798e-02 7.715405225753784180e-01 2.839639484882354736e-01 5.692887306213378906e-01 3.103102147579193115e-01
2.880561113357543945e+00 -1.229993343353271484e+00 6.727204322814941406e+00 5.679609999060630798e-02 -4.693675041198730469e-02 8.099293708801269531e-01 5.846463441848754883e-01 3.930488824844360352e-01
2.147138595581054688e+00 -1.483404994010925293e+00 5.801860332489013672e+00 1.655863039195537567e-02 6.151773408055305481e-02 7.265029549598693848e-01 6.844041347503662109e-01 4.060656726360321045e-01
2.156861543655395508e+00 -1.290686964988708496e+00 6.129808902740478516e+00 1.244719699025154114e-02 -7.354703545570373535e-02 4.470450580120086670e-01 8.914827704429626465e-01 2.693106234073638916e-01
2.117871046066284180e+00 -1.549723267555236816e+00 5.889366149902343750e+00 3.415306285023689270e-02 1.278330981731414795e-01 -1.290294528007507324e-01 9.833667278289794922e-01 1.817795336246490479e-01
2.141108512878417969e+00 -1.573178172111511230e+00 6.068122386932373047e+00 3.415306285023689270e-02 7.682058960199356079e-02 1.057539880275726318e-01 9.914205670356750488e-01 2.170628458261489868e-01
3.957566976547241211e+00 -2.244529247283935547e+00 6.495746135711669922e+00 1.842607744038105011e-02 -7.202738523483276367e-01 -5.074285268783569336e-01 4.729924798011779785e-01 2.019443511962890625e-01
3.812111616134643555e+00 -2.347001552581787109e+00 6.591264247894287109e+00 1.828604936599731445e-02 -3.824203014373779297e-01 -1.126154065132141113e-01 9.171000123023986816e-01 4.536172747611999512e-02
3.804038047790527344e+00 -2.335498809814453125e+00 6.644922256469726562e+00 2.641219645738601685e-02 -5.554291605949401855e-01 -2.626127898693084717e-01 7.890076041221618652e-01 3.476541638374328613e-01
3.609152317047119141e+00 -2.425430774688720703e+00 6.919711589813232422e+00 2.474652044475078583e-02 -1.721658855676651001e-01 -5.229663848876953125e-01 8.347844481468200684e-01 2.214507013559341431e-01
3.572221994400024414e+00 -2.604845046997070312e+00 7.125150680541992188e+00 2.307511866092681885e-02 7.846922278404235840e-01 2.041038870811462402e-01 5.853201746940612793e-01 3.445262908935546875e-01
3.818800449371337891e+00 -2.524820804595947266e+00 7.302911281585693359e+00 1.492969505488872528e-02 7.130244374275207520e-02 9.468668103218078613e-01 3.136228024959564209e-01 2.497124671936035156e-01
4.397037506103515625e+00 -2.362813949584960938e+00 7.072498321533203125e+00 3.420123830437660217e-02 2.434061914682388306e-01 -8.787192702293395996e-01 4.106165170669555664e-01 1.336091458797454834e-01
4.391343116760253906e+00 -2.507322311401367188e+00 7.118541240692138672e+00 4.659259319305419922e-02 3.026170730590820312e-01 -6.526930332183837891e-01 6.945608258247375488e-01 2.308653593063354492e-01
4.423381328582763672e+00 -2.642368078231811523e+00 7.330796718597412109e+00 4.561037570238113403e-02 2.769635319709777832e-01 -8.454809784889221191e-01 4.565667212009429932e-01 2.220130711793899536e-01
4.435183048248291016e+00 -2.804633378982543945e+00 7.501296997070312500e+00 4.444185644388198853e-02 4.804805815219879150e-01 -6.528700590133666992e-01 5.855758786201477051e-01 1.347758471965789795e-01
4.643238067626953125e+00 -2.770738363265991211e+00 7.718434333801269531e+00 3.697297722101211548e-02 2.084822654724121094e-01 -8.306207060813903809e-01 5.163374543190002441e-01 7.532199621200561523e-01
4.831476211547851562e+00 -3.360295534133911133e+00 8.103964805603027344e+00 2.664117142558097839e-02 5.711225271224975586e-01 -4.282048940658569336e-01 7.003282308578491211e-01 1.815492101013660431e-02
4.834002971649169922e+00 -3.369204044342041016e+00 8.100446701049804688e+00 3.491052240133285522e-02 -2.495993971824645996e-01 -9.501234292984008789e-01 1.869910657405853271e-01 1.100903078913688660e-01
4.724183559417724609e+00 -3.530485868453979492e+00 8.088623046875000000e+00 1.775077730417251587e-02 3.897205591201782227e-01 -8.132336139678955078e-01 4.321677386760711670e-01 2.487613856792449951e-01
3.989742994308471680e+00 -2.415366172790527344e+00 6.607095718383789062e+00 3.869015350937843323e-02 6.922392845153808594e-01 -6.954842209815979004e-01 -1.926303058862686157e-01 1.573070883750915527e-01
4.091672897338867188e+00 -2.545896768569946289e+00 6.491865634918212891e+00 3.637633845210075378e-02 7.298690080642700195e-01 -6.749927997589111328e-01 1.080555096268653870e-01 1.853894144296646118e-01
4.224463462829589844e+00 -2.663862228393554688e+00 6.515580177307128906e+00 2.285348623991012573e-02 8.943842649459838867e-01 8.911058306694030762e-02 4.383332729339599609e-01 1.141852363944053650e-01
4.322760105133056641e+00 -2.652794122695922852e+00 6.586194992065429688e+00 2.937793359160423279e-02 9.698906540870666504e-01 1.712543070316314697e-01 1.731591969728469849e-01 1.679087281227111816e-01
4.486898899078369141e+00 -2.663081169128417969e+00 6.647364139556884766e+00 1.778738945722579956e-02 9.433141350746154785e-01 2.287484258413314819e-01 2.404839843511581421e-01 1.070723980665206909e-01
4.594796657562255859e+00 -2.624111413955688477e+00 6.655436515808105469e+00 1.027993205934762955e-02 9.151644110679626465e-01 5.216041952371597290e-02 3.996916413307189941e-01 1.002127304673194885e-01
4.681659698486328125e+00 -2.637073040008544922e+00 6.702999114990234375e+00 2.344119735062122345e-02 7.897654175758361816e-01 4.211027920246124268e-02 6.119618415832519531e-01 1.695169657468795776e-01
4.418927669525146484e+00 -2.369653940200805664e+00 7.077910423278808594e+00 2.087638527154922485e-02 -4.610231220722198486e-01 8.563995957374572754e-01 -2.324594408273696899e-01 3.832012116909027100e-01
4.267446994781494141e+00 -2.032855510711669922e+00 6.957144737243652344e+00 2.087638527154922485e-02 -4.893981814384460449e-01 8.581053614616394043e-01 -1.553852707147598267e-01 1.360042989253997803e-01
4.266062259674072266e+00 -1.821068167686462402e+00 6.905632495880126953e+00 9.210170246660709381e-03 -7.721946239471435547e-01 5.979615449905395508e-01 2.148429155349731445e-01 1.759337037801742554e-01
4.544578075408935547e+00 -2.382345676422119141e+00 7.286158561706542969e+00 3.284388780593872070e-02 2.984988391399383545e-01 -5.072841644287109375e-01 -8.084313273429870605e-01 4.928566515445709229e-01
4.653337001800537109e+00 -2.318297624588012695e+00 7.731184482574462891e+00 1.254253834486007690e-02 -7.830082625150680542e-02 2.719115614891052246e-01 9.591314196586608887e-01 2.394949793815612793e-01
4.679553985595703125e+00 -2.394268989562988281e+00 7.619794368743896484e+00 4.121996089816093445e-02 6.954821348190307617e-01 -1.985578984022140503e-01 6.905645728111267090e-01 2.273370772600173950e-01
4.837662696838378906e+00 -2.439408540725708008e+00 7.776785373687744141e+00 4.121996089816093445e-02 8.580636233091354370e-02 -1.213722676038742065e-01 9.888913035392761230e-01 1.006140485405921936e-01
4.855951786041259766e+00 -2.454378366470336914e+00 7.876384735107421875e+00 4.695985466241836548e-02 -4.481953382492065430e-02 -1.197406351566314697e-01 9.917930364608764648e-01 2.039652168750762939e-01
4.814508438110351562e+00 -2.505509853363037109e+00 8.068880081176757812e+00 3.534704446792602539e-02 6.581517308950424194e-02 -4.127997756004333496e-01 9.084408283233642578e-01 1.319104582071304321e-01
4.784286499023437500e+00 -2.582458972930908203e+00 8.191294670104980469e+00 4.794086888432502747e-02 6.095370650291442871e-02 9.162189438939094543e-03 9.980985522270202637e-01 2.727383673191070557e-01
4.820399761199951172e+00 -2.544347047805786133e+00 8.474254608154296875e+00 4.724350944161415100e-02 -4.468542337417602539e-01 -2.514323778450489044e-02 8.942533731460571289e-01 2.259376794099807739e-01
4.722326755523681641e+00 -2.551932573318481445e+00 8.665057182312011719e+00 2.716090343892574310e-02 -6.965502500534057617e-01 6.562321186065673828e-01 -2.901330292224884033e-01 1.988545358180999756e-01
4.611629009246826172e+00 -2.433990716934204102e+00 8.593898773193359375e+00 3.615374863147735596e-02 -3.648071289062500000e-01 1.729598045349121094e-01 -9.148774147033691406e-01 1.366234868764877319e-01
4.520808219909667969e+00 -2.383216619491577148e+00 8.479171752929687500e+00 3.407829627394676208e-02 -1.720369160175323486e-01 1.105241402983665466e-01 -9.788706302642822266e-01 2.982535362243652344e-01
4.516337394714355469e+00 -2.398462533950805664e+00 8.165168762207031250e+00 2.977973967790603638e-02 -2.420060634613037109e-01 1.992207020521163940e-01 -9.496021270751953125e-01 2.880320549011230469e-01
4.453602790832519531e+00 -2.331335306167602539e+00 7.884787082672119141e+00 2.826618216931819916e-02 -4.935105144977569580e-01 -2.366675138473510742e-01 -8.369204401969909668e-01 2.094728052616119385e-01
6.965912580490112305e-01 -4.301780223846435547e+00 6.160837650299072266e+00 2.818693593144416809e-02 -3.946131169795989990e-01 -1.504653394222259521e-01 9.064439535140991211e-01 4.574454426765441895e-01
8.423040509223937988e-01 -4.452376842498779297e+00 6.179602622985839844e+00 5.749748088419437408e-03 -4.713646173477172852e-01 3.216373324394226074e-01 8.211972117424011230e-01 8.627048879861831665e-02
7.856674790382385254e-01 -4.427864074707031250e+00 6.254779815673828125e+00 5.749748088419437408e-03 1.500577777624130249e-01 4.428699314594268799e-01 8.839393854141235352e-01 3.833538889884948730e-01
8.676984906196594238e-01 -3.447283744812011719e+00 6.832969188690185547e+00 5.179744213819503784e-03 -7.931467890739440918e-01 -5.865206718444824219e-01 -1.640477180480957031e-01 4.902425110340118408e-01
9.596599340438842773e-01 -4.284545421600341797e+00 6.903926849365234375e+00 8.202180266380310059e-03 3.479846417903900146e-01 6.129620075225830078e-01 7.093548774719238281e-01 5.730947256088256836e-01
9.906890392303466797e-01 -3.937240839004516602e+00 7.017901420593261719e+00 1.449039764702320099e-02 -6.012173295021057129e-01 7.732752561569213867e-01 2.014524042606353760e-01 1.047297120094299316e-01
9.277237057685852051e-01 -3.856256008148193359e+00 7.038999557495117188e+00 1.449039764702320099e-02 1.132261008024215698e-01 9.903200268745422363e-01 -8.028723299503326416e-02 1.569475084543228149e-01
1.066857218742370605e+00 -3.821515321731567383e+00 7.083789825439453125e+00 8.753314614295959473e-03 4.860217869281768799e-01 -2.784493938088417053e-02 8.735029697418212891e-01 3.258752822875976562e-01
1.450299024581909180e+00 -3.177768945693969727e+00 3.595219135284423828e+00 3.542189719155430794e-03 7.119503021240234375e-01 3.771616518497467041e-01 5.923477411270141602e-01 2.750540077686309814e-01
1.700290441513061523e+00 -3.060743093490600586e+00 3.734476327896118164e+00 3.542189719155430794e-03 -3.773877322673797607e-01 -1.013615354895591736e-01 -9.204913377761840820e-01 4.226143956184387207e-01
1.079753756523132324e+00 -3.205928564071655273e+00 4.399001598358154297e+00 2.499999944120645523e-03 -9.776447415351867676e-01 1.682099997997283936e-01 1.261590123176574707e-01 1.322677433490753174e-01
9.262557625770568848e-01 -3.197614908218383789e+00 4.423869609832763672e+00 2.499999944120645523e-03 -5.124325752258300781e-01 8.569422364234924316e-01 -5.534267798066139221e-02 4.313198924064636230e-01
7.619799375534057617e-01 -2.848573207855224609e+00 4.349027633666992188e+00 2.718671690672636032e-03 1.006964221596717834e-01 9.564533233642578125e-01 -2.739658653736114502e-01 2.477873712778091431e-01
1.144917011260986328e+00 -2.865347146987915039e+00 4.418121337890625000e+00 1.846458390355110168e-02 -5.239906311035156250e-01 8.501053452491760254e-01 5.248568579554557800e-02 8.205170184373855591e-02
1.101922750473022461e+00 -2.795594692230224609e+00 4.422428131103515625e+00 1.846458390355110168e-02 3.101550042629241943e-02 4.963136315345764160e-01 8.675891160964965820e-01 1.336488574743270874e-01
1.965873956680297852e+00 -2.172673463821411133e+00 4.774044990539550781e+00 6.696392782032489777e-03 3.742734193801879883e-01 8.658889532089233398e-01 3.318971097469329834e-01 4.206169843673706055e-01
2.153197288513183594e+00 -1.906357645988464355e+00 4.997072219848632812e+00 8.055810816586017609e-03 -5.641115903854370117e-01 -6.285791993141174316e-01 -5.354122519493103027e-01 2.154984921216964722e-01
2.824792385101318359e+00 -1.226013779640197754e+00 6.717214107513427734e+00 1.684110052883625031e-02 -9.677908420562744141e-01 2.421724349260330200e-01 -6.879996508359909058e-02 4.155663549900054932e-01
2.324432849884033203e+00 -1.000703215599060059e+00 6.704135894775390625e+00 2.802924253046512604e-02 2.435202747583389282e-01 7.141481339931488037e-02 9.672630429267883301e-01 1.131518632173538208e-01
2.384014844894409180e+00 -9.782664775848388672e-01 6.843999385833740234e+00 2.425607480108737946e-02 -6.990926861763000488e-01 5.201575756072998047e-01 4.906175434589385986e-01 2.626019120216369629e-01
4.201193332672119141e+00 -1.892852783203125000e+00 6.915424823760986328e+00 7.845850661396980286e-03 1.667732447385787964e-01 6.364027857780456543e-01 -7.531123161315917969e-01 2.114429920911788940e-01
4.233434677124023438e+00 -1.754083991050720215e+00 6.762926101684570312e+00 7.845850661396980286e-03 -5.978191494941711426e-01 5.318814516067504883e-01 -5.997619628906250000e-01 3.813325762748718262e-01
-2.221431732177734375e+00 -1.408317208290100098e+00 -2.402389347553253174e-01 1.413015276193618774e-01 -7.309907078742980957e-01 1.441578567028045654e-02 6.822351217269897461e-01 1.177452325820922852e+00
-2.986808776855468750e+00 -1.784667372703552246e+00 4.008830785751342773e-01 1.528956294059753418e-01 -5.412771105766296387e-01 -4.292980730533599854e-01 7.229953408241271973e-01 6.561767458915710449e-01
-3.563512563705444336e+00 -1.630939126014709473e+00 1.096851706504821777e+00 1.381255388259887695e-01 -6.845103502273559570e-01 -5.757735371589660645e-01 4.471357762813568115e-01 2.436069846153259277e-01
-3.814416170120239258e+00 -2.009934902191162109e+00 1.063909769058227539e+00 1.381255388259887695e-01 -4.084882736206054688e-01 -3.555714488029479980e-01 8.406582474708557129e-01 6.352887749671936035e-01
-2.005296230316162109e+00 -1.358189225196838379e+00 -2.625795006752014160e-01 8.040576428174972534e-02 6.715834885835647583e-02 -6.738619804382324219e-01 7.357987165451049805e-01 2.257883548736572266e+00
-1.872247815132141113e+00 -2.873639583587646484e+00 1.423607468605041504e+00 6.727022677659988403e-02 5.643033981323242188e-01 -5.989325046539306641e-01 5.681914687156677246e-01 6.433016657829284668e-01
-1.530272245407104492e+00 -3.278827667236328125e+00 1.789794683456420898e+00 7.082086801528930664e-02 6.170722842216491699e-01 -6.371521353721618652e-01 4.617997109889984131e-01 2.464191913604736328e-01
-1.399309754371643066e+00 -3.461347818374633789e+00 1.905563235282897949e+00 7.433446496725082397e-02 7.247714996337890625e-01 -5.692797303199768066e-01 3.881067931652069092e-01 5.850265026092529297e-01
-2.300243854522705078e+00 -1.328984498977661133e+00 -3.888268256559967995e-03 1.068451404571533203e-01 5.229010581970214844e-01 5.385268926620483398e-01 6.607293486595153809e-01 4.380658268928527832e-01
-2.071178674697875977e+00 -1.093074202537536621e+00 2.855546772480010986e-01 1.068451404571533203e-01 5.452451705932617188e-01 -3.271055221557617188e-01 7.718223333358764648e-01 2.319095432758331299e-01
-1.830715656280517578e+00 -1.232388019561767578e+00 3.906819820404052734e-01 1.275093704462051392e-01 4.935228824615478516e-01 -1.165368407964706421e-01 8.618899583816528320e-01 4.468898475170135498e-01
-1.685063362121582031e+00 -1.299316763877868652e+00 7.691383361816406250e-01 1.257585138082504272e-01 -1.171817332506179810e-01 1.470001339912414551e-01 9.821707606315612793e-01 4.408960640430450439e-01
-1.727291822433471680e+00 -1.195911049842834473e+00 1.162104010581970215e+00 9.290273487567901611e-02 6.315487623214721680e-01 4.787640273571014404e-01 6.098616123199462891e-01 1.946507841348648071e-01
-1.581771731376647949e+00 -1.116138577461242676e+00 1.282114624977111816e+00 9.174922853708267212e-02 3.518833220005035400e-01 6.569476723670959473e-01 6.667817831039428711e-01 3.669399917125701904e-01
-1.538915276527404785e+00 -7.663736939430236816e-01 1.539426922798156738e+00 1.028795465826988220e-01 7.579227685928344727e-01 5.631638169288635254e-01 3.292408883571624756e-01 2.706210613250732422e-01
-1.389602065086364746e+00 -5.465038418769836426e-01 1.642487883567810059e+00 1.198351308703422546e-01 7.531128525733947754e-01 5.473015904426574707e-01 3.650780618190765381e-01 4.787947237491607666e-01
-1.048922657966613770e+00 -2.875808179378509521e-01 1.836766958236694336e+00 1.156683862209320068e-01 5.783550739288330078e-01 4.705611765384674072e-01 6.663914322853088379e-01 6.903411746025085449e-01
-6.374636888504028320e-01 4.312992095947265625e-02 2.266634464263916016e+00 1.098144948482513428e-01 5.935775041580200195e-01 7.104645371437072754e-01 3.780289292335510254e-01 1.965778768062591553e-01
-4.339968562126159668e-01 1.041832044720649719e-01 2.379132509231567383e+00 1.047940254211425781e-01 5.631687641143798828e-01 7.688460350036621094e-01 3.028476834297180176e-01 5.099561214447021484e-01
-1.245655119419097900e-01 5.062425732612609863e-01 2.508679389953613281e+00 9.844224900007247925e-02 6.484507918357849121e-01 2.999908626079559326e-01 6.996549367904663086e-01 2.967356741428375244e-01
4.740109294652938843e-02 5.956127047538757324e-01 2.738799095153808594e+00 9.617600589990615845e-02 6.840897202491760254e-01 3.913919031620025635e-01 6.154946088790893555e-01 4.593136608600616455e-01
3.358126282691955566e-01 8.430009484291076660e-01 2.986491203308105469e+00 7.090979814529418945e-02 9.131579995155334473e-01 3.967712819576263428e-01 9.335459023714065552e-02 9.036455750465393066e-01
1.170812845230102539e+00 1.170635223388671875e+00 3.110481500625610352e+00 5.552360787987709045e-02 8.910837173461914062e-01 4.376126527786254883e-01 1.202702671289443970e-01 2.439964115619659424e-01
1.409070849418640137e+00 1.239691138267517090e+00 3.187890768051147461e+00 4.952433705329895020e-02 8.577777743339538574e-01 5.130966305732727051e-01 3.080845624208450317e-02 8.064402937889099121e-01
-3.178385734558105469e+00 -1.385011792182922363e+00 4.598010778427124023e-01 2.294640243053436279e-02 -8.772645592689514160e-01 4.301939010620117188e-01 -2.129322290420532227e-01 1.749544382095336914e+00
-4.647171020507812500e+00 -6.174931526184082031e-01 2.229568064212799072e-01 2.294640243053436279e-02 -6.119493842124938965e-01 7.613045573234558105e-01 2.143206447362899780e-01 4.346157908439636230e-01
-3.045329332351684570e+00 -1.644158720970153809e+00 2.939201891422271729e-01 6.866171211004257202e-02 -8.010299801826477051e-01 3.307741582393646240e-01 4.989382922649383545e-01 1.884951233863830566e+00
-4.559147357940673828e+00 -1.026157736778259277e+00 1.230591416358947754e+00 6.889442354440689087e-02 -8.414069414138793945e-01 2.796601653099060059e-01 4.624116718769073486e-01 5.247227549552917480e-01
-3.164926767349243164e+00 -1.833802461624145508e+00 3.837875127792358398e-01 4.785511270165443420e-02 -3.767186701297760010e-01 9.190872907638549805e-01 1.155921816825866699e-01 1.366150140762329102e+00
-3.686105728149414062e+00 -5.777310132980346680e-01 5.297390222549438477e-01 5.153458938002586365e-02 -4.493755996227264404e-01 8.490797877311706543e-01 2.777139544486999512e-01 5.011445283889770508e-01
-4.004363536834716797e+00 -1.305661946535110474e-01 5.845390558242797852e-01 6.577572226524353027e-02 -2.415441572666168213e-01 8.419522047042846680e-01 4.824655055999755859e-01 5.277250409126281738e-01
-4.030579566955566406e+00 2.762020826339721680e-01 9.229751229286193848e-01 7.220587879419326782e-02 4.382298588752746582e-01 8.892695903778076172e-01 -1.309740096330642700e-01 6.854423880577087402e-01
-3.852981567382812500e+00 9.298914670944213867e-01 7.974179983139038086e-01 5.829272791743278503e-02 3.902785181999206543e-01 4.223907589912414551e-01 -8.180884718894958496e-01 5.623325109481811523e-01
-2.401515245437622070e+00 -1.545285582542419434e+00 -9.540440142154693604e-02 9.238611906766891479e-02 -1.844639033079147339e-01 -9.827977418899536133e-01 9.034154005348682404e-03 1.812864542007446289e+00
-2.735923290252685547e+00 -3.326964855194091797e+00 -7.902670651674270630e-02 9.149326384067535400e-02 3.044788837432861328e-01 -4.094809293746948242e-01 8.600104451179504395e-01 1.257345795631408691e+00
-2.357583761215209961e+00 -3.850593090057373047e+00 9.966734647750854492e-01 8.475743979215621948e-02 8.079884201288223267e-02 -5.675233006477355957e-01 8.193832039833068848e-01 2.411394268274307251e-01
-2.332883596420288086e+00 -3.983621358871459961e+00 1.197426795959472656e+00 8.225860446691513062e-02 1.908828876912593842e-02 -6.531411409378051758e-01 7.569955587387084961e-01 6.422715187072753906e-01
-3.077980756759643555e+00 -1.928521871566772461e+00 7.750941514968872070e-01 1.014770716428756714e-01 5.778688192367553711e-01 8.258412592113018036e-03 8.160879015922546387e-01 2.695966064929962158e-01
-2.779422044754028320e+00 -1.674365043640136719e+00 8.353486657142639160e-01 1.013429015874862671e-01 6.961423158645629883e-02 5.058074593544006348e-01 8.598329424858093262e-01 4.059378206729888916e-01
-2.612491846084594727e+00 -1.596700668334960938e+00 1.194878458976745605e+00 9.843367338180541992e-02 2.034348994493484497e-01 2.976310551166534424e-01 9.327539801597595215e-01 6.974818706512451172e-01
-2.471346378326416016e+00 -1.385094761848449707e+00 1.842955470085144043e+00 7.145398855209350586e-02 7.620539516210556030e-02 5.376313328742980957e-01 8.397293090820312500e-01 3.761841654777526855e-01
-2.446880102157592773e+00 -1.206596493721008301e+00 2.179295539855957031e+00 7.037905603647232056e-02 1.111756786704063416e-01 6.370340585708618164e-01 7.627762556076049805e-01 7.283526062965393066e-01
-2.308792829513549805e+00 -7.060447931289672852e-01 2.736457586288452148e+00 8.299734443426132202e-02 -3.835439682006835938e-01 5.673270821571350098e-01 7.287207841873168945e-01 3.148339986801147461e-01
-2.364602088928222656e+00 -5.114504694938659668e-01 2.999546766281127930e+00 9.345400333404541016e-02 -4.664445519447326660e-01 6.636193990707397461e-01 5.848408341407775879e-01 4.138824641704559326e-01
-2.661901950836181641e+00 -1.418556421995162964e-01 3.197341918945312500e+00 9.714233875274658203e-02 9.514992684125900269e-02 5.045544505119323730e-01 8.581207990646362305e-01 5.956414341926574707e-01
-2.624066829681396484e+00 1.960043758153915405e-01 3.695087909698486328e+00 6.442426145076751709e-02 -2.533504366874694824e-01 2.107209563255310059e-01 9.441452622413635254e-01 2.646473944187164307e-01
-2.690788030624389648e+00 2.594543397426605225e-01 3.945621728897094727e+00 7.073598355054855347e-02 -3.528074920177459717e-01 -6.615800410509109497e-02 9.333541393280029297e-01 4.306795597076416016e-01
-2.777134180068969727e+00 1.606609821319580078e-01 4.370895385742187500e+00 6.102930381894111633e-02 -4.568262398242950439e-01 -1.349061280488967896e-01 8.792667984962463379e-01 3.722891807556152344e-01
-2.987908601760864258e+00 6.257390230894088745e-02 4.708413124084472656e+00 8.182208240032196045e-02 -1.250353455543518066e-01 3.069299459457397461e-01 9.434829950332641602e-01 2.555977404117584229e-01
-2.978641986846923828e+00 1.466589570045471191e-01 4.958892345428466797e+00 8.263689279556274414e-02 -2.554904818534851074e-01 4.819309413433074951e-01 8.381331562995910645e-01 3.806810379028320312e-01
-3.087133169174194336e+00 3.185500800609588623e-01 5.288950920104980469e+00 8.564656227827072144e-02 -9.707630611956119537e-03 6.938108205795288086e-01 7.200918793678283691e-01 1.288924962282180786e-01
-3.122014522552490234e+00 3.682958781719207764e-01 5.424993515014648438e+00 6.228872388601303101e-02 3.491269350051879883e-01 5.390984416007995605e-01 7.664745450019836426e-01 3.723699748516082764e-01
-3.001196384429931641e+00 6.192640066146850586e-01 5.693287849426269531e+00 6.183064356446266174e-02 3.320762217044830322e-01 3.581451475620269775e-01 8.726152777671813965e-01 2.877041697502136230e-01
-2.904812335968017578e+00 7.551693916320800781e-01 5.944572448730468750e+00 6.881111860275268555e-02 -1.144285425543785095e-01 -3.993408754467964172e-03 9.934234619140625000e-01 4.823114871978759766e-01
-3.192936897277832031e+00 -1.249666929244995117e+00 7.000994682312011719e-01 3.038334548473358154e-01 3.846269249916076660e-01 7.326550483703613281e-01 5.614968538284301758e-01 4.145325183868408203e+00
-1.627171874046325684e+00 1.734039783477783203e+00 3.085166931152343750e+00 3.038334548473358154e-01 2.029577344655990601e-01 6.649869084358215332e-01 7.187492847442626953e-01 1.002686500549316406e+00
-1.521175742149353027e+00 2.287893772125244141e+00 3.883512496948242188e+00 3.038334548473358154e-01 2.225761413574218750e-01 4.146677553653717041e-01 8.823324441909790039e-01 1.284170508384704590e+00
-1.131549119949340820e+00 2.889880657196044922e+00 4.874504089355468750e+00 3.038334548473358154e-01 4.921632707118988037e-01 5.842480063438415527e-01 6.453135609626770020e-01 6.227156519889831543e-01
-8.417162299156188965e-01 3.268953800201416016e+00 5.285610198974609375e+00 3.038334548473358154e-01 6.128147244453430176e-01 2.055344730615615845e-01 7.630292773246765137e-01 5.698267221450805664e-01
-4.029330015182495117e-01 3.463792324066162109e+00 5.596280097961425781e+00 3.038334548473358154e-01 6.497784256935119629e-01 3.382121324539184570e-01 6.807352900505065918e-01 5.702507495880126953e-01
-2.012257099151611328e+00 -2.003352642059326172e+00 4.901852905750274658e-01 6.337900180369615555e-03 -2.941997945308685303e-01 6.684346199035644531e-01 6.831117272377014160e-01 3.081137239933013916e-01
-2.006819725036621094e+00 -1.872728466987609863e+00 4.737765789031982422e-01 6.337900180369615555e-03 9.245522618293762207e-01 1.971703171730041504e-01 3.260782659053802490e-01 7.047418951988220215e-01
-1.423823118209838867e+00 -1.811115384101867676e+00 8.552344441413879395e-01 3.196861967444419861e-02 5.313365459442138672e-01 6.329723596572875977e-01 5.630519390106201172e-01 5.597025752067565918e-01
-1.888976097106933594e+00 -2.047821521759033203e+00 4.132055044174194336e-01 8.591590076684951782e-02 1.482977867126464844e-01 -9.592654109001159668e-01 -2.404530793428421021e-01 9.926837086677551270e-01
-1.756818056106567383e+00 -3.015298128128051758e+00 1.292774826288223267e-01 8.591590076684951782e-02 6.465869545936584473e-01 -7.617234587669372559e-01 4.126424714922904968e-02 4.160247147083282471e-01
-1.504833102226257324e+00 -3.372827053070068359e+00 1.113287433981895447e-01 8.591590076684951782e-02 7.781905531883239746e-01 -5.641978979110717773e-01 2.758627235889434814e-01 4.873649775981903076e-01
-1.113801121711730957e+00 -3.646336317062377930e+00 2.456841617822647095e-01 8.591590076684951782e-02 -1.110280826687812805e-01 9.179245233535766602e-01 3.809032738208770752e-01 1.627264171838760376e-01
-1.144087314605712891e+00 -3.246188879013061523e+00 4.418697953224182129e-01 8.591590076684951782e-02 -7.600544095039367676e-01 -3.350269198417663574e-01 5.568431615829467773e-01 2.772584855556488037e-01
-6.525230407714843750e-01 5.995684303343296051e-03 2.124996423721313477e+00 2.970600500702857971e-02 8.393879532814025879e-01 4.699166119098663330e-01 -2.731415033340454102e-01 3.427644968032836914e-01
-3.630542755126953125e-01 2.094169259071350098e-01 2.141246557235717773e+00 2.970600500702857971e-02 9.934400320053100586e-01 1.004733070731163025e-01 -5.460786446928977966e-02 4.762517809867858887e-01
6.471901386976242065e-02 1.867258697748184204e-01 2.055811166763305664e+00 2.285511046648025513e-02 8.405026793479919434e-01 -9.033549576997756958e-02 -5.342235565185546875e-01 6.242985129356384277e-01
-1.598518967628479004e+00 -1.350394248962402344e+00 9.198485612869262695e-01 1.668093167245388031e-02 7.791920900344848633e-01 5.854014158248901367e-01 -2.239751219749450684e-01 8.290594220161437988e-01
-8.569355607032775879e-01 -2.461831271648406982e-01 2.092218399047851562e+00 1.418021135032176971e-02 3.467051088809967041e-01 -6.490210294723510742e-01 6.771759986877441406e-01 3.221830725669860840e-01
-7.452330589294433594e-01 -4.552867114543914795e-01 2.310392856597900391e+00 1.418021135032176971e-02 9.522598385810852051e-01 1.273524016141891479e-01 2.774572372436523438e-01 5.183150768280029297e-01
-5.610364675521850586e-01 -1.765586063265800476e-02 2.321912765502929688e+00 3.602631390094757080e-02 6.810912489891052246e-01 -5.417005419731140137e-01 4.926207959651947021e-01 4.203779399394989014e-01
-2.747207581996917725e-01 -2.453748136758804321e-01 2.528999805450439453e+00 3.602631390094757080e-02 9.315727949142456055e-01 2.564713358879089355e-01 2.576713860034942627e-01 1.048780009150505066e-01
-1.561835706233978271e-01 -1.891131699085235596e-01 2.502261400222778320e+00 5.690114572644233704e-02 9.057700037956237793e-01 1.077004298567771912e-01 4.098551869392395020e-01 4.686797857284545898e-01
3.122053146362304688e-01 -2.169862687587738037e-01 2.770836114883422852e+00 6.020219624042510986e-02 7.267937064170837402e-01 6.429224610328674316e-01 2.417057454586029053e-01 3.582863509654998779e-01
5.827260017395019531e-01 2.233994379639625549e-02 2.821957588195800781e+00 6.460373103618621826e-02 7.881453633308410645e-01 5.045668482780456543e-01 3.524757325649261475e-01 3.348553776741027832e-01
8.265085220336914062e-01 2.602777779102325439e-01 3.006053209304809570e+00 6.573193520307540894e-02 8.280193209648132324e-01 -2.425235956907272339e-01 5.055356621742248535e-01 8.257839083671569824e-02
9.486686587333679199e-01 3.157546222209930420e-01 3.101023674011230469e+00 6.233516335487365723e-02 7.069453001022338867e-01 -6.677986979484558105e-01 2.329661995172500610e-01 3.516966700553894043e-01
1.202265143394470215e+00 9.970142692327499390e-02 3.171347379684448242e+00 6.762652844190597534e-02 6.786909103393554688e-01 2.475820481777191162e-01 6.914345622062683105e-01 8.643692135810852051e-01
1.799860000610351562e+00 3.343746960163116455e-01 3.752347946166992188e+00 8.186062425374984741e-02 6.829392910003662109e-01 2.033256888389587402e-01 7.016071677207946777e-01 3.324215114116668701e-01
5.198493972420692444e-02 6.469233036041259766e-01 2.871422767639160156e+00 5.762594193220138550e-02 -5.701051354408264160e-01 1.725239306688308716e-01 8.032531738281250000e-01 2.245987504720687866e-01
-5.735997855663299561e-02 6.728816032409667969e-01 3.042141199111938477e+00 5.258237570524215698e-02 4.308084025979042053e-02 -5.625764727592468262e-01 8.256220817565917969e-01 1.616262942552566528e-01
-2.461086213588714600e-02 4.809811413288116455e-01 3.142977476119995117e+00 9.136720746755599976e-02 -2.884033620357513428e-01 -3.601419627666473389e-01 8.871985673904418945e-01 4.754015505313873291e-01
-1.153344213962554932e-01 2.357569038867950439e-01 3.548830986022949219e+00 6.662232428789138794e-02 -5.953213945031166077e-02 -2.454632818698883057e-01 9.675762057304382324e-01 5.898745059967041016e-01
-3.449899435043334961e+00 -1.551353931427001953e+00 5.273983478546142578e-01 2.500875853002071381e-02 -7.674993872642517090e-01 -5.319012403488159180e-01 3.578068614006042480e-01 5.508172512054443359e-01
-3.958691120147705078e+00 -1.883129954338073730e+00 7.490231394767761230e-01 1.337359379976987839e-02 4.701204895973205566e-01 -7.176429033279418945e-01 5.137853622436523438e-01 5.009921789169311523e-01
-2.262941837310791016e+00 -3.943804740905761719e+00 1.099059343338012695e+00 8.051956444978713989e-02 6.668019294738769531e-01 -5.917932391166687012e-01 4.529413878917694092e-01 1.234622716903686523e+00
-2.851201772689819336e+00 -1.874538421630859375e+00 9.443189501762390137e-01 5.801601335406303406e-02 9.123320579528808594e-01 -1.280505508184432983e-01 3.889129161834716797e-01 4.484983086585998535e-01
-2.683483600616455078e+00 -2.183504819869995117e+00 1.141062736511230469e+00 5.799399688839912415e-02 1.499898284673690796e-01 -5.640589818358421326e-02 9.870772361755371094e-01 5.524910092353820801e-01
-2.609519243240356445e+00 -2.213294744491577148e+00 1.689460277557373047e+00 4.660073667764663696e-02 3.187186717987060547e-01 -3.472926467657089233e-02 9.472128748893737793e-01 1.026139140129089355e+00
-2.242411613464355469e+00 -2.269305944442749023e+00 2.636350631713867188e+00 3.917337954044342041e-02 5.297605991363525391e-01 -2.559259999543428421e-03 8.481433391571044922e-01 4.786509275436401367e-01
-1.971521854400634766e+00 -2.221464633941650391e+00 3.051662445068359375e+00 4.728889465332031250e-02 6.630401611328125000e-01 -3.591632246971130371e-01 6.567949056625366211e-01 7.224763631820678711e-01
-1.500361084938049316e+00 -2.480225324630737305e+00 3.538465261459350586e+00 3.646871447563171387e-02 7.717458605766296387e-01 -3.711552321910858154e-01 5.163837075233459473e-01 2.015766054391860962e-01
-1.340137481689453125e+00 -2.559174537658691406e+00 3.628206968307495117e+00 3.860729932785034180e-02 9.029958248138427734e-01 -2.338130474090576172e-01 3.604580760002136230e-01 3.300400376319885254e-01
-1.048415422439575195e+00 -2.626296997070312500e+00 3.779679536819458008e+00 3.972619026899337769e-02 9.829629659652709961e-01 2.983638830482959747e-02 1.813658922910690308e-01 3.259636461734771729e-01
-7.183085083961486816e-01 -2.587462663650512695e+00 3.785092592239379883e+00 5.558053031563758850e-02 9.256988763809204102e-01 2.364186346530914307e-01 2.952758371829986572e-01 4.196642637252807617e-01
-3.053454160690307617e-01 -2.523566007614135742e+00 3.909731626510620117e+00 5.452547967433929443e-02 6.569416522979736328e-01 4.674304127693176270e-01 5.915542840957641602e-01 4.794927835464477539e-01
1.489775180816650391e-01 -2.097640514373779297e+00 3.896321773529052734e+00 5.515794828534126282e-02 7.018003463745117188e-01 3.915304243564605713e-01 5.951304435729980469e-01 1.798492550849914551e+00
1.392286181449890137e+00 -1.439504623413085938e+00 5.003937721252441406e+00 6.946079432964324951e-02 7.389492392539978027e-01 2.143253386020660400e-01 6.387634277343750000e-01 3.029785156250000000e-01
1.751665830612182617e+00 -1.288381218910217285e+00 5.166235923767089844e+00 6.528054177761077881e-02 4.931282997131347656e-02 2.708615064620971680e-01 9.613543748855590820e-01 4.318712949752807617e-01
1.799536585807800293e+00 -1.154810190200805664e+00 5.506589889526367188e+00 6.819824874401092529e-02 4.995719790458679199e-01 7.911485433578491211e-01 3.528623580932617188e-01 5.926049947738647461e-01
2.065524101257324219e+00 -7.456330060958862305e-01 5.786887168884277344e+00 5.531686916947364807e-02 6.523306965827941895e-01 -6.935244798660278320e-01 -3.057588338851928711e-01 7.046309113502502441e-01
-2.402844905853271484e+00 -5.704338550567626953e-01 3.033224105834960938e+00 6.094880029559135437e-02 3.010042011737823486e-01 -4.865967631340026855e-01 8.201341629028320312e-01 1.618267446756362915e-01
-2.354134321212768555e+00 -6.491782665252685547e-01 3.165943861007690430e+00 6.094880029559135437e-02 5.577329993247985840e-01 5.773243904113769531e-01 5.963476300239562988e-01 1.388627886772155762e-01
-2.236941576004028320e+00 -5.412721633911132812e-01 3.376195192337036133e+00 7.847714424133300781e-02 6.336600184440612793e-01 6.909230351448059082e-01 -3.479947149753570557e-01 3.393174707889556885e-01
-2.086146831512451172e+00 -3.185905516147613525e-01 3.292031526565551758e+00 7.733236998319625854e-02 3.679168820381164551e-01 4.049870073795318604e-01 8.370320796966552734e-01 5.883164405822753906e-01
-1.872000098228454590e+00 -1.057100594043731689e-01 3.802809238433837891e+00 7.601989060640335083e-02 4.372929930686950684e-01 5.002652406692504883e-01 7.473349571228027344e-01 2.787757813930511475e-01
-1.687455415725708008e+00 8.315109461545944214e-02 3.958709001541137695e+00 7.427556067705154419e-02 2.249586731195449829e-01 5.606785416603088379e-01 7.968897223472595215e-01 2.902546525001525879e-01
-1.514037132263183594e+00 1.952797323465347290e-01 4.212130069732666016e+00 7.213231921195983887e-02 -1.660889238119125366e-01 7.492030411958694458e-02 9.832606315612792969e-01 1.776059865951538086e-01
-1.473450303077697754e+00 1.775620281696319580e-01 4.390389442443847656e+00 6.830795109272003174e-02 6.520740687847137451e-02 2.599256932735443115e-01 9.634244441986083984e-01 5.462643504142761230e-01
-1.329394340515136719e+00 2.997382879257202148e-01 5.101230621337890625e+00 6.518476456403732300e-02 -3.975127339363098145e-01 8.578677177429199219e-01 3.256479501724243164e-01 1.482147425413131714e-01
-1.416362762451171875e+00 3.482619524002075195e-01 5.167350769042968750e+00 6.390739232301712036e-02 -4.588965177536010742e-01 3.492437899112701416e-01 8.169717192649841309e-01 1.567208766937255859e-01
-1.570709228515625000e+00 5.566505789756774902e-01 5.295167922973632812e+00 5.776445567607879639e-02 -2.564522027969360352e-01 -1.362073272466659546e-01 9.569116234779357910e-01 1.020867824554443359e+00
-2.148945569992065430e+00 3.724728822708129883e-01 6.070285320281982422e+00 5.050444602966308594e-02 -4.145039319992065430e-01 -4.982596635818481445e-01 7.615272998809814453e-01 3.935644924640655518e-01
-2.221754789352416992e+00 4.757614135742187500e-01 6.301806926727294922e+00 4.458811506628990173e-02 -6.035613417625427246e-01 3.457319140434265137e-01 7.184588909149169922e-01 4.798319637775421143e-01
-2.840175390243530273e+00 -1.835735321044921875e+00 7.360413074493408203e-01 8.902223408222198486e-02 -3.053230941295623779e-01 -8.109848499298095703e-01 -4.990805387496948242e-01 1.607508420944213867e+00
-3.378701448440551758e+00 -3.137794971466064453e+00 -6.120883673429489136e-02 8.842261880636215210e-02 1.084693223237991333e-01 4.518351256847381592e-01 8.854826092720031738e-01 1.025936126708984375e+00
-3.419103860855102539e+00 -2.694943189620971680e+00 8.322657346725463867e-01 8.830852806568145752e-02 -1.503553539514541626e-01 4.742042720317840576e-01 8.674811720848083496e-01 2.719550430774688721e-01
-3.263113021850585938e+00 -2.551759243011474609e+00 1.062538146972656250e+00 8.735795319080352783e-02 -1.315196743234992027e-03 3.845243453979492188e-01 9.231138825416564941e-01 1.306887269020080566e+00
-3.514104366302490234e+00 -2.036190271377563477e+00 2.269711971282958984e+00 8.606307208538055420e-02 -1.982776261866092682e-02 -4.321511387825012207e-01 9.015831947326660156e-01 5.246176123619079590e-01
-3.598782062530517578e+00 -2.104401826858520508e+00 2.743313789367675781e+00 7.082292437553405762e-02 6.659310311079025269e-02 2.733272872865200043e-02 9.974057674407958984e-01 4.489567875862121582e-01
-3.500423192977905273e+00 -2.050425529479980469e+00 3.215441465377807617e+00 7.082292437553405762e-02 -2.157316207885742188e-01 -2.031703889369964600e-01 9.550819993019104004e-01 3.437490165233612061e-01
-3.559092521667480469e+00 -2.102412939071655273e+00 3.563095092773437500e+00 7.082292437553405762e-02 -4.513221085071563721e-01 -4.459947347640991211e-01 7.729146480560302734e-01 3.950881361961364746e-01
-3.704045295715332031e+00 -2.256174325942993164e+00 3.917358160018920898e+00 8.333511650562286377e-02 -6.389430165290832520e-01 -4.339595437049865723e-01 6.351621747016906738e-01 3.361810147762298584e-01
-3.940675735473632812e+00 -2.441116333007812500e+00 4.097091197967529297e+00 8.591224998235702515e-02 -6.186141371726989746e-01 -2.871190011501312256e-01 7.313544154167175293e-01 4.152825474739074707e-01
-4.200893878936767578e+00 -2.571003675460815430e+00 4.396992206573486328e+00 8.303610235452651978e-02 -4.892745912075042725e-01 -1.551315784454345703e-01 8.582217693328857422e-01 6.627999544143676758e-01
-4.588055133819580078e+00 -2.656899690628051758e+00 4.947640895843505859e+00 7.211927324533462524e-02 -3.671068549156188965e-01 -6.649355888366699219e-01 6.504561305046081543e-01 7.855057716369628906e-01
-4.873152256011962891e+00 -3.149717807769775391e+00 5.604047775268554688e+00 8.063172549009323120e-02 4.577106237411499023e-02 -9.792334437370300293e-01 1.975016295909881592e-01 2.670970857143402100e-01
-4.847788333892822266e+00 -3.418665409088134766e+00 5.650966644287109375e+00 7.947987318038940430e-02 -2.739014327526092529e-01 -8.465113043785095215e-01 4.565047323703765869e-01 5.748196840286254883e-01
-2.737814426422119141e+00 3.224807381629943848e-01 4.024029254913330078e+00 1.033320836722850800e-02 -2.883735001087188721e-01 9.499658942222595215e-01 1.200231015682220459e-01 2.865193486213684082e-01
-2.825211048126220703e+00 5.668658018112182617e-01 4.086868286132812500e+00 1.033320836722850800e-02 5.592828989028930664e-01 5.440854430198669434e-01 6.254388093948364258e-01 5.245196819305419922e-01
-3.002395629882812500e+00 -7.743288874626159668e-01 1.200845241546630859e+00 1.517992615699768066e-01 -5.098099112510681152e-01 2.706939280033111572e-01 8.165896534919738770e-01 3.702181279659271240e-01
-3.269179105758666992e+00 -6.929494738578796387e-01 1.491298198699951172e+00 1.514384597539901733e-01 -2.423443645238876343e-01 4.692824780941009521e-01 8.491426110267639160e-01 6.174380183219909668e-01
-3.390366077423095703e+00 -4.007073342800140381e-01 2.019568204879760742e+00 1.428219825029373169e-01 -1.277908682823181152e-01 9.359196424484252930e-01 3.282131850719451904e-01 1.560042023658752441e+00
-3.666027307510375977e+00 9.961590766906738281e-01 2.631477355957031250e+00 9.865389764308929443e-02 -3.704766333103179932e-01 8.863080739974975586e-01 2.778580486774444580e-01 3.240676522254943848e-01
-3.773069620132446289e+00 1.271411776542663574e+00 2.738721132278442383e+00 9.680226445198059082e-02 -1.322578191757202148e-01 7.638127207756042480e-01 6.317420005798339844e-01 5.571049451828002930e-01
-3.873119592666625977e+00 1.720404744148254395e+00 3.005578994750976562e+00 9.436392039060592651e-02 2.002834901213645935e-02 9.653833508491516113e-01 2.600650489330291748e-01 7.775512933731079102e-01
-3.761723041534423828e+00 2.529092073440551758e+00 3.246509790420532227e+00 1.377353072166442871e-01 -5.097760558128356934e-01 8.598642349243164062e-01 -2.760070748627185822e-02 4.359507858753204346e-01
-3.678762197494506836e+00 3.085908651351928711e+00 3.450691699981689453e+00 1.248120293021202087e-01 -6.586412787437438965e-01 6.457436084747314453e-01 3.862730860710144043e-01 1.691008687019348145e+00
-4.205492496490478516e+00 4.105634689331054688e+00 4.460025787353515625e+00 1.535544246435165405e-01 -3.711245656013488770e-01 5.757915973663330078e-01 7.285125851631164551e-01 6.932947039604187012e-01
-4.328004837036132812e+00 4.439595222473144531e+00 4.987548351287841797e+00 8.468940109014511108e-02 -9.705070406198501587e-02 1.386394351720809937e-01 9.855760931968688965e-01 4.148487746715545654e-02
-4.328943252563476562e+00 4.617441654205322266e+00 5.258118629455566406e+00 1.341223418712615967e-01 -9.950649142265319824e-01 8.536414057016372681e-02 -5.058379843831062317e-02 6.477185487747192383e-01
-4.675883769989013672e+00 4.806761264801025391e+00 5.333618164062500000e+00 6.654708087444305420e-02 2.108111083507537842e-01 2.868032157421112061e-01 -9.345065951347351074e-01 2.995408475399017334e-01
-1.977160215377807617e+00 1.133999466896057129e+00 2.150483369827270508e+00 7.941172271966934204e-02 -5.290102213621139526e-02 9.796147346496582031e-01 -1.937949657440185547e-01 6.460574269294738770e-01
-2.174773931503295898e+00 1.838636159896850586e+00 2.109809637069702148e+00 7.941172271966934204e-02 5.361402630805969238e-01 7.375437021255493164e-01 4.105884730815887451e-01 9.085173606872558594e-01
-1.505423903465270996e+00 2.596991062164306641e+00 2.401985645294189453e+00 9.658227115869522095e-02 3.107937574386596680e-01 2.077818512916564941e-01 9.274879693984985352e-01 7.853037118911743164e-01
-1.322107315063476562e+00 2.724194288253784180e+00 3.133037805557250977e+00 7.144231349229812622e-02 5.907699838280677795e-02 -2.508047036826610565e-02 9.979383349418640137e-01 5.658338069915771484e-01
-1.823133468627929688e+00 2.288623809814453125e+00 3.927428007125854492e+00 9.526244550943374634e-02 -7.363622188568115234e-01 6.521876454353332520e-01 1.800608634948730469e-01 8.053635358810424805e-01
-1.680854320526123047e+00 2.549128532409667969e+00 3.741248846054077148e+00 6.671462208032608032e-02 -8.208281397819519043e-01 5.599746704101562500e-01 1.125587821006774902e-01 9.077444076538085938e-01
-2.261604070663452148e+00 2.977604627609252930e+00 3.968941450119018555e+00 6.131300702691078186e-02 6.668137311935424805e-01 3.006497621536254883e-01 -6.818864941596984863e-01 6.572081446647644043e-01
-1.777518033981323242e+00 3.243112325668334961e+00 3.510266780853271484e+00 8.991914987564086914e-02 -4.896713793277740479e-01 1.989116966724395752e-01 -8.489146232604980469e-01 6.975399851799011230e-01
-2.066035509109497070e+00 3.400691509246826172e+00 2.927378892898559570e+00 6.961144506931304932e-02 2.500203251838684082e-02 3.837130665779113770e-01 -9.231138825416564941e-01 2.727139592170715332e-01
-2.161707639694213867e+00 3.561562299728393555e+00 2.652387619018554688e+00 6.688383966684341431e-02 3.206317424774169922e-01 2.018543332815170288e-01 -9.254459142684936523e-01 4.349673092365264893e-01
-1.995975613594055176e+00 3.674909114837646484e+00 2.245604991912841797e+00 6.772687286138534546e-02 1.444180607795715332e-01 -3.048757314682006836e-01 -9.413788914680480957e-01 4.412866830825805664e-01
-1.039452791213989258e+00 2.740384340286254883e+00 4.592440605163574219e+00 5.039295926690101624e-02 9.379767179489135742e-01 3.205075562000274658e-01 -1.321914941072463989e-01 9.126787185668945312e-01
-1.833813786506652832e-01 3.032904863357543945e+00 4.471792221069335938e+00 5.039295926690101624e-02 9.108579158782958984e-01 3.829035758972167969e-01 -1.540219038724899292e-01 9.841895103454589844e-01
-1.291739106178283691e+00 2.926063299179077148e+00 4.531249046325683594e+00 1.794165968894958496e-01 6.118051409721374512e-01 2.331072241067886353e-01 -7.558805942535400391e-01 8.070092201232910156e-01
-8.276477456092834473e-01 3.193211793899536133e+00 3.929280757904052734e+00 1.472772061824798584e-01 6.582705378532409668e-01 3.163401782512664795e-01 -6.830877065658569336e-01 7.348044514656066895e-01
-2.065884768962860107e-01 3.399760723114013672e+00 3.461867809295654297e+00 1.640055626630783081e-01 2.618355453014373779e-01 1.106884554028511047e-01 -9.587441086769104004e-01 7.672584056854248047e-01
1.644961535930633545e-01 3.727928400039672852e+00 2.676410913467407227e+00 2.886417806148529053e-01 -1.412394195795059204e-01 -1.029743775725364685e-01 -9.846053719520568848e-01 4.500861465930938721e-01
-1.354701399803161621e+00 2.270318269729614258e+00 4.557362079620361328e+00 2.240808457136154175e-01 1.732094883918762207e-01 -6.628102660179138184e-01 7.284786105155944824e-01 8.596925735473632812e-01
-1.205794453620910645e+00 1.700505137443542480e+00 5.183629989624023438e+00 2.217872738838195801e-01 3.570630550384521484e-01 -1.497527062892913818e-01 -9.219979047775268555e-01 1.938199996948242188e+00
-4.490091502666473389e-01 1.162515878677368164e+00 3.550817728042602539e+00 1.400358825922012329e-01 -2.158363312482833862e-01 -5.560071468353271484e-01 -8.026647567749023438e-01 2.295924127101898193e-01
-5.156684517860412598e-01 9.179030656814575195e-01 3.370353698730468750e+00 1.717646420001983643e-01 7.620006203651428223e-01 -1.321563571691513062e-01 -6.339477300643920898e-01 5.189375877380371094e-01
-2.542490661144256592e-01 9.254919290542602539e-01 3.114283800125122070e+00 1.489461511373519897e-01 6.148154735565185547e-01 4.906836450099945068e-01 6.174394488334655762e-01 6.239377260208129883e-01
1.362985819578170776e-01 1.234423518180847168e+00 3.526629209518432617e+00 8.546924591064453125e-02 8.704411983489990234e-01 -4.597955644130706787e-01 -1.758413612842559814e-01 4.168152511119842529e-01
5.186526179313659668e-01 1.035998463630676270e+00 3.426049947738647461e+00 6.395808607339859009e-02 8.004024028778076172e-01 -8.266157656908035278e-02 5.937365293502807617e-01 3.623919188976287842e-01
7.971199154853820801e-01 1.001379013061523438e+00 3.656764030456542969e+00 5.688685178756713867e-02 8.085711598396301270e-01 -5.747625976800918579e-02 5.855844020843505859e-01 3.428351283073425293e-01
1.055945992469787598e+00 9.306926131248474121e-01 3.923925876617431641e+00 4.317029193043708801e-02 9.353166818618774414e-01 1.034763008356094360e-01 3.383420407772064209e-01 6.407117843627929688e-01
-1.419742941856384277e+00 2.988599777221679688e+00 5.521246910095214844e+00 1.764264553785324097e-01 -4.620926380157470703e-01 -8.615818619728088379e-01 -2.101120352745056152e-01 1.901560306549072266e+00
-2.282844543457031250e+00 1.280648827552795410e+00 5.160077571868896484e+00 1.980807334184646606e-01 -5.825944542884826660e-01 -4.886100590229034424e-01 -6.494951248168945312e-01 9.831666350364685059e-01
-2.718482017517089844e+00 1.087891101837158203e+00 4.244721889495849609e+00 1.687179952859878540e-01 -4.635153412818908691e-01 -4.896646738052368164e-01 -7.384998798370361328e-01 1.508650183677673340e-01
-2.718290805816650391e+00 1.091002225875854492e+00 4.269052028656005859e+00 1.615615189075469971e-01 -6.613677144050598145e-01 -4.524502754211425781e-01 5.982319712638854980e-01 4.145922660827636719e-01
-1.045723915100097656e+00 2.539458513259887695e+00 4.823586463928222656e+00 7.597845792770385742e-02 8.317071795463562012e-01 -4.207063019275665283e-01 3.623111248016357422e-01 6.128812432289123535e-01
-5.071814656257629395e-01 2.470343351364135742e+00 5.203335285186767578e+00 7.597845792770385742e-02 2.960998415946960449e-01 -6.386514902114868164e-01 7.102458477020263672e-01 8.984782099723815918e-01
-1.450961828231811523e+00 2.807393074035644531e+00 4.699687004089355469e+00 9.716579318046569824e-02 4.449311792850494385e-01 8.707282543182373047e-01 2.094482183456420898e-01 1.711966514587402344e+00
-1.021148562431335449e-01 -2.307409942150115967e-01 2.558153867721557617e+00 5.405608937144279480e-02 7.162162661552429199e-01 -6.078526377677917480e-01 3.428548276424407959e-01 5.567631721496582031e-01
3.252489566802978516e-01 -4.790170490741729736e-01 2.683753728866577148e+00 5.027717351913452148e-02 9.589205384254455566e-01 -2.820135653018951416e-01 3.065525367856025696e-02 5.515192151069641113e-01
8.435280919075012207e-01 -6.595310568809509277e-01 2.693984508514404297e+00 4.533748701214790344e-02 7.328010797500610352e-01 -4.475122094154357910e-01 5.125772356986999512e-01 2.627921104431152344e-01
1.078709721565246582e+00 -7.322447896003723145e-01 2.966377496719360352e+00 3.598148748278617859e-02 5.692955851554870605e-01 -8.171651959419250488e-01 9.024211764335632324e-02 6.370667815208435059e-01
1.486201524734497070e+00 -1.179737091064453125e+00 3.100927591323852539e+00 2.639821171760559082e-02 8.999189138412475586e-01 -4.168818891048431396e-01 -1.278884112834930420e-01 4.622370004653930664e-01
8.084943294525146484e-01 2.208992540836334229e-01 2.982906818389892578e+00 4.631158336997032166e-02 7.938237786293029785e-01 5.280225872993469238e-01 3.017216920852661133e-01 7.728176712989807129e-01
1.432106494903564453e+00 6.256973147392272949e-01 3.199378252029418945e+00 3.990969061851501465e-02 6.898870468139648438e-01 6.639198064804077148e-01 2.885590195655822754e-01 2.542839050292968750e-01
1.568567872047424316e+00 8.558946847915649414e-01 3.290407180786132812e+00 3.445941209793090820e-02 8.393318653106689453e-01 4.417672455310821533e-01 3.168023824691772461e-01 2.490193694829940796e-01
1.786429047584533691e+00 9.895743131637573242e-01 3.339018344879150391e+00 2.939761802554130554e-02 7.779048085212707520e-01 3.641680181026458740e-01 5.120993852615356445e-01 6.521218419075012207e-01
-2.432683467864990234e+00 -1.990003585815429688e+00 1.141800165176391602e+00 6.048605963587760925e-02 7.745411992073059082e-01 -4.496833086013793945e-01 4.448267221450805664e-01 2.440806925296783447e-01
-2.246673345565795898e+00 -2.102233648300170898e+00 1.253658890724182129e+00 6.048605963587760925e-02 7.918446063995361328e-01 -2.137862890958786011e-01 5.720817446708679199e-01 9.020770788192749023e-01
-1.553400039672851562e+00 -2.247456073760986328e+00 1.787487387657165527e+00 6.048605963587760925e-02 7.986219525337219238e-01 1.337643116712570190e-01 5.867794156074523926e-01 7.785178422927856445e-01
-9.050720334053039551e-01 -2.169805049896240234e+00 2.182354927062988281e+00 6.048605963587760925e-02 8.382965326309204102e-01 -2.684603631496429443e-01 4.745397269725799561e-01 3.492783010005950928e-01
-6.107022762298583984e-01 -2.275458097457885742e+00 2.342052221298217773e+00 6.048605963587760925e-02 8.065571784973144531e-01 -1.799709945917129517e-01 5.630950331687927246e-01 2.908742725849151611e-01
-3.794230520725250244e-01 -2.341528415679931641e+00 2.520296096801757812e+00 6.048605963587760925e-02 9.637458920478820801e-01 4.357754066586494446e-02 2.632392644882202148e-01 4.917571842670440674e-01
7.442332804203033447e-02 -2.331034898757934570e+00 2.698404312133789062e+00 6.048605963587760925e-02 9.164735674858093262e-01 6.985232979059219360e-02 3.939502835273742676e-01 4.901455044746398926e-01
5.436068773269653320e-01 -2.276133298873901367e+00 2.792026996612548828e+00 6.048605963587760925e-02 9.746900200843811035e-01 -1.516530662775039673e-01 1.642580926418304443e-01 5.016081929206848145e-01
1.241033554077148438e+00 -2.339467525482177734e+00 2.922499895095825195e+00 6.048605963587760925e-02 -2.270231842994689941e-01 4.433442056179046631e-01 8.671253919601440430e-01 6.089766025543212891e-01
1.084924817085266113e+00 -2.124769449234008789e+00 3.444967985153198242e+00 6.048605963587760925e-02 -8.849070072174072266e-01 3.200294673442840576e-01 -3.384091854095458984e-01 4.756777286529541016e-01
-1.868248581886291504e+00 -2.240439891815185547e+00 3.184175252914428711e+00 4.332948848605155945e-02 5.977954268455505371e-01 5.200818181037902832e-01 6.100454926490783691e-01 3.392929434776306152e-01
-1.651908993721008301e+00 -2.080428838729858398e+00 3.397191286087036133e+00 4.427386820316314697e-02 5.266801714897155762e-01 6.384418606758117676e-01 5.612486004829406738e-01 4.449140429496765137e-01
-1.458845853805541992e+00 -1.774850130081176758e+00 3.686726570129394531e+00 4.273070022463798523e-02 6.782733798027038574e-01 6.433703303337097168e-01 3.549927473068237305e-01 6.458908915519714355e-01
-1.020078897476196289e+00 -1.372891068458557129e+00 3.934534788131713867e+00 3.205016627907752991e-02 7.063962817192077637e-01 5.827619433403015137e-01 4.017373025417327881e-01 2.514384984970092773e-01
-8.367892503738403320e-01 -1.221779584884643555e+00 4.024737358093261719e+00 3.904049098491668701e-02 6.133791804313659668e-01 5.582656264305114746e-01 5.586640238761901855e-01 5.028166770935058594e-01
-2.038011074066162109e+00 -2.925947904586791992e-01 3.508370637893676758e+00 5.509931221604347229e-02 -2.277144938707351685e-01 -5.792895555496215820e-01 7.826683521270751953e-01 1.630107313394546509e-01
-2.081279754638671875e+00 -3.912948668003082275e-01 3.641210556030273438e+00 5.484315007925033569e-02 7.253274917602539062e-01 -2.595971822738647461e-01 6.375808119773864746e-01 8.585289120674133301e-02
-1.751161217689514160e+00 -8.711827397346496582e-01 4.113463401794433594e+00 7.154913991689682007e-02 1.984644234180450439e-01 7.214591503143310547e-01 6.634067893028259277e-01 5.427948236465454102e-01
-1.681887626647949219e+00 -6.790125370025634766e-01 4.537744045257568359e+00 6.965339183807373047e-02 -1.677005589008331299e-01 3.311810493469238281e-01 9.285448789596557617e-01 2.244077473878860474e-01
-1.674591183662414551e+00 -6.111012101173400879e-01 4.761916637420654297e+00 4.875851050019264221e-02 -3.123286068439483643e-01 1.302577406167984009e-01 9.410014748573303223e-01 3.122776448726654053e-01
-1.798235297203063965e+00 -5.935329794883728027e-01 5.045630455017089844e+00 6.382642686367034912e-02 -3.850478529930114746e-01 3.034173138439655304e-02 9.223977327346801758e-01 1.897501945495605469e-01
-1.819214582443237305e+00 -6.432823538780212402e-01 5.251616477966308594e+00 5.846453830599784851e-02 -4.383714199066162109e-01 8.760815113782882690e-02 8.945140242576599121e-01 4.981867969036102295e-01
-2.027236938476562500e+00 -6.044900417327880859e-01 5.705665111541748047e+00 5.351495742797851562e-02 -4.875009059906005859e-01 3.472843766212463379e-01 8.010845184326171875e-01 2.690458595752716064e-01
-2.320019483566284180e+00 -5.863931179046630859e-01 6.058710575103759766e+00 2.573013864457607269e-02 -3.212294280529022217e-01 9.371987581253051758e-01 1.359049081802368164e-01 6.517599225044250488e-01
-1.736331224441528320e+00 -3.887757286429405212e-02 3.936232805252075195e+00 2.920171804726123810e-02 9.774788618087768555e-01 1.871028691530227661e-01 -9.760921448469161987e-02 4.121822416782379150e-01
-1.302402853965759277e+00 -6.221683323383331299e-02 3.902152538299560547e+00 7.221889495849609375e-02 9.495209455490112305e-01 2.990762591361999512e-01 9.467483311891555786e-02 3.950327634811401367e-01
-1.038469314575195312e+00 -1.521946769207715988e-02 4.098935604095458984e+00 3.671790659427642822e-02 8.041388988494873047e-01 6.685200333595275879e-02 5.906703472137451172e-01 2.691870629787445068e-01
-8.221134543418884277e-01 -4.783916473388671875e-02 4.338806152343750000e+00 7.221889495849609375e-02 9.405407905578613281e-01 2.873675823211669922e-01 1.811157464981079102e-01 5.404818058013916016e-01
-3.132529258728027344e+00 -2.732897043228149414e+00 2.834101319313049316e-01 6.161516532301902771e-02 3.131723999977111816e-01 -5.197700858116149902e-01 7.948346734046936035e-01 6.666535139083862305e-01
-2.923751831054687500e+00 -3.079403638839721680e+00 8.132894635200500488e-01 5.565530061721801758e-02 2.115797623991966248e-02 -4.619009494781494141e-01 8.866791129112243652e-01 1.002492785453796387e+00
-2.924199342727661133e+00 -3.557919263839721680e+00 1.695631265640258789e+00 7.111710309982299805e-02 1.428055465221405029e-01 -5.487889051437377930e-01 8.236730694770812988e-01 2.924748957157135010e-01
-2.851181030273437500e+00 -3.650526523590087891e+00 1.976917505264282227e+00 5.633836984634399414e-02 3.545902371406555176e-01 -5.931015014648437500e-01 7.228391170501708984e-01 4.062274098396301270e-01
-2.775069713592529297e+00 -3.905643224716186523e+00 2.395181655883789062e+00 3.931111842393875122e-02 3.308078646659851074e-01 -9.408509731292724609e-01 7.325036823749542236e-02 6.070320010185241699e-01
-3.296548366546630859e+00 -2.781470537185668945e+00 8.257482051849365234e-01 8.400148898363113403e-02 -2.658554613590240479e-01 -9.630576372146606445e-01 4.290571436285972595e-02 2.619167566299438477e-01
-3.412698030471801758e+00 -3.005770206451416016e+00 8.561270833015441895e-01 8.375474065542221069e-02 -5.146813988685607910e-01 -8.573811650276184082e-01 7.561816019006073475e-04 5.559673309326171875e-01
-3.673400402069091797e+00 -3.436916589736938477e+00 8.729602098464965820e-01 7.628471404314041138e-02 -4.411281943321228027e-01 -7.583820074796676636e-02 8.942340016365051270e-01 1.043689012527465820e+00
-4.148765087127685547e+00 -3.514221191406250000e+00 1.800035119056701660e+00 6.891006231307983398e-02 -3.953684866428375244e-01 -3.726059496402740479e-01 8.395525813102722168e-01 4.311636686325073242e-01
-4.323456287384033203e+00 -3.661319255828857422e+00 2.168470621109008789e+00 7.856883853673934937e-02 -5.634661316871643066e-01 -4.915120899677276611e-01 6.640194058418273926e-01 6.371544599533081055e-01
-4.739780902862548828e+00 -3.969828128814697266e+00 2.551947116851806641e+00 7.405678927898406982e-02 -4.594916403293609619e-01 -6.671038866043090820e-01 5.863785743713378906e-01 6.707213521003723145e-01
-3.349441289901733398e+00 -2.508871555328369141e+00 1.129039287567138672e+00 7.491721957921981812e-02 -5.015226006507873535e-01 4.062953591346740723e-01 7.638057470321655273e-01 1.159729003906250000e+00
-3.953668355941772461e+00 -2.085479021072387695e+00 2.049211502075195312e+00 7.398449629545211792e-02 -9.976343065500259399e-02 6.114790439605712891e-01 7.849462628364562988e-01 9.326897561550140381e-02
-4.053904056549072266e+00 -2.024276733398437500e+00 2.126241683959960938e+00 5.200980231165885925e-02 6.108894571661949158e-02 6.050163507461547852e-01 7.938660979270935059e-01 4.704523980617523193e-01
-4.195636272430419922e+00 -1.732528924942016602e+00 2.494786739349365234e+00 6.901803612709045410e-02 1.322119031101465225e-02 7.638345956802368164e-01 6.452766060829162598e-01 5.191893577575683594e-01
-4.193302631378173828e+00 -1.367853999137878418e+00 2.860354900360107422e+00 4.818915575742721558e-02 3.571073114871978760e-01 6.190726161003112793e-01 6.994451284408569336e-01 3.845092952251434326e-01
-4.040824890136718750e+00 -1.143688797950744629e+00 3.142824649810791016e+00 4.578863829374313354e-02 -5.146358907222747803e-02 6.677526235580444336e-01 7.426021695137023926e-01 3.282231986522674561e-01
-3.965491294860839844e+00 -9.689643383026123047e-01 3.479571104049682617e+00 6.772259622812271118e-02 -3.717736899852752686e-01 6.385619044303894043e-01 6.738123297691345215e-01 9.820489287376403809e-01
-4.438396930694580078e+00 -2.769586741924285889e-01 4.027340888977050781e+00 5.135865136981010437e-02 -2.022422403097152710e-01 7.563182711601257324e-01 6.221581101417541504e-01 4.507529437541961670e-01
-3.554009675979614258e+00 -2.529754400253295898e+00 1.258592605590820312e+00 6.151537597179412842e-02 -5.996321514248847961e-02 -5.245505571365356445e-01 8.492650389671325684e-01 1.844509243965148926e+00
-3.506852388381958008e+00 -3.492079973220825195e+00 2.862644672393798828e+00 5.786173418164253235e-02 -1.422627419233322144e-01 -7.047324180603027344e-01 6.950636506080627441e-01 4.518502056598663330e-01
-3.655094861984252930e+00 -3.845614910125732422e+00 3.171566963195800781e+00 5.857102945446968079e-02 2.473551481962203979e-01 -6.911492943763732910e-01 6.790641546249389648e-01 4.766106009483337402e-01
-3.610483884811401367e+00 -4.201977252960205078e+00 3.536471366882324219e+00 4.069860279560089111e-02 5.550245642662048340e-01 -3.646190464496612549e-01 7.476634383201599121e-01 2.430913448333740234e-01
-3.485249519348144531e+00 -4.289319515228271484e+00 3.726930379867553711e+00 4.199347645044326782e-02 5.969586968421936035e-01 -3.591531515121459961e-01 7.173906564712524414e-01 4.129391014575958252e-01
-3.244971752166748047e+00 -4.453779220581054688e+00 4.022075653076171875e+00 5.187107622623443604e-02 5.746986269950866699e-01 -2.738758325576782227e-01 7.711766958236694336e-01 3.908386230468750000e-01
-3.256540060043334961e+00 -4.742786407470703125e+00 4.531735897064208984e+00 4.986708983778953552e-02 -2.326200949028134346e-03 7.543402314186096191e-01 6.564795374870300293e-01 4.049431979656219482e-01
-2.928703784942626953e+00 -4.567678451538085938e+00 4.949029922485351562e+00 4.118768498301506042e-02 -3.226173222064971924e-01 2.477228343486785889e-01 9.135378599166870117e-01 1.201097816228866577e-01
-3.001808643341064453e+00 -4.566488265991210938e+00 5.065384864807128906e+00 4.795324802398681641e-02 -2.389867901802062988e-01 4.829793572425842285e-01 8.423872590065002441e-01 6.299407482147216797e-01
-3.582113504409790039e+00 -2.105911731719970703e+00 3.695549726486206055e+00 2.680942043662071228e-02 -7.792117595672607422e-01 4.507401287555694580e-01 4.355024397373199463e-01 5.285218358039855957e-01
-3.984801054000854492e+00 -1.846796870231628418e+00 3.921277284622192383e+00 2.680942043662071228e-02 -7.980325222015380859e-01 4.374767243862152100e-01 4.144372344017028809e-01 5.115836858749389648e-01
-4.466578006744384766e+00 -1.671055078506469727e+00 4.184169769287109375e+00 2.680942043662071228e-02 -4.317218363285064697e-01 8.782070279121398926e-01 2.058365494012832642e-01 5.974920988082885742e-01
-3.214601039886474609e+00 -7.024006843566894531e-01 1.258226394653320312e+00 2.852104976773262024e-02 -9.174662828445434570e-01 3.109802603721618652e-01 2.480865269899368286e-01 6.375127434730529785e-01
-3.802771568298339844e+00 -4.970005154609680176e-01 1.394044756889343262e+00 2.572111785411834717e-02 -2.748304307460784912e-01 9.033599495887756348e-01 3.292552828788757324e-01 5.796779394149780273e-01
-3.862451314926147461e+00 7.093501836061477661e-02 1.751529932022094727e+00 1.442092955112457275e-01 -5.292470455169677734e-01 8.434282541275024414e-01 9.233836084604263306e-02 7.605593800544738770e-01
-4.272345542907714844e+00 7.161199450492858887e-01 1.841894268989562988e+00 1.442092955112457275e-01 -4.197612404823303223e-01 8.528047204017639160e-01 -3.106840848922729492e-01 2.194120883941650391e-01
-3.839066028594970703e+00 1.283565759658813477e+00 2.638233423233032227e+00 4.295875132083892822e-02 -8.740007877349853516e-01 4.699659049510955811e-01 -1.235096752643585205e-01 3.483275473117828369e-01
-4.158091545104980469e+00 1.563074707984924316e+00 2.535112380981445312e+00 1.353587210178375244e-02 -6.773608922958374023e-01 2.698416113853454590e-01 6.843739748001098633e-01 4.059897661209106445e-01
-4.579383850097656250e+00 1.697216749191284180e+00 2.706066370010375977e+00 2.718320675194263458e-02 -5.998030304908752441e-01 -1.626994311809539795e-01 7.834317088127136230e-01 4.463207125663757324e-01
-3.301075220108032227e+00 -4.682598114013671875e-01 2.085150480270385742e+00 1.239652037620544434e-01 -5.924504995346069336e-02 3.772120773792266846e-01 9.242299795150756836e-01 4.498229920864105225e-01
-3.273733139038085938e+00 -3.205859065055847168e-01 2.644290208816528320e+00 1.234960108995437622e-01 -5.220492482185363770e-01 7.914162278175354004e-01 3.180014789104461670e-01 5.301778912544250488e-01
-3.475562572479248047e+00 2.039048820734024048e-01 2.832356452941894531e+00 1.183539703488349915e-01 -7.124164104461669922e-01 4.022971689701080322e-01 5.749955177307128906e-01 3.870624303817749023e-01
-3.724111557006835938e+00 5.138301253318786621e-01 3.033400058746337891e+00 8.322679996490478516e-02 -3.314505219459533691e-01 1.874722093343734741e-01 9.246592521667480469e-01 2.917622029781341553e-01
-3.860762357711791992e+00 5.372685194015502930e-01 3.316006183624267578e+00 1.066205799579620361e-01 -1.968702673912048340e-01 5.768532156944274902e-01 7.927688360214233398e-01 3.012341856956481934e-01
-3.789678573608398438e+00 8.353712558746337891e-01 3.707370042800903320e+00 1.038302555680274963e-01 -7.279761433601379395e-01 6.824167370796203613e-01 6.601647287607192993e-02 4.431413114070892334e-01
-4.095704078674316406e+00 1.113509058952331543e+00 3.818806648254394531e+00 5.576948821544647217e-02 -6.740152835845947266e-02 9.531010985374450684e-01 2.950513362884521484e-01 7.679814696311950684e-01
-4.188763618469238281e+00 1.828072667121887207e+00 4.138953208923339844e+00 5.747803300619125366e-02 8.630360364913940430e-01 2.647413015365600586e-01 4.302102327346801758e-01 6.427021622657775879e-01
-4.691672801971435547e+00 3.906532764434814453e+00 4.016241073608398438e+00 3.189735114574432373e-02 -4.920334517955780029e-01 -6.333968043327331543e-01 -5.972533226013183594e-01 5.815362930297851562e-01
-3.826478719711303711e+00 2.145043611526489258e+00 3.209716796875000000e+00 4.925589077174663544e-03 3.962647318840026855e-01 -2.100820392370223999e-01 8.937783837318420410e-01 1.155564069747924805e+00
-3.873842954635620117e+00 2.123725891113281250e+00 3.410332441329956055e+00 4.925589077174663544e-03 -8.183351755142211914e-01 1.818006485700607300e-01 5.452302694320678711e-01 7.794785499572753906e-01
-7.074652314186096191e-01 3.359696149826049805e+00 3.911050319671630859e+00 7.331260293722152710e-02 2.873776555061340332e-01 8.892540335655212402e-01 -3.558670878410339355e-01 6.012704968452453613e-01
-1.641967743635177612e-01 3.573297023773193359e+00 3.382675409317016602e+00 6.239188089966773987e-02 1.568897515535354614e-01 9.792276024818420410e-01 -1.284479200839996338e-01 2.337276041507720947e-01
-1.275273114442825317e-01 3.802169561386108398e+00 3.352653503417968750e+00 6.239188089966773987e-02 -3.240105211734771729e-01 2.754712104797363281e-01 -9.050595760345458984e-01 6.606636643409729004e-01
1.344480067491531372e-01 1.170292735099792480e+00 3.457399129867553711e+00 5.863431841135025024e-02 -4.583392441272735596e-01 -5.192400813102722168e-01 -7.213285565376281738e-01 9.240716099739074707e-01
-2.890902757644653320e-01 6.904777884483337402e-01 2.790839910507202148e+00 5.863431841135025024e-02 4.799290597438812256e-01 8.485503792762756348e-01 -2.227786779403686523e-01 6.680000424385070801e-01
-1.769276410341262817e-01 1.175456047058105469e+00 3.254695177078247070e+00 6.210443377494812012e-02 2.622946500778198242e-01 9.522886276245117188e-01 1.560379117727279663e-01 7.071349620819091797e-01
-3.050020337104797363e-01 1.252473235130310059e+00 3.572392940521240234e+00 4.223304241895675659e-02 8.413578271865844727e-01 5.255737304687500000e-01 1.260525137186050415e-01 7.212944030761718750e-01
2.643885016441345215e-01 1.660883784294128418e+00 3.680003881454467773e+00 4.223304241895675659e-02 4.852521419525146484e-01 1.278743892908096313e-01 8.649731278419494629e-01 8.636918663978576660e-01
-1.020341515541076660e+00 3.803964853286743164e+00 5.000655174255371094e+00 1.068373862653970718e-02 -7.042867541313171387e-01 4.005807340145111084e-01 5.861017107963562012e-01 6.315910220146179199e-01
-6.479569673538208008e-01 4.240374565124511719e+00 4.975643157958984375e+00 4.296937212347984314e-02 -1.684324145317077637e-01 5.886075496673583984e-01 -7.906780242919921875e-01 5.471981167793273926e-01
3.766276314854621887e-02 -4.246113300323486328e-01 2.715949058532714844e+00 3.591226646676659584e-03 5.380753874778747559e-01 -6.637211143970489502e-02 8.402795195579528809e-01 8.852565884590148926e-01
3.925339877605438232e-01 -5.091899633407592773e-01 3.574850082397460938e+00 8.213268592953681946e-03 6.202634572982788086e-01 -5.838177800178527832e-01 5.238606929779052734e-01 8.349270820617675781e-01
9.387416243553161621e-01 -9.146919846534729004e-01 4.111437320709228516e+00 7.581478450447320938e-03 8.365501761436462402e-01 -5.151381492614746094e-01 1.865916401147842407e-01 3.085376918315887451e-01
1.216625452041625977e+00 -7.163494825363159180e-01 2.667731523513793945e+00 4.031968303024768829e-03 8.141825199127197266e-01 -3.944936767220497131e-02 -5.792672634124755859e-01 4.707770645618438721e-01
1.643002510070800781e+00 -7.735309004783630371e-01 2.416096925735473633e+00 2.023567073047161102e-02 6.919742226600646973e-01 4.757267832756042480e-01 -5.430062413215637207e-01 5.211359262466430664e-01
1.311777591705322266e+00 -2.360282897949218750e+00 2.890837669372558594e+00 4.892716929316520691e-02 9.176824092864990234e-01 1.185444965958595276e-01 3.792179226875305176e-01 3.031695783138275146e-01
1.595046162605285645e+00 -2.326890707015991211e+00 2.999291658401489258e+00 4.735791310667991638e-02 6.152039170265197754e-01 -4.443243145942687988e-01 6.512296199798583984e-01 2.295036315917968750e-01
1.733495116233825684e+00 -2.435406923294067383e+00 3.147986888885498047e+00 4.060053825378417969e-02 5.618098974227905273e-01 -3.244163990020751953e-01 7.610017657279968262e-01 2.504280507564544678e-01
1.921968221664428711e+00 -2.491758584976196289e+00 3.331949234008789062e+00 3.775921091437339783e-02 3.870277106761932373e-01 -5.453649759292602539e-01 7.434961795806884766e-01 3.974359631538391113e-01
-2.755732297897338867e+00 -3.716580629348754883e+00 2.130074501037597656e+00 1.213020272552967072e-02 4.907580316066741943e-01 1.182440444827079773e-01 8.632351160049438477e-01 4.588612616062164307e-01
-3.295932292938232422e+00 -3.090853929519653320e+00 8.519905209541320801e-01 5.735385790467262268e-02 3.037796020507812500e-01 -9.446579813957214355e-01 1.238517910242080688e-01 5.077238082885742188e-01
-3.141695976257324219e+00 -3.570479393005371094e+00 9.148730635643005371e-01 5.735385790467262268e-02 3.367739543318748474e-02 -9.237261414527893066e-01 3.815703094005584717e-01 8.167389035224914551e-01
-3.661911249160766602e+00 -3.424249410629272461e+00 6.772537231445312500e-01 7.247047871351242065e-02 -9.751482605934143066e-01 -3.146141022443771362e-02 -2.193081825971603394e-01 2.783711850643157959e-01
-3.941055059432983398e+00 -3.417592048645019531e+00 6.306309103965759277e-01 7.247047871351242065e-02 4.310428798198699951e-01 7.217950820922851562e-01 -5.414922833442687988e-01 2.746646106243133545e-01
-3.812307357788085938e+00 -3.257022619247436523e+00 4.512131810188293457e-01 7.247047871351242065e-02 -7.697697877883911133e-01 -5.167396068572998047e-01 3.747461140155792236e-01 5.086645483970642090e-01
-4.174589633941650391e+00 -3.556507110595703125e+00 6.276904940605163574e-01 7.247047871351242065e-02 -7.980190515518188477e-01 -5.897448658943176270e-01 -1.239618808031082153e-01 6.154700517654418945e-01
-3.798636436462402344e+00 -3.432887554168701172e+00 9.573100209236145020e-01 1.193462219089269638e-02 1.850373297929763794e-02 -7.562314271926879883e-01 -6.540425419807434082e-01 1.252382397651672363e+00
-3.527314424514770508e+00 -3.454048633575439453e+00 2.901266336441040039e+00 2.435080893337726593e-02 -3.531750440597534180e-01 6.564257144927978516e-01 6.666128039360046387e-01 2.182264029979705811e-01
-3.610335826873779297e+00 -3.303818941116333008e+00 3.047785520553588867e+00 2.435080893337726593e-02 -4.463386535644531250e-01 -4.924663901329040527e-01 7.471671104431152344e-01 9.479523301124572754e-01
-3.590700387954711914e+00 -3.619257450103759766e+00 3.012847423553466797e+00 5.496864765882492065e-02 -8.307192325592041016e-01 5.405738949775695801e-01 -1.329866349697113037e-01 3.669456839561462402e-01
-3.786740303039550781e+00 -3.450734615325927734e+00 2.860722541809082031e+00 5.496864765882492065e-02 6.674065589904785156e-01 -1.146811693906784058e-01 7.358102798461914062e-01 1.353196382522583008e+00
-2.858338356018066406e+00 -3.593809127807617188e+00 3.822190999984741211e+00 5.496864765882492065e-02 6.251631975173950195e-01 4.656870365142822266e-01 6.263437867164611816e-01 5.187450647354125977e-01
-2.587250232696533203e+00 -3.392924785614013672e+00 4.184275627136230469e+00 5.496864765882492065e-02 2.068877816200256348e-01 4.985090196132659912e-01 8.418350219726562500e-01 5.918922424316406250e-01
-3.966288328170776367e+00 5.375558733940124512e-01 3.420673370361328125e+00 4.152679815888404846e-02 -6.016340255737304688e-01 -1.778688468039035797e-02 7.985738515853881836e-01 3.455545008182525635e-01
-4.209612846374511719e+00 5.218535661697387695e-01 3.677931547164916992e+00 1.471125613898038864e-02 -3.772982060909271240e-01 -3.089756369590759277e-01 8.730292916297912598e-01 7.977244853973388672e-01
-3.079730749130249023e+00 -3.627852439880371094e+00 3.644631624221801758e+00 6.047005765140056610e-03 7.360200881958007812e-01 -3.051867187023162842e-01 6.042644381523132324e-01 1.161313772201538086e+00
