2.176874516785144653e+00 -3.361758747100829225e-01 5.790000000000000036e+00 0.000000000000000000e+00
2.180874516785144657e+00 -3.551758747100830504e-01 5.772999999999999687e+00 0.000000000000000000e+00
2.168874516785144646e+00 -3.411758747100828160e-01 5.782000000000000028e+00 0.000000000000000000e+00
2.167874516785144756e+00 -3.191758747100830185e-01 5.788999999999999702e+00 0.000000000000000000e+00
2.167874516785144756e+00 -3.201758747100829083e-01 5.804999999999999716e+00 0.000000000000000000e+00
2.204874516785144678e+00 -3.821758747100827414e-01 5.772000000000000242e+00 0.000000000000000000e+00
2.102874516785144809e+00 -2.061758747100830291e-01 5.814000000000000057e+00 0.000000000000000000e+00
2.096874516785145026e+00 -1.991758747100829119e-01 5.814000000000000057e+00 0.000000000000000000e+00
2.193874516785145001e+00 -3.561758747100829403e-01 5.780999999999999694e+00 0.000000000000000000e+00
2.192874516785144667e+00 -3.691758747100828408e-01 5.770999999999999908e+00 0.000000000000000000e+00
2.165874516785144976e+00 -3.321758747100829190e-01 5.782000000000000028e+00 0.000000000000000000e+00
2.200874516785144674e+00 -3.741758747100831783e-01 5.775999999999999801e+00 0.000000000000000000e+00
2.192874516785144667e+00 -3.791758747100830718e-01 5.766000000000000014e+00 0.000000000000000000e+00
2.171874516785144760e+00 -3.281758747100829154e-01 5.791000000000000369e+00 0.000000000000000000e+00
2.200874516785144674e+00 -3.851758747100828550e-01 5.762000000000000455e+00 0.000000000000000000e+00
2.177874516785144987e+00 -3.471758747100830433e-01 5.778999999999999915e+00 0.000000000000000000e+00
2.194874516785144891e+00 -3.681758747100829510e-01 5.785000000000000142e+00 0.000000000000000000e+00
2.185874516785144994e+00 -3.621758747100831677e-01 5.772000000000000242e+00 0.000000000000000000e+00
2.156874516785144635e+00 -3.271758747100830256e-01 5.785000000000000142e+00 0.000000000000000000e+00
2.152874516785144632e+00 -3.051758747100827840e-01 5.791999999999999815e+00 0.000000000000000000e+00
2.186874516785144884e+00 -3.511758747100830469e-01 5.785000000000000142e+00 0.000000000000000000e+00
2.156874516785144635e+00 -3.141758747100831251e-01 5.791000000000000369e+00 0.000000000000000000e+00
2.179874516785144767e+00 -3.451758747100828195e-01 5.793000000000000149e+00 0.000000000000000000e+00
3.677874516785144987e+00 -1.581758747100829865e-01 5.895999999999999908e+00 -1.000000000000000000e+00
3.673874516785144984e+00 -1.721758747100827769e-01 5.897999999999999687e+00 -1.000000000000000000e+00
3.672874516785145094e+00 -1.791758747100828941e-01 5.895999999999999908e+00 -1.000000000000000000e+00
2.000874516785144941e+00 -3.911758747100830824e-01 6.285000000000000142e+00 -1.000000000000000000e+00
1.981874516785144813e+00 -3.201758747100829083e-01 6.307999999999999829e+00 -1.000000000000000000e+00
1.995874516785144825e+00 -3.341758747100831428e-01 6.315000000000000391e+00 -1.000000000000000000e+00
2.018874516785144735e+00 -3.891758747100828586e-01 6.304000000000000270e+00 -1.000000000000000000e+00
2.017874516785144845e+00 -3.671758747100830611e-01 6.298000000000000043e+00 -1.000000000000000000e+00
1.971874516785144804e+00 -3.161758747100829048e-01 6.290000000000000036e+00 -1.000000000000000000e+00
2.010874516785144728e+00 -3.841758747100829652e-01 6.291000000000000369e+00 -1.000000000000000000e+00
2.008874516785144948e+00 -3.731758747100828444e-01 6.291999999999999815e+00 -1.000000000000000000e+00
2.481874516785144813e+00 -3.991758747100830895e-01 5.905999999999999694e+00 -1.000000000000000000e+00
2.475874516785145030e+00 -4.141758747100827698e-01 5.903000000000000469e+00 -1.000000000000000000e+00
2.606874516785144813e+00 -1.396175874710082976e+00 4.540000000000000036e+00 1.000000000000000000e+00
2.620874516785145047e+00 -1.450175874710083024e+00 4.605999999999999872e+00 1.000000000000000000e+00
2.622874516785144827e+00 -1.452175874710083026e+00 4.620000000000000107e+00 1.000000000000000000e+00
2.617874516785144934e+00 -1.401175874710083091e+00 4.576999999999999957e+00 1.000000000000000000e+00
2.616874516785145044e+00 -1.402175874710082981e+00 4.548000000000000043e+00 1.000000000000000000e+00
2.612874516785145040e+00 -1.405175874710082873e+00 4.538000000000000256e+00 1.000000000000000000e+00
2.614874516785144820e+00 -1.416175874710082994e+00 4.552000000000000490e+00 1.000000000000000000e+00
2.617874516785144934e+00 -1.387175874710083079e+00 4.573000000000000398e+00 1.000000000000000000e+00
2.604874516785145033e+00 -1.401175874710083091e+00 4.581999999999999851e+00 1.000000000000000000e+00
2.603874516785144699e+00 -1.385175874710083077e+00 4.528000000000000469e+00 1.000000000000000000e+00
2.627874516785144721e+00 -1.443175874710082907e+00 4.623999999999999666e+00 1.000000000000000000e+00
2.603874516785144699e+00 -1.373175874710083066e+00 4.554999999999999716e+00 1.000000000000000000e+00
2.596874516785145026e+00 -1.378175874710082960e+00 4.532000000000000028e+00 1.000000000000000000e+00
7.388745167851448192e-01 1.188241252899171485e-01 6.507000000000000561e+00 -1.000000000000000000e+00
7.658745167851448432e-01 1.118241252899170313e-01 6.512000000000000455e+00 -1.000000000000000000e+00
6.968745167851447819e-01 3.782412528991718759e-02 6.405000000000000249e+00 2.000000000000000000e+00
7.018745167851447864e-01 3.982412528991696732e-02 6.416000000000000369e+00 2.000000000000000000e+00
6.928745167851447784e-01 4.682412528991708456e-02 6.419999999999999929e+00 2.000000000000000000e+00
7.068745167851447908e-01 3.182412528991696021e-02 6.418000000000000149e+00 2.000000000000000000e+00
7.778745167851448539e-01 1.178241252899172586e-01 6.536999999999999922e+00 -1.000000000000000000e+00
7.748745167851448512e-01 1.168241252899169247e-01 6.522000000000000242e+00 -1.000000000000000000e+00
7.678745167851448450e-01 1.248241252899169318e-01 6.525999999999999801e+00 -1.000000000000000000e+00
7.608745167851448388e-01 1.208241252899169282e-01 6.517000000000000348e+00 -1.000000000000000000e+00
7.528745167851448317e-01 1.168241252899169247e-01 6.509000000000000341e+00 -1.000000000000000000e+00
7.498745167851448290e-01 1.258241252899172657e-01 6.512999999999999901e+00 -1.000000000000000000e+00
6.848745167851447713e-01 4.282412528991708101e-02 6.410000000000000142e+00 2.000000000000000000e+00
7.198745167851448024e-01 4.082412528991685718e-02 6.390000000000000568e+00 2.000000000000000000e+00
7.048745167851447890e-01 3.182412528991696021e-02 6.387999999999999901e+00 2.000000000000000000e+00
7.008745167851447855e-01 5.182412528991697798e-02 6.429000000000000270e+00 2.000000000000000000e+00
7.068745167851447908e-01 2.182412528991717338e-02 6.397000000000000242e+00 2.000000000000000000e+00
7.098745167851447935e-01 4.482412528991686074e-02 6.426000000000000156e+00 2.000000000000000000e+00
3.068874516785145001e+00 -1.128175874710082960e+00 5.302999999999999936e+00 3.000000000000000000e+00
3.062874516785144774e+00 -1.138175874710082969e+00 5.291999999999999815e+00 3.000000000000000000e+00
3.060874516785144994e+00 -1.125175874710083068e+00 5.307999999999999829e+00 3.000000000000000000e+00
3.060874516785144994e+00 -1.128175874710082960e+00 5.296999999999999709e+00 3.000000000000000000e+00
3.064874516785144998e+00 -1.149175874710083090e+00 5.285000000000000142e+00 3.000000000000000000e+00
3.062874516785144774e+00 -1.125175874710083068e+00 5.323999999999999844e+00 3.000000000000000000e+00
3.118874516785144824e+00 -1.126175874710082958e+00 5.322000000000000064e+00 3.000000000000000000e+00
3.070874516785144781e+00 -1.136175874710082967e+00 5.294999999999999929e+00 3.000000000000000000e+00
3.084874516785145016e+00 -1.111175874710083056e+00 5.346000000000000085e+00 3.000000000000000000e+00
3.081874516785144902e+00 -1.147175874710083088e+00 5.299000000000000377e+00 3.000000000000000000e+00
3.084874516785145016e+00 -1.114175874710082947e+00 5.331999999999999851e+00 3.000000000000000000e+00
3.086874516785144795e+00 -1.133175874710083075e+00 5.306000000000000050e+00 3.000000000000000000e+00
3.090874516785144799e+00 -1.146175874710082976e+00 5.302999999999999936e+00 3.000000000000000000e+00
3.037874516785144863e+00 -1.141175874710083082e+00 5.275999999999999801e+00 3.000000000000000000e+00
3.031874516785145079e+00 -1.160175874710082988e+00 5.259000000000000341e+00 3.000000000000000000e+00
3.022874516785144738e+00 -1.142175874710082972e+00 5.294000000000000483e+00 3.000000000000000000e+00
3.020874516785144959e+00 -1.143175874710083084e+00 5.280000000000000249e+00 3.000000000000000000e+00
3.037874516785144863e+00 -1.136175874710082967e+00 5.302000000000000490e+00 3.000000000000000000e+00
3.040874516785144976e+00 -1.160175874710082988e+00 5.262999999999999901e+00 3.000000000000000000e+00
3.038874516785144753e+00 -1.135175874710083077e+00 5.315000000000000391e+00 3.000000000000000000e+00
3.036874516785144973e+00 -1.137175874710083079e+00 5.286000000000000476e+00 3.000000000000000000e+00
2.982874516785144703e+00 -1.157175874710082875e+00 5.264000000000000234e+00 3.000000000000000000e+00
3.112874516785145040e+00 -1.133175874710083075e+00 5.318000000000000504e+00 3.000000000000000000e+00
3.068874516785145001e+00 -1.124175874710082956e+00 5.312999999999999723e+00 3.000000000000000000e+00
3.069874516785144891e+00 -1.120175874710082953e+00 5.326999999999999957e+00 3.000000000000000000e+00
3.084874516785145016e+00 -1.118175874710082951e+00 5.320999999999999730e+00 3.000000000000000000e+00
3.073874516785144895e+00 -1.148175874710082978e+00 5.293000000000000149e+00 3.000000000000000000e+00
2.975874516785145030e+00 -1.163175874710082880e+00 5.258000000000000007e+00 3.000000000000000000e+00
3.044874516785144980e+00 -1.130175874710082962e+00 5.306000000000000050e+00 3.000000000000000000e+00
3.045874516785144870e+00 -1.144175874710082974e+00 5.274000000000000021e+00 3.000000000000000000e+00
3.052874516785144987e+00 -1.127175874710083070e+00 5.314000000000000057e+00 3.000000000000000000e+00
3.048874516785144984e+00 -1.156175874710082985e+00 5.270999999999999908e+00 3.000000000000000000e+00
3.055874516785144657e+00 -1.152175874710082981e+00 5.275999999999999801e+00 3.000000000000000000e+00
3.044874516785144980e+00 -1.137175874710083079e+00 5.283999999999999808e+00 3.000000000000000000e+00
3.090874516785144799e+00 -1.107175874710083052e+00 5.331999999999999851e+00 3.000000000000000000e+00
3.044874516785144980e+00 -1.131175874710083074e+00 5.293000000000000149e+00 3.000000000000000000e+00
3.091874516785144689e+00 -1.120175874710082953e+00 5.315000000000000391e+00 3.000000000000000000e+00
3.096874516785145026e+00 -1.106175874710082940e+00 5.328000000000000291e+00 3.000000000000000000e+00
3.098874516785144806e+00 -1.115175874710083059e+00 5.320999999999999730e+00 3.000000000000000000e+00
3.095874516785144692e+00 -1.134175874710082965e+00 5.312000000000000277e+00 3.000000000000000000e+00
3.021874516785144849e+00 -1.147175874710083088e+00 5.269000000000000128e+00 3.000000000000000000e+00
3.014874516785144731e+00 -1.145175874710083086e+00 5.280999999999999694e+00 3.000000000000000000e+00
3.047874516785144650e+00 -1.134175874710082965e+00 5.326000000000000512e+00 3.000000000000000000e+00
3.109874516785144927e+00 -1.120175874710082953e+00 5.320000000000000284e+00 3.000000000000000000e+00
3.103874516785144699e+00 -1.136175874710082967e+00 5.312000000000000277e+00 3.000000000000000000e+00
3.054874516785144767e+00 -1.143175874710083084e+00 5.282000000000000028e+00 3.000000000000000000e+00
3.091874516785144689e+00 -1.107175874710083052e+00 5.347000000000000419e+00 3.000000000000000000e+00
3.091874516785144689e+00 -1.114175874710082947e+00 5.323999999999999844e+00 3.000000000000000000e+00
3.038874516785144753e+00 -1.150175874710082979e+00 5.267999999999999794e+00 3.000000000000000000e+00
3.051874516785144653e+00 -1.129175874710083072e+00 5.298000000000000043e+00 3.000000000000000000e+00
3.052874516785144987e+00 -1.135175874710083077e+00 5.290000000000000036e+00 3.000000000000000000e+00
3.100874516785145030e+00 -1.125175874710083068e+00 5.315000000000000391e+00 3.000000000000000000e+00
3.076874516785145008e+00 -1.115175874710083059e+00 5.344000000000000306e+00 3.000000000000000000e+00
3.077874516785144898e+00 -1.132175874710082963e+00 5.301000000000000156e+00 3.000000000000000000e+00
3.054874516785144767e+00 -1.127175874710083070e+00 5.328000000000000291e+00 3.000000000000000000e+00
3.075874516785144674e+00 -1.119175874710083063e+00 5.317000000000000171e+00 3.000000000000000000e+00
3.076874516785145008e+00 -1.124175874710082956e+00 5.309000000000000163e+00 3.000000000000000000e+00
3.076874516785145008e+00 -1.116175874710082949e+00 5.331000000000000405e+00 3.000000000000000000e+00
3.027874516785145076e+00 -1.139175874710083081e+00 5.285000000000000142e+00 3.000000000000000000e+00
3.028874516785144966e+00 -1.149175874710083090e+00 5.262999999999999901e+00 3.000000000000000000e+00
3.028874516785144966e+00 -1.137175874710083079e+00 5.296999999999999709e+00 3.000000000000000000e+00
3.027874516785145076e+00 -1.143175874710083084e+00 5.272999999999999687e+00 3.000000000000000000e+00
3.021874516785144849e+00 -1.153175874710082871e+00 5.259000000000000341e+00 3.000000000000000000e+00
3.084874516785145016e+00 -1.123175874710083066e+00 5.310000000000000497e+00 3.000000000000000000e+00
1.664874516785144865e+00 -8.721758747100829545e-01 5.565999999999999837e+00 -1.000000000000000000e+00
1.673874516785144761e+00 -8.771758747100830700e-01 5.578999999999999737e+00 -1.000000000000000000e+00
3.603874516785144699e+00 -6.231758747100830664e-01 5.568999999999999950e+00 4.000000000000000000e+00
3.603874516785144699e+00 -6.121758747100829456e-01 5.578000000000000291e+00 4.000000000000000000e+00
3.618874516785144824e+00 -6.331758747100830753e-01 5.578999999999999737e+00 4.000000000000000000e+00
3.596874516785145026e+00 -6.631758747100828799e-01 5.557000000000000384e+00 4.000000000000000000e+00
3.610874516785144817e+00 -6.271758747100830700e-01 5.573999999999999844e+00 4.000000000000000000e+00
3.610874516785144817e+00 -6.161758747100829492e-01 5.576999999999999957e+00 4.000000000000000000e+00
3.588874516785145019e+00 -6.691758747100828852e-01 5.552000000000000490e+00 4.000000000000000000e+00
3.618874516785144824e+00 -6.201758747100829527e-01 5.580000000000000071e+00 4.000000000000000000e+00
3.618874516785144824e+00 -5.761758747100829137e-01 5.592999999999999972e+00 4.000000000000000000e+00
3.618874516785144824e+00 -6.091758747100830540e-01 5.581999999999999851e+00 4.000000000000000000e+00
3.605874516785144923e+00 -5.981758747100829332e-01 5.584000000000000519e+00 4.000000000000000000e+00
3.605874516785144923e+00 -5.871758747100830345e-01 5.594000000000000306e+00 4.000000000000000000e+00
3.602874516785144809e+00 -6.511758747100828693e-01 5.677000000000000490e+00 4.000000000000000000e+00
3.586874516785144795e+00 -6.651758747100828817e-01 5.665000000000000036e+00 4.000000000000000000e+00
3.578874516785144788e+00 -6.681758747100829954e-01 5.549999999999999822e+00 4.000000000000000000e+00
3.634874516785144838e+00 -5.621758747100829012e-01 5.604000000000000092e+00 4.000000000000000000e+00
3.632874516785145058e+00 -5.531758747100830043e-01 5.607000000000000206e+00 4.000000000000000000e+00
3.631874516785144724e+00 -5.991758747100830451e-01 5.597999999999999865e+00 4.000000000000000000e+00
3.674874516785144873e+00 -6.011758747100830469e-01 5.674000000000000377e+00 4.000000000000000000e+00
3.652874516785145076e+00 -5.481758747100831108e-01 5.631000000000000227e+00 4.000000000000000000e+00
3.649874516785144962e+00 -5.601758747100828995e-01 5.625000000000000000e+00 4.000000000000000000e+00
3.648874516785145072e+00 -5.501758747100828906e-01 5.620000000000000107e+00 4.000000000000000000e+00
3.645874516785144959e+00 -5.631758747100830131e-01 5.613000000000000433e+00 4.000000000000000000e+00
3.632874516785145058e+00 -5.751758747100830238e-01 5.599000000000000199e+00 4.000000000000000000e+00
3.642874516785144845e+00 -5.781758747100829154e-01 5.608999999999999986e+00 4.000000000000000000e+00
3.642874516785144845e+00 -5.551758747100827840e-01 5.613000000000000433e+00 4.000000000000000000e+00
3.622874516785144827e+00 -5.951758747100830416e-01 5.586000000000000298e+00 4.000000000000000000e+00
3.640874516785145065e+00 -5.461758747100828870e-01 5.613000000000000433e+00 4.000000000000000000e+00
3.622874516785144827e+00 -5.831758747100830309e-01 5.594000000000000306e+00 4.000000000000000000e+00
3.623874516785144717e+00 -5.611758747100830114e-01 5.604000000000000092e+00 4.000000000000000000e+00
3.626874516785144831e+00 -5.691758747100830185e-01 5.599000000000000199e+00 4.000000000000000000e+00
3.628874516785145055e+00 -5.901758747100829261e-01 5.594999999999999751e+00 4.000000000000000000e+00
3.588874516785145019e+00 -6.241758747100829563e-01 5.578999999999999737e+00 4.000000000000000000e+00
3.636874516785145062e+00 -5.831758747100830309e-01 5.600000000000000533e+00 4.000000000000000000e+00
3.636874516785145062e+00 -5.361758747100831002e-01 5.616000000000000547e+00 4.000000000000000000e+00
3.640874516785145065e+00 -5.681758747100829066e-01 5.605999999999999872e+00 4.000000000000000000e+00
3.570874516785144781e+00 -6.741758747100830007e-01 5.543000000000000149e+00 4.000000000000000000e+00
3.577874516785144898e+00 -6.721758747100829989e-01 5.660000000000000142e+00 4.000000000000000000e+00
3.625874516785144941e+00 -6.151758747100830593e-01 5.602000000000000313e+00 4.000000000000000000e+00
3.625874516785144941e+00 -6.141758747100829474e-01 5.586999999999999744e+00 4.000000000000000000e+00
3.555874516785144657e+00 -6.751758747100828906e-01 5.560999999999999943e+00 4.000000000000000000e+00
3.629874516785144944e+00 -6.381758747100829687e-01 5.695999999999999730e+00 4.000000000000000000e+00
3.613874516785144930e+00 -5.691758747100830185e-01 5.600000000000000533e+00 4.000000000000000000e+00
3.612874516785145040e+00 -6.041758747100829385e-01 5.581999999999999851e+00 4.000000000000000000e+00
3.613874516785144930e+00 -5.901758747100829261e-01 5.589000000000000412e+00 4.000000000000000000e+00
3.625874516785144941e+00 -5.461758747100828870e-01 5.612000000000000099e+00 4.000000000000000000e+00
3.625874516785144941e+00 -6.041758747100829385e-01 5.589999999999999858e+00 4.000000000000000000e+00
3.629874516785144944e+00 -7.081758747100830309e-01 5.693000000000000504e+00 4.000000000000000000e+00
3.629874516785144944e+00 -6.981758747100830220e-01 5.695000000000000284e+00 4.000000000000000000e+00
7.718745167851448485e-01 -2.661758747100830824e-01 5.913000000000000256e+00 2.000000000000000000e+00
7.548745167851448334e-01 -2.261758747100830469e-01 5.974000000000000199e+00 2.000000000000000000e+00
7.608745167851448388e-01 -2.261758747100830469e-01 5.969999999999999751e+00 2.000000000000000000e+00
7.608745167851448388e-01 -2.331758747100831641e-01 5.961999999999999744e+00 2.000000000000000000e+00
7.188745167851448015e-01 -2.111758747100829225e-01 6.033000000000000362e+00 2.000000000000000000e+00
7.538745167851448326e-01 -2.581758747100830753e-01 5.948000000000000398e+00 2.000000000000000000e+00
7.358745167851448166e-01 -2.211758747100831535e-01 6.001999999999999780e+00 2.000000000000000000e+00
7.928745167851448672e-01 -2.561758747100828515e-01 5.924000000000000377e+00 2.000000000000000000e+00
7.388745167851448192e-01 -2.101758747100830327e-01 6.049000000000000377e+00 2.000000000000000000e+00
7.368745167851448175e-01 -2.211758747100831535e-01 6.020000000000000462e+00 2.000000000000000000e+00
7.368745167851448175e-01 -2.571758747100827414e-01 5.958000000000000185e+00 2.000000000000000000e+00
7.458745167851448254e-01 -2.521758747100828479e-01 5.964000000000000412e+00 2.000000000000000000e+00
7.878745167851448628e-01 -2.471758747100829545e-01 5.940000000000000391e+00 2.000000000000000000e+00
7.868745167851448619e-01 -2.491758747100831783e-01 5.927000000000000490e+00 2.000000000000000000e+00
7.898745167851448645e-01 -2.261758747100830469e-01 5.980999999999999872e+00 2.000000000000000000e+00
7.478745167851448272e-01 -2.251758747100831570e-01 5.979000000000000092e+00 2.000000000000000000e+00
7.328745167851448139e-01 -2.131758747100831464e-01 6.036999999999999922e+00 2.000000000000000000e+00
7.928745167851448672e-01 -2.611758747100827449e-01 5.913999999999999702e+00 2.000000000000000000e+00
7.858745167851448610e-01 -2.621758747100830789e-01 5.910000000000000142e+00 2.000000000000000000e+00
8.098745167851447713e-01 -2.801758747100828728e-01 5.924999999999999822e+00 2.000000000000000000e+00
7.758745167851448521e-01 -2.341758747100830540e-01 6.003000000000000114e+00 2.000000000000000000e+00
7.748745167851448512e-01 -2.381758747100830576e-01 6.086000000000000298e+00 2.000000000000000000e+00
7.748745167851448512e-01 -2.581758747100830753e-01 5.972000000000000419e+00 2.000000000000000000e+00
7.778745167851448539e-01 -2.561758747100828515e-01 5.916999999999999815e+00 2.000000000000000000e+00
7.778745167851448539e-01 -2.571758747100827414e-01 6.001999999999999780e+00 2.000000000000000000e+00
7.748745167851448512e-01 -2.321758747100828302e-01 5.955000000000000071e+00 2.000000000000000000e+00
7.878745167851448628e-01 -2.411758747100831712e-01 5.948000000000000398e+00 2.000000000000000000e+00
7.898745167851448645e-01 -2.311758747100829403e-01 5.969000000000000306e+00 2.000000000000000000e+00
7.888745167851448636e-01 -2.341758747100830540e-01 5.958000000000000185e+00 2.000000000000000000e+00
7.068745167851447908e-01 -2.171758747100831499e-01 6.027000000000000135e+00 2.000000000000000000e+00
7.948745167851448690e-01 -2.371758747100831677e-01 5.950000000000000178e+00 2.000000000000000000e+00
7.628745167851448405e-01 -2.421758747100830611e-01 5.999000000000000554e+00 2.000000000000000000e+00
7.728745167851448494e-01 -2.571758747100827414e-01 5.919999999999999929e+00 2.000000000000000000e+00
7.698745167851448468e-01 -2.711758747100829758e-01 5.918000000000000149e+00 2.000000000000000000e+00
7.858745167851448610e-01 -2.571758747100827414e-01 5.918000000000000149e+00 2.000000000000000000e+00
7.438745167851448237e-01 -2.281758747100828266e-01 6.011000000000000121e+00 2.000000000000000000e+00
7.728745167851448494e-01 -2.491758747100831783e-01 5.927000000000000490e+00 2.000000000000000000e+00
8.018745167851448752e-01 -2.481758747100828444e-01 5.948999999999999844e+00 2.000000000000000000e+00
7.968745167851448707e-01 -2.311758747100829403e-01 5.975999999999999979e+00 2.000000000000000000e+00
7.658745167851448432e-01 -2.581758747100830753e-01 5.924000000000000377e+00 2.000000000000000000e+00
7.768745167851448530e-01 -2.571758747100827414e-01 5.985999999999999766e+00 2.000000000000000000e+00
7.788745167851448548e-01 -2.491758747100831783e-01 5.924999999999999822e+00 2.000000000000000000e+00
7.798745167851448556e-01 -1.981758747100830220e-01 6.028999999999999915e+00 2.000000000000000000e+00
7.798745167851448556e-01 -2.391758747100829474e-01 5.945999999999999730e+00 2.000000000000000000e+00
7.828745167851448583e-01 -2.241758747100828231e-01 5.977000000000000313e+00 2.000000000000000000e+00
8.078745167851447695e-01 -2.641758747100828586e-01 5.916000000000000369e+00 2.000000000000000000e+00
7.598745167851448379e-01 -2.391758747100829474e-01 5.951000000000000512e+00 2.000000000000000000e+00
7.588745167851448370e-01 -2.441758747100828408e-01 5.983999999999999986e+00 2.000000000000000000e+00
7.998745167851448734e-01 -2.611758747100827449e-01 5.913999999999999702e+00 2.000000000000000000e+00
7.158745167851447988e-01 -2.241758747100828231e-01 6.020000000000000462e+00 2.000000000000000000e+00
7.068745167851447908e-01 -2.081758747100828089e-01 6.038000000000000256e+00 2.000000000000000000e+00
7.268745167851448086e-01 -2.171758747100831499e-01 6.027000000000000135e+00 2.000000000000000000e+00
7.628745167851448405e-01 -2.301758747100830504e-01 6.017000000000000348e+00 2.000000000000000000e+00
7.238745167851448059e-01 -2.071758747100829190e-01 6.041999999999999815e+00 2.000000000000000000e+00
7.478745167851448272e-01 -2.331758747100831641e-01 5.971000000000000085e+00 2.000000000000000000e+00
7.488745167851448281e-01 -2.251758747100831570e-01 6.024000000000000021e+00 2.000000000000000000e+00
7.538745167851448326e-01 -2.311758747100829403e-01 5.963000000000000078e+00 2.000000000000000000e+00
7.458745167851448254e-01 -2.161758747100828160e-01 6.041999999999999815e+00 2.000000000000000000e+00
7.678745167851448450e-01 -2.311758747100829403e-01 5.956000000000000405e+00 2.000000000000000000e+00
7.658745167851448432e-01 -1.851758747100831215e-01 6.035000000000000142e+00 2.000000000000000000e+00
7.728745167851448494e-01 -2.491758747100831783e-01 6.027000000000000135e+00 2.000000000000000000e+00
7.798745167851448556e-01 -2.441758747100828408e-01 5.935000000000000497e+00 2.000000000000000000e+00
7.768745167851448530e-01 -2.691758747100827520e-01 6.008000000000000007e+00 2.000000000000000000e+00
7.808745167851448565e-01 -2.331758747100831641e-01 5.956000000000000405e+00 2.000000000000000000e+00
7.728745167851448494e-01 -2.431758747100829510e-01 5.935999999999999943e+00 2.000000000000000000e+00
7.728745167851448494e-01 -2.021758747100830256e-01 6.020999999999999908e+00 2.000000000000000000e+00
7.658745167851448432e-01 -2.651758747100827485e-01 5.915000000000000036e+00 2.000000000000000000e+00
7.668745167851448441e-01 -2.431758747100829510e-01 5.940000000000000391e+00 2.000000000000000000e+00
7.558745167851448343e-01 -2.211758747100831535e-01 6.033000000000000362e+00 2.000000000000000000e+00
7.668745167851448441e-01 -2.521758747100828479e-01 5.932999999999999829e+00 2.000000000000000000e+00
7.778745167851448539e-01 -2.641758747100828586e-01 5.911999999999999922e+00 2.000000000000000000e+00
7.688745167851448459e-01 -2.261758747100830469e-01 5.967000000000000526e+00 2.000000000000000000e+00
7.658745167851448432e-01 -2.511758747100829581e-01 5.969999999999999751e+00 2.000000000000000000e+00
7.738745167851448503e-01 -2.371758747100831677e-01 5.945999999999999730e+00 2.000000000000000000e+00
7.818745167851448574e-01 -2.661758747100830824e-01 5.988000000000000433e+00 2.000000000000000000e+00
7.698745167851448468e-01 -2.501758747100830682e-01 5.983000000000000540e+00 2.000000000000000000e+00
7.678745167851448450e-01 -2.501758747100830682e-01 5.951000000000000512e+00 2.000000000000000000e+00
7.428745167851448228e-01 -2.171758747100831499e-01 6.030000000000000249e+00 2.000000000000000000e+00
7.568745167851448352e-01 -2.341758747100830540e-01 6.006000000000000227e+00 2.000000000000000000e+00
7.678745167851448450e-01 -2.371758747100831677e-01 5.948000000000000398e+00 2.000000000000000000e+00
8.398745167851447979e-01 1.382412528991716627e-02 6.584999999999999964e+00 2.000000000000000000e+00
8.318745167851447908e-01 9.824125289917162718e-03 6.559000000000000163e+00 2.000000000000000000e+00
8.338745167851447926e-01 -1.175874710082958075e-03 6.562999999999999723e+00 2.000000000000000000e+00
8.328745167851447917e-01 2.282412528991706324e-02 6.573000000000000398e+00 2.000000000000000000e+00
8.348745167851447935e-01 1.082412528991705258e-02 6.572000000000000064e+00 2.000000000000000000e+00
8.318745167851447908e-01 -2.175874710082847940e-03 6.548000000000000043e+00 2.000000000000000000e+00
8.258745167851447855e-01 6.824125289917049031e-03 6.548000000000000043e+00 2.000000000000000000e+00
6.858745167851447722e-01 -1.176175874710083002e+00 4.583000000000000185e+00 -1.000000000000000000e+00
6.928745167851447784e-01 -1.186175874710083011e+00 4.573999999999999844e+00 -1.000000000000000000e+00
6.988745167851447837e-01 -1.183175874710082898e+00 4.570000000000000284e+00 -1.000000000000000000e+00
6.928745167851447784e-01 -1.176175874710083002e+00 4.580000000000000071e+00 -1.000000000000000000e+00
6.928745167851447784e-01 -1.167175874710082883e+00 4.584999999999999964e+00 -1.000000000000000000e+00
6.778745167851447651e-01 -1.180175874710083006e+00 4.586999999999999744e+00 -1.000000000000000000e+00
6.868745167851447730e-01 -1.191175874710082905e+00 4.581999999999999851e+00 -1.000000000000000000e+00
2.013874516785144841e+00 -1.041175874710082994e+00 6.355999999999999872e+00 5.000000000000000000e+00
2.010874516785144728e+00 -1.031175874710082985e+00 6.373000000000000220e+00 5.000000000000000000e+00
1.992874516785144934e+00 -1.068175874710082907e+00 6.323999999999999844e+00 5.000000000000000000e+00
1.987874516785144818e+00 -1.071175874710083020e+00 6.310999999999999943e+00 5.000000000000000000e+00
1.988874516785144930e+00 -1.047175874710082999e+00 6.328999999999999737e+00 5.000000000000000000e+00
1.987874516785144818e+00 -1.059175874710083010e+00 6.318000000000000504e+00 5.000000000000000000e+00
1.994874516785144936e+00 -1.054175874710082894e+00 6.326000000000000512e+00 5.000000000000000000e+00
1.982874516785144925e+00 -1.064175874710082903e+00 6.306000000000000050e+00 5.000000000000000000e+00
1.924874516785144873e+00 -1.069175874710083018e+00 6.264000000000000234e+00 5.000000000000000000e+00
1.925874516785144763e+00 -1.080175874710082917e+00 6.249000000000000554e+00 5.000000000000000000e+00
1.919874516785144758e+00 -1.072175874710082910e+00 6.251000000000000334e+00 5.000000000000000000e+00
1.918874516785144868e+00 -1.085175874710083033e+00 6.240000000000000213e+00 5.000000000000000000e+00
1.907874516785144747e+00 -1.081175874710083029e+00 6.230999999999999872e+00 5.000000000000000000e+00
1.895874516785144737e+00 -1.089175874710083036e+00 6.211000000000000298e+00 5.000000000000000000e+00
1.889874516785144953e+00 -1.083175874710083031e+00 6.206000000000000405e+00 5.000000000000000000e+00
1.914874516785144865e+00 -1.160175874710082988e+00 6.182999999999999829e+00 5.000000000000000000e+00
1.914874516785144865e+00 -1.076175874710082914e+00 6.240000000000000213e+00 5.000000000000000000e+00
1.904874516785144856e+00 -1.072175874710082910e+00 6.241000000000000547e+00 5.000000000000000000e+00
1.901874516785144742e+00 -1.170175874710082997e+00 6.179999999999999716e+00 5.000000000000000000e+00
1.901874516785144742e+00 -1.159175874710082876e+00 6.174000000000000377e+00 5.000000000000000000e+00
1.976874516785144920e+00 -1.056175874710082896e+00 6.310000000000000497e+00 5.000000000000000000e+00
1.978874516785144921e+00 -1.078175874710082915e+00 6.306000000000000050e+00 5.000000000000000000e+00
1.882874516785144836e+00 -1.088175874710082924e+00 6.197000000000000064e+00 5.000000000000000000e+00
1.887874516785144952e+00 -1.096175874710082931e+00 6.201999999999999957e+00 5.000000000000000000e+00
2.018874516785144735e+00 -1.026175874710082869e+00 6.379999999999999893e+00 5.000000000000000000e+00
1.938874516785144886e+00 -1.071175874710083020e+00 6.267999999999999794e+00 5.000000000000000000e+00
1.932874516785144881e+00 -1.075175874710083024e+00 6.257000000000000561e+00 5.000000000000000000e+00
1.927874516785144765e+00 -1.067175874710083017e+00 6.275000000000000355e+00 5.000000000000000000e+00
1.943874516785144779e+00 -1.081175874710083029e+00 6.264000000000000234e+00 5.000000000000000000e+00
1.943874516785144779e+00 -1.067175874710083017e+00 6.278000000000000469e+00 5.000000000000000000e+00
1.996874516785144937e+00 -1.041175874710082994e+00 6.339000000000000412e+00 5.000000000000000000e+00
1.973874516785144806e+00 -1.069175874710083018e+00 6.283999999999999808e+00 5.000000000000000000e+00
1.974874516785144918e+00 -1.069175874710083018e+00 6.299999999999999822e+00 5.000000000000000000e+00
2.020874516785144515e+00 -1.035175874710082988e+00 6.366000000000000547e+00 5.000000000000000000e+00
2.008874516785144948e+00 -1.044175874710082885e+00 6.346000000000000085e+00 5.000000000000000000e+00
1.950874516785144897e+00 -1.075175874710083024e+00 6.272000000000000242e+00 5.000000000000000000e+00
1.950874516785144897e+00 -1.062175874710082901e+00 6.288999999999999702e+00 5.000000000000000000e+00
2.005874516785144834e+00 -1.035175874710082988e+00 6.362000000000000099e+00 5.000000000000000000e+00
2.002874516785144721e+00 -1.049175874710083001e+00 6.336000000000000298e+00 5.000000000000000000e+00
2.000874516785144941e+00 -1.038175874710082880e+00 6.350000000000000533e+00 5.000000000000000000e+00
1.978874516785144921e+00 -1.054175874710082894e+00 6.290000000000000036e+00 5.000000000000000000e+00
1.981874516785144813e+00 -1.052175874710082892e+00 6.320999999999999730e+00 5.000000000000000000e+00
1.054874516785144767e+00 -7.211758747100829314e-01 5.011000000000000121e+00 6.000000000000000000e+00
1.064874516785144776e+00 -7.451758747100829527e-01 4.935999999999999943e+00 6.000000000000000000e+00
1.075874516785144674e+00 -7.271758747100829368e-01 4.985999999999999766e+00 6.000000000000000000e+00
1.074874516785144785e+00 -7.301758747100830504e-01 4.975000000000000533e+00 6.000000000000000000e+00
1.063874516785144664e+00 -7.531758747100829599e-01 4.916000000000000369e+00 6.000000000000000000e+00
1.063874516785144664e+00 -7.481758747100830664e-01 4.924999999999999822e+00 6.000000000000000000e+00
1.022874516785144738e+00 -7.511758747100829581e-01 4.958000000000000185e+00 6.000000000000000000e+00
1.056874516785144991e+00 -7.531758747100829599e-01 4.919999999999999929e+00 6.000000000000000000e+00
1.057874516785144881e+00 -7.501758747100830682e-01 4.932999999999999829e+00 6.000000000000000000e+00
1.053874516785144877e+00 -7.251758747100829350e-01 4.998000000000000220e+00 6.000000000000000000e+00
1.049874516785144873e+00 -7.591758747100829652e-01 4.916999999999999815e+00 6.000000000000000000e+00
1.021874516785144849e+00 -7.531758747100829599e-01 4.945999999999999730e+00 6.000000000000000000e+00
5.818745167851447908e-01 4.982412528991719824e-02 6.445000000000000284e+00 2.000000000000000000e+00
5.858745167851447944e-01 3.882412528991707745e-02 6.451000000000000512e+00 2.000000000000000000e+00
6.078745167851448139e-01 1.982412528991694955e-02 6.379999999999999893e+00 2.000000000000000000e+00
6.008745167851448077e-01 2.782412528991695666e-02 6.387000000000000455e+00 2.000000000000000000e+00
6.098745167851448157e-01 1.982412528991694955e-02 6.395000000000000462e+00 2.000000000000000000e+00
6.028745167851448095e-01 1.682412528991683587e-02 6.368999999999999773e+00 2.000000000000000000e+00
5.598745167851448823e-01 9.282412528991690337e-02 6.469999999999999751e+00 2.000000000000000000e+00
4.778745167851448095e-01 8.882412528991689982e-02 6.540000000000000036e+00 2.000000000000000000e+00
5.738745167851448947e-01 5.582412528991698153e-02 6.447000000000000064e+00 2.000000000000000000e+00
5.728745167851447828e-01 5.482412528991709166e-02 6.464000000000000412e+00 2.000000000000000000e+00
5.748745167851447846e-01 6.682412528991710232e-02 6.456999999999999851e+00 2.000000000000000000e+00
5.638745167851448858e-01 8.282412528991711653e-02 6.466000000000000192e+00 2.000000000000000000e+00
5.518745167851448752e-01 9.982412528991702061e-02 6.477999999999999758e+00 2.000000000000000000e+00
4.688745167851448015e-01 8.382412528991700640e-02 6.533000000000000362e+00 2.000000000000000000e+00
4.848745167851448157e-01 8.082412528991689271e-02 6.533000000000000362e+00 2.000000000000000000e+00
6.178745167851448228e-01 1.382412528991716627e-02 6.374000000000000554e+00 2.000000000000000000e+00
4.448745167851448357e-01 1.048241252899169140e-01 6.576999999999999957e+00 2.000000000000000000e+00
2.784874516785144749e+00 -8.021758747100828923e-01 5.762000000000000455e+00 0.000000000000000000e+00
2.811874516785144884e+00 -7.701758747100828639e-01 5.823000000000000398e+00 0.000000000000000000e+00
2.795874516785144870e+00 -7.571758747100829634e-01 5.815999999999999837e+00 0.000000000000000000e+00
2.790874516785144976e+00 -7.971758747100829989e-01 5.770999999999999908e+00 0.000000000000000000e+00
2.790874516785144976e+00 -7.851758747100829883e-01 5.783000000000000362e+00 0.000000000000000000e+00
2.796874516785144760e+00 -7.811758747100829847e-01 5.791999999999999815e+00 0.000000000000000000e+00
2.794874516785144980e+00 -8.051758747100830060e-01 5.767999999999999794e+00 0.000000000000000000e+00
2.796874516785144760e+00 -7.921758747100828835e-01 5.778999999999999915e+00 0.000000000000000000e+00
2.806874516785144991e+00 -7.601758747100830771e-01 5.815999999999999837e+00 0.000000000000000000e+00
2.780874516785144746e+00 -7.941758747100828852e-01 5.778000000000000469e+00 0.000000000000000000e+00
2.804874516785144767e+00 -7.971758747100829989e-01 5.788999999999999702e+00 0.000000000000000000e+00
2.805874516785144657e+00 -7.741758747100828675e-01 5.814000000000000057e+00 0.000000000000000000e+00
2.801874516785144653e+00 -7.991758747100830007e-01 5.775000000000000355e+00 0.000000000000000000e+00
2.801874516785144653e+00 -7.881758747100828799e-01 5.788999999999999702e+00 0.000000000000000000e+00
2.801874516785144653e+00 -7.771758747100829812e-01 5.802000000000000490e+00 0.000000000000000000e+00
2.810874516785144994e+00 -8.141758747100829030e-01 5.772000000000000242e+00 0.000000000000000000e+00
2.807874516785144881e+00 -7.841758747100828764e-01 5.798000000000000043e+00 0.000000000000000000e+00
2.814874516785144998e+00 -7.801758747100828728e-01 5.839000000000000412e+00 0.000000000000000000e+00
2.811874516785144884e+00 -8.141758747100829030e-01 5.786999999999999922e+00 0.000000000000000000e+00
2.811874516785144884e+00 -7.931758747100829954e-01 5.810999999999999943e+00 0.000000000000000000e+00
2.811874516785144884e+00 -7.911758747100829936e-01 5.796000000000000263e+00 0.000000000000000000e+00
2.811874516785144884e+00 -7.821758747100828746e-01 5.826999999999999957e+00 0.000000000000000000e+00
2.808874516785144770e+00 -8.061758747100828959e-01 5.778000000000000469e+00 0.000000000000000000e+00
2.811874516785144884e+00 -8.041758747100828941e-01 5.788999999999999702e+00 0.000000000000000000e+00
2.810874516785144994e+00 -7.821758747100828746e-01 5.812999999999999723e+00 0.000000000000000000e+00
2.815874516785144888e+00 -7.671758747100829723e-01 5.834999999999999964e+00 0.000000000000000000e+00
1.322874516785144783e+00 -7.611758747100829670e-01 5.714999999999999858e+00 5.000000000000000000e+00
1.390874516785144843e+00 -7.551758747100829616e-01 5.919999999999999929e+00 5.000000000000000000e+00
1.382874516785144836e+00 -7.961758747100828870e-01 5.788999999999999702e+00 5.000000000000000000e+00
1.379874516785144722e+00 -7.731758747100829776e-01 5.849000000000000199e+00 5.000000000000000000e+00
1.333874516785144904e+00 -8.011758747100830025e-01 5.701000000000000512e+00 5.000000000000000000e+00
1.391874516785144733e+00 -8.161758747100829048e-01 5.817000000000000171e+00 5.000000000000000000e+00
1.381874516785144724e+00 -7.601758747100830771e-01 5.863999999999999879e+00 5.000000000000000000e+00
1.382874516785144836e+00 -8.211758747100830202e-01 5.761000000000000121e+00 5.000000000000000000e+00
1.379874516785144722e+00 -7.611758747100829670e-01 5.850000000000000533e+00 5.000000000000000000e+00
1.385874516785144728e+00 -7.571758747100829634e-01 5.876999999999999780e+00 5.000000000000000000e+00
1.327874516785144898e+00 -8.201758747100829083e-01 5.706000000000000405e+00 5.000000000000000000e+00
1.323874516785144895e+00 -7.841758747100828764e-01 5.690000000000000391e+00 5.000000000000000000e+00
1.308874516785144770e+00 -7.591758747100829652e-01 5.690000000000000391e+00 5.000000000000000000e+00
1.332874516785144792e+00 -7.901758747100828817e-01 5.703000000000000291e+00 5.000000000000000000e+00
1.391874516785144733e+00 -7.431758747100829510e-01 5.916000000000000369e+00 5.000000000000000000e+00
1.385874516785144728e+00 -7.501758747100830682e-01 5.806000000000000050e+00 5.000000000000000000e+00
1.385874516785144728e+00 -7.471758747100829545e-01 5.887999999999999901e+00 5.000000000000000000e+00
1.393874516785144735e+00 -8.151758747100830149e-01 5.798000000000000043e+00 5.000000000000000000e+00
1.390874516785144843e+00 -7.551758747100829616e-01 5.903999999999999915e+00 5.000000000000000000e+00
1.393874516785144735e+00 -7.461758747100830647e-01 5.823000000000000398e+00 5.000000000000000000e+00
1.384874516785144838e+00 -7.701758747100828639e-01 5.876000000000000334e+00 5.000000000000000000e+00
1.363874516785144930e+00 -7.371758747100829456e-01 5.866999999999999993e+00 5.000000000000000000e+00
1.362874516785144818e+00 -7.601758747100830771e-01 5.828999999999999737e+00 5.000000000000000000e+00
1.362874516785144818e+00 -7.711758747100829758e-01 5.785000000000000142e+00 5.000000000000000000e+00
1.366874516785144822e+00 -7.681758747100828622e-01 5.798000000000000043e+00 5.000000000000000000e+00
1.374874516785144829e+00 -8.131758747100830131e-01 5.751000000000000334e+00 5.000000000000000000e+00
1.366874516785144822e+00 -8.181758747100829066e-01 5.741000000000000547e+00 5.000000000000000000e+00
1.338874516785144797e+00 -7.851758747100829883e-01 5.711999999999999744e+00 5.000000000000000000e+00
1.338874516785144797e+00 -7.741758747100828675e-01 5.725999999999999979e+00 5.000000000000000000e+00
1.336874516785144795e+00 -8.271758747100830256e-01 5.721000000000000085e+00 5.000000000000000000e+00
1.365874516785144932e+00 -8.061758747100828959e-01 5.741000000000000547e+00 5.000000000000000000e+00
1.340874516785144799e+00 -7.971758747100829989e-01 5.709999999999999964e+00 5.000000000000000000e+00
1.345874516785144914e+00 -7.931758747100829954e-01 5.722000000000000419e+00 5.000000000000000000e+00
1.350874516785144808e+00 -8.171758747100830167e-01 5.722999999999999865e+00 5.000000000000000000e+00
1.338874516785144797e+00 -7.421758747100830611e-01 5.852999999999999758e+00 5.000000000000000000e+00
1.338874516785144797e+00 -7.621758747100830789e-01 5.757000000000000561e+00 5.000000000000000000e+00
1.365874516785144932e+00 -7.941758747100828852e-01 5.750000000000000000e+00 5.000000000000000000e+00
1.369874516785144936e+00 -7.561758747100830735e-01 5.839999999999999858e+00 5.000000000000000000e+00
1.359874516785144927e+00 -7.621758747100830789e-01 5.815999999999999837e+00 5.000000000000000000e+00
1.365874516785144932e+00 -7.461758747100830647e-01 5.842999999999999972e+00 5.000000000000000000e+00
1.332874516785144792e+00 -7.571758747100829634e-01 5.817000000000000171e+00 5.000000000000000000e+00
1.334874516785144793e+00 -7.541758747100830718e-01 5.783000000000000362e+00 5.000000000000000000e+00
1.348874516785144806e+00 -7.571758747100829634e-01 5.812999999999999723e+00 5.000000000000000000e+00
1.358874516785144815e+00 -7.401758747100830593e-01 5.855999999999999872e+00 5.000000000000000000e+00
1.330874516785144790e+00 -7.791758747100829829e-01 5.700000000000000178e+00 5.000000000000000000e+00
1.330874516785144790e+00 -7.671758747100829723e-01 5.717000000000000526e+00 5.000000000000000000e+00
1.339874516785144909e+00 -8.121758747100829012e-01 5.711999999999999744e+00 5.000000000000000000e+00
1.335874516785144905e+00 -7.761758747100828693e-01 5.711999999999999744e+00 5.000000000000000000e+00
1.346874516785144804e+00 -7.801758747100828728e-01 5.735999999999999766e+00 5.000000000000000000e+00
1.348874516785144806e+00 -8.051758747100830060e-01 5.719000000000000306e+00 5.000000000000000000e+00
1.359874516785144927e+00 -7.501758747100830682e-01 5.833000000000000185e+00 5.000000000000000000e+00
1.359874516785144927e+00 -7.281758747100830487e-01 5.881000000000000227e+00 5.000000000000000000e+00
1.395874516785144737e+00 -8.231758747100830220e-01 5.783000000000000362e+00 5.000000000000000000e+00
1.392874516785144845e+00 -8.151758747100830149e-01 5.783999999999999808e+00 5.000000000000000000e+00
1.410874516785144861e+00 -7.471758747100829545e-01 5.839999999999999858e+00 5.000000000000000000e+00
1.405874516785144746e+00 -8.281758747100829154e-01 5.807999999999999829e+00 5.000000000000000000e+00
1.405874516785144746e+00 -8.281758747100829154e-01 5.823999999999999844e+00 5.000000000000000000e+00
1.386874516785144840e+00 -7.481758747100830664e-01 5.818999999999999950e+00 5.000000000000000000e+00
1.387874516785144730e+00 -8.191758747100830185e-01 5.772000000000000242e+00 5.000000000000000000e+00
1.388874516785144841e+00 -7.561758747100830735e-01 5.889999999999999680e+00 5.000000000000000000e+00
1.402874516785144854e+00 -7.451758747100829527e-01 5.828000000000000291e+00 5.000000000000000000e+00
1.402874516785144854e+00 -7.401758747100830593e-01 5.836999999999999744e+00 5.000000000000000000e+00
1.332874516785144792e+00 -7.661758747100828604e-01 5.732000000000000206e+00 5.000000000000000000e+00
1.376874516785144831e+00 -7.741758747100828675e-01 5.818999999999999950e+00 5.000000000000000000e+00
1.376874516785144831e+00 -7.631758747100829687e-01 5.836999999999999744e+00 5.000000000000000000e+00
1.378874516785144833e+00 -7.501758747100830682e-01 5.862000000000000099e+00 5.000000000000000000e+00
1.319874516785144891e+00 -7.741758747100828675e-01 5.695000000000000284e+00 5.000000000000000000e+00
1.318874516785144779e+00 -7.641758747100830806e-01 5.701999999999999957e+00 5.000000000000000000e+00
1.386874516785144840e+00 -8.061758747100828959e-01 5.802000000000000490e+00 5.000000000000000000e+00
1.398874516785144850e+00 -8.221758747100829101e-01 5.796999999999999709e+00 5.000000000000000000e+00
1.398874516785144850e+00 -8.231758747100830220e-01 5.812000000000000277e+00 5.000000000000000000e+00
1.314874516785144776e+00 -8.141758747100829030e-01 5.687999999999999723e+00 5.000000000000000000e+00
1.375874516785144941e+00 -7.301758747100830504e-01 5.889000000000000234e+00 5.000000000000000000e+00
1.315874516785144888e+00 -7.891758747100829918e-01 5.682000000000000384e+00 5.000000000000000000e+00
1.324874516785144785e+00 -8.081758747100828977e-01 5.693000000000000504e+00 5.000000000000000000e+00
1.391874516785144733e+00 -8.261758747100829137e-01 5.770000000000000462e+00 5.000000000000000000e+00
1.372874516785144827e+00 -7.771758747100829812e-01 5.807000000000000384e+00 5.000000000000000000e+00
1.378874516785144833e+00 -7.731758747100829776e-01 5.833000000000000185e+00 5.000000000000000000e+00
1.369874516785144936e+00 -7.431758747100829510e-01 5.855999999999999872e+00 5.000000000000000000e+00
1.376874516785144831e+00 -8.251758747100830238e-01 5.751000000000000334e+00 5.000000000000000000e+00
1.382874516785144836e+00 -7.351758747100829439e-01 5.892000000000000348e+00 5.000000000000000000e+00
1.387874516785144730e+00 -7.451758747100829527e-01 5.902000000000000135e+00 5.000000000000000000e+00
1.375874516785144941e+00 -7.401758747100830593e-01 5.866999999999999993e+00 5.000000000000000000e+00
1.377874516785144943e+00 -8.111758747100830114e-01 5.762000000000000455e+00 5.000000000000000000e+00
1.309874516785144882e+00 -8.051758747100830060e-01 5.677000000000000490e+00 5.000000000000000000e+00
1.304874516785144767e+00 -7.611758747100829670e-01 5.679000000000000270e+00 5.000000000000000000e+00
1.357874516785144925e+00 -8.251758747100830238e-01 5.735000000000000320e+00 5.000000000000000000e+00
1.357874516785144925e+00 -7.631758747100829687e-01 5.802000000000000490e+00 5.000000000000000000e+00
1.353874516785144921e+00 -7.651758747100829705e-01 5.775000000000000355e+00 5.000000000000000000e+00
1.361874516785144928e+00 -7.961758747100828870e-01 5.737000000000000099e+00 5.000000000000000000e+00
1.361874516785144928e+00 -7.831758747100829865e-01 5.754000000000000448e+00 5.000000000000000000e+00
1.355874516785144923e+00 -7.641758747100830806e-01 5.788999999999999702e+00 5.000000000000000000e+00
1.355874516785144923e+00 -8.141758747100829030e-01 5.735000000000000320e+00 5.000000000000000000e+00
1.354874516785144811e+00 -7.531758747100829599e-01 5.820999999999999730e+00 5.000000000000000000e+00
1.343874516785144912e+00 -7.601758747100830771e-01 5.783999999999999808e+00 5.000000000000000000e+00
1.355874516785144923e+00 -7.861758747100828781e-01 5.741999999999999993e+00 5.000000000000000000e+00
1.353874516785144921e+00 -7.431758747100829510e-01 5.844000000000000306e+00 5.000000000000000000e+00
1.352874516785144809e+00 -7.891758747100829918e-01 5.730999999999999872e+00 5.000000000000000000e+00
1.353874516785144921e+00 -7.321758747100830522e-01 5.871999999999999886e+00 5.000000000000000000e+00
1.352874516785144809e+00 -7.771758747100829812e-01 5.749000000000000554e+00 5.000000000000000000e+00
1.346874516785144804e+00 -7.371758747100829456e-01 5.863000000000000433e+00 5.000000000000000000e+00
1.343874516785144912e+00 -7.611758747100829670e-01 5.801000000000000156e+00 5.000000000000000000e+00
1.346874516785144804e+00 -7.481758747100830664e-01 5.836000000000000298e+00 5.000000000000000000e+00
1.354874516785144811e+00 -8.011758747100830025e-01 5.727999999999999758e+00 5.000000000000000000e+00
1.375874516785144941e+00 -8.001758747100828906e-01 5.764000000000000234e+00 5.000000000000000000e+00
1.375874516785144941e+00 -7.881758747100828799e-01 5.788000000000000256e+00 5.000000000000000000e+00
1.375874516785144941e+00 -7.741758747100828675e-01 5.790000000000000036e+00 5.000000000000000000e+00
1.383874516785144726e+00 -7.711758747100829758e-01 5.862000000000000099e+00 5.000000000000000000e+00
1.384874516785144838e+00 -8.071758747100830078e-01 5.774000000000000021e+00 5.000000000000000000e+00
1.325874516785144897e+00 -7.701758747100828639e-01 5.706000000000000405e+00 5.000000000000000000e+00
1.326874516785144786e+00 -7.941758747100828852e-01 5.693999999999999950e+00 5.000000000000000000e+00
1.344874516785144802e+00 -8.341758747100829208e-01 5.732000000000000206e+00 5.000000000000000000e+00
1.340874516785144799e+00 -7.731758747100829776e-01 5.738000000000000433e+00 5.000000000000000000e+00
1.340874516785144799e+00 -7.521758747100830700e-01 5.823999999999999844e+00 5.000000000000000000e+00
1.341874516785144911e+00 -7.611758747100829670e-01 5.770000000000000462e+00 5.000000000000000000e+00
1.315874516785144888e+00 -7.771758747100829812e-01 5.684000000000000163e+00 5.000000000000000000e+00
1.316874516785144777e+00 -8.011758747100830025e-01 5.685000000000000497e+00 5.000000000000000000e+00
1.312874516785144774e+00 -7.671758747100829723e-01 5.690999999999999837e+00 5.000000000000000000e+00
1.313874516785144886e+00 -7.551758747100829616e-01 5.701000000000000512e+00 5.000000000000000000e+00
1.368874516785144824e+00 -7.331758747100829421e-01 5.876000000000000334e+00 5.000000000000000000e+00
1.377874516785144943e+00 -7.381758747100830576e-01 5.879000000000000448e+00 5.000000000000000000e+00
1.376874516785144831e+00 -7.511758747100829581e-01 5.849000000000000199e+00 5.000000000000000000e+00
1.371874516785144937e+00 -8.031758747100830043e-01 5.751000000000000334e+00 5.000000000000000000e+00
1.371874516785144937e+00 -7.901758747100828817e-01 5.761000000000000121e+00 5.000000000000000000e+00
1.371874516785144937e+00 -7.661758747100828604e-01 5.826999999999999957e+00 5.000000000000000000e+00
1.374874516785144829e+00 -7.881758747100828799e-01 5.774000000000000021e+00 5.000000000000000000e+00
1.380874516785144834e+00 -7.971758747100829989e-01 5.774000000000000021e+00 5.000000000000000000e+00
1.380874516785144834e+00 -7.491758747100829563e-01 5.876999999999999780e+00 5.000000000000000000e+00
1.387874516785144730e+00 -8.051758747100830060e-01 5.786000000000000476e+00 5.000000000000000000e+00
1.387874516785144730e+00 -7.331758747100829421e-01 5.902000000000000135e+00 5.000000000000000000e+00
1.367874516785144934e+00 -7.791758747100829829e-01 5.764000000000000234e+00 5.000000000000000000e+00
1.368874516785144824e+00 -7.681758747100828622e-01 5.812999999999999723e+00 5.000000000000000000e+00
1.310874516785144772e+00 -7.681758747100828622e-01 5.677999999999999936e+00 5.000000000000000000e+00
1.965874516785144799e+00 5.168241252899168359e-01 5.967000000000000526e+00 0.000000000000000000e+00
2.152874516785144632e+00 4.578241252899171165e-01 6.004000000000000448e+00 -1.000000000000000000e+00
1.963874516785144797e+00 5.048241252899172693e-01 5.964000000000000412e+00 0.000000000000000000e+00
1.966874516785144911e+00 4.958241252899169282e-01 5.964999999999999858e+00 0.000000000000000000e+00
1.632874516785144836e+00 -9.961758747100830647e-01 5.993000000000000327e+00 5.000000000000000000e+00
1.633874516785144948e+00 -9.571758747100829190e-01 5.998000000000000220e+00 5.000000000000000000e+00
1.629874516785144944e+00 -9.601758747100830327e-01 5.987000000000000099e+00 5.000000000000000000e+00
1.636874516785144840e+00 -9.681758747100830398e-01 5.999000000000000554e+00 5.000000000000000000e+00
1.621874516785144937e+00 -9.541758747100830274e-01 5.993000000000000327e+00 5.000000000000000000e+00
1.483874516785144815e+00 -8.961758747100829758e-01 5.879999999999999893e+00 5.000000000000000000e+00
1.640874516785144843e+00 -9.771758747100829368e-01 5.996000000000000441e+00 5.000000000000000000e+00
1.567874516785144889e+00 -9.311758747100828959e-01 5.940000000000000391e+00 5.000000000000000000e+00
1.609874516785144927e+00 -9.741758747100830451e-01 5.959000000000000519e+00 5.000000000000000000e+00
1.574874516785144785e+00 -9.391758747100829030e-01 5.934000000000000163e+00 5.000000000000000000e+00
1.584874516785144793e+00 -9.441758747100830185e-01 5.932999999999999829e+00 5.000000000000000000e+00
1.578874516785144788e+00 -9.371758747100829012e-01 5.945000000000000284e+00 5.000000000000000000e+00
1.578874516785144788e+00 -9.371758747100829012e-01 5.961999999999999744e+00 5.000000000000000000e+00
1.586874516785144795e+00 -9.541758747100830274e-01 5.935999999999999943e+00 5.000000000000000000e+00
1.554874516785144767e+00 -9.401758747100830149e-01 5.905000000000000249e+00 5.000000000000000000e+00
1.593874516785144912e+00 -9.791758747100829385e-01 5.948000000000000398e+00 5.000000000000000000e+00
1.519874516785144847e+00 -9.661758747100830380e-01 5.891000000000000014e+00 5.000000000000000000e+00
1.519874516785144847e+00 -9.301758747100830060e-01 5.876000000000000334e+00 5.000000000000000000e+00
1.522874516785144738e+00 -9.161758747100829936e-01 5.889999999999999680e+00 5.000000000000000000e+00
1.593874516785144912e+00 -9.491758747100829119e-01 5.943999999999999950e+00 5.000000000000000000e+00
1.600874516785144808e+00 -9.691758747100829297e-01 5.948999999999999844e+00 5.000000000000000000e+00
1.522874516785144738e+00 -9.161758747100829936e-01 5.907000000000000028e+00 5.000000000000000000e+00
1.521874516785144849e+00 -9.521758747100830256e-01 5.875000000000000000e+00 5.000000000000000000e+00
1.565874516785144888e+00 -9.321758747100830078e-01 5.926000000000000156e+00 5.000000000000000000e+00
1.610874516785144817e+00 -9.521758747100830256e-01 6.006000000000000227e+00 5.000000000000000000e+00
1.620874516785144825e+00 -9.431758747100829066e-01 5.977999999999999758e+00 5.000000000000000000e+00
1.563874516785144886e+00 -9.471758747100829101e-01 5.911999999999999922e+00 5.000000000000000000e+00
1.587874516785144907e+00 -9.421758747100830167e-01 5.947000000000000064e+00 5.000000000000000000e+00
1.588874516785144797e+00 -9.421758747100830167e-01 5.977000000000000313e+00 5.000000000000000000e+00
1.511874516785144840e+00 -9.131758747100828799e-01 5.905999999999999694e+00 5.000000000000000000e+00
1.565874516785144888e+00 -9.331758747100828977e-01 5.956999999999999851e+00 5.000000000000000000e+00
1.581874516785144902e+00 -9.701758747100830416e-01 5.935999999999999943e+00 5.000000000000000000e+00
1.575874516785144897e+00 -9.501758747100830238e-01 5.926000000000000156e+00 5.000000000000000000e+00
1.560874516785144772e+00 -9.361758747100830114e-01 5.913999999999999702e+00 5.000000000000000000e+00
1.554874516785144767e+00 -9.651758747100829261e-01 5.913999999999999702e+00 5.000000000000000000e+00
1.546874516785144760e+00 -9.241758747100830007e-01 5.916999999999999815e+00 5.000000000000000000e+00
1.579874516785144900e+00 -9.591758747100829208e-01 5.927000000000000490e+00 5.000000000000000000e+00
1.542874516785144756e+00 -9.271758747100828923e-01 5.905000000000000249e+00 5.000000000000000000e+00
1.555874516785144879e+00 -9.531758747100829154e-01 5.905000000000000249e+00 5.000000000000000000e+00
1.555874516785144879e+00 -9.291758747100828941e-01 5.923000000000000043e+00 5.000000000000000000e+00
1.530874516785144746e+00 -9.221758747100829989e-01 5.895000000000000462e+00 5.000000000000000000e+00
1.502874516785144943e+00 -9.051758747100828728e-01 5.876000000000000334e+00 5.000000000000000000e+00
1.512874516785144730e+00 -9.111758747100828781e-01 5.887999999999999901e+00 5.000000000000000000e+00
1.513874516785144841e+00 -9.701758747100830416e-01 5.881000000000000227e+00 5.000000000000000000e+00
1.606874516785144813e+00 -9.641758747100830362e-01 5.959999999999999964e+00 5.000000000000000000e+00
1.570874516785144781e+00 -9.421758747100830167e-01 5.919999999999999929e+00 5.000000000000000000e+00
1.511874516785144840e+00 -1.010175874710083077e+00 5.931000000000000050e+00 5.000000000000000000e+00
1.494874516785144936e+00 -9.361758747100830114e-01 5.854000000000000092e+00 5.000000000000000000e+00
1.491874516785144822e+00 -9.501758747100830238e-01 5.854000000000000092e+00 5.000000000000000000e+00
1.534874516785144749e+00 -9.201758747100829972e-01 5.908999999999999808e+00 5.000000000000000000e+00
1.536874516785144751e+00 -9.671758747100829279e-01 5.905999999999999694e+00 5.000000000000000000e+00
1.537874516785144863e+00 -9.411758747100829048e-01 5.892000000000000348e+00 5.000000000000000000e+00
1.505874516785144834e+00 -9.161758747100829936e-01 5.863999999999999879e+00 5.000000000000000000e+00
1.501874516785144831e+00 -9.061758747100829847e-01 5.894000000000000128e+00 5.000000000000000000e+00
1.502874516785144943e+00 -1.004175874710083072e+00 5.900999999999999801e+00 5.000000000000000000e+00
1.507874516785144836e+00 -1.001175874710082958e+00 5.911000000000000476e+00 5.000000000000000000e+00
1.512874516785144730e+00 -9.481758747100830220e-01 5.870000000000000107e+00 5.000000000000000000e+00
1.512874516785144730e+00 -9.351758747100828995e-01 5.866000000000000547e+00 5.000000000000000000e+00
1.512874516785144730e+00 -9.231758747100828888e-01 5.866999999999999993e+00 5.000000000000000000e+00
1.502874516785144943e+00 -9.421758747100830167e-01 5.858999999999999986e+00 5.000000000000000000e+00
1.526874516785144742e+00 -9.251758747100828906e-01 5.884999999999999787e+00 5.000000000000000000e+00
1.551874516785144875e+00 -9.301758747100830060e-01 5.908999999999999808e+00 5.000000000000000000e+00
1.557874516785144881e+00 -9.271758747100828923e-01 5.935999999999999943e+00 5.000000000000000000e+00
1.566874516785144777e+00 -9.691758747100829297e-01 5.924999999999999822e+00 5.000000000000000000e+00
1.566874516785144777e+00 -9.561758747100830291e-01 5.916999999999999815e+00 5.000000000000000000e+00
1.546874516785144760e+00 -9.341758747100830096e-01 5.899000000000000021e+00 5.000000000000000000e+00
1.492874516785144934e+00 -9.001758747100829794e-01 5.883000000000000007e+00 5.000000000000000000e+00
1.497874516785144827e+00 -9.081758747100829865e-01 5.866000000000000547e+00 5.000000000000000000e+00
1.512874516785144730e+00 -9.971758747100829545e-01 5.924999999999999822e+00 5.000000000000000000e+00
1.520874516785144737e+00 -9.411758747100829048e-01 5.876000000000000334e+00 5.000000000000000000e+00
1.490874516785144932e+00 -9.021758747100829812e-01 5.870000000000000107e+00 5.000000000000000000e+00
1.533874516785144859e+00 -9.211758747100828870e-01 5.924999999999999822e+00 5.000000000000000000e+00
1.534874516785144749e+00 -9.551758747100829172e-01 5.892999999999999794e+00 5.000000000000000000e+00
1.529874516785144856e+00 -9.351758747100828995e-01 5.884000000000000341e+00 5.000000000000000000e+00
1.506874516785144724e+00 -1.013175874710082969e+00 5.916999999999999815e+00 5.000000000000000000e+00
1.507874516785144836e+00 -9.621758747100830345e-01 5.871999999999999886e+00 5.000000000000000000e+00
1.508874516785144726e+00 -9.141758747100829918e-01 5.876999999999999780e+00 5.000000000000000000e+00
1.505874516785144834e+00 -9.281758747100830043e-01 5.860000000000000320e+00 5.000000000000000000e+00
1.499874516785144829e+00 -9.941758747100830629e-01 5.895000000000000462e+00 5.000000000000000000e+00
1.500874516785144941e+00 -9.561758747100830291e-01 5.863999999999999879e+00 5.000000000000000000e+00
1.530874516785144746e+00 -9.461758747100830202e-01 5.882000000000000561e+00 5.000000000000000000e+00
1.519874516785144847e+00 -9.181758747100829954e-01 5.878000000000000114e+00 5.000000000000000000e+00
1.538874516785144753e+00 -9.291758747100828941e-01 5.891000000000000014e+00 5.000000000000000000e+00
1.545874516785144870e+00 -9.461758747100830202e-01 5.895999999999999908e+00 5.000000000000000000e+00
1.545874516785144870e+00 -9.251758747100828906e-01 5.932000000000000384e+00 5.000000000000000000e+00
1.624874516785144829e+00 -9.531758747100829154e-01 6.006000000000000227e+00 5.000000000000000000e+00
2.843874516785144912e+00 -1.385175874710083077e+00 5.110000000000000320e+00 -1.000000000000000000e+00
2.338745167851448148e-01 -2.509175874710082965e+00 4.761000000000000121e+00 7.000000000000000000e+00
2.418745167851448219e-01 -2.489175874710082947e+00 4.754999999999999893e+00 7.000000000000000000e+00
2.468745167851447986e-01 -2.510175874710082855e+00 4.738999999999999879e+00 7.000000000000000000e+00
2.408745167851448210e-01 -2.457175874710082919e+00 4.741999999999999993e+00 7.000000000000000000e+00
2.418745167851448219e-01 -2.507175874710083185e+00 4.756000000000000227e+00 7.000000000000000000e+00
2.518745167851448308e-01 -2.509175874710082965e+00 4.753000000000000114e+00 7.000000000000000000e+00
2.538745167851448326e-01 -2.512175874710083079e+00 4.753000000000000114e+00 7.000000000000000000e+00
2.518745167851448308e-01 -2.491175874710083171e+00 4.753000000000000114e+00 7.000000000000000000e+00
2.338745167851448148e-01 -2.540175874710083104e+00 4.758000000000000007e+00 7.000000000000000000e+00
2.418745167851448219e-01 -2.543175874710083217e+00 4.756000000000000227e+00 7.000000000000000000e+00
2.418745167851448219e-01 -2.528175874710083093e+00 4.756999999999999673e+00 7.000000000000000000e+00
2.338745167851448148e-01 -2.526175874710082869e+00 4.761000000000000121e+00 7.000000000000000000e+00
2.518745167851448308e-01 -2.530175874710082873e+00 4.756999999999999673e+00 7.000000000000000000e+00
2.361874516785144706e+00 -1.589175874710083036e+00 5.841000000000000192e+00 -1.000000000000000000e+00
2.360874516785144817e+00 -1.602175874710082937e+00 5.834000000000000519e+00 -1.000000000000000000e+00
2.358874516785145037e+00 -1.579175874710083027e+00 5.833000000000000185e+00 -1.000000000000000000e+00
2.358874516785145037e+00 -1.592175874710083150e+00 5.831000000000000405e+00 -1.000000000000000000e+00
2.348745167851448157e-01 -2.446175874710082798e+00 4.767000000000000348e+00 7.000000000000000000e+00
2.348745167851448157e-01 -2.433175874710082898e+00 4.770999999999999908e+00 7.000000000000000000e+00
2.338745167851448148e-01 -2.493175874710082951e+00 4.764000000000000234e+00 7.000000000000000000e+00
1.498745167851447957e-01 -2.508175874710083075e+00 4.913999999999999702e+00 7.000000000000000000e+00
1.898745167851448035e-01 -2.484175874710083054e+00 4.865000000000000213e+00 7.000000000000000000e+00
1.968745167851448097e-01 -2.475175874710083157e+00 4.849000000000000199e+00 7.000000000000000000e+00
1.808745167851448232e-01 -2.494175874710082841e+00 4.860000000000000320e+00 7.000000000000000000e+00
2.058745167851447899e-01 -2.474175874710082823e+00 4.839999999999999858e+00 7.000000000000000000e+00
1.738745167851448170e-01 -2.493175874710082951e+00 4.884999999999999787e+00 7.000000000000000000e+00
1.818745167851448241e-01 -2.488175874710083058e+00 4.870000000000000107e+00 7.000000000000000000e+00
2.518745167851448308e-01 -2.437175874710082901e+00 4.753000000000000114e+00 7.000000000000000000e+00
2.338745167851448148e-01 -2.557175874710083008e+00 4.758000000000000007e+00 7.000000000000000000e+00
2.258745167851448077e-01 -2.555175874710083228e+00 4.764999999999999680e+00 7.000000000000000000e+00
2.428745167851448228e-01 -2.425175874710082891e+00 4.759999999999999787e+00 7.000000000000000000e+00
2.428745167851448228e-01 -2.440175874710083015e+00 4.756999999999999673e+00 7.000000000000000000e+00
1.888745167851448026e-01 -2.486175874710082834e+00 4.850999999999999979e+00 7.000000000000000000e+00
2.368745167851448175e-01 -2.437175874710082901e+00 4.788999999999999702e+00 7.000000000000000000e+00
2.138745167851447970e-01 -2.470175874710082820e+00 4.836999999999999744e+00 7.000000000000000000e+00
1.728745167851448161e-01 -2.495175874710083175e+00 4.873000000000000220e+00 7.000000000000000000e+00
1.658745167851448099e-01 -2.498175874710082844e+00 4.892000000000000348e+00 7.000000000000000000e+00
1.648745167851448090e-01 -2.507175874710083185e+00 4.883000000000000007e+00 7.000000000000000000e+00
1.578745167851448028e-01 -2.503175874710083182e+00 4.900999999999999801e+00 7.000000000000000000e+00
1.958745167851448088e-01 -2.483175874710083164e+00 4.841000000000000192e+00 7.000000000000000000e+00
2.128745167851447961e-01 -2.470175874710082820e+00 4.820999999999999730e+00 7.000000000000000000e+00
2.048745167851447890e-01 -2.482175874710082830e+00 4.831999999999999851e+00 7.000000000000000000e+00
2.208745167851448032e-01 -2.461175874710082923e+00 4.820999999999999730e+00 7.000000000000000000e+00
3.122874516785144827e+00 -6.441758747100829741e-01 5.953000000000000291e+00 0.000000000000000000e+00
3.137874516785144952e+00 -6.211758747100830647e-01 5.961999999999999744e+00 0.000000000000000000e+00
3.137874516785144952e+00 -5.981758747100829332e-01 5.988999999999999879e+00 0.000000000000000000e+00
3.138874516785144841e+00 -6.091758747100830540e-01 5.967000000000000526e+00 0.000000000000000000e+00
3.114874516785144820e+00 -6.621758747100829900e-01 5.942000000000000171e+00 0.000000000000000000e+00
3.129874516785144944e+00 -6.281758747100829599e-01 5.956999999999999851e+00 0.000000000000000000e+00
3.130874516785144834e+00 -6.491758747100828675e-01 5.956000000000000405e+00 0.000000000000000000e+00
3.163874516785144753e+00 -5.901758747100829261e-01 6.017999999999999794e+00 0.000000000000000000e+00
3.151874516785144742e+00 -6.001758747100829350e-01 5.998000000000000220e+00 0.000000000000000000e+00
3.173874516785144984e+00 -6.361758747100829670e-01 5.975999999999999979e+00 0.000000000000000000e+00
3.157874516785144969e+00 -5.941758747100829297e-01 6.008000000000000007e+00 0.000000000000000000e+00
3.145874516785144959e+00 -6.041758747100829385e-01 5.990000000000000213e+00 0.000000000000000000e+00
3.184874516785144660e+00 -6.261758747100829581e-01 5.980000000000000426e+00 0.000000000000000000e+00
3.184874516785144660e+00 -5.741758747100829119e-01 6.040000000000000036e+00 0.000000000000000000e+00
3.203874516785144788e+00 -5.901758747100829261e-01 5.999000000000000554e+00 0.000000000000000000e+00
3.157874516785144969e+00 -5.711758747100830202e-01 6.025999999999999801e+00 0.000000000000000000e+00
3.213874516785145019e+00 -6.031758747100830487e-01 5.993999999999999773e+00 0.000000000000000000e+00
3.193874516785145001e+00 -5.981758747100829332e-01 5.996000000000000441e+00 0.000000000000000000e+00
3.204874516785144678e+00 -6.221758747100829545e-01 5.988000000000000433e+00 0.000000000000000000e+00
3.203874516785144788e+00 -6.111758747100830558e-01 5.990000000000000213e+00 0.000000000000000000e+00
3.214874516785144909e+00 -5.811758747100830291e-01 6.003000000000000114e+00 0.000000000000000000e+00
3.215874516785144799e+00 -6.241758747100829563e-01 5.996999999999999886e+00 0.000000000000000000e+00
3.215874516785144799e+00 -6.141758747100829474e-01 6.006000000000000227e+00 0.000000000000000000e+00
3.213874516785145019e+00 -6.151758747100830593e-01 5.991000000000000547e+00 0.000000000000000000e+00
3.175874516785144763e+00 -5.811758747100830291e-01 6.035000000000000142e+00 0.000000000000000000e+00
3.166874516785144866e+00 -5.641758747100829030e-01 6.030000000000000249e+00 0.000000000000000000e+00
3.175874516785144763e+00 -6.311758747100830735e-01 6.007000000000000561e+00 0.000000000000000000e+00
3.162874516785144863e+00 -6.351758747100830771e-01 5.969999999999999751e+00 0.000000000000000000e+00
3.150874516785144852e+00 -6.121758747100829456e-01 5.996999999999999886e+00 0.000000000000000000e+00
3.150874516785144852e+00 -5.881758747100829243e-01 6.006000000000000227e+00 0.000000000000000000e+00
3.171874516785144760e+00 -5.711758747100830202e-01 6.028999999999999915e+00 0.000000000000000000e+00
3.182874516785144881e+00 -6.081758747100829421e-01 5.993000000000000327e+00 0.000000000000000000e+00
3.183874516785144770e+00 -5.501758747100828906e-01 6.044000000000000483e+00 0.000000000000000000e+00
3.178874516785144877e+00 -5.651758747100830149e-01 6.036000000000000476e+00 0.000000000000000000e+00
3.188874516785144664e+00 -6.121758747100829456e-01 5.987000000000000099e+00 0.000000000000000000e+00
3.169874516785144980e+00 -5.511758747100827804e-01 6.054999999999999716e+00 0.000000000000000000e+00
3.170874516785144870e+00 -5.841758747100829208e-01 6.025000000000000355e+00 0.000000000000000000e+00
3.174874516785144873e+00 -5.571758747100830078e-01 6.038000000000000256e+00 0.000000000000000000e+00
3.157874516785144969e+00 -5.821758747100829190e-01 6.012000000000000455e+00 0.000000000000000000e+00
3.119874516785144714e+00 -6.351758747100830771e-01 5.951999999999999957e+00 0.000000000000000000e+00
3.119874516785144714e+00 -6.241758747100829563e-01 5.955000000000000071e+00 0.000000000000000000e+00
3.164874516785145087e+00 -5.771758747100830256e-01 6.022000000000000242e+00 0.000000000000000000e+00
3.164874516785145087e+00 -5.551758747100827840e-01 6.044999999999999929e+00 0.000000000000000000e+00
3.168874516785145090e+00 -6.181758747100829510e-01 5.975999999999999979e+00 0.000000000000000000e+00
3.108874516785145037e+00 -6.671758747100828835e-01 5.934000000000000163e+00 0.000000000000000000e+00
3.109874516785144927e+00 -6.771758747100828923e-01 5.935999999999999943e+00 0.000000000000000000e+00
3.107874516785144703e+00 -6.551758747100828728e-01 5.939000000000000057e+00 0.000000000000000000e+00
3.107874516785144703e+00 -6.351758747100830771e-01 5.953999999999999737e+00 0.000000000000000000e+00
3.083874516785144682e+00 -6.751758747100828906e-01 5.916999999999999815e+00 0.000000000000000000e+00
3.093874516785144912e+00 -6.791758747100828941e-01 5.918000000000000149e+00 0.000000000000000000e+00
3.095874516785144692e+00 -6.981758747100830220e-01 5.921999999999999709e+00 0.000000000000000000e+00
3.095874516785144692e+00 -6.881758747100830131e-01 5.919999999999999929e+00 0.000000000000000000e+00
3.091874516785144689e+00 -7.021758747100830256e-01 5.942000000000000171e+00 0.000000000000000000e+00
3.092874516785145023e+00 -6.681758747100829954e-01 5.924000000000000377e+00 0.000000000000000000e+00
3.096874516785145026e+00 -6.431758747100828622e-01 5.950000000000000178e+00 0.000000000000000000e+00
3.084874516785145016e+00 -6.641758747100829918e-01 5.929000000000000270e+00 0.000000000000000000e+00
3.075874516785144674e+00 -6.711758747100828870e-01 5.924000000000000377e+00 0.000000000000000000e+00
3.102874516785144809e+00 -6.501758747100829794e-01 5.940000000000000391e+00 0.000000000000000000e+00
3.104874516785145033e+00 -6.801758747100830060e-01 5.924000000000000377e+00 0.000000000000000000e+00
3.092874516785145023e+00 -6.571758747100828746e-01 5.934000000000000163e+00 0.000000000000000000e+00
3.085874516785144905e+00 -6.861758747100830114e-01 5.913000000000000256e+00 0.000000000000000000e+00
3.160874516785145083e+00 -6.251758747100830682e-01 5.969000000000000306e+00 0.000000000000000000e+00
3.156874516785145079e+00 -6.171758747100830611e-01 5.993000000000000327e+00 0.000000000000000000e+00
3.171874516785144760e+00 -6.261758747100829581e-01 5.975999999999999979e+00 0.000000000000000000e+00
3.150874516785144852e+00 -6.211758747100830647e-01 5.969000000000000306e+00 0.000000000000000000e+00
3.182874516785144881e+00 -6.181758747100829510e-01 5.979000000000000092e+00 0.000000000000000000e+00
3.193874516785145001e+00 -5.671758747100830167e-01 6.046999999999999709e+00 0.000000000000000000e+00
3.194874516785144891e+00 -6.181758747100829510e-01 5.983000000000000540e+00 0.000000000000000000e+00
3.099874516785144696e+00 -6.631758747100828799e-01 5.931000000000000050e+00 0.000000000000000000e+00
3.101874516785144920e+00 -6.721758747100829989e-01 5.927000000000000490e+00 0.000000000000000000e+00
3.186874516785144884e+00 -5.591758747100830096e-01 6.044000000000000483e+00 0.000000000000000000e+00
3.117874516785144934e+00 -6.711758747100828870e-01 5.958000000000000185e+00 0.000000000000000000e+00
3.120874516785145047e+00 -6.581758747100829865e-01 5.953000000000000291e+00 0.000000000000000000e+00
3.117874516785144934e+00 -6.711758747100828870e-01 5.942000000000000171e+00 0.000000000000000000e+00
3.156874516785145079e+00 -6.161758747100829492e-01 5.977999999999999758e+00 0.000000000000000000e+00
3.145874516785144959e+00 -6.151758747100830593e-01 5.969000000000000306e+00 0.000000000000000000e+00
3.229874516785145033e+00 -6.911758747100829048e-01 5.996000000000000441e+00 0.000000000000000000e+00
3.225874516785145030e+00 -6.281758747100829599e-01 6.015000000000000568e+00 0.000000000000000000e+00
3.199874516785144785e+00 -6.041758747100829385e-01 5.991000000000000547e+00 0.000000000000000000e+00
3.217874516785145023e+00 -6.231758747100830664e-01 6.011000000000000121e+00 0.000000000000000000e+00
3.209874516785145016e+00 -5.951758747100830416e-01 5.993999999999999773e+00 0.000000000000000000e+00
3.231874516785144813e+00 -5.881758747100829243e-01 6.004000000000000448e+00 0.000000000000000000e+00
3.223874516785144806e+00 -5.731758747100830220e-01 6.007000000000000561e+00 0.000000000000000000e+00
3.220874516785144692e+00 -6.321758747100829634e-01 6.004000000000000448e+00 0.000000000000000000e+00
3.220874516785144692e+00 -5.871758747100830345e-01 6.000000000000000000e+00 0.000000000000000000e+00
3.221874516785145026e+00 -6.441758747100829741e-01 6.016000000000000014e+00 0.000000000000000000e+00
3.221874516785145026e+00 -5.961758747100829314e-01 6.000000000000000000e+00 0.000000000000000000e+00
3.175874516785144763e+00 -6.131758747100830576e-01 5.983999999999999986e+00 0.000000000000000000e+00
3.235874516785144817e+00 -6.321758747100829634e-01 6.017000000000000348e+00 0.000000000000000000e+00
3.230874516785144923e+00 -5.781758747100829154e-01 6.004000000000000448e+00 0.000000000000000000e+00
3.115874516785144710e+00 -6.491758747100828675e-01 5.945000000000000284e+00 0.000000000000000000e+00
3.142874516785144845e+00 -5.941758747100829297e-01 5.998000000000000220e+00 0.000000000000000000e+00
3.142874516785144845e+00 -5.831758747100830309e-01 6.009999999999999787e+00 0.000000000000000000e+00
3.148874516785145072e+00 -6.121758747100829456e-01 5.982000000000000206e+00 0.000000000000000000e+00
3.110874516785144817e+00 -6.431758747100828622e-01 5.945999999999999730e+00 0.000000000000000000e+00
3.149874516785144962e+00 -6.331758747100830753e-01 5.966000000000000192e+00 0.000000000000000000e+00
3.148874516785145072e+00 -5.781758747100829154e-01 6.017999999999999794e+00 0.000000000000000000e+00
3.142874516785144845e+00 -6.071758747100830522e-01 5.977999999999999758e+00 0.000000000000000000e+00
3.132874516785145058e+00 -6.351758747100830771e-01 5.956999999999999851e+00 0.000000000000000000e+00
3.140874516785145065e+00 -6.421758747100829723e-01 5.961999999999999744e+00 0.000000000000000000e+00
3.140874516785145065e+00 -6.291758747100830718e-01 5.963000000000000078e+00 0.000000000000000000e+00
1.528874516785144744e+00 -9.711758747100829314e-01 5.171000000000000263e+00 8.000000000000000000e+00
1.526874516785144742e+00 -9.981758747100830664e-01 5.166999999999999815e+00 8.000000000000000000e+00
1.512874516785144730e+00 -9.521758747100830256e-01 5.105999999999999872e+00 8.000000000000000000e+00
1.529874516785144856e+00 -9.841758747100830540e-01 5.166000000000000369e+00 8.000000000000000000e+00
1.239874516785144820e+00 -1.721758747100827769e-01 6.217999999999999972e+00 9.000000000000000000e+00
1.247874516785144827e+00 -1.141758747100829474e-01 6.307999999999999829e+00 9.000000000000000000e+00
1.228874516785144921e+00 -1.681758747100827733e-01 6.222999999999999865e+00 9.000000000000000000e+00
1.237874516785144818e+00 -1.621758747100829900e-01 6.230999999999999872e+00 9.000000000000000000e+00
1.247874516785144827e+00 -1.351758747100828550e-01 6.267999999999999794e+00 9.000000000000000000e+00
1.245874516785144825e+00 -1.251758747100830682e-01 6.286000000000000476e+00 9.000000000000000000e+00
1.255874516785144834e+00 -1.081758747100831641e-01 6.315000000000000391e+00 9.000000000000000000e+00
1.254874516785144722e+00 -1.421758747100829723e-01 6.275999999999999801e+00 9.000000000000000000e+00
1.252874516785144721e+00 -1.421758747100829723e-01 6.262000000000000455e+00 9.000000000000000000e+00
1.259874516785144838e+00 -1.281758747100827378e-01 6.291000000000000369e+00 9.000000000000000000e+00
1.258874516785144726e+00 -1.391758747100828586e-01 6.288999999999999702e+00 9.000000000000000000e+00
1.258874516785144726e+00 -9.617587471008315347e-02 6.333000000000000185e+00 9.000000000000000000e+00
1.253874516785144833e+00 -1.311758747100828515e-01 6.280000000000000249e+00 9.000000000000000000e+00
1.265874516785144843e+00 -1.121758747100831677e-01 6.315999999999999837e+00 9.000000000000000000e+00
1.260874516785144728e+00 -1.151758747100828373e-01 6.304000000000000270e+00 9.000000000000000000e+00
1.252874516785144721e+00 -1.201758747100831748e-01 6.294000000000000483e+00 9.000000000000000000e+00
1.262874516785144730e+00 -1.261758747100829581e-01 6.302999999999999936e+00 9.000000000000000000e+00
1.544874516785144758e+00 -1.402175874710082981e+00 6.132000000000000561e+00 5.000000000000000000e+00
1.561874516785144884e+00 -1.414175874710082992e+00 6.137000000000000455e+00 5.000000000000000000e+00
1.655874516785144746e+00 -1.444175874710083018e+00 6.262999999999999901e+00 5.000000000000000000e+00
1.550874516785144763e+00 -1.408175874710082986e+00 6.121999999999999886e+00 5.000000000000000000e+00
1.563874516785144886e+00 -1.424175874710083001e+00 6.142999999999999794e+00 5.000000000000000000e+00
1.577874516785144898e+00 -1.426175874710083002e+00 6.166000000000000369e+00 5.000000000000000000e+00
1.563874516785144886e+00 -1.412175874710082990e+00 6.150000000000000355e+00 5.000000000000000000e+00
1.546874516785144760e+00 -1.399175874710083090e+00 6.115000000000000213e+00 5.000000000000000000e+00
1.554874516785144767e+00 -1.406175874710082985e+00 6.134999999999999787e+00 5.000000000000000000e+00
1.572874516785144783e+00 -1.429175874710082894e+00 6.155000000000000249e+00 5.000000000000000000e+00
1.569874516785144891e+00 -1.420175874710082997e+00 6.169000000000000483e+00 5.000000000000000000e+00
1.571874516785144893e+00 -1.419175874710082885e+00 6.152000000000000135e+00 5.000000000000000000e+00
1.587874516785144907e+00 -1.432175874710083008e+00 6.174999999999999822e+00 5.000000000000000000e+00
1.601874516785144920e+00 -1.435175874710082899e+00 6.195999999999999730e+00 5.000000000000000000e+00
1.591874516785144911e+00 -1.429175874710082894e+00 6.187999999999999723e+00 5.000000000000000000e+00
1.348874516785144806e+00 -7.531758747100829599e-01 6.384999999999999787e+00 1.000000000000000000e+01
1.321874516785144893e+00 -7.321758747100830522e-01 6.322000000000000064e+00 1.000000000000000000e+01
1.322874516785144783e+00 -8.051758747100830060e-01 6.310999999999999943e+00 1.000000000000000000e+01
1.394874516785144847e+00 -7.821758747100828746e-01 6.426000000000000156e+00 1.000000000000000000e+01
1.326874516785144786e+00 -8.151758747100830149e-01 6.312999999999999723e+00 1.000000000000000000e+01
1.326874516785144786e+00 -7.301758747100830504e-01 6.350999999999999979e+00 1.000000000000000000e+01
1.327874516785144898e+00 -7.411758747100829492e-01 6.350999999999999979e+00 1.000000000000000000e+01
1.353874516785144921e+00 -7.501758747100830682e-01 6.397000000000000242e+00 1.000000000000000000e+01
1.306874516785144769e+00 -7.301758747100830504e-01 6.323000000000000398e+00 1.000000000000000000e+01
1.372874516785144827e+00 -7.741758747100828675e-01 6.411999999999999922e+00 1.000000000000000000e+01
1.311874516785144884e+00 -7.261758747100830469e-01 6.336000000000000298e+00 1.000000000000000000e+01
1.385874516785144728e+00 -7.761758747100828693e-01 6.435999999999999943e+00 1.000000000000000000e+01
1.328874516785144788e+00 -7.291758747100829385e-01 6.366999999999999993e+00 1.000000000000000000e+01
1.343874516785144912e+00 -7.441758747100830629e-01 6.402000000000000135e+00 1.000000000000000000e+01
1.342874516785144801e+00 -7.571758747100829634e-01 6.375000000000000000e+00 1.000000000000000000e+01
1.344874516785144802e+00 -7.431758747100829510e-01 6.384999999999999787e+00 1.000000000000000000e+01
1.305874516785144879e+00 -7.191758747100829297e-01 6.326999999999999957e+00 1.000000000000000000e+01
1.335874516785144905e+00 -7.481758747100830664e-01 6.358999999999999986e+00 1.000000000000000000e+01
1.335874516785144905e+00 -7.371758747100829456e-01 6.392000000000000348e+00 1.000000000000000000e+01
1.339874516785144909e+00 -7.461758747100830647e-01 6.371000000000000441e+00 1.000000000000000000e+01
1.299874516785144873e+00 -7.341758747100830540e-01 6.314000000000000057e+00 1.000000000000000000e+01
1.336874516785144795e+00 -7.611758747100829670e-01 6.365000000000000213e+00 1.000000000000000000e+01
1.380874516785144834e+00 -7.681758747100828622e-01 6.435999999999999943e+00 1.000000000000000000e+01
1.323874516785144895e+00 -7.331758747100829421e-01 6.387999999999999901e+00 1.000000000000000000e+01
1.380874516785144834e+00 -7.791758747100829829e-01 6.424000000000000377e+00 1.000000000000000000e+01
1.377874516785144943e+00 -7.701758747100828639e-01 6.423000000000000043e+00 1.000000000000000000e+01
1.331874516785144902e+00 -7.381758747100830576e-01 6.360999999999999766e+00 1.000000000000000000e+01
1.325874516785144897e+00 -7.551758747100829616e-01 6.352000000000000313e+00 1.000000000000000000e+01
1.316874516785144777e+00 -7.231758747100829332e-01 6.347000000000000419e+00 1.000000000000000000e+01
1.335874516785144905e+00 -7.371758747100829456e-01 6.376000000000000334e+00 1.000000000000000000e+01
7.848745167851448601e-01 -2.961758747100828870e-01 5.902000000000000135e+00 2.000000000000000000e+00
7.828745167851448583e-01 -2.861758747100831002e-01 5.905000000000000249e+00 2.000000000000000000e+00
8.058745167851447677e-01 -2.721758747100828657e-01 5.892999999999999794e+00 2.000000000000000000e+00
7.748745167851448512e-01 -2.911758747100829936e-01 5.897000000000000242e+00 2.000000000000000000e+00
7.708745167851448477e-01 -2.701758747100830860e-01 5.900999999999999801e+00 2.000000000000000000e+00
7.968745167851448707e-01 -2.661758747100830824e-01 5.873000000000000220e+00 2.000000000000000000e+00
7.688745167851448459e-01 -2.831758747100829865e-01 5.913000000000000256e+00 2.000000000000000000e+00
7.988745167851448725e-01 -2.671758747100829723e-01 5.903999999999999915e+00 2.000000000000000000e+00
7.918745167851448663e-01 -2.671758747100829723e-01 5.903000000000000469e+00 2.000000000000000000e+00
7.768745167851448530e-01 -2.661758747100830824e-01 5.897999999999999687e+00 2.000000000000000000e+00
7.988745167851448725e-01 -2.731758747100827556e-01 5.897000000000000242e+00 2.000000000000000000e+00
7.848745167851448601e-01 -2.681758747100828622e-01 5.897999999999999687e+00 2.000000000000000000e+00
8.068745167851447686e-01 -2.701758747100830860e-01 5.907000000000000028e+00 2.000000000000000000e+00
7.898745167851448645e-01 -2.561758747100828515e-01 5.876000000000000334e+00 2.000000000000000000e+00
7.908745167851448654e-01 -2.571758747100827414e-01 5.883000000000000007e+00 2.000000000000000000e+00
7.628745167851448405e-01 -2.871758747100829900e-01 5.903000000000000469e+00 2.000000000000000000e+00
2.045874516785144870e+00 -3.081758747100828977e-01 5.903000000000000469e+00 -1.000000000000000000e+00
2.031874516785144635e+00 -2.961758747100828870e-01 5.913999999999999702e+00 -1.000000000000000000e+00
2.110874516785144817e+00 -2.581758747100830753e-01 5.802000000000000490e+00 0.000000000000000000e+00
2.104874516785145033e+00 -2.271758747100829368e-01 5.822000000000000064e+00 0.000000000000000000e+00
2.107874516785144703e+00 -2.471758747100829545e-01 5.806000000000000050e+00 0.000000000000000000e+00
2.107874516785144703e+00 -2.361758747100828337e-01 5.809000000000000163e+00 0.000000000000000000e+00
2.100874516785145030e+00 -2.301758747100830504e-01 5.810000000000000497e+00 0.000000000000000000e+00
2.098874516785144806e+00 -2.191758747100829297e-01 5.812999999999999723e+00 0.000000000000000000e+00
1.928874516785144877e+00 -4.831758747100831641e-01 6.187999999999999723e+00 8.000000000000000000e+00
1.931874516785144769e+00 -4.701758747100828195e-01 6.195999999999999730e+00 8.000000000000000000e+00
1.917874516785144756e+00 -4.601758747100830327e-01 6.213000000000000078e+00 8.000000000000000000e+00
1.927874516785144765e+00 -4.611758747100829225e-01 6.205000000000000071e+00 8.000000000000000000e+00
1.932874516785144881e+00 -4.581758747100828089e-01 6.214999999999999858e+00 8.000000000000000000e+00
1.933874516785144770e+00 -4.691758747100829297e-01 6.211000000000000298e+00 8.000000000000000000e+00
1.936874516785144884e+00 -4.771758747100829368e-01 6.195000000000000284e+00 8.000000000000000000e+00
2.033874516785144859e+00 4.582412528991719469e-02 5.972999999999999865e+00 0.000000000000000000e+00
2.037874516785144863e+00 1.178241252899172586e-01 5.961999999999999744e+00 0.000000000000000000e+00
2.036874516785144529e+00 1.068241252899171378e-01 5.980000000000000426e+00 0.000000000000000000e+00
2.034874516785144749e+00 8.082412528991689271e-02 5.975999999999999979e+00 0.000000000000000000e+00
2.044874516785144536e+00 8.782412528991700995e-02 5.982000000000000206e+00 0.000000000000000000e+00
2.006874516785145168e+00 1.278241252899170455e-01 5.988999999999999879e+00 0.000000000000000000e+00
1.996874516785144937e+00 1.218241252899172622e-01 5.983000000000000540e+00 0.000000000000000000e+00
2.051874516785145097e+00 8.182412528991722667e-02 5.988999999999999879e+00 0.000000000000000000e+00
2.026874516785144742e+00 3.082412528991707035e-02 5.964999999999999858e+00 0.000000000000000000e+00
1.994874516785144936e+00 1.298241252899172693e-01 5.985000000000000320e+00 0.000000000000000000e+00
2.008874516785144948e+00 1.388241252899171663e-01 6.003000000000000114e+00 0.000000000000000000e+00
2.010874516785144728e+00 1.308241252899171592e-01 5.999000000000000554e+00 0.000000000000000000e+00
1.990874516785144932e+00 1.178241252899172586e-01 5.972999999999999865e+00 0.000000000000000000e+00
1.987874516785144818e+00 1.058241252899172480e-01 5.963000000000000078e+00 0.000000000000000000e+00
2.006874516785145168e+00 1.178241252899172586e-01 5.991000000000000547e+00 0.000000000000000000e+00
3.219874516785144802e+00 -1.004175874710083072e+00 5.427000000000000490e+00 3.000000000000000000e+00
3.198874516785144895e+00 -9.911758747100829492e-01 5.424000000000000377e+00 3.000000000000000000e+00
3.197874516785145005e+00 -9.801758747100830504e-01 5.443000000000000504e+00 3.000000000000000000e+00
3.197874516785145005e+00 -9.851758747100829439e-01 5.432999999999999829e+00 3.000000000000000000e+00
3.198874516785144895e+00 -9.781758747100830487e-01 5.456000000000000405e+00 3.000000000000000000e+00
3.199874516785144785e+00 -9.721758747100830433e-01 5.445999999999999730e+00 3.000000000000000000e+00
3.186874516785144884e+00 -9.961758747100830647e-01 5.437999999999999723e+00 3.000000000000000000e+00
3.216874516785144689e+00 -9.901758747100830593e-01 5.429000000000000270e+00 3.000000000000000000e+00
3.195874516785144781e+00 -1.012175874710083079e+00 5.410000000000000142e+00 3.000000000000000000e+00
3.213874516785145019e+00 -9.801758747100830504e-01 5.434000000000000163e+00 3.000000000000000000e+00
3.206874516785144902e+00 -9.811758747100829403e-01 5.434000000000000163e+00 3.000000000000000000e+00
3.167874516785144756e+00 -9.751758747100829350e-01 5.437000000000000277e+00 3.000000000000000000e+00
3.185874516785144994e+00 -1.002175874710083070e+00 5.413999999999999702e+00 3.000000000000000000e+00
3.185874516785144994e+00 -9.981758747100830664e-01 5.424000000000000377e+00 3.000000000000000000e+00
3.213874516785145019e+00 -1.013175874710082969e+00 5.421000000000000263e+00 3.000000000000000000e+00
3.192874516785144667e+00 -9.961758747100830647e-01 5.424999999999999822e+00 3.000000000000000000e+00
3.191874516785144777e+00 -9.881758747100830576e-01 5.434000000000000163e+00 3.000000000000000000e+00
3.200874516785144674e+00 -1.001175874710082958e+00 5.419000000000000483e+00 3.000000000000000000e+00
3.207874516785144792e+00 -9.891758747100829474e-01 5.427000000000000490e+00 3.000000000000000000e+00
3.204874516785144678e+00 -9.741758747100830451e-01 5.443999999999999950e+00 3.000000000000000000e+00
3.193874516785145001e+00 -1.002175874710083070e+00 5.416000000000000369e+00 3.000000000000000000e+00
3.192874516785144667e+00 -9.871758747100829456e-01 5.448000000000000398e+00 3.000000000000000000e+00
3.178874516785144877e+00 -1.003175874710082960e+00 5.431000000000000050e+00 3.000000000000000000e+00
3.226874516785144920e+00 -9.981758747100830664e-01 5.434000000000000163e+00 3.000000000000000000e+00
3.223874516785144806e+00 -9.831758747100829421e-01 5.435999999999999943e+00 3.000000000000000000e+00
3.178874516785144877e+00 -1.006175874710083074e+00 5.418000000000000149e+00 3.000000000000000000e+00
3.209874516785145016e+00 -9.991758747100829563e-01 5.421000000000000263e+00 3.000000000000000000e+00
3.203874516785144788e+00 -1.014175874710083081e+00 5.413999999999999702e+00 3.000000000000000000e+00
1.469874516785144802e+00 -7.971758747100829989e-01 6.549999999999999822e+00 1.000000000000000000e+01
1.467874516785144801e+00 -7.871758747100829900e-01 6.548000000000000043e+00 1.000000000000000000e+01
2.496874516785144937e+00 -1.163175874710082880e+00 5.179999999999999716e+00 0.000000000000000000e+00
2.493874516785144824e+00 -1.108175874710082942e+00 5.250000000000000000e+00 0.000000000000000000e+00
2.488874516785144930e+00 -1.146175874710082976e+00 5.174000000000000377e+00 0.000000000000000000e+00
2.452874516785144898e+00 -1.164175874710082992e+00 5.145999999999999908e+00 0.000000000000000000e+00
2.491874516785145044e+00 -1.177175874710082892e+00 5.128000000000000114e+00 0.000000000000000000e+00
2.504874516785144944e+00 -1.181175874710082896e+00 5.158999999999999808e+00 0.000000000000000000e+00
2.504874516785144944e+00 -1.157175874710082875e+00 5.201999999999999957e+00 0.000000000000000000e+00
2.504874516785144944e+00 -1.159175874710082876e+00 5.219000000000000306e+00 0.000000000000000000e+00
2.474874516785144696e+00 -1.163175874710082880e+00 5.155999999999999694e+00 0.000000000000000000e+00
2.475874516785145030e+00 -1.109175874710083054e+00 5.233999999999999986e+00 0.000000000000000000e+00
2.466874516785144689e+00 -1.116175874710082949e+00 5.227000000000000313e+00 0.000000000000000000e+00
2.461874516785144795e+00 -1.097175874710083043e+00 5.259999999999999787e+00 0.000000000000000000e+00
2.496874516785144937e+00 -1.149175874710083090e+00 5.155000000000000249e+00 0.000000000000000000e+00
2.497874516785144827e+00 -1.173175874710082889e+00 5.150999999999999801e+00 0.000000000000000000e+00
2.472874516785144916e+00 -1.112175874710082946e+00 5.256000000000000227e+00 0.000000000000000000e+00
2.489874516785144820e+00 -1.157175874710082875e+00 5.169000000000000483e+00 0.000000000000000000e+00
2.466874516785144689e+00 -1.093175874710083040e+00 5.270000000000000462e+00 0.000000000000000000e+00
2.446874516785144671e+00 -1.098175874710082933e+00 5.272000000000000242e+00 0.000000000000000000e+00
2.455874516785145012e+00 -1.114175874710082947e+00 5.235000000000000320e+00 0.000000000000000000e+00
2.483874516785145037e+00 -1.183175874710082898e+00 5.105000000000000426e+00 0.000000000000000000e+00
2.500874516785144941e+00 -1.150175874710082979e+00 5.219999999999999751e+00 0.000000000000000000e+00
2.481874516785144813e+00 -1.151175874710082869e+00 5.166000000000000369e+00 0.000000000000000000e+00
2.481874516785144813e+00 -1.117175874710083061e+00 5.232000000000000206e+00 0.000000000000000000e+00
2.497874516785144827e+00 -1.118175874710082951e+00 5.256999999999999673e+00 0.000000000000000000e+00
2.500874516785144941e+00 -1.149175874710083090e+00 5.203000000000000291e+00 0.000000000000000000e+00
2.481874516785144813e+00 -1.156175874710082985e+00 5.161000000000000476e+00 0.000000000000000000e+00
2.485874516785144817e+00 -1.171175874710082887e+00 5.131000000000000227e+00 0.000000000000000000e+00
2.249874516785145051e+00 -1.390175874710082971e+00 5.716000000000000192e+00 8.000000000000000000e+00
2.291874516785144866e+00 -1.394175874710082974e+00 5.791000000000000369e+00 8.000000000000000000e+00
2.297874516785144650e+00 -1.340175874710082926e+00 5.790000000000000036e+00 8.000000000000000000e+00
2.288874516785144753e+00 -1.421175874710082887e+00 5.725000000000000533e+00 8.000000000000000000e+00
2.380874516785144834e+00 -1.472175874710083043e+00 5.897999999999999687e+00 8.000000000000000000e+00
2.297874516785144650e+00 -1.351175874710083047e+00 5.791999999999999815e+00 8.000000000000000000e+00
2.288874516785144753e+00 -1.370175874710082953e+00 5.786999999999999922e+00 8.000000000000000000e+00
2.213874516785145019e+00 -1.356175874710082940e+00 5.711000000000000298e+00 8.000000000000000000e+00
2.321874516785144671e+00 -1.430175874710083006e+00 5.740000000000000213e+00 8.000000000000000000e+00
2.282874516785144969e+00 -1.425175874710082891e+00 5.714999999999999858e+00 8.000000000000000000e+00
2.320874516785144781e+00 -1.382175874710082963e+00 5.804999999999999716e+00 8.000000000000000000e+00
2.316874516785144777e+00 -1.400175874710082979e+00 5.791000000000000369e+00 8.000000000000000000e+00
2.314874516785144998e+00 -1.375175874710083068e+00 5.799000000000000377e+00 8.000000000000000000e+00
2.286874516785144973e+00 -1.350175874710082935e+00 5.786000000000000476e+00 8.000000000000000000e+00
2.286874516785144973e+00 -1.361175874710083056e+00 5.788000000000000256e+00 8.000000000000000000e+00
2.302874516785144987e+00 -1.359175874710083054e+00 5.790000000000000036e+00 8.000000000000000000e+00
2.309874516785144660e+00 -1.353175874710083049e+00 5.798000000000000043e+00 8.000000000000000000e+00
2.223874516785144806e+00 -1.374175874710082956e+00 5.706000000000000405e+00 8.000000000000000000e+00
2.215874516785144799e+00 -1.368175874710082951e+00 5.703000000000000291e+00 8.000000000000000000e+00
2.252874516785144721e+00 -1.398175874710082978e+00 5.713000000000000078e+00 8.000000000000000000e+00
2.314874516785144998e+00 -1.413175874710082880e+00 5.791000000000000369e+00 8.000000000000000000e+00
2.316874516785144777e+00 -1.361175874710083056e+00 5.806000000000000050e+00 8.000000000000000000e+00
2.311874516785144884e+00 -1.365175874710083059e+00 5.794000000000000483e+00 8.000000000000000000e+00
2.242874516785144934e+00 -1.384175874710082965e+00 5.719999999999999751e+00 8.000000000000000000e+00
2.307874516785144881e+00 -1.393175874710083084e+00 5.788000000000000256e+00 8.000000000000000000e+00
2.319874516785144891e+00 -1.371175874710083065e+00 5.810000000000000497e+00 8.000000000000000000e+00
2.316874516785144777e+00 -1.385175874710083077e+00 5.794999999999999929e+00 8.000000000000000000e+00
2.236874516785144706e+00 -1.388175874710082969e+00 5.709000000000000519e+00 8.000000000000000000e+00
2.369874516785144714e+00 -1.455175874710082917e+00 5.879000000000000448e+00 8.000000000000000000e+00
2.268874516785144735e+00 -1.423175874710082889e+00 5.717000000000000526e+00 8.000000000000000000e+00
2.268874516785144735e+00 -1.410175874710082988e+00 5.717999999999999972e+00 8.000000000000000000e+00
2.324874516785144785e+00 -1.405175874710082873e+00 5.796999999999999709e+00 8.000000000000000000e+00
2.258874516785144948e+00 -1.393175874710083084e+00 5.725000000000000533e+00 8.000000000000000000e+00
2.263874516785144841e+00 -1.403175874710083093e+00 5.717000000000000526e+00 8.000000000000000000e+00
2.387874516785144952e+00 -1.478175874710083049e+00 5.908000000000000362e+00 8.000000000000000000e+00
2.206874516785144902e+00 -1.362175874710082946e+00 5.701999999999999957e+00 8.000000000000000000e+00
2.220874516785144692e+00 -1.364175874710082947e+00 5.711999999999999744e+00 8.000000000000000000e+00
2.279874516785144856e+00 -1.414175874710082992e+00 5.722000000000000419e+00 8.000000000000000000e+00
2.301874516785144653e+00 -1.373175874710083066e+00 5.790000000000000036e+00 8.000000000000000000e+00
2.306874516785144991e+00 -1.381175874710083074e+00 5.788999999999999702e+00 8.000000000000000000e+00
2.304874516785144767e+00 -1.422175874710082999e+00 5.786000000000000476e+00 8.000000000000000000e+00
2.309874516785144660e+00 -1.427175874710082892e+00 5.735000000000000320e+00 8.000000000000000000e+00
2.305874516785144657e+00 -1.409175874710082876e+00 5.786999999999999922e+00 8.000000000000000000e+00
2.230874516785144923e+00 -1.380175874710082962e+00 5.705000000000000071e+00 8.000000000000000000e+00
2.235874516785144817e+00 -1.376175874710082958e+00 5.714999999999999858e+00 8.000000000000000000e+00
2.231874516785144813e+00 -1.368175874710082951e+00 5.714000000000000412e+00 8.000000000000000000e+00
4.013874516785144841e+00 -2.871758747100829900e-01 5.943000000000000504e+00 1.100000000000000000e+01
3.968874516785144912e+00 -2.911758747100829936e-01 5.892999999999999794e+00 1.100000000000000000e+01
4.009874516785144394e+00 -2.901758747100831037e-01 5.932000000000000384e+00 1.100000000000000000e+01
3.950874516785144674e+00 -2.961758747100828870e-01 5.876999999999999780e+00 1.100000000000000000e+01
3.920874516785144870e+00 -2.861758747100831002e-01 5.846000000000000085e+00 1.100000000000000000e+01
3.947874516785145005e+00 -2.881758747100828799e-01 5.879999999999999893e+00 1.100000000000000000e+01
4.016874516785144955e+00 -2.971758747100827769e-01 5.939000000000000057e+00 1.100000000000000000e+01
3.955874516785145012e+00 -2.921758747100828835e-01 5.886000000000000121e+00 1.100000000000000000e+01
3.962874516785144685e+00 -2.871758747100829900e-01 5.908000000000000362e+00 1.100000000000000000e+01
4.000874516785144941e+00 -2.881758747100828799e-01 5.931000000000000050e+00 1.100000000000000000e+01
3.959874516785145016e+00 -2.991758747100830007e-01 5.887000000000000455e+00 1.100000000000000000e+01
3.897874516785144738e+00 -2.941758747100831073e-01 5.823999999999999844e+00 1.100000000000000000e+01
3.927874516785144987e+00 -2.921758747100828835e-01 5.854000000000000092e+00 1.100000000000000000e+01
4.027874516785145076e+00 -2.881758747100828799e-01 5.958000000000000185e+00 1.100000000000000000e+01
3.988874516785144930e+00 -2.871758747100829900e-01 5.921999999999999709e+00 1.100000000000000000e+01
3.988874516785144930e+00 -2.971758747100827769e-01 5.913999999999999702e+00 1.100000000000000000e+01
3.903874516785144966e+00 -2.901758747100831037e-01 5.833000000000000185e+00 1.100000000000000000e+01
3.994874516785144714e+00 -2.931758747100827733e-01 5.921000000000000263e+00 1.100000000000000000e+01
3.906874516785145079e+00 -2.981758747100831108e-01 5.834000000000000519e+00 1.100000000000000000e+01
3.906874516785145079e+00 -2.871758747100829900e-01 5.844000000000000306e+00 1.100000000000000000e+01
3.979874516785145033e+00 -2.941758747100831073e-01 5.902000000000000135e+00 1.100000000000000000e+01
3.924874516785144873e+00 -2.841758747100828764e-01 5.858000000000000540e+00 1.100000000000000000e+01
3.890874516785145065e+00 -2.881758747100828799e-01 5.826999999999999957e+00 1.100000000000000000e+01
3.879874516785144944e+00 -2.971758747100827769e-01 5.809000000000000163e+00 1.100000000000000000e+01
3.934874516785145104e+00 -2.991758747100830007e-01 5.865000000000000213e+00 1.100000000000000000e+01
3.978874516785144699e+00 -2.841758747100828764e-01 5.911000000000000476e+00 1.100000000000000000e+01
3.983874516785145037e+00 -2.911758747100829936e-01 5.911000000000000476e+00 1.100000000000000000e+01
3.885874516785144728e+00 -2.921758747100828835e-01 5.817000000000000171e+00 1.100000000000000000e+01
3.931874516785144991e+00 -2.881758747100828799e-01 5.865000000000000213e+00 1.100000000000000000e+01
3.889874516785144731e+00 -3.011758747100827804e-01 5.820000000000000284e+00 1.100000000000000000e+01
3.961874516785144795e+00 -2.871758747100829900e-01 5.894000000000000128e+00 1.100000000000000000e+01
3.943874516785145001e+00 -2.911758747100829936e-01 5.870000000000000107e+00 1.100000000000000000e+01
3.972874516785144916e+00 -2.881758747100828799e-01 5.903000000000000469e+00 1.100000000000000000e+01
3.999874516785145051e+00 -2.991758747100830007e-01 5.927000000000000490e+00 1.100000000000000000e+01
3.921874516785144760e+00 -2.961758747100828870e-01 5.844000000000000306e+00 1.100000000000000000e+01
3.875874516785144941e+00 -2.901758747100831037e-01 5.812999999999999723e+00 1.100000000000000000e+01
4.022874516785144294e+00 -2.911758747100829936e-01 5.947000000000000064e+00 1.100000000000000000e+01
3.913874516785144753e+00 -2.931758747100827733e-01 5.841000000000000192e+00 1.100000000000000000e+01
1.164874516785144865e+00 -7.281758747100830487e-01 5.483999999999999986e+00 5.000000000000000000e+00
3.835874516785144905e+00 -1.531758747100830931e-01 5.868000000000000327e+00 1.100000000000000000e+01
3.887874516785144952e+00 -6.017587471008312150e-02 5.993999999999999773e+00 1.100000000000000000e+01
3.889874516785144731e+00 -6.917587471008301847e-02 5.990000000000000213e+00 1.100000000000000000e+01
3.897874516785144738e+00 -4.317587471008277333e-02 6.024000000000000021e+00 1.100000000000000000e+01
3.880874516785144834e+00 -7.517587471008280176e-02 5.971000000000000085e+00 1.100000000000000000e+01
3.880874516785144834e+00 -8.817587471008314637e-02 5.967000000000000526e+00 1.100000000000000000e+01
3.884874516785144838e+00 -7.217587471008313216e-02 5.980000000000000426e+00 1.100000000000000000e+01
3.855874516785144923e+00 -9.517587471008281952e-02 5.937999999999999723e+00 1.100000000000000000e+01
3.861874516785144706e+00 -9.017587471008292610e-02 5.945000000000000284e+00 1.100000000000000000e+01
3.861874516785144706e+00 -8.017587471008313926e-02 5.961000000000000298e+00 1.100000000000000000e+01
3.838874516785145019e+00 -1.301758747100829616e-01 5.891000000000000014e+00 1.100000000000000000e+01
3.838874516785145019e+00 -1.401758747100827485e-01 5.879000000000000448e+00 1.100000000000000000e+01
3.838874516785145019e+00 -1.601758747100827662e-01 5.866999999999999993e+00 1.100000000000000000e+01
3.834874516785145016e+00 -1.231758747100828444e-01 5.897000000000000242e+00 1.100000000000000000e+01
3.855874516785144923e+00 -1.071758747100828302e-01 5.919000000000000483e+00 1.100000000000000000e+01
3.855874516785144923e+00 -1.281758747100827378e-01 5.921000000000000263e+00 1.100000000000000000e+01
3.874874516785145051e+00 -8.117587471008302913e-02 5.961000000000000298e+00 1.100000000000000000e+01
3.842874516785145023e+00 -1.371758747100830789e-01 5.887000000000000455e+00 1.100000000000000000e+01
3.818874516785145001e+00 -1.561758747100827627e-01 5.855999999999999872e+00 1.100000000000000000e+01
3.846874516785145026e+00 -1.031758747100828266e-01 5.934000000000000163e+00 1.100000000000000000e+01
3.875874516785144941e+00 -6.917587471008301847e-02 5.975999999999999979e+00 1.100000000000000000e+01
3.829874516785144678e+00 -1.581758747100829865e-01 5.860000000000000320e+00 1.100000000000000000e+01
3.856874516785144813e+00 -1.161758747100831712e-01 5.915000000000000036e+00 1.100000000000000000e+01
3.882874516785145058e+00 -6.417587471008312505e-02 5.985000000000000320e+00 1.100000000000000000e+01
3.885874516785144728e+00 -5.117587471008278044e-02 6.004000000000000448e+00 1.100000000000000000e+01
3.833874516785144682e+00 -1.351758747100828550e-01 5.881000000000000227e+00 1.100000000000000000e+01
3.848874516785144806e+00 -1.121758747100831677e-01 5.911000000000000476e+00 1.100000000000000000e+01
3.851874516785144920e+00 -1.201758747100831748e-01 5.905999999999999694e+00 1.100000000000000000e+01
3.847874516785144916e+00 -1.331758747100830753e-01 5.897999999999999687e+00 1.100000000000000000e+01
3.841874516785144689e+00 -1.181758747100829510e-01 5.902000000000000135e+00 1.100000000000000000e+01
3.875874516785144941e+00 -9.117587471008281597e-02 5.956000000000000405e+00 1.100000000000000000e+01
3.860874516785144817e+00 -1.031758747100828266e-01 5.927999999999999936e+00 1.100000000000000000e+01
3.860874516785144817e+00 -1.131758747100830576e-01 5.926000000000000156e+00 1.100000000000000000e+01
3.892874516785144845e+00 -5.517587471008278399e-02 6.001999999999999780e+00 1.100000000000000000e+01
3.897874516785144738e+00 -5.217587471008311439e-02 6.014000000000000234e+00 1.100000000000000000e+01
3.866874516785145044e+00 -9.817587471008293321e-02 5.935999999999999943e+00 1.100000000000000000e+01
3.892874516785144845e+00 -4.617587471008288702e-02 6.012999999999999901e+00 1.100000000000000000e+01
3.894874516785145069e+00 -6.517587471008301492e-02 5.999000000000000554e+00 1.100000000000000000e+01
3.865874516785144710e+00 -1.101758747100829439e-01 5.937000000000000277e+00 1.100000000000000000e+01
3.845874516785144692e+00 -1.251758747100830682e-01 5.899000000000000021e+00 1.100000000000000000e+01
3.832874516785144792e+00 -1.451758747100830860e-01 5.870000000000000107e+00 1.100000000000000000e+01
3.827874516785144898e+00 -1.391758747100828586e-01 5.871999999999999886e+00 1.100000000000000000e+01
3.824874516785144785e+00 -1.521758747100827591e-01 5.863000000000000433e+00 1.100000000000000000e+01
3.832874516785144792e+00 -1.651758747100831037e-01 5.858999999999999986e+00 1.100000000000000000e+01
3.869874516785144714e+00 -9.617587471008315347e-02 5.947000000000000064e+00 1.100000000000000000e+01
3.852874516785144809e+00 -1.291758747100830718e-01 5.907000000000000028e+00 1.100000000000000000e+01
3.899874516785144962e+00 -6.117587471008301137e-02 6.009000000000000341e+00 1.100000000000000000e+01
3.901874516785144742e+00 -4.917587471008300071e-02 6.022999999999999687e+00 1.100000000000000000e+01
3.869874516785144714e+00 -8.417587471008314282e-02 5.951000000000000512e+00 1.100000000000000000e+01
3.840874516785144799e+00 -1.491758747100830895e-01 5.876000000000000334e+00 1.100000000000000000e+01
3.870874516785145047e+00 -7.317587471008302202e-02 5.967999999999999972e+00 1.100000000000000000e+01
3.844874516785144802e+00 -1.461758747100829758e-01 5.887000000000000455e+00 1.100000000000000000e+01
2.478874516785144699e+00 -1.052175874710082892e+00 5.357000000000000206e+00 0.000000000000000000e+00
2.495874516785145047e+00 -1.072175874710082910e+00 5.350000000000000533e+00 0.000000000000000000e+00
2.478874516785144699e+00 -1.073175874710083022e+00 5.315999999999999837e+00 0.000000000000000000e+00
2.480874516785144923e+00 -1.082175874710082919e+00 5.301000000000000156e+00 0.000000000000000000e+00
2.442874516785144667e+00 -1.021175874710082976e+00 5.429000000000000270e+00 0.000000000000000000e+00
2.482874516785144703e+00 -1.061175874710083011e+00 5.347000000000000419e+00 0.000000000000000000e+00
2.482874516785144703e+00 -1.026175874710082869e+00 5.408999999999999808e+00 0.000000000000000000e+00
2.483874516785145037e+00 -1.092175874710082928e+00 5.283000000000000362e+00 0.000000000000000000e+00
2.483874516785145037e+00 -1.047175874710082999e+00 5.366000000000000547e+00 0.000000000000000000e+00
2.480874516785144923e+00 -1.095175874710083042e+00 5.272999999999999687e+00 0.000000000000000000e+00
2.483874516785145037e+00 -1.103175874710083049e+00 5.256000000000000227e+00 0.000000000000000000e+00
2.494874516785144714e+00 -1.095175874710083042e+00 5.291999999999999815e+00 0.000000000000000000e+00
2.479874516785145033e+00 -1.028175874710082871e+00 5.395000000000000462e+00 0.000000000000000000e+00
2.497874516785144827e+00 -1.105175874710083050e+00 5.307000000000000384e+00 0.000000000000000000e+00
2.484874516785144927e+00 -1.069175874710083018e+00 5.325000000000000178e+00 0.000000000000000000e+00
2.489874516785144820e+00 -1.055175874710083006e+00 5.368999999999999773e+00 0.000000000000000000e+00
2.490874516785144710e+00 -1.098175874710082933e+00 5.278999999999999915e+00 0.000000000000000000e+00
2.490874516785144710e+00 -1.087175874710083034e+00 5.307000000000000384e+00 0.000000000000000000e+00
2.493874516785144824e+00 -1.040175874710082882e+00 5.386000000000000121e+00 0.000000000000000000e+00
2.489874516785144820e+00 -1.032175874710082875e+00 5.403000000000000469e+00 0.000000000000000000e+00
2.489874516785144820e+00 -1.075175874710083024e+00 5.323000000000000398e+00 0.000000000000000000e+00
2.493874516785144824e+00 -1.085175874710083033e+00 5.320999999999999730e+00 0.000000000000000000e+00
2.464874516785144909e+00 -1.073175874710083022e+00 5.301000000000000156e+00 0.000000000000000000e+00
2.467874516785145023e+00 -1.071175874710083020e+00 5.314000000000000057e+00 0.000000000000000000e+00
2.493874516785144824e+00 -1.073175874710083022e+00 5.334999999999999964e+00 0.000000000000000000e+00
2.462874516785144685e+00 -1.085175874710083033e+00 5.283999999999999808e+00 0.000000000000000000e+00
2.469874516785144802e+00 -1.080175874710082917e+00 5.294000000000000483e+00 0.000000000000000000e+00
2.469874516785144802e+00 -1.023175874710082978e+00 5.410000000000000142e+00 0.000000000000000000e+00
2.507874516785145058e+00 -1.063175874710083013e+00 5.381999999999999673e+00 0.000000000000000000e+00
2.468874516785144912e+00 -1.059175874710083010e+00 5.334999999999999964e+00 0.000000000000000000e+00
2.463874516785145019e+00 -1.052175874710082892e+00 5.352999999999999758e+00 0.000000000000000000e+00
2.464874516785144909e+00 -1.026175874710082869e+00 5.397999999999999687e+00 0.000000000000000000e+00
2.471874516785145026e+00 -1.069175874710083018e+00 5.325000000000000178e+00 0.000000000000000000e+00
2.466874516785144689e+00 -1.038175874710082880e+00 5.378000000000000114e+00 0.000000000000000000e+00
2.472874516785144916e+00 -1.089175874710083036e+00 5.280000000000000249e+00 0.000000000000000000e+00
2.494874516785144714e+00 -1.106175874710082940e+00 5.266000000000000014e+00 0.000000000000000000e+00
2.456874516785144902e+00 -1.080175874710082917e+00 5.294999999999999929e+00 0.000000000000000000e+00
2.461874516785144795e+00 -1.064175874710082903e+00 5.326000000000000512e+00 0.000000000000000000e+00
2.488874516785144930e+00 -1.044175874710082885e+00 5.376000000000000334e+00 0.000000000000000000e+00
2.485874516785144817e+00 -1.035175874710082988e+00 5.392999999999999794e+00 0.000000000000000000e+00
2.485874516785144817e+00 -1.058175874710082898e+00 5.357000000000000206e+00 0.000000000000000000e+00
2.489874516785144820e+00 -1.065175874710083015e+00 5.349000000000000199e+00 0.000000000000000000e+00
2.449874516785144785e+00 -1.086175874710082923e+00 5.288000000000000256e+00 0.000000000000000000e+00
2.449874516785144785e+00 -1.051175874710083002e+00 5.365000000000000213e+00 0.000000000000000000e+00
2.458874516785144682e+00 -1.055175874710083006e+00 5.342999999999999972e+00 0.000000000000000000e+00
2.453874516785144788e+00 -1.070175874710082908e+00 5.320000000000000284e+00 0.000000000000000000e+00
2.505874516785144834e+00 -1.077175874710083026e+00 5.384999999999999787e+00 0.000000000000000000e+00
2.494874516785144714e+00 -1.085175874710083033e+00 5.334999999999999964e+00 0.000000000000000000e+00
2.494874516785144714e+00 -1.061175874710083011e+00 5.360000000000000320e+00 0.000000000000000000e+00
2.496874516785144937e+00 -1.120175874710082953e+00 5.302000000000000490e+00 0.000000000000000000e+00
2.497874516785144827e+00 -1.094175874710082930e+00 5.318000000000000504e+00 0.000000000000000000e+00
2.508874516785144948e+00 -1.063175874710083013e+00 5.397999999999999687e+00 0.000000000000000000e+00
2.505874516785144834e+00 -1.053175874710083004e+00 5.394000000000000128e+00 0.000000000000000000e+00
2.511874516785145062e+00 -1.073175874710083022e+00 5.395000000000000462e+00 0.000000000000000000e+00
2.475874516785145030e+00 -1.043175874710082995e+00 5.371000000000000441e+00 0.000000000000000000e+00
2.475874516785145030e+00 -1.099175874710083045e+00 5.262999999999999901e+00 0.000000000000000000e+00
2.473874516785144806e+00 -1.032175874710082875e+00 5.386000000000000121e+00 0.000000000000000000e+00
2.443874516785145001e+00 -1.043175874710082995e+00 5.389999999999999680e+00 0.000000000000000000e+00
2.444874516785144891e+00 -1.078175874710082915e+00 5.314000000000000057e+00 0.000000000000000000e+00
2.472874516785144916e+00 -1.078175874710082915e+00 5.304000000000000270e+00 0.000000000000000000e+00
2.470874516785144692e+00 -1.046175874710082887e+00 5.360999999999999766e+00 0.000000000000000000e+00
2.477874516785144809e+00 -1.084175874710082921e+00 5.290000000000000036e+00 0.000000000000000000e+00
2.473874516785144806e+00 -1.055175874710083006e+00 5.344999999999999751e+00 0.000000000000000000e+00
2.497874516785144827e+00 -1.105175874710083050e+00 5.278000000000000469e+00 0.000000000000000000e+00
2.479874516785145033e+00 -1.062175874710082901e+00 5.333000000000000185e+00 0.000000000000000000e+00
2.481874516785144813e+00 -1.038175874710082880e+00 5.381000000000000227e+00 0.000000000000000000e+00
2.503874516785145055e+00 -1.055175874710083006e+00 5.381999999999999673e+00 0.000000000000000000e+00
2.498874516785144717e+00 -1.083175874710083031e+00 5.376000000000000334e+00 0.000000000000000000e+00
2.497874516785144827e+00 -1.049175874710083001e+00 5.375000000000000000e+00 0.000000000000000000e+00
2.458874516785144682e+00 -1.044175874710082885e+00 5.371000000000000441e+00 0.000000000000000000e+00
2.497874516785144827e+00 -1.083175874710083031e+00 5.346000000000000085e+00 0.000000000000000000e+00
2.498874516785144717e+00 -1.069175874710083018e+00 5.358999999999999986e+00 0.000000000000000000e+00
2.500874516785144941e+00 -1.093175874710083040e+00 5.347000000000000419e+00 0.000000000000000000e+00
2.499874516785145051e+00 -1.103175874710083049e+00 5.290000000000000036e+00 0.000000000000000000e+00
2.499874516785145051e+00 -1.082175874710082919e+00 5.360000000000000320e+00 0.000000000000000000e+00
2.499874516785145051e+00 -1.093175874710083040e+00 5.331999999999999851e+00 0.000000000000000000e+00
2.460874516785144905e+00 -1.018175874710083084e+00 5.421999999999999709e+00 0.000000000000000000e+00
2.501874516785144831e+00 -1.046175874710082887e+00 5.387999999999999901e+00 0.000000000000000000e+00
2.498874516785144717e+00 -1.105175874710083050e+00 5.322000000000000064e+00 0.000000000000000000e+00
2.494874516785144714e+00 -1.096175874710082931e+00 5.307000000000000384e+00 0.000000000000000000e+00
2.443874516785145001e+00 -1.032175874710082875e+00 5.408000000000000362e+00 0.000000000000000000e+00
2.500874516785144941e+00 -1.069175874710083018e+00 5.375000000000000000e+00 0.000000000000000000e+00
2.498874516785144717e+00 -1.118175874710082951e+00 5.286000000000000476e+00 0.000000000000000000e+00
2.497874516785144827e+00 -1.037175874710082990e+00 5.397000000000000242e+00 0.000000000000000000e+00
2.495874516785145047e+00 -1.097175874710083043e+00 5.366999999999999993e+00 0.000000000000000000e+00
2.497874516785144827e+00 -1.060175874710082899e+00 5.373000000000000220e+00 0.000000000000000000e+00
2.455874516785145012e+00 -1.033175874710082986e+00 5.394000000000000128e+00 0.000000000000000000e+00
2.485874516785144817e+00 -1.079175874710083027e+00 5.312000000000000277e+00 0.000000000000000000e+00
2.487874516785145040e+00 -1.066175874710082905e+00 5.336000000000000298e+00 0.000000000000000000e+00
2.487874516785145040e+00 -1.089175874710083036e+00 5.296000000000000263e+00 0.000000000000000000e+00
2.447874516785145005e+00 -1.064175874710082903e+00 5.339000000000000412e+00 0.000000000000000000e+00
2.456874516785144902e+00 -1.090175874710082926e+00 5.277000000000000135e+00 0.000000000000000000e+00
2.453874516785144788e+00 -1.024175874710082867e+00 5.415000000000000036e+00 0.000000000000000000e+00
2.487874516785145040e+00 -1.100175874710082935e+00 5.267999999999999794e+00 0.000000000000000000e+00
1.061874516785144884e+00 -8.161758747100829048e-01 4.833000000000000185e+00 6.000000000000000000e+00
1.035874516785144861e+00 -8.091758747100830096e-01 4.879999999999999893e+00 6.000000000000000000e+00
1.035874516785144861e+00 -8.191758747100830185e-01 4.876000000000000334e+00 6.000000000000000000e+00
1.061874516785144884e+00 -7.661758747100828604e-01 4.884000000000000341e+00 6.000000000000000000e+00
1.027874516785144854e+00 -7.871758747100829900e-01 4.905000000000000249e+00 6.000000000000000000e+00
1.035874516785144861e+00 -7.921758747100828835e-01 4.892999999999999794e+00 6.000000000000000000e+00
1.027874516785144854e+00 -8.051758747100830060e-01 4.894000000000000128e+00 6.000000000000000000e+00
1.027874516785144854e+00 -7.941758747100828852e-01 4.897000000000000242e+00 6.000000000000000000e+00
1.013874516785144841e+00 -7.871758747100829900e-01 4.921000000000000263e+00 6.000000000000000000e+00
1.061874516785144884e+00 -8.471758747100830433e-01 4.818999999999999950e+00 6.000000000000000000e+00
1.014874516785144731e+00 -8.081758747100828977e-01 4.911000000000000476e+00 6.000000000000000000e+00
1.021874516785144849e+00 -8.131758747100830131e-01 4.900999999999999801e+00 6.000000000000000000e+00
1.041874516785144866e+00 -8.231758747100830220e-01 4.863999999999999879e+00 6.000000000000000000e+00
1.020874516785144959e+00 -7.911758747100829936e-01 4.910000000000000142e+00 6.000000000000000000e+00
1.027874516785144854e+00 -7.701758747100828639e-01 4.918000000000000149e+00 6.000000000000000000e+00
1.027874516785144854e+00 -7.781758747100828710e-01 4.911000000000000476e+00 6.000000000000000000e+00
1.028874516785144966e+00 -8.191758747100830185e-01 4.892000000000000348e+00 6.000000000000000000e+00
1.028874516785144966e+00 -7.591758747100829652e-01 4.935999999999999943e+00 6.000000000000000000e+00
1.035874516785144861e+00 -7.531758747100829599e-01 4.927000000000000490e+00 6.000000000000000000e+00
1.056874516785144991e+00 -7.551758747100829616e-01 4.908000000000000362e+00 6.000000000000000000e+00
1.060874516785144772e+00 -8.071758747100830078e-01 4.836999999999999744e+00 6.000000000000000000e+00
1.056874516785144991e+00 -8.421758747100829279e-01 4.833000000000000185e+00 6.000000000000000000e+00
1.060874516785144772e+00 -7.901758747100828817e-01 4.850000000000000533e+00 6.000000000000000000e+00
1.036874516785144973e+00 -7.641758747100830806e-01 4.924000000000000377e+00 6.000000000000000000e+00
1.035874516785144861e+00 -7.831758747100829865e-01 4.900000000000000355e+00 6.000000000000000000e+00
1.035874516785144861e+00 -7.761758747100828693e-01 4.908000000000000362e+00 6.000000000000000000e+00
1.021874516785144849e+00 -7.611758747100829670e-01 4.939000000000000057e+00 6.000000000000000000e+00
1.020874516785144959e+00 -7.671758747100829723e-01 4.929000000000000270e+00 6.000000000000000000e+00
1.021874516785144849e+00 -8.031758747100830043e-01 4.907000000000000028e+00 6.000000000000000000e+00
1.020874516785144959e+00 -7.741758747100828675e-01 4.923000000000000043e+00 6.000000000000000000e+00
1.062874516785144774e+00 -7.761758747100828693e-01 4.879000000000000448e+00 6.000000000000000000e+00
1.061874516785144884e+00 -8.361758747100829225e-01 4.823000000000000398e+00 6.000000000000000000e+00
1.063874516785144664e+00 -7.591758747100829652e-01 4.908000000000000362e+00 6.000000000000000000e+00
1.061874516785144884e+00 -7.851758747100829883e-01 4.860000000000000320e+00 6.000000000000000000e+00
1.034874516785144749e+00 -7.981758747100828888e-01 4.884000000000000341e+00 6.000000000000000000e+00
1.014874516785144731e+00 -7.801758747100828728e-01 4.927000000000000490e+00 6.000000000000000000e+00
1.014874516785144731e+00 -7.991758747100830007e-01 4.916000000000000369e+00 6.000000000000000000e+00
1.048874516785144984e+00 -8.381758747100829243e-01 4.847999999999999865e+00 6.000000000000000000e+00
1.048874516785144984e+00 -8.271758747100830256e-01 4.852000000000000313e+00 6.000000000000000000e+00
1.055874516785144879e+00 -7.671758747100829723e-01 4.891000000000000014e+00 6.000000000000000000e+00
1.047874516785144872e+00 -7.821758747100828746e-01 4.881000000000000227e+00 6.000000000000000000e+00
1.048874516785144984e+00 -7.641758747100830806e-01 4.907000000000000028e+00 6.000000000000000000e+00
9.938745167851448237e-01 -8.121758747100829012e-01 4.923000000000000043e+00 6.000000000000000000e+00
1.055874516785144879e+00 -7.611758747100829670e-01 4.897999999999999687e+00 6.000000000000000000e+00
1.047874516785144872e+00 -7.891758747100829918e-01 4.873999999999999666e+00 6.000000000000000000e+00
1.014874516785144731e+00 -7.721758747100828657e-01 4.934000000000000163e+00 6.000000000000000000e+00
1.041874516785144866e+00 -7.651758747100829705e-01 4.910000000000000142e+00 6.000000000000000000e+00
1.054874516785144767e+00 -8.111758747100830114e-01 4.847000000000000419e+00 6.000000000000000000e+00
1.054874516785144767e+00 -7.701758747100828639e-01 4.879999999999999893e+00 6.000000000000000000e+00
1.041874516785144866e+00 -7.841758747100828764e-01 4.884999999999999787e+00 6.000000000000000000e+00
1.041874516785144866e+00 -7.911758747100829936e-01 4.879000000000000448e+00 6.000000000000000000e+00
1.047874516785144872e+00 -8.131758747100830131e-01 4.852999999999999758e+00 6.000000000000000000e+00
1.047874516785144872e+00 -7.971758747100829989e-01 4.866999999999999993e+00 6.000000000000000000e+00
1.047874516785144872e+00 -8.051758747100830060e-01 4.858999999999999986e+00 6.000000000000000000e+00
1.041874516785144866e+00 -7.711758747100829758e-01 4.900999999999999801e+00 6.000000000000000000e+00
1.041874516785144866e+00 -8.111758747100830114e-01 4.868000000000000327e+00 6.000000000000000000e+00
1.041874516785144866e+00 -8.021758747100828923e-01 4.873000000000000220e+00 6.000000000000000000e+00
1.041874516785144866e+00 -7.781758747100828710e-01 4.892999999999999794e+00 6.000000000000000000e+00
1.054874516785144767e+00 -8.201758747100829083e-01 4.839999999999999858e+00 6.000000000000000000e+00
1.054874516785144767e+00 -8.011758747100830025e-01 4.852000000000000313e+00 6.000000000000000000e+00
1.042874516785144756e+00 -8.341758747100829208e-01 4.862000000000000099e+00 6.000000000000000000e+00
1.055874516785144879e+00 -8.311758747100830291e-01 4.836999999999999744e+00 6.000000000000000000e+00
1.054874516785144767e+00 -7.801758747100828728e-01 4.873999999999999666e+00 6.000000000000000000e+00
1.054874516785144767e+00 -7.851758747100829883e-01 4.865000000000000213e+00 6.000000000000000000e+00
1.054874516785144767e+00 -7.941758747100828852e-01 4.858999999999999986e+00 6.000000000000000000e+00
1.020874516785144959e+00 -7.831758747100829865e-01 4.915000000000000036e+00 6.000000000000000000e+00
1.066874516785144777e+00 -8.571758747100830522e-01 4.847000000000000419e+00 6.000000000000000000e+00
1.034874516785144749e+00 -7.671758747100829723e-01 4.911000000000000476e+00 6.000000000000000000e+00
1.028874516785144966e+00 -7.641758747100830806e-01 4.927999999999999936e+00 6.000000000000000000e+00
1.061874516785144884e+00 -7.991758747100830007e-01 4.844999999999999751e+00 6.000000000000000000e+00
1.061874516785144884e+00 -8.271758747100830256e-01 4.828999999999999737e+00 6.000000000000000000e+00
1.047874516785144872e+00 -7.681758747100828622e-01 4.895999999999999908e+00 6.000000000000000000e+00
1.047874516785144872e+00 -7.741758747100828675e-01 4.887000000000000455e+00 6.000000000000000000e+00
1.061874516785144884e+00 -7.791758747100829829e-01 4.868999999999999773e+00 6.000000000000000000e+00
1.062874516785144774e+00 -7.611758747100829670e-01 4.894000000000000128e+00 6.000000000000000000e+00
1.837874516785144907e+00 5.608241252899168749e-01 6.163000000000000256e+00 -1.000000000000000000e+00
2.237874516785145040e+00 -1.151175874710082869e+00 5.825000000000000178e+00 8.000000000000000000e+00
2.263874516785144841e+00 -1.206175874710083029e+00 5.812000000000000277e+00 8.000000000000000000e+00
2.233874516785145037e+00 -1.180175874710083006e+00 5.799999999999999822e+00 8.000000000000000000e+00
2.237874516785145040e+00 -1.164175874710082992e+00 5.807000000000000384e+00 8.000000000000000000e+00
2.177874516785144987e+00 -1.125175874710083068e+00 5.830000000000000071e+00 8.000000000000000000e+00
2.243874516785144824e+00 -1.184175874710083010e+00 5.807999999999999829e+00 8.000000000000000000e+00
2.228874516785144699e+00 -1.171175874710082887e+00 5.799000000000000377e+00 8.000000000000000000e+00
2.213874516785145019e+00 -1.133175874710083075e+00 5.828000000000000291e+00 8.000000000000000000e+00
2.198874516785144895e+00 -1.144175874710082974e+00 5.796000000000000263e+00 8.000000000000000000e+00
2.193874516785145001e+00 -1.125175874710083068e+00 5.814000000000000057e+00 8.000000000000000000e+00
2.224874516785144696e+00 -1.138175874710082969e+00 5.833000000000000185e+00 8.000000000000000000e+00
2.201874516785145008e+00 -1.130175874710082962e+00 5.815000000000000391e+00 8.000000000000000000e+00
2.201874516785145008e+00 -1.131175874710083074e+00 5.830000000000000071e+00 8.000000000000000000e+00
2.196874516785144671e+00 -1.134175874710082965e+00 5.802000000000000490e+00 8.000000000000000000e+00
2.189874516785144998e+00 -1.139175874710083081e+00 5.794000000000000483e+00 8.000000000000000000e+00
2.241874516785145044e+00 -1.161175874710082878e+00 5.818999999999999950e+00 8.000000000000000000e+00
2.243874516785144824e+00 -1.160175874710082988e+00 5.831999999999999851e+00 8.000000000000000000e+00
2.269874516785145069e+00 -1.215175874710082926e+00 5.818000000000000504e+00 8.000000000000000000e+00
2.223874516785144806e+00 -1.137175874710083079e+00 5.818000000000000504e+00 8.000000000000000000e+00
2.226874516785144920e+00 -1.148175874710082978e+00 5.807000000000000384e+00 8.000000000000000000e+00
2.236874516785144706e+00 -1.189175874710082903e+00 5.799000000000000377e+00 8.000000000000000000e+00
2.235874516785144817e+00 -1.154175874710082983e+00 5.844000000000000306e+00 8.000000000000000000e+00
2.206874516785144902e+00 -1.138175874710082969e+00 5.804000000000000270e+00 8.000000000000000000e+00
2.236874516785144706e+00 -1.203175874710082915e+00 5.799000000000000377e+00 8.000000000000000000e+00
2.235874516785144817e+00 -1.152175874710082981e+00 5.810999999999999943e+00 8.000000000000000000e+00
2.209874516785145016e+00 -1.149175874710083090e+00 5.799000000000000377e+00 8.000000000000000000e+00
2.257874516785145058e+00 -1.210175874710083033e+00 5.802000000000000490e+00 8.000000000000000000e+00
2.261874516785145062e+00 -1.208175874710083031e+00 5.831000000000000405e+00 8.000000000000000000e+00
2.259874516785144838e+00 -1.197175874710082910e+00 5.820999999999999730e+00 8.000000000000000000e+00
2.259874516785144838e+00 -1.223175874710082933e+00 5.798000000000000043e+00 8.000000000000000000e+00
2.194874516785144891e+00 -1.160175874710082988e+00 5.799000000000000377e+00 8.000000000000000000e+00
2.240874516785144710e+00 -1.175175874710082891e+00 5.807999999999999829e+00 8.000000000000000000e+00
2.238874516785144930e+00 -1.213175874710082924e+00 5.794999999999999929e+00 8.000000000000000000e+00
2.146874516785144849e+00 -1.136175874710082967e+00 5.767999999999999794e+00 8.000000000000000000e+00
2.144874516785145069e+00 -1.125175874710083068e+00 5.767000000000000348e+00 8.000000000000000000e+00
2.229874516785145033e+00 -1.157175874710082875e+00 5.802000000000000490e+00 8.000000000000000000e+00
2.246874516785144937e+00 -1.219175874710082930e+00 5.798000000000000043e+00 8.000000000000000000e+00
2.246874516785144937e+00 -1.170175874710082997e+00 5.818999999999999950e+00 8.000000000000000000e+00
2.247874516785144827e+00 -1.194175874710083018e+00 5.806000000000000050e+00 8.000000000000000000e+00
2.252874516785144721e+00 -1.190175874710083015e+00 5.815999999999999837e+00 8.000000000000000000e+00
2.247874516785144827e+00 -1.206175874710083029e+00 5.802000000000000490e+00 8.000000000000000000e+00
2.245874516785145047e+00 -1.133175874710083075e+00 5.834999999999999964e+00 8.000000000000000000e+00
2.191874516785144777e+00 -1.126175874710082958e+00 5.799999999999999822e+00 8.000000000000000000e+00
2.220874516785144692e+00 -1.165175874710082882e+00 5.796000000000000263e+00 8.000000000000000000e+00
2.255874516785144834e+00 -1.200175874710083024e+00 5.839999999999999858e+00 8.000000000000000000e+00
2.233874516785145037e+00 -1.143175874710083084e+00 5.831000000000000405e+00 8.000000000000000000e+00
2.230874516785144923e+00 -1.145175874710083086e+00 5.818000000000000504e+00 8.000000000000000000e+00
2.255874516785144834e+00 -1.189175874710082903e+00 5.828000000000000291e+00 8.000000000000000000e+00
2.247874516785144827e+00 -1.169175874710082885e+00 5.831999999999999851e+00 8.000000000000000000e+00
2.249874516785145051e+00 -1.180175874710083006e+00 5.834999999999999964e+00 8.000000000000000000e+00
2.254874516785144944e+00 -1.200175874710083024e+00 5.809000000000000163e+00 8.000000000000000000e+00
2.249874516785145051e+00 -1.180175874710083006e+00 5.818000000000000504e+00 8.000000000000000000e+00
2.219874516785144802e+00 -1.153175874710082871e+00 5.799000000000000377e+00 8.000000000000000000e+00
2.219874516785144802e+00 -1.141175874710083082e+00 5.804999999999999716e+00 8.000000000000000000e+00
2.212874516785144685e+00 -1.133175874710083075e+00 5.810999999999999943e+00 8.000000000000000000e+00
1.502874516785144943e+00 -1.080175874710082917e+00 5.940000000000000391e+00 5.000000000000000000e+00
1.512874516785144730e+00 -1.124175874710082956e+00 5.972999999999999865e+00 5.000000000000000000e+00
1.512874516785144730e+00 -1.085175874710083033e+00 5.964999999999999858e+00 5.000000000000000000e+00
1.507874516785144836e+00 -1.038175874710082880e+00 5.929000000000000270e+00 5.000000000000000000e+00
1.512874516785144730e+00 -1.139175874710083081e+00 5.991999999999999993e+00 5.000000000000000000e+00
1.510874516785144728e+00 -1.025175874710082979e+00 5.943000000000000504e+00 5.000000000000000000e+00
1.511874516785144840e+00 -1.114175874710082947e+00 5.983999999999999986e+00 5.000000000000000000e+00
1.511874516785144840e+00 -1.100175874710082935e+00 5.975999999999999979e+00 5.000000000000000000e+00
1.505874516785144834e+00 -1.028175874710082871e+00 5.916000000000000369e+00 5.000000000000000000e+00
1.510874516785144728e+00 -1.139175874710083081e+00 5.975999999999999979e+00 5.000000000000000000e+00
1.507874516785144836e+00 -1.049175874710083001e+00 5.927999999999999936e+00 5.000000000000000000e+00
1.510874516785144728e+00 -1.126175874710082958e+00 5.991999999999999993e+00 5.000000000000000000e+00
1.490874516785144932e+00 -1.062175874710082901e+00 5.929999999999999716e+00 5.000000000000000000e+00
1.497874516785144827e+00 -1.046175874710082887e+00 5.921000000000000263e+00 5.000000000000000000e+00
1.499874516785144829e+00 -1.095175874710083042e+00 5.945999999999999730e+00 5.000000000000000000e+00
1.502874516785144943e+00 -1.145175874710083086e+00 5.969000000000000306e+00 5.000000000000000000e+00
1.501874516785144831e+00 -1.017175874710082972e+00 5.908999999999999808e+00 5.000000000000000000e+00
1.513874516785144841e+00 -1.072175874710082910e+00 5.959999999999999964e+00 5.000000000000000000e+00
1.511874516785144840e+00 -1.112175874710082946e+00 5.967999999999999972e+00 5.000000000000000000e+00
1.509874516785144838e+00 -1.101175874710083047e+00 5.963000000000000078e+00 5.000000000000000000e+00
1.512874516785144730e+00 -1.085175874710083033e+00 5.948999999999999844e+00 5.000000000000000000e+00
1.504874516785144944e+00 -1.155175874710082873e+00 5.972999999999999865e+00 5.000000000000000000e+00
1.510874516785144728e+00 -1.074175874710082912e+00 5.945999999999999730e+00 5.000000000000000000e+00
1.509874516785144838e+00 -1.025175874710082979e+00 5.927999999999999936e+00 5.000000000000000000e+00
1.512874516785144730e+00 -1.035175874710082988e+00 5.940999999999999837e+00 5.000000000000000000e+00
9.708745167851448032e-01 -4.151758747100831037e-01 5.636000000000000121e+00 1.200000000000000000e+01
1.002874516785144721e+00 -4.291758747100828941e-01 5.629000000000000448e+00 1.200000000000000000e+01
1.017874516785144845e+00 -4.561758747100830291e-01 5.642000000000000348e+00 1.200000000000000000e+01
1.017874516785144845e+00 -4.691758747100829297e-01 5.657000000000000028e+00 1.200000000000000000e+01
9.758745167851448077e-01 -4.121758747100829900e-01 5.663000000000000256e+00 1.200000000000000000e+01
1.005874516785144834e+00 -4.371758747100829012e-01 5.624000000000000554e+00 1.200000000000000000e+01
1.006874516785144724e+00 -4.001758747100829794e-01 5.637000000000000455e+00 1.200000000000000000e+01
1.008874516785144948e+00 -4.361758747100830114e-01 5.637999999999999901e+00 1.200000000000000000e+01
1.006874516785144724e+00 -3.951758747100830860e-01 5.647999999999999687e+00 1.200000000000000000e+01
9.958745167851448254e-01 -4.221758747100827769e-01 5.637000000000000455e+00 1.200000000000000000e+01
1.033874516785144859e+00 -4.071758747100830966e-01 5.616000000000000547e+00 1.200000000000000000e+01
1.016874516785144955e+00 -4.441758747100830185e-01 5.645999999999999908e+00 1.200000000000000000e+01
1.021874516785144849e+00 -4.651758747100829261e-01 5.637000000000000455e+00 1.200000000000000000e+01
1.014874516785144731e+00 -4.461758747100827982e-01 5.633000000000000007e+00 1.200000000000000000e+01
9.978745167851448272e-01 -4.321758747100830078e-01 5.618999999999999773e+00 1.200000000000000000e+01
9.958745167851448254e-01 -3.861758747100827449e-01 5.623000000000000220e+00 1.200000000000000000e+01
9.808745167851448121e-01 -4.191758747100831073e-01 5.634999999999999787e+00 1.200000000000000000e+01
9.898745167851448201e-01 -4.161758747100829936e-01 5.605000000000000426e+00 1.200000000000000000e+01
9.898745167851448201e-01 -4.101758747100827662e-01 5.613999999999999879e+00 1.200000000000000000e+01
1.015874516785144843e+00 -4.441758747100830185e-01 5.616000000000000547e+00 1.200000000000000000e+01
9.918745167851448219e-01 -3.971758747100828657e-01 5.645999999999999908e+00 1.200000000000000000e+01
1.014874516785144731e+00 -3.991758747100830895e-01 5.650999999999999801e+00 1.200000000000000000e+01
1.012874516785144952e+00 -4.011758747100828693e-01 5.634999999999999787e+00 1.200000000000000000e+01
9.898745167851448201e-01 -4.261758747100827804e-01 5.626000000000000334e+00 1.200000000000000000e+01
9.748745167851448068e-01 -4.121758747100829900e-01 5.647999999999999687e+00 1.200000000000000000e+01
9.858745167851448166e-01 -4.161758747100829936e-01 5.645999999999999908e+00 1.200000000000000000e+01
1.019874516785144847e+00 -4.051758747100828728e-01 5.631000000000000227e+00 1.200000000000000000e+01
1.022874516785144738e+00 -4.531758747100829154e-01 5.652000000000000135e+00 1.200000000000000000e+01
1.015874516785144843e+00 -4.581758747100828089e-01 5.626999999999999780e+00 1.200000000000000000e+01
1.012874516785144952e+00 -4.061758747100827627e-01 5.626000000000000334e+00 1.200000000000000000e+01
1.005874516785144834e+00 -4.061758747100827627e-01 5.629000000000000448e+00 1.200000000000000000e+01
9.988745167851448281e-01 -3.951758747100830860e-01 5.641000000000000014e+00 1.200000000000000000e+01
9.848745167851448157e-01 -4.291758747100828941e-01 5.615000000000000213e+00 1.200000000000000000e+01
9.828745167851448139e-01 -4.181758747100827733e-01 5.610999999999999766e+00 1.200000000000000000e+01
9.848745167851448157e-01 -3.961758747100829758e-01 5.649000000000000021e+00 1.200000000000000000e+01
9.968745167851448263e-01 -4.101758747100827662e-01 5.610000000000000320e+00 1.200000000000000000e+01
1.020874516785144959e+00 -4.031758747100830931e-01 5.645000000000000462e+00 1.200000000000000000e+01
3.896874516785144849e+00 5.824125289917159165e-03 6.113999999999999879e+00 1.100000000000000000e+01
3.878874516785145055e+00 3.182412528991696021e-02 6.171000000000000263e+00 1.100000000000000000e+01
3.880874516785144834e+00 4.482412528991686074e-02 6.168000000000000149e+00 1.100000000000000000e+01
3.965874516785144799e+00 2.282412528991706324e-02 6.113999999999999879e+00 1.100000000000000000e+01
3.887874516785144952e+00 2.982412528991718048e-02 6.147999999999999687e+00 1.100000000000000000e+01
3.967874516785145023e+00 3.382412528991718403e-02 6.124000000000000554e+00 1.100000000000000000e+01
3.969874516785144802e+00 4.482412528991686074e-02 6.134000000000000341e+00 1.100000000000000000e+01
3.870874516785145047e+00 4.682412528991708456e-02 6.174999999999999822e+00 1.100000000000000000e+01
3.877874516785144721e+00 5.082412528991708811e-02 6.182000000000000384e+00 1.100000000000000000e+01
3.880874516785144834e+00 3.382412528991718403e-02 6.152000000000000135e+00 1.100000000000000000e+01
3.898874516785145072e+00 -1.175874710082958075e-03 6.100000000000000533e+00 1.100000000000000000e+01
4.022874516785144294e+00 8.682412528991712009e-02 6.193999999999999950e+00 1.100000000000000000e+01
3.988874516785144930e+00 4.982412528991719824e-02 6.145999999999999908e+00 1.100000000000000000e+01
3.951874516785145008e+00 1.182412528991694245e-02 6.097999999999999865e+00 1.100000000000000000e+01
3.983874516785145037e+00 5.582412528991698153e-02 6.149000000000000021e+00 1.100000000000000000e+01
4.004874516785145389e+00 5.282412528991686784e-02 6.176000000000000156e+00 1.100000000000000000e+01
3.960874516785144905e+00 2.782412528991695666e-02 6.116999999999999993e+00 1.100000000000000000e+01
4.009874516785144394e+00 6.682412528991710232e-02 6.168000000000000149e+00 1.100000000000000000e+01
4.002874516785144721e+00 6.182412528991720890e-02 6.160000000000000142e+00 1.100000000000000000e+01
4.004874516785145389e+00 7.282412528991688561e-02 6.169000000000000483e+00 1.100000000000000000e+01
4.011874516785145062e+00 7.882412528991711298e-02 6.177000000000000490e+00 1.100000000000000000e+01
4.002874516785144721e+00 5.182412528991697798e-02 6.161999999999999922e+00 1.100000000000000000e+01
3.929874516785144767e+00 -6.175874710082851493e-03 6.078999999999999737e+00 1.100000000000000000e+01
4.012874516785144507e+00 6.982412528991721601e-02 6.177999999999999936e+00 1.100000000000000000e+01
4.016874516785144955e+00 9.282412528991690337e-02 6.190999999999999837e+00 1.100000000000000000e+01
3.937874516785144774e+00 9.824125289917162718e-03 6.099000000000000199e+00 1.100000000000000000e+01
3.937874516785144774e+00 -1.758747100830682086e-04 6.084999999999999964e+00 1.100000000000000000e+01
3.956874516785144902e+00 1.582412528991694600e-02 6.108999999999999986e+00 1.100000000000000000e+01
3.938874516785144664e+00 -1.017587471008285505e-02 6.083000000000000185e+00 1.100000000000000000e+01
3.978874516785144699e+00 3.282412528991685008e-02 6.128000000000000114e+00 1.100000000000000000e+01
3.977874516785144809e+00 5.182412528991697798e-02 6.141000000000000014e+00 1.100000000000000000e+01
4.024874516785144962e+00 9.882412528991713074e-02 6.198000000000000398e+00 1.100000000000000000e+01
3.943874516785145001e+00 4.824125289916825210e-03 6.092999999999999972e+00 1.100000000000000000e+01
3.951874516785145008e+00 8.241252899172657465e-04 6.097999999999999865e+00 1.100000000000000000e+01
3.990874516785144710e+00 4.282412528991708101e-02 6.145000000000000462e+00 1.100000000000000000e+01
3.951874516785145008e+00 2.082412528991683942e-02 6.112000000000000099e+00 1.100000000000000000e+01
3.956874516785144902e+00 3.824125289916935344e-03 6.108000000000000540e+00 1.100000000000000000e+01
3.995874516785145047e+00 5.582412528991698153e-02 6.152000000000000135e+00 1.100000000000000000e+01
3.996874516785144937e+00 4.782412528991697442e-02 6.155000000000000249e+00 1.100000000000000000e+01
3.998874516785144717e+00 6.782412528991699219e-02 6.161999999999999922e+00 1.100000000000000000e+01
3.990874516785144710e+00 6.182412528991720890e-02 6.153999999999999915e+00 1.100000000000000000e+01
3.874874516785145051e+00 5.782412528991720535e-02 6.190000000000000391e+00 1.100000000000000000e+01
4.026874516785144742e+00 8.082412528991689271e-02 6.192000000000000171e+00 1.100000000000000000e+01
3.970874516785144692e+00 2.682412528991706679e-02 6.121999999999999886e+00 1.100000000000000000e+01
3.975874516785145030e+00 4.082412528991685718e-02 6.129999999999999893e+00 1.100000000000000000e+01
4.019874516785145069e+00 8.382412528991700640e-02 6.184000000000000163e+00 1.100000000000000000e+01
3.931874516785144991e+00 -1.617587471008308242e-02 6.076000000000000512e+00 1.100000000000000000e+01
3.983874516785145037e+00 3.782412528991718759e-02 6.137999999999999901e+00 1.100000000000000000e+01
3.943874516785145001e+00 -6.175874710082851493e-03 6.092000000000000526e+00 1.100000000000000000e+01
3.980874516785144923e+00 4.382412528991697087e-02 6.137999999999999901e+00 1.100000000000000000e+01
4.021874516785144849e+00 7.682412528991688916e-02 6.182999999999999829e+00 1.100000000000000000e+01
1.950874516785144897e+00 -7.041758747100830274e-01 5.900999999999999801e+00 8.000000000000000000e+00
2.024874516785144962e+00 -8.181758747100829066e-01 5.860000000000000320e+00 8.000000000000000000e+00
1.958874516785144904e+00 -7.811758747100829847e-01 5.846000000000000085e+00 8.000000000000000000e+00
1.966874516785144911e+00 -7.881758747100828799e-01 5.839999999999999858e+00 8.000000000000000000e+00
1.948874516785144895e+00 -7.411758747100829492e-01 5.876999999999999780e+00 8.000000000000000000e+00
1.964874516785144909e+00 -7.651758747100829705e-01 5.866999999999999993e+00 8.000000000000000000e+00
1.964874516785144909e+00 -7.771758747100829812e-01 5.870000000000000107e+00 8.000000000000000000e+00
1.964874516785144909e+00 -7.541758747100830718e-01 5.874000000000000554e+00 8.000000000000000000e+00
1.968874516785144912e+00 -7.621758747100830789e-01 5.879000000000000448e+00 8.000000000000000000e+00
1.965874516785144799e+00 -7.401758747100830593e-01 5.879000000000000448e+00 8.000000000000000000e+00
1.965874516785144799e+00 -7.771758747100829812e-01 5.855999999999999872e+00 8.000000000000000000e+00
2.026874516785144742e+00 -8.171758747100830167e-01 5.873000000000000220e+00 8.000000000000000000e+00
1.974874516785144918e+00 -7.931758747100829954e-01 5.854000000000000092e+00 8.000000000000000000e+00
1.982874516785144925e+00 -7.991758747100830007e-01 5.852999999999999758e+00 8.000000000000000000e+00
2.002874516785144721e+00 -7.981758747100828888e-01 5.895000000000000462e+00 8.000000000000000000e+00
1.970874516785144914e+00 -7.361758747100830558e-01 5.889999999999999680e+00 8.000000000000000000e+00
1.972874516785144916e+00 -6.881758747100830131e-01 5.926000000000000156e+00 8.000000000000000000e+00
1.956874516785144902e+00 -6.891758747100829030e-01 5.913000000000000256e+00 8.000000000000000000e+00
1.976874516785144920e+00 -8.031758747100830043e-01 5.844000000000000306e+00 8.000000000000000000e+00
1.968874516785144912e+00 -7.261758747100830469e-01 5.903000000000000469e+00 8.000000000000000000e+00
1.972874516785144916e+00 -7.001758747100830238e-01 5.927999999999999936e+00 8.000000000000000000e+00
1.972874516785144916e+00 -7.481758747100830664e-01 5.899000000000000021e+00 8.000000000000000000e+00
1.971874516785144804e+00 -7.131758747100829243e-01 5.915000000000000036e+00 8.000000000000000000e+00
1.971874516785144804e+00 -7.001758747100830238e-01 5.913000000000000256e+00 8.000000000000000000e+00
1.959874516785144793e+00 -7.321758747100830522e-01 5.881000000000000227e+00 8.000000000000000000e+00
1.957874516785144792e+00 -7.451758747100829527e-01 5.871999999999999886e+00 8.000000000000000000e+00
1.970874516785144914e+00 -7.371758747100829456e-01 5.905000000000000249e+00 8.000000000000000000e+00
1.958874516785144904e+00 -7.701758747100828639e-01 5.855999999999999872e+00 8.000000000000000000e+00
1.950874516785144897e+00 -7.761758747100828693e-01 5.849000000000000199e+00 8.000000000000000000e+00
1.949874516785144785e+00 -7.651758747100829705e-01 5.857000000000000206e+00 8.000000000000000000e+00
1.973874516785144806e+00 -7.481758747100830664e-01 5.882000000000000561e+00 8.000000000000000000e+00
1.953874516785144788e+00 -7.251758747100829350e-01 5.884999999999999787e+00 8.000000000000000000e+00
1.995874516785144825e+00 -8.021758747100828923e-01 5.855000000000000426e+00 8.000000000000000000e+00
1.963874516785144797e+00 -7.061758747100830291e-01 5.903999999999999915e+00 8.000000000000000000e+00
2.004874516785144944e+00 -8.081758747100828977e-01 5.852999999999999758e+00 8.000000000000000000e+00
1.958874516785144904e+00 -7.591758747100829652e-01 5.865000000000000213e+00 8.000000000000000000e+00
1.962874516785144907e+00 -7.191758747100829297e-01 5.892999999999999794e+00 8.000000000000000000e+00
1.958874516785144904e+00 -6.981758747100830220e-01 5.908000000000000362e+00 8.000000000000000000e+00
1.957874516785144792e+00 -7.091758747100829208e-01 5.895000000000000462e+00 8.000000000000000000e+00
1.963874516785144797e+00 -6.831758747100828977e-01 5.919999999999999929e+00 8.000000000000000000e+00
1.966874516785144911e+00 -7.281758747100830487e-01 5.889000000000000234e+00 8.000000000000000000e+00
1.970874516785144914e+00 -7.961758747100828870e-01 5.842000000000000526e+00 8.000000000000000000e+00
1.968874516785144912e+00 -6.911758747100829048e-01 5.915000000000000036e+00 8.000000000000000000e+00
1.968874516785144912e+00 -7.871758747100829900e-01 5.854000000000000092e+00 8.000000000000000000e+00
1.951874516785144786e+00 -7.861758747100828781e-01 5.836000000000000298e+00 8.000000000000000000e+00
1.968874516785144912e+00 -7.141758747100830362e-01 5.903000000000000469e+00 8.000000000000000000e+00
1.941874516785144777e+00 -7.821758747100828746e-01 5.841000000000000192e+00 8.000000000000000000e+00
2.007874516785144614e+00 -8.171758747100830167e-01 5.852999999999999758e+00 8.000000000000000000e+00
2.000874516785144941e+00 -7.991758747100830007e-01 5.866000000000000547e+00 8.000000000000000000e+00
1.995874516785144825e+00 -8.141758747100829030e-01 5.847000000000000419e+00 8.000000000000000000e+00
2.016874516785144955e+00 -8.111758747100830114e-01 5.876999999999999780e+00 8.000000000000000000e+00
2.010874516785144728e+00 -8.031758747100830043e-01 5.862000000000000099e+00 8.000000000000000000e+00
2.015874516785144621e+00 -8.111758747100830114e-01 5.860000000000000320e+00 8.000000000000000000e+00
1.986874516785144928e+00 -8.081758747100828977e-01 5.847999999999999865e+00 8.000000000000000000e+00
2.536874516785144973e+00 -1.268175874710083084e+00 4.967999999999999972e+00 0.000000000000000000e+00
2.500874516785144941e+00 -1.230175874710083050e+00 5.025000000000000355e+00 0.000000000000000000e+00
2.544874516785144980e+00 -1.274175874710083090e+00 4.983000000000000540e+00 0.000000000000000000e+00
2.520874516785144959e+00 -1.269175874710082974e+00 4.937000000000000277e+00 0.000000000000000000e+00
2.535874516785144639e+00 -1.259175874710082965e+00 5.012000000000000455e+00 0.000000000000000000e+00
2.542874516785144756e+00 -1.275175874710082979e+00 4.969000000000000306e+00 0.000000000000000000e+00
2.507874516785145058e+00 -1.247175874710082955e+00 4.993000000000000327e+00 0.000000000000000000e+00
2.496874516785144937e+00 -1.243175874710082951e+00 5.001000000000000334e+00 0.000000000000000000e+00
2.510874516785144728e+00 -1.244175874710083063e+00 5.004000000000000448e+00 0.000000000000000000e+00
2.493874516785144824e+00 -1.224175874710083045e+00 5.035000000000000142e+00 0.000000000000000000e+00
2.515874516785145065e+00 -1.251175874710082958e+00 4.988999999999999879e+00 0.000000000000000000e+00
2.531874516785144635e+00 -1.261175874710082967e+00 4.971000000000000085e+00 0.000000000000000000e+00
2.529874516785144856e+00 -1.251175874710082958e+00 5.025000000000000355e+00 0.000000000000000000e+00
2.490874516785144710e+00 -1.215175874710082926e+00 5.060000000000000497e+00 0.000000000000000000e+00
2.504874516785144944e+00 -1.270175874710083086e+00 4.945000000000000284e+00 0.000000000000000000e+00
2.495874516785145047e+00 -1.233175874710082942e+00 5.016000000000000014e+00 0.000000000000000000e+00
2.514874516785144731e+00 -1.230175874710083050e+00 5.044999999999999929e+00 0.000000000000000000e+00
2.539874516785144642e+00 -1.266175874710083082e+00 4.980000000000000426e+00 0.000000000000000000e+00
2.487874516785145040e+00 -1.229175874710082939e+00 5.025000000000000355e+00 0.000000000000000000e+00
6.268745167851448308e-01 8.824125289916828763e-03 6.368000000000000327e+00 2.000000000000000000e+00
3.763874516785144841e+00 -1.311758747100828515e-01 5.700000000000000178e+00 -1.000000000000000000e+00
1.075874516785144674e+00 -2.511758747100829581e-01 5.892999999999999794e+00 1.300000000000000000e+01
1.080874516785144790e+00 -2.421758747100830611e-01 5.866000000000000547e+00 1.300000000000000000e+01
1.082874516785144792e+00 -2.881758747100828799e-01 5.883000000000000007e+00 1.300000000000000000e+01
1.073874516785144895e+00 -2.711758747100829758e-01 5.889999999999999680e+00 1.300000000000000000e+01
1.074874516785144785e+00 -2.561758747100828515e-01 5.882000000000000561e+00 1.300000000000000000e+01
1.076874516785144786e+00 -2.491758747100831783e-01 5.907000000000000028e+00 1.300000000000000000e+01
1.083874516785144682e+00 -2.531758747100827378e-01 5.923000000000000043e+00 1.300000000000000000e+01
1.083874516785144682e+00 -2.461758747100830647e-01 5.822000000000000064e+00 1.300000000000000000e+01
1.149874516785144740e+00 -2.171758747100831499e-01 5.955000000000000071e+00 1.300000000000000000e+01
1.107874516785144925e+00 -2.621758747100830789e-01 5.924999999999999822e+00 1.300000000000000000e+01
1.134874516785144838e+00 -2.451758747100831748e-01 5.963000000000000078e+00 1.300000000000000000e+01
1.073874516785144895e+00 -2.591758747100829652e-01 5.870000000000000107e+00 1.300000000000000000e+01
1.078874516785144788e+00 -2.791758747100829829e-01 5.887000000000000455e+00 1.300000000000000000e+01
1.074874516785144785e+00 -2.821758747100830966e-01 5.876000000000000334e+00 1.300000000000000000e+01
1.126874516785144831e+00 -2.611758747100827449e-01 5.939000000000000057e+00 1.300000000000000000e+01
1.076874516785144786e+00 -2.921758747100828835e-01 5.873000000000000220e+00 1.300000000000000000e+01
1.129874516785144722e+00 -2.371758747100831677e-01 5.980999999999999872e+00 1.300000000000000000e+01
1.128874516785144833e+00 -2.481758747100828444e-01 5.951999999999999957e+00 1.300000000000000000e+01
1.154874516785144856e+00 -2.571758747100827414e-01 5.961000000000000298e+00 1.300000000000000000e+01
1.059874516785144660e+00 -2.581758747100830753e-01 5.868000000000000327e+00 1.300000000000000000e+01
1.066874516785144777e+00 -2.611758747100827449e-01 5.873000000000000220e+00 1.300000000000000000e+01
1.147874516785144738e+00 -2.481758747100828444e-01 5.967000000000000526e+00 1.300000000000000000e+01
1.121874516785144937e+00 -2.531758747100827378e-01 5.943000000000000504e+00 1.300000000000000000e+01
1.157874516785144747e+00 -2.421758747100830611e-01 5.972999999999999865e+00 1.300000000000000000e+01
1.140874516785144843e+00 -2.521758747100828479e-01 5.956000000000000405e+00 1.300000000000000000e+01
1.100874516785144808e+00 -2.651758747100827485e-01 5.915000000000000036e+00 1.300000000000000000e+01
1.067874516785144667e+00 -2.571758747100827414e-01 5.884000000000000341e+00 1.300000000000000000e+01
1.110874516785144817e+00 -2.711758747100829758e-01 5.921000000000000263e+00 1.300000000000000000e+01
1.103874516785144921e+00 -2.761758747100828693e-01 5.913000000000000256e+00 1.300000000000000000e+01
1.086874516785144795e+00 -2.991758747100830007e-01 5.895000000000000462e+00 1.300000000000000000e+01
1.116874516785144822e+00 -2.681758747100828622e-01 5.932000000000000384e+00 1.300000000000000000e+01
1.070874516785144781e+00 -2.461758747100830647e-01 5.839000000000000412e+00 1.300000000000000000e+01
1.116874516785144822e+00 -2.561758747100828515e-01 5.931000000000000050e+00 1.300000000000000000e+01
1.087874516785144685e+00 -2.861758747100831002e-01 5.895999999999999908e+00 1.300000000000000000e+01
1.103874516785144921e+00 -2.701758747100830860e-01 5.873000000000000220e+00 1.300000000000000000e+01
1.064874516785144776e+00 -2.771758747100827591e-01 5.881000000000000227e+00 1.300000000000000000e+01
8.418745167851447997e-01 -1.861758747100830114e-01 6.203999999999999737e+00 2.000000000000000000e+00
8.678745167851448228e-01 -1.831758747100828977e-01 6.243999999999999773e+00 2.000000000000000000e+00
9.068745167851448574e-01 -1.351758747100828550e-01 6.334999999999999964e+00 2.000000000000000000e+00
8.668745167851448219e-01 -1.711758747100828870e-01 6.246000000000000441e+00 2.000000000000000000e+00
9.028745167851448539e-01 -1.511758747100828693e-01 6.328999999999999737e+00 2.000000000000000000e+00
8.588745167851448148e-01 -1.881758747100827911e-01 6.217999999999999972e+00 2.000000000000000000e+00
8.878745167851448405e-01 -1.591758747100828764e-01 6.291999999999999815e+00 2.000000000000000000e+00
8.768745167851448308e-01 -1.521758747100827591e-01 6.280000000000000249e+00 2.000000000000000000e+00
8.498745167851448068e-01 -1.811758747100831179e-01 6.214000000000000412e+00 2.000000000000000000e+00
8.688745167851448237e-01 -1.571758747100830966e-01 6.272000000000000242e+00 2.000000000000000000e+00
8.628745167851448183e-01 -1.741758747100830007e-01 6.233999999999999986e+00 2.000000000000000000e+00
8.378745167851447961e-01 -2.121758747100828124e-01 6.179000000000000270e+00 2.000000000000000000e+00
8.368745167851447953e-01 -1.891758747100831251e-01 6.193000000000000504e+00 2.000000000000000000e+00
8.648745167851448201e-01 -1.851758747100831215e-01 6.230999999999999872e+00 2.000000000000000000e+00
8.638745167851448192e-01 -1.601758747100827662e-01 6.258000000000000007e+00 2.000000000000000000e+00
8.528745167851448095e-01 -1.921758747100827946e-01 6.209000000000000519e+00 2.000000000000000000e+00
8.798745167851448334e-01 -1.741758747100830007e-01 6.230999999999999872e+00 2.000000000000000000e+00
8.828745167851448361e-01 -1.491758747100830895e-01 6.291000000000000369e+00 2.000000000000000000e+00
8.468745167851448041e-01 -1.941758747100830185e-01 6.195999999999999730e+00 2.000000000000000000e+00
8.318745167851447908e-01 -1.921758747100827946e-01 6.181000000000000050e+00 2.000000000000000000e+00
8.788745167851448326e-01 -1.651758747100831037e-01 6.269000000000000128e+00 2.000000000000000000e+00
8.858745167851448388e-01 -1.471758747100828657e-01 6.304000000000000270e+00 2.000000000000000000e+00
8.838745167851448370e-01 -1.621758747100829900e-01 6.278999999999999915e+00 2.000000000000000000e+00
9.078745167851448583e-01 -1.491758747100830895e-01 6.339000000000000412e+00 2.000000000000000000e+00
8.738745167851448281e-01 -1.671758747100828835e-01 6.257000000000000561e+00 2.000000000000000000e+00
8.568745167851448130e-01 -1.771758747100831144e-01 6.222000000000000419e+00 2.000000000000000000e+00
8.348745167851447935e-01 -2.021758747100830256e-01 6.177000000000000490e+00 2.000000000000000000e+00
8.418745167851447997e-01 -1.981758747100830220e-01 6.187000000000000277e+00 2.000000000000000000e+00
1.992874516785144934e+00 1.458241252899168394e-01 5.846000000000000085e+00 0.000000000000000000e+00
1.995874516785144825e+00 1.468241252899171734e-01 5.858000000000000540e+00 0.000000000000000000e+00
1.981874516785144813e+00 1.618241252899168536e-01 5.850999999999999979e+00 0.000000000000000000e+00
2.021874516785144849e+00 8.782412528991700995e-02 5.847999999999999865e+00 0.000000000000000000e+00
1.981874516785144813e+00 1.848241252899169851e-01 5.862000000000000099e+00 0.000000000000000000e+00
1.970874516785144914e+00 2.118241252899171201e-01 5.862000000000000099e+00 0.000000000000000000e+00
1.975874516785144808e+00 1.808241252899169815e-01 5.852000000000000313e+00 0.000000000000000000e+00
1.966874516785144911e+00 2.188241252899172373e-01 5.866000000000000547e+00 0.000000000000000000e+00
2.000874516785144941e+00 1.388241252899171663e-01 5.852000000000000313e+00 0.000000000000000000e+00
2.029874516785144856e+00 7.182412528991699574e-02 5.836999999999999744e+00 0.000000000000000000e+00
2.016874516785144955e+00 8.482412528991689626e-02 5.838000000000000078e+00 0.000000000000000000e+00
2.014874516785145175e+00 9.582412528991701706e-02 5.842999999999999972e+00 0.000000000000000000e+00
1.973874516785144806e+00 1.908241252899172125e-01 5.855999999999999872e+00 0.000000000000000000e+00
2.039874516785144642e+00 5.482412528991709166e-02 5.839000000000000412e+00 0.000000000000000000e+00
1.972874516785144916e+00 2.028241252899172231e-01 5.858000000000000540e+00 0.000000000000000000e+00
2.010874516785144728e+00 1.138241252899172551e-01 5.850999999999999979e+00 0.000000000000000000e+00
2.032874516785144969e+00 6.082412528991687495e-02 5.839999999999999858e+00 0.000000000000000000e+00
1.958874516785144904e+00 2.358241252899171414e-01 5.866999999999999993e+00 0.000000000000000000e+00
2.042874516785144756e+00 6.682412528991710232e-02 5.862000000000000099e+00 0.000000000000000000e+00
2.042874516785144756e+00 5.682412528991687140e-02 5.852999999999999758e+00 0.000000000000000000e+00
1.988874516785144930e+00 1.668241252899171911e-01 5.860000000000000320e+00 0.000000000000000000e+00
1.990874516785144932e+00 1.558241252899170703e-01 5.860000000000000320e+00 0.000000000000000000e+00
1.984874516785144927e+00 1.758241252899170881e-01 5.855999999999999872e+00 0.000000000000000000e+00
1.967874516785144801e+00 2.308241252899172480e-01 5.866999999999999993e+00 0.000000000000000000e+00
2.002874516785144721e+00 1.298241252899172693e-01 5.849000000000000199e+00 0.000000000000000000e+00
2.004874516785144944e+00 1.218241252899172622e-01 5.847999999999999865e+00 0.000000000000000000e+00
1.985874516785144817e+00 1.528241252899169567e-01 5.850999999999999979e+00 0.000000000000000000e+00
2.051874516785145097e+00 8.482412528991689626e-02 5.876999999999999780e+00 0.000000000000000000e+00
2.025874516785144852e+00 7.982412528991700285e-02 5.842999999999999972e+00 0.000000000000000000e+00
2.838874516785145019e+00 -6.651758747100828817e-01 5.908999999999999808e+00 0.000000000000000000e+00
2.790874516785144976e+00 -7.511758747100829581e-01 5.825000000000000178e+00 0.000000000000000000e+00
2.804874516785144767e+00 -6.691758747100828852e-01 5.891000000000000014e+00 0.000000000000000000e+00
2.814874516785144998e+00 -6.951758747100829083e-01 5.868000000000000327e+00 0.000000000000000000e+00
2.807874516785144881e+00 -7.371758747100829456e-01 5.839000000000000412e+00 0.000000000000000000e+00
2.836874516785144795e+00 -6.791758747100828941e-01 5.907000000000000028e+00 0.000000000000000000e+00
2.843874516785144912e+00 -6.501758747100829794e-01 5.921000000000000263e+00 0.000000000000000000e+00
2.826874516785145008e+00 -6.391758747100828586e-01 5.915000000000000036e+00 0.000000000000000000e+00
2.808874516785144770e+00 -7.001758747100830238e-01 5.858999999999999986e+00 0.000000000000000000e+00
2.832874516785144792e+00 -7.061758747100830291e-01 5.887999999999999901e+00 0.000000000000000000e+00
2.828874516785144788e+00 -6.851758747100828995e-01 5.884999999999999787e+00 0.000000000000000000e+00
2.822874516785145005e+00 -6.891758747100829030e-01 5.875000000000000000e+00 0.000000000000000000e+00
2.832874516785144792e+00 -6.941758747100830185e-01 5.886000000000000121e+00 0.000000000000000000e+00
2.832874516785144792e+00 -6.471758747100828657e-01 5.908000000000000362e+00 0.000000000000000000e+00
2.855874516785144923e+00 -6.301758747100829616e-01 5.948000000000000398e+00 0.000000000000000000e+00
2.846874516785145026e+00 -6.481758747100829776e-01 5.934000000000000163e+00 0.000000000000000000e+00
2.844874516785144802e+00 -6.391758747100828586e-01 5.927000000000000490e+00 0.000000000000000000e+00
2.801874516785144653e+00 -7.521758747100830700e-01 5.825000000000000178e+00 0.000000000000000000e+00
2.819874516785144891e+00 -7.151758747100829261e-01 5.857000000000000206e+00 0.000000000000000000e+00
2.807874516785144881e+00 -6.781758747100830043e-01 5.882000000000000561e+00 0.000000000000000000e+00
2.813874516785144664e+00 -7.081758747100830309e-01 5.858999999999999986e+00 0.000000000000000000e+00
2.814874516785144998e+00 -7.551758747100829616e-01 5.839000000000000412e+00 0.000000000000000000e+00
2.812874516785144774e+00 -6.851758747100828995e-01 5.875000000000000000e+00 0.000000000000000000e+00
2.832874516785144792e+00 -6.581758747100829865e-01 5.900999999999999801e+00 0.000000000000000000e+00
2.819874516785144891e+00 -7.281758747100830487e-01 5.855999999999999872e+00 0.000000000000000000e+00
2.819874516785144891e+00 -7.391758747100829474e-01 5.852999999999999758e+00 0.000000000000000000e+00
2.821874516785144671e+00 -7.021758747100830256e-01 5.868000000000000327e+00 0.000000000000000000e+00
2.835874516785144905e+00 -6.921758747100830167e-01 5.899000000000000021e+00 0.000000000000000000e+00
2.833874516785144682e+00 -6.821758747100830078e-01 5.895999999999999908e+00 0.000000000000000000e+00
2.832874516785144792e+00 -6.691758747100828852e-01 5.897999999999999687e+00 0.000000000000000000e+00
2.828874516785144788e+00 -6.721758747100829989e-01 5.887999999999999901e+00 0.000000000000000000e+00
2.824874516785144785e+00 -6.641758747100829918e-01 5.892999999999999794e+00 0.000000000000000000e+00
2.815874516785144888e+00 -7.421758747100830611e-01 5.841000000000000192e+00 0.000000000000000000e+00
2.817874516785144667e+00 -6.691758747100828852e-01 5.886000000000000121e+00 0.000000000000000000e+00
2.817874516785144667e+00 -6.461758747100829758e-01 5.908000000000000362e+00 0.000000000000000000e+00
2.841874516785144689e+00 -6.631758747100828799e-01 5.921000000000000263e+00 0.000000000000000000e+00
2.825874516785144674e+00 -7.231758747100829332e-01 5.866000000000000547e+00 0.000000000000000000e+00
2.825874516785144674e+00 -6.531758747100828710e-01 5.902000000000000135e+00 0.000000000000000000e+00
2.829874516785144678e+00 -7.081758747100830309e-01 5.876999999999999780e+00 0.000000000000000000e+00
2.823874516785144895e+00 -7.121758747100830345e-01 5.866000000000000547e+00 0.000000000000000000e+00
2.818874516785145001e+00 -6.801758747100830060e-01 5.882000000000000561e+00 0.000000000000000000e+00
2.816874516785144777e+00 -6.591758747100828764e-01 5.895000000000000462e+00 0.000000000000000000e+00
2.822874516785145005e+00 -7.361758747100830558e-01 5.863999999999999879e+00 0.000000000000000000e+00
2.826874516785145008e+00 -6.981758747100830220e-01 5.876999999999999780e+00 0.000000000000000000e+00
2.818874516785145001e+00 -7.511758747100829581e-01 5.850999999999999979e+00 0.000000000000000000e+00
2.840874516785144799e+00 -6.411758747100828604e-01 5.916000000000000369e+00 0.000000000000000000e+00
2.809874516785144660e+00 -7.571758747100829634e-01 5.826999999999999957e+00 0.000000000000000000e+00
2.850874516785145030e+00 -6.331758747100830753e-01 5.937000000000000277e+00 0.000000000000000000e+00
2.852874516785144809e+00 -6.191758747100830629e-01 5.932999999999999829e+00 0.000000000000000000e+00
2.837874516785144685e+00 -6.541758747100829829e-01 5.910000000000000142e+00 0.000000000000000000e+00
1.469874516785144802e+00 -1.601758747100827662e-01 6.209000000000000519e+00 1.400000000000000000e+01
1.481874516785144813e+00 -1.621758747100829900e-01 6.161000000000000476e+00 1.400000000000000000e+01
1.472874516785144916e+00 -1.471758747100828657e-01 6.171000000000000263e+00 1.400000000000000000e+01
1.439874516785144776e+00 -1.521758747100827591e-01 6.126000000000000334e+00 1.400000000000000000e+01
1.461874516785144795e+00 -1.651758747100831037e-01 6.201000000000000512e+00 1.400000000000000000e+01
1.451874516785144786e+00 -1.461758747100829758e-01 6.166000000000000369e+00 1.400000000000000000e+01
1.480874516785144923e+00 -1.521758747100827591e-01 6.171000000000000263e+00 1.400000000000000000e+01
1.463874516785144797e+00 -1.521758747100827591e-01 6.250000000000000000e+00 1.400000000000000000e+01
1.468874516785144912e+00 -1.451758747100830860e-01 6.200000000000000178e+00 1.400000000000000000e+01
1.468874516785144912e+00 -1.621758747100829900e-01 6.243999999999999773e+00 1.400000000000000000e+01
7.888745167851448636e-01 -1.542175874710082883e+00 5.033000000000000362e+00 1.500000000000000000e+01
7.948745167851448690e-01 -1.532175874710083097e+00 5.040000000000000036e+00 1.500000000000000000e+01
7.778745167851448539e-01 -1.464175874710083036e+00 5.020000000000000462e+00 1.500000000000000000e+01
7.808745167851448565e-01 -1.491175874710082949e+00 5.030000000000000249e+00 1.500000000000000000e+01
7.878745167851448628e-01 -1.516175874710083082e+00 5.036000000000000476e+00 1.500000000000000000e+01
7.908745167851448654e-01 -1.517175874710082972e+00 5.049000000000000377e+00 1.500000000000000000e+01
8.128745167851447739e-01 -1.585175874710083033e+00 5.038999999999999702e+00 1.500000000000000000e+01
8.138745167851447748e-01 -1.575175874710083024e+00 5.054999999999999716e+00 1.500000000000000000e+01
7.838745167851448592e-01 -1.466175874710083038e+00 5.032000000000000028e+00 1.500000000000000000e+01
7.798745167851448556e-01 -1.502175874710083070e+00 5.028999999999999915e+00 1.500000000000000000e+01
7.868745167851448619e-01 -1.493175874710082951e+00 5.041999999999999815e+00 1.500000000000000000e+01
7.878745167851448628e-01 -1.504175874710083072e+00 5.038999999999999702e+00 1.500000000000000000e+01
7.798745167851448556e-01 -1.477175874710082937e+00 5.025999999999999801e+00 1.500000000000000000e+01
7.998745167851448734e-01 -1.545175874710082997e+00 5.041999999999999815e+00 1.500000000000000000e+01
8.168745167851447775e-01 -1.574175874710082912e+00 5.038999999999999702e+00 1.500000000000000000e+01
8.258745167851447855e-01 -1.625175874710083068e+00 5.040000000000000036e+00 1.500000000000000000e+01
7.838745167851448592e-01 -1.480175874710083050e+00 5.041000000000000369e+00 1.500000000000000000e+01
8.398745167851447979e-01 -1.629175874710083072e+00 5.048000000000000043e+00 1.500000000000000000e+01
7.818745167851448574e-01 -1.528175874710083093e+00 5.033000000000000362e+00 1.500000000000000000e+01
8.318745167851447908e-01 -1.615175874710082837e+00 5.046000000000000263e+00 1.500000000000000000e+01
3.209874516785145016e+00 -1.163175874710082880e+00 5.402000000000000135e+00 3.000000000000000000e+00
3.206874516785144902e+00 -1.150175874710082979e+00 5.403999999999999915e+00 3.000000000000000000e+00
3.198874516785144895e+00 -1.024175874710082867e+00 5.408000000000000362e+00 3.000000000000000000e+00
3.197874516785145005e+00 -1.148175874710082978e+00 5.399000000000000021e+00 3.000000000000000000e+00
3.183874516785144770e+00 -1.031175874710082985e+00 5.397999999999999687e+00 3.000000000000000000e+00
3.216874516785144689e+00 -1.154175874710082983e+00 5.408999999999999808e+00 3.000000000000000000e+00
3.127874516785144721e+00 -1.123175874710083066e+00 5.330000000000000071e+00 3.000000000000000000e+00
3.128874516785145055e+00 -1.087175874710083034e+00 5.346000000000000085e+00 3.000000000000000000e+00
3.118874516785144824e+00 -1.080175874710082917e+00 5.363999999999999879e+00 3.000000000000000000e+00
3.114874516785144820e+00 -1.105175874710083050e+00 5.331999999999999851e+00 3.000000000000000000e+00
3.133874516785144948e+00 -1.061175874710083011e+00 5.384999999999999787e+00 3.000000000000000000e+00
3.116874516785145044e+00 -1.114175874710082947e+00 5.326000000000000512e+00 3.000000000000000000e+00
3.127874516785144721e+00 -1.080175874710082917e+00 5.354000000000000092e+00 3.000000000000000000e+00
3.126874516785144831e+00 -1.069175874710083018e+00 5.375000000000000000e+00 3.000000000000000000e+00
3.126874516785144831e+00 -1.072175874710082910e+00 5.363000000000000433e+00 3.000000000000000000e+00
3.124874516785145051e+00 -1.111175874710083056e+00 5.331999999999999851e+00 3.000000000000000000e+00
3.132874516785145058e+00 -1.064175874710082903e+00 5.371000000000000441e+00 3.000000000000000000e+00
3.133874516785144948e+00 -1.069175874710083018e+00 5.360999999999999766e+00 3.000000000000000000e+00
3.133874516785144948e+00 -1.109175874710083054e+00 5.338000000000000078e+00 3.000000000000000000e+00
3.120874516785145047e+00 -1.091175874710083038e+00 5.344999999999999751e+00 3.000000000000000000e+00
3.121874516785144937e+00 -1.100175874710082935e+00 5.338000000000000078e+00 3.000000000000000000e+00
3.119874516785144714e+00 -1.078175874710082915e+00 5.376999999999999780e+00 3.000000000000000000e+00
3.119874516785144714e+00 -1.086175874710082923e+00 5.354000000000000092e+00 3.000000000000000000e+00
3.112874516785145040e+00 -1.091175874710083038e+00 5.349000000000000199e+00 3.000000000000000000e+00
3.138874516785144841e+00 -1.127175874710083070e+00 5.339999999999999858e+00 3.000000000000000000e+00
3.135874516785144728e+00 -1.077175874710083026e+00 5.352999999999999758e+00 3.000000000000000000e+00
3.137874516785144952e+00 -1.088175874710082924e+00 5.350000000000000533e+00 3.000000000000000000e+00
3.139874516785144731e+00 -1.057175874710083008e+00 5.378000000000000114e+00 3.000000000000000000e+00
3.139874516785144731e+00 -1.053175874710083004e+00 5.389999999999999680e+00 3.000000000000000000e+00
3.111874516785144706e+00 -1.084175874710082921e+00 5.358000000000000540e+00 3.000000000000000000e+00
3.172874516785144650e+00 -1.020175874710083086e+00 5.400000000000000355e+00 3.000000000000000000e+00
3.113874516785144930e+00 -1.097175874710083043e+00 5.339000000000000412e+00 3.000000000000000000e+00
3.142874516785144845e+00 -1.078175874710082915e+00 5.352999999999999758e+00 3.000000000000000000e+00
3.131874516785144724e+00 -1.098175874710082933e+00 5.341000000000000192e+00 3.000000000000000000e+00
3.173874516785144984e+00 -1.017175874710082972e+00 5.413000000000000256e+00 3.000000000000000000e+00
3.172874516785144650e+00 -1.012175874710083079e+00 5.421999999999999709e+00 3.000000000000000000e+00
3.159874516785144749e+00 -1.140175874710082971e+00 5.370000000000000107e+00 3.000000000000000000e+00
3.158874516785144859e+00 -1.029175874710082983e+00 5.403000000000000469e+00 3.000000000000000000e+00
3.148874516785145072e+00 -1.063175874710083013e+00 5.363999999999999879e+00 3.000000000000000000e+00
3.106874516785144813e+00 -1.104175874710082939e+00 5.336000000000000298e+00 3.000000000000000000e+00
3.159874516785144749e+00 -1.030175874710082873e+00 5.416999999999999815e+00 3.000000000000000000e+00
3.157874516785144969e+00 -1.066175874710082905e+00 5.368000000000000327e+00 3.000000000000000000e+00
3.154874516785144856e+00 -1.089175874710083036e+00 5.360000000000000320e+00 3.000000000000000000e+00
3.154874516785144856e+00 -1.047175874710082999e+00 5.381000000000000227e+00 3.000000000000000000e+00
3.159874516785144749e+00 -1.034175874710082876e+00 5.392000000000000348e+00 3.000000000000000000e+00
3.166874516785144866e+00 -1.025175874710082979e+00 5.400999999999999801e+00 3.000000000000000000e+00
3.162874516785144863e+00 -1.050175874710082891e+00 5.376000000000000334e+00 3.000000000000000000e+00
3.155874516785144746e+00 -1.055175874710083006e+00 5.373000000000000220e+00 3.000000000000000000e+00
3.139874516785144731e+00 -1.060175874710082899e+00 5.366999999999999993e+00 3.000000000000000000e+00
3.187874516785144774e+00 -1.010175874710083077e+00 5.405999999999999694e+00 3.000000000000000000e+00
3.152874516785145076e+00 -1.145175874710083086e+00 5.358999999999999986e+00 3.000000000000000000e+00
3.200874516785144674e+00 -1.160175874710082988e+00 5.395000000000000462e+00 3.000000000000000000e+00
3.107874516785144703e+00 -1.110175874710082944e+00 5.326999999999999957e+00 3.000000000000000000e+00
3.105874516785144923e+00 -1.093175874710083040e+00 5.355000000000000426e+00 3.000000000000000000e+00
3.174874516785144873e+00 -1.030175874710082873e+00 5.394000000000000128e+00 3.000000000000000000e+00
3.178874516785144877e+00 -1.144175874710082974e+00 5.383000000000000007e+00 3.000000000000000000e+00
3.166874516785144866e+00 -1.021175874710082976e+00 5.411999999999999922e+00 3.000000000000000000e+00
3.167874516785144756e+00 -1.022175874710082866e+00 5.429000000000000270e+00 3.000000000000000000e+00
3.180874516785144657e+00 -1.019175874710082974e+00 5.400000000000000355e+00 3.000000000000000000e+00
3.179874516785144767e+00 -1.013175874710082969e+00 5.408999999999999808e+00 3.000000000000000000e+00
3.151874516785144742e+00 -1.136175874710082967e+00 5.365000000000000213e+00 3.000000000000000000e+00
3.180874516785144657e+00 -1.146175874710082976e+00 5.400999999999999801e+00 3.000000000000000000e+00
3.189874516785144998e+00 -1.153175874710082871e+00 5.384999999999999787e+00 3.000000000000000000e+00
3.171874516785144760e+00 -1.144175874710082974e+00 5.397000000000000242e+00 3.000000000000000000e+00
3.171874516785144760e+00 -1.150175874710082979e+00 5.371999999999999886e+00 3.000000000000000000e+00
3.171874516785144760e+00 -1.051175874710083002e+00 5.381000000000000227e+00 3.000000000000000000e+00
3.098874516785144806e+00 -1.103175874710083049e+00 5.357000000000000206e+00 3.000000000000000000e+00
3.105874516785144923e+00 -1.098175874710082933e+00 5.344000000000000306e+00 3.000000000000000000e+00
3.097874516785144916e+00 -1.102175874710082937e+00 5.339999999999999858e+00 3.000000000000000000e+00
3.186874516785144884e+00 -1.143175874710083084e+00 5.391000000000000014e+00 3.000000000000000000e+00
3.167874516785144756e+00 -1.031175874710082985e+00 5.391000000000000014e+00 3.000000000000000000e+00
3.164874516785145087e+00 -1.061175874710083011e+00 5.371999999999999886e+00 3.000000000000000000e+00
3.182874516785144881e+00 -1.159175874710082876e+00 5.381000000000000227e+00 3.000000000000000000e+00
3.190874516785144888e+00 -1.023175874710082978e+00 5.402000000000000135e+00 3.000000000000000000e+00
3.191874516785144777e+00 -1.152175874710082981e+00 5.415000000000000036e+00 3.000000000000000000e+00
3.170874516785144870e+00 -1.144175874710082974e+00 5.381999999999999673e+00 3.000000000000000000e+00
3.161874516785144973e+00 -1.080175874710082917e+00 5.366000000000000547e+00 3.000000000000000000e+00
3.140874516785145065e+00 -1.101175874710083047e+00 5.347000000000000419e+00 3.000000000000000000e+00
3.145874516785144959e+00 -1.091175874710083038e+00 5.350999999999999979e+00 3.000000000000000000e+00
3.147874516785144738e+00 -1.055175874710083006e+00 5.371999999999999886e+00 3.000000000000000000e+00
3.150874516785144852e+00 -1.073175874710083022e+00 5.360000000000000320e+00 3.000000000000000000e+00
3.146874516785144849e+00 -1.050175874710082891e+00 5.381999999999999673e+00 3.000000000000000000e+00
3.141874516785144955e+00 -1.070175874710082908e+00 5.360999999999999766e+00 3.000000000000000000e+00
3.169874516785144980e+00 -1.022175874710082866e+00 5.416000000000000369e+00 3.000000000000000000e+00
3.152874516785145076e+00 -1.037175874710082990e+00 5.400999999999999801e+00 3.000000000000000000e+00
3.160874516785145083e+00 -1.139175874710083081e+00 5.381000000000000227e+00 3.000000000000000000e+00
2.301874516785144653e+00 -6.371758747100830789e-01 5.717999999999999972e+00 0.000000000000000000e+00
2.306874516785144991e+00 -6.691758747100828852e-01 5.708000000000000185e+00 0.000000000000000000e+00
2.302874516785144987e+00 -6.371758747100830789e-01 5.733000000000000540e+00 0.000000000000000000e+00
2.299874516785144873e+00 -6.491758747100828675e-01 5.714000000000000412e+00 0.000000000000000000e+00
2.299874516785144873e+00 -6.261758747100829581e-01 5.730999999999999872e+00 0.000000000000000000e+00
2.305874516785144657e+00 -6.451758747100828639e-01 5.724000000000000199e+00 0.000000000000000000e+00
2.304874516785144767e+00 -6.571758747100828746e-01 5.711000000000000298e+00 0.000000000000000000e+00
2.309874516785144660e+00 -6.541758747100829829e-01 5.719999999999999751e+00 0.000000000000000000e+00
2.296874516785144760e+00 -6.271758747100830700e-01 5.717999999999999972e+00 0.000000000000000000e+00
2.355874516785144923e+00 -7.721758747100828657e-01 5.674000000000000377e+00 0.000000000000000000e+00
2.346874516785145026e+00 -7.661758747100828604e-01 5.674000000000000377e+00 0.000000000000000000e+00
2.289874516785144642e+00 -5.961758747100829314e-01 5.719999999999999751e+00 0.000000000000000000e+00
2.351874516785144920e+00 -7.971758747100829989e-01 5.658000000000000362e+00 0.000000000000000000e+00
2.344874516785144802e+00 -7.451758747100829527e-01 5.679000000000000270e+00 0.000000000000000000e+00
2.351874516785144920e+00 -7.401758747100830593e-01 5.687999999999999723e+00 0.000000000000000000e+00
2.335874516785144905e+00 -7.171758747100829279e-01 5.690999999999999837e+00 0.000000000000000000e+00
2.288874516785144753e+00 -6.471758747100828657e-01 5.714000000000000412e+00 0.000000000000000000e+00
2.285874516785144639e+00 -6.361758747100829670e-01 5.714999999999999858e+00 0.000000000000000000e+00
2.355874516785144923e+00 -7.601758747100830771e-01 5.679000000000000270e+00 0.000000000000000000e+00
2.334874516785145016e+00 -7.281758747100830487e-01 5.685000000000000497e+00 0.000000000000000000e+00
2.286874516785144973e+00 -6.121758747100829456e-01 5.713000000000000078e+00 0.000000000000000000e+00
2.362874516785145040e+00 -8.011758747100830025e-01 5.666000000000000369e+00 0.000000000000000000e+00
2.363874516785144930e+00 -8.131758747100830131e-01 5.665000000000000036e+00 0.000000000000000000e+00
2.346874516785145026e+00 -7.541758747100830718e-01 5.677000000000000490e+00 0.000000000000000000e+00
2.355874516785144923e+00 -7.831758747100829865e-01 5.666000000000000369e+00 0.000000000000000000e+00
2.343874516785144912e+00 -7.341758747100830540e-01 5.695000000000000284e+00 0.000000000000000000e+00
2.343874516785144912e+00 -7.931758747100829954e-01 5.663999999999999702e+00 0.000000000000000000e+00
2.346874516785145026e+00 -7.781758747100828710e-01 5.666000000000000369e+00 0.000000000000000000e+00
2.359874516785144927e+00 -7.801758747100828728e-01 5.677000000000000490e+00 0.000000000000000000e+00
2.359874516785144927e+00 -7.911758747100829936e-01 5.666999999999999815e+00 0.000000000000000000e+00
2.358874516785145037e+00 -7.471758747100829545e-01 5.697000000000000064e+00 0.000000000000000000e+00
2.357874516785144703e+00 -8.051758747100830060e-01 5.653999999999999915e+00 0.000000000000000000e+00
2.357874516785144703e+00 -7.471758747100829545e-01 5.682999999999999829e+00 0.000000000000000000e+00
2.339874516785144909e+00 -7.361758747100830558e-01 5.682999999999999829e+00 0.000000000000000000e+00
2.339874516785144909e+00 -7.251758747100829350e-01 5.695000000000000284e+00 0.000000000000000000e+00
2.321874516785144671e+00 -6.801758747100830060e-01 5.711999999999999744e+00 0.000000000000000000e+00
2.314874516785144998e+00 -6.621758747100829900e-01 5.714999999999999858e+00 0.000000000000000000e+00
2.317874516785144667e+00 -6.721758747100829989e-01 5.716000000000000192e+00 0.000000000000000000e+00
2.294874516785144980e+00 -6.181758747100829510e-01 5.732000000000000206e+00 0.000000000000000000e+00
2.293874516785144646e+00 -6.061758747100829403e-01 5.722999999999999865e+00 0.000000000000000000e+00
2.291874516785144866e+00 -6.191758747100830629e-01 5.717999999999999972e+00 0.000000000000000000e+00
2.326874516785145008e+00 -6.891758747100829030e-01 5.711000000000000298e+00 0.000000000000000000e+00
2.312874516785144774e+00 -6.751758747100828906e-01 5.705000000000000071e+00 0.000000000000000000e+00
2.321874516785144671e+00 -7.141758747100830362e-01 5.692000000000000171e+00 0.000000000000000000e+00
2.321874516785144671e+00 -6.921758747100830167e-01 5.698999999999999844e+00 0.000000000000000000e+00
2.315874516785144888e+00 -6.841758747100830096e-01 5.701999999999999957e+00 0.000000000000000000e+00
1.711874516785144795e+00 -1.281758747100827378e-01 6.336999999999999744e+00 -1.000000000000000000e+00
1.701874516785144786e+00 -1.231758747100828444e-01 6.328999999999999737e+00 -1.000000000000000000e+00
2.173874516785144984e+00 4.618241252899171201e-01 6.017000000000000348e+00 -1.000000000000000000e+00
2.161874516785144973e+00 4.638241252899168998e-01 6.011000000000000121e+00 -1.000000000000000000e+00
1.806874516785144769e+00 6.108241252899171414e-01 6.044999999999999929e+00 -1.000000000000000000e+00
1.787874516785144863e+00 6.098241252899172515e-01 6.030999999999999694e+00 -1.000000000000000000e+00
1.863874516785144930e+00 4.748241252899170206e-01 5.969999999999999751e+00 0.000000000000000000e+00
2.957874516785144792e+00 -8.221758747100829101e-01 5.793000000000000149e+00 0.000000000000000000e+00
2.890874516785145065e+00 -8.191758747100830185e-01 5.751999999999999780e+00 0.000000000000000000e+00
2.886874516785145062e+00 -8.331758747100830309e-01 5.743999999999999773e+00 0.000000000000000000e+00
2.895874516785144959e+00 -8.151758747100830149e-01 5.759999999999999787e+00 0.000000000000000000e+00
2.873874516785144717e+00 -8.331758747100830309e-01 5.738000000000000433e+00 0.000000000000000000e+00
2.870874516785145047e+00 -8.251758747100830238e-01 5.746000000000000441e+00 0.000000000000000000e+00
2.879874516785144944e+00 -8.171758747100830167e-01 5.751000000000000334e+00 0.000000000000000000e+00
2.909874516785144749e+00 -8.141758747100829030e-01 5.767000000000000348e+00 0.000000000000000000e+00
2.941874516785144777e+00 -8.221758747100829101e-01 5.780000000000000249e+00 0.000000000000000000e+00
2.801874516785144653e+00 -8.211758747100830202e-01 5.751000000000000334e+00 0.000000000000000000e+00
2.799874516785144873e+00 -8.131758747100830131e-01 5.754999999999999893e+00 0.000000000000000000e+00
2.800874516785144763e+00 -8.321758747100829190e-01 5.725999999999999979e+00 0.000000000000000000e+00
2.792874516785144756e+00 -8.181758747100829066e-01 5.746999999999999886e+00 0.000000000000000000e+00
2.868874516785144824e+00 -8.481758747100829332e-01 5.733999999999999986e+00 0.000000000000000000e+00
2.862874516785145040e+00 -8.311758747100830291e-01 5.738000000000000433e+00 0.000000000000000000e+00
2.917874516785144756e+00 -7.981758747100828888e-01 5.785000000000000142e+00 0.000000000000000000e+00
2.819874516785144891e+00 -8.521758747100829368e-01 5.713000000000000078e+00 0.000000000000000000e+00
2.804874516785144767e+00 -8.091758747100830096e-01 5.767000000000000348e+00 0.000000000000000000e+00
2.806874516785144991e+00 -8.181758747100829066e-01 5.762000000000000455e+00 0.000000000000000000e+00
2.822874516785145005e+00 -8.751758747100830682e-01 5.714999999999999858e+00 0.000000000000000000e+00
2.787874516785144863e+00 -8.101758747100828995e-01 5.745000000000000107e+00 0.000000000000000000e+00
2.844874516785144802e+00 -8.681758747100829510e-01 5.727999999999999758e+00 0.000000000000000000e+00
2.847874516785144916e+00 -8.341758747100829208e-01 5.719999999999999751e+00 0.000000000000000000e+00
2.864874516785144820e+00 -8.401758747100829261e-01 5.732000000000000206e+00 0.000000000000000000e+00
2.847874516785144916e+00 -8.431758747100830398e-01 5.725000000000000533e+00 0.000000000000000000e+00
2.855874516785144923e+00 -8.481758747100829332e-01 5.727000000000000313e+00 0.000000000000000000e+00
2.854874516785145033e+00 -8.371758747100830345e-01 5.733000000000000540e+00 0.000000000000000000e+00
2.855874516785144923e+00 -8.591758747100830540e-01 5.730999999999999872e+00 0.000000000000000000e+00
2.849874516785144696e+00 -8.281758747100829154e-01 5.743999999999999773e+00 0.000000000000000000e+00
2.877874516785144721e+00 -8.411758747100830380e-01 5.740000000000000213e+00 0.000000000000000000e+00
2.871874516785144937e+00 -8.581758747100829421e-01 5.741000000000000547e+00 0.000000000000000000e+00
2.836874516785144795e+00 -8.511758747100830469e-01 5.719000000000000306e+00 0.000000000000000000e+00
2.837874516785144685e+00 -8.901758747100829705e-01 5.703999999999999737e+00 0.000000000000000000e+00
2.813874516785144664e+00 -8.241758747100829119e-01 5.775999999999999801e+00 0.000000000000000000e+00
2.809874516785144660e+00 -8.251758747100830238e-01 5.748000000000000220e+00 0.000000000000000000e+00
2.811874516785144884e+00 -8.591758747100830540e-01 5.706999999999999851e+00 0.000000000000000000e+00
2.813874516785144664e+00 -8.341758747100829208e-01 5.727000000000000313e+00 0.000000000000000000e+00
2.813874516785144664e+00 -8.461758747100829314e-01 5.714999999999999858e+00 0.000000000000000000e+00
2.811874516785144884e+00 -8.251758747100830238e-01 5.759999999999999787e+00 0.000000000000000000e+00
2.820874516785144781e+00 -8.301758747100829172e-01 5.751999999999999780e+00 0.000000000000000000e+00
2.807874516785144881e+00 -8.391758747100830362e-01 5.717000000000000526e+00 0.000000000000000000e+00
2.805874516785144657e+00 -8.401758747100829261e-01 5.705000000000000071e+00 0.000000000000000000e+00
2.801874516785144653e+00 -7.981758747100828888e-01 5.743000000000000327e+00 0.000000000000000000e+00
2.804874516785144767e+00 -8.291758747100830274e-01 5.735999999999999766e+00 0.000000000000000000e+00
2.817874516785144667e+00 -8.671758747100830611e-01 5.709000000000000519e+00 0.000000000000000000e+00
2.826874516785145008e+00 -8.351758747100830327e-01 5.733999999999999986e+00 0.000000000000000000e+00
2.826874516785145008e+00 -8.601758747100829439e-01 5.714999999999999858e+00 0.000000000000000000e+00
2.902874516785145076e+00 -8.201758747100829083e-01 5.757000000000000561e+00 0.000000000000000000e+00
2.905874516785144746e+00 -8.081758747100828977e-01 5.766000000000000014e+00 0.000000000000000000e+00
2.924874516785144873e+00 -8.031758747100830043e-01 5.780000000000000249e+00 0.000000000000000000e+00
2.910874516785145083e+00 -8.041758747100828941e-01 5.775000000000000355e+00 0.000000000000000000e+00
2.893874516785144735e+00 -8.401758747100829261e-01 5.748000000000000220e+00 0.000000000000000000e+00
2.894874516785145069e+00 -8.271758747100830256e-01 5.751999999999999780e+00 0.000000000000000000e+00
2.903874516785144966e+00 -8.321758747100829190e-01 5.754999999999999893e+00 0.000000000000000000e+00
2.885874516785144728e+00 -8.121758747100829012e-01 5.761000000000000121e+00 0.000000000000000000e+00
2.821874516785144671e+00 -8.391758747100830362e-01 5.722999999999999865e+00 0.000000000000000000e+00
2.923874516785144984e+00 -8.371758747100830345e-01 5.769000000000000128e+00 0.000000000000000000e+00
2.932874516785144881e+00 -8.191758747100830185e-01 5.772000000000000242e+00 0.000000000000000000e+00
2.932874516785144881e+00 -8.301758747100829172e-01 5.774000000000000021e+00 0.000000000000000000e+00
2.883874516785144948e+00 -8.481758747100829332e-01 5.743999999999999773e+00 0.000000000000000000e+00
2.882874516785145058e+00 -8.261758747100829137e-01 5.743999999999999773e+00 0.000000000000000000e+00
2.920874516785144870e+00 -8.181758747100829066e-01 5.766000000000000014e+00 0.000000000000000000e+00
2.913874516785144753e+00 -8.241758747100829119e-01 5.759000000000000341e+00 0.000000000000000000e+00
2.902874516785145076e+00 -8.441758747100829297e-01 5.757000000000000561e+00 0.000000000000000000e+00
2.913874516785144753e+00 -8.341758747100829208e-01 5.759999999999999787e+00 0.000000000000000000e+00
2.919874516785144980e+00 -8.071758747100830078e-01 5.772000000000000242e+00 0.000000000000000000e+00
2.818874516785145001e+00 -8.311758747100830291e-01 5.737000000000000099e+00 0.000000000000000000e+00
2.841874516785144689e+00 -8.351758747100830327e-01 5.735000000000000320e+00 0.000000000000000000e+00
2.828874516785144788e+00 -8.331758747100830309e-01 5.743999999999999773e+00 0.000000000000000000e+00
2.846874516785145026e+00 -8.551758747100830504e-01 5.722000000000000419e+00 0.000000000000000000e+00
2.835874516785144905e+00 -8.391758747100830362e-01 5.727000000000000313e+00 0.000000000000000000e+00
2.835874516785144905e+00 -8.641758747100829474e-01 5.717000000000000526e+00 0.000000000000000000e+00
2.826874516785145008e+00 -8.461758747100829314e-01 5.719999999999999751e+00 0.000000000000000000e+00
3.523874516785145072e+00 -1.123175874710083066e+00 5.506999999999999673e+00 3.000000000000000000e+00
3.480874516785144923e+00 -1.151175874710082869e+00 5.490000000000000213e+00 3.000000000000000000e+00
3.435874516785144994e+00 -1.179175874710082894e+00 5.477000000000000313e+00 3.000000000000000000e+00
3.478874516785144699e+00 -1.143175874710083084e+00 5.496999999999999886e+00 3.000000000000000000e+00
3.530874516785144746e+00 -1.115175874710083059e+00 5.512000000000000455e+00 3.000000000000000000e+00
3.529874516785144856e+00 -1.111175874710083056e+00 5.522999999999999687e+00 3.000000000000000000e+00
3.524874516785144962e+00 -1.120175874710082953e+00 5.520999999999999908e+00 3.000000000000000000e+00
3.441874516785144777e+00 -1.168175874710082995e+00 5.482000000000000206e+00 3.000000000000000000e+00
3.507874516785145058e+00 -1.125175874710083068e+00 5.509000000000000341e+00 3.000000000000000000e+00
3.508874516785144948e+00 -1.122175874710082955e+00 5.533999999999999808e+00 3.000000000000000000e+00
3.428874516785144877e+00 -1.185175874710082899e+00 5.475000000000000533e+00 3.000000000000000000e+00
3.537874516785144863e+00 -1.112175874710082946e+00 5.516000000000000014e+00 3.000000000000000000e+00
3.514874516785144731e+00 -1.123175874710083066e+00 5.504000000000000448e+00 3.000000000000000000e+00
3.502874516785144721e+00 -1.139175874710083081e+00 5.496000000000000441e+00 3.000000000000000000e+00
3.487874516785145040e+00 -1.148175874710082978e+00 5.491000000000000547e+00 3.000000000000000000e+00
3.485874516785144817e+00 -1.137175874710083079e+00 5.496000000000000441e+00 3.000000000000000000e+00
3.426874516785145097e+00 -1.177175874710082892e+00 5.483000000000000540e+00 3.000000000000000000e+00
3.505874516785144834e+00 -1.125175874710083068e+00 5.524000000000000021e+00 3.000000000000000000e+00
3.507874516785145058e+00 -1.130175874710082962e+00 5.500000000000000000e+00 3.000000000000000000e+00
3.470874516785144692e+00 -1.148175874710082978e+00 5.491000000000000547e+00 3.000000000000000000e+00
3.552874516785144987e+00 -1.128175874710082960e+00 5.520999999999999908e+00 3.000000000000000000e+00
3.489874516785144820e+00 -1.139175874710083081e+00 5.512000000000000455e+00 3.000000000000000000e+00
3.448874516785144895e+00 -1.162175874710082990e+00 5.488999999999999879e+00 3.000000000000000000e+00
3.448874516785144895e+00 -1.168175874710082995e+00 5.479000000000000092e+00 3.000000000000000000e+00
3.500874516785144941e+00 -1.129175874710083072e+00 5.501999999999999780e+00 3.000000000000000000e+00
3.492874516785144934e+00 -1.135175874710083077e+00 5.499000000000000554e+00 3.000000000000000000e+00
3.420874516785144870e+00 -1.180175874710083006e+00 5.483999999999999986e+00 3.000000000000000000e+00
3.421874516785144760e+00 -1.186175874710083011e+00 5.475000000000000533e+00 3.000000000000000000e+00
3.456874516785144902e+00 -1.157175874710082875e+00 5.482000000000000206e+00 3.000000000000000000e+00
3.463874516785145019e+00 -1.155175874710082873e+00 5.487000000000000099e+00 3.000000000000000000e+00
3.444874516785144891e+00 -1.180175874710083006e+00 5.477999999999999758e+00 3.000000000000000000e+00
3.495874516785145047e+00 -1.134175874710082965e+00 5.519000000000000128e+00 3.000000000000000000e+00
2.209874516785145016e+00 -3.911758747100830824e-01 5.772999999999999687e+00 0.000000000000000000e+00
2.278874516785144966e+00 -5.351758747100827662e-01 5.737000000000000099e+00 0.000000000000000000e+00
2.262874516785144952e+00 -4.651758747100829261e-01 5.753000000000000114e+00 0.000000000000000000e+00
2.243874516785144824e+00 -4.441758747100830185e-01 5.756000000000000227e+00 0.000000000000000000e+00
2.237874516785145040e+00 -4.381758747100827911e-01 5.754000000000000448e+00 0.000000000000000000e+00
2.220874516785144692e+00 -4.171758747100828835e-01 5.758000000000000007e+00 0.000000000000000000e+00
2.258874516785144948e+00 -5.141758747100828586e-01 5.735000000000000320e+00 0.000000000000000000e+00
2.304874516785144767e+00 -3.771758747100828479e-01 5.826000000000000512e+00 0.000000000000000000e+00
2.292874516785144756e+00 -3.991758747100830895e-01 5.807999999999999829e+00 0.000000000000000000e+00
2.261874516785145062e+00 -4.431758747100831286e-01 5.775999999999999801e+00 0.000000000000000000e+00
2.227874516785144809e+00 -4.121758747100829900e-01 5.767999999999999794e+00 0.000000000000000000e+00
2.270874516785144959e+00 -5.051758747100829616e-01 5.738000000000000433e+00 0.000000000000000000e+00
2.249874516785145051e+00 -4.511758747100831357e-01 5.754999999999999893e+00 0.000000000000000000e+00
2.221874516785145026e+00 -4.041758747100829829e-01 5.770000000000000462e+00 0.000000000000000000e+00
2.215874516785144799e+00 -3.981758747100827556e-01 5.764000000000000234e+00 0.000000000000000000e+00
2.296874516785144760e+00 -3.831758747100830753e-01 5.818999999999999950e+00 0.000000000000000000e+00
2.263874516785144841e+00 -4.531758747100829154e-01 5.767999999999999794e+00 0.000000000000000000e+00
2.258874516785144948e+00 -4.561758747100830291e-01 5.759000000000000341e+00 0.000000000000000000e+00
2.282874516785144969e+00 -4.171758747100828835e-01 5.796000000000000263e+00 0.000000000000000000e+00
2.278874516785144966e+00 -5.471758747100827769e-01 5.725000000000000533e+00 0.000000000000000000e+00
2.271874516785144849e+00 -4.931758747100829510e-01 5.750000000000000000e+00 0.000000000000000000e+00
2.274874516785144962e+00 -4.221758747100827769e-01 5.788000000000000256e+00 0.000000000000000000e+00
2.251874516785144831e+00 -4.611758747100829225e-01 5.751000000000000334e+00 0.000000000000000000e+00
2.247874516785144827e+00 -4.411758747100829048e-01 5.767999999999999794e+00 0.000000000000000000e+00
2.270874516785144959e+00 -5.171758747100829723e-01 5.733000000000000540e+00 0.000000000000000000e+00
2.269874516785145069e+00 -4.371758747100829012e-01 5.782000000000000028e+00 0.000000000000000000e+00
2.274874516785144962e+00 -5.151758747100827485e-01 5.745000000000000107e+00 0.000000000000000000e+00
2.282874516785144969e+00 -4.051758747100828728e-01 5.802000000000000490e+00 0.000000000000000000e+00
2.288874516785144753e+00 -4.131758747100828799e-01 5.804999999999999716e+00 0.000000000000000000e+00
2.278874516785144966e+00 -4.301758747100827840e-01 5.788999999999999702e+00 0.000000000000000000e+00
2.298874516785144984e+00 -3.941758747100827520e-01 5.815000000000000391e+00 0.000000000000000000e+00
2.267874516785144845e+00 -4.841758747100830540e-01 5.751999999999999780e+00 0.000000000000000000e+00
2.287874516785144863e+00 -5.751758747100830238e-01 5.727999999999999758e+00 0.000000000000000000e+00
2.256874516785144724e+00 -4.801758747100830504e-01 5.745000000000000107e+00 0.000000000000000000e+00
2.272874516785144738e+00 -5.041758747100830718e-01 5.751000000000000334e+00 0.000000000000000000e+00
2.305874516785144657e+00 -3.891758747100828586e-01 5.825000000000000178e+00 0.000000000000000000e+00
2.264874516785144731e+00 -4.971758747100829545e-01 5.740000000000000213e+00 0.000000000000000000e+00
2.254874516785144944e+00 -4.711758747100831535e-01 5.746999999999999886e+00 0.000000000000000000e+00
2.217874516785145023e+00 -4.071758747100830966e-01 5.758000000000000007e+00 0.000000000000000000e+00
2.204874516785144678e+00 -3.941758747100827520e-01 5.762999999999999901e+00 0.000000000000000000e+00
2.265874516785145065e+00 -4.731758747100829332e-01 5.751000000000000334e+00 0.000000000000000000e+00
2.291874516785144866e+00 -3.761758747100829581e-01 5.825000000000000178e+00 0.000000000000000000e+00
2.280874516785144746e+00 -5.671758747100830167e-01 5.719999999999999751e+00 0.000000000000000000e+00
2.276874516785144742e+00 -5.241758747100830895e-01 5.733000000000000540e+00 0.000000000000000000e+00
2.273874516785145072e+00 -5.611758747100830114e-01 5.721000000000000085e+00 0.000000000000000000e+00
2.261874516785145062e+00 -4.661758747100828160e-01 5.770000000000000462e+00 0.000000000000000000e+00
2.262874516785144952e+00 -4.871758747100831677e-01 5.741000000000000547e+00 0.000000000000000000e+00
2.231874516785144813e+00 -4.191758747100831073e-01 5.762999999999999901e+00 0.000000000000000000e+00
2.242874516785144934e+00 -4.341758747100827875e-01 5.764999999999999680e+00 0.000000000000000000e+00
2.285874516785144639e+00 -5.631758747100830131e-01 5.729000000000000092e+00 0.000000000000000000e+00
2.274874516785144962e+00 -5.371758747100829900e-01 5.725000000000000533e+00 0.000000000000000000e+00
2.257874516785145058e+00 -4.461758747100827982e-01 5.764000000000000234e+00 0.000000000000000000e+00
2.233874516785145037e+00 -4.281758747100830043e-01 5.757000000000000561e+00 0.000000000000000000e+00
2.269874516785145069e+00 -5.291758747100829829e-01 5.727000000000000313e+00 0.000000000000000000e+00
2.281874516785144635e+00 -5.551758747100827840e-01 5.727000000000000313e+00 0.000000000000000000e+00
1.213874516785144797e+00 -6.571758747100828746e-01 6.251999999999999780e+00 1.000000000000000000e+01
2.094874516785144802e+00 -8.621758747100829456e-01 5.868999999999999773e+00 8.000000000000000000e+00
2.106874516785144813e+00 -8.771758747100830700e-01 5.870000000000000107e+00 8.000000000000000000e+00
2.056874516785144991e+00 -8.421758747100829279e-01 5.857000000000000206e+00 8.000000000000000000e+00
2.060874516785144550e+00 -8.391758747100830362e-01 5.868999999999999773e+00 8.000000000000000000e+00
2.057874516785144881e+00 -8.531758747100830487e-01 5.857000000000000206e+00 8.000000000000000000e+00
2.024874516785144962e+00 -8.301758747100829172e-01 5.852999999999999758e+00 8.000000000000000000e+00
2.033874516785144859e+00 -8.241758747100829119e-01 5.876999999999999780e+00 8.000000000000000000e+00
2.028874516785144522e+00 -8.381758747100829243e-01 5.852999999999999758e+00 8.000000000000000000e+00
2.096874516785145026e+00 -8.601758747100829439e-01 5.884000000000000341e+00 8.000000000000000000e+00
2.105874516785144923e+00 -8.671758747100830611e-01 5.876000000000000334e+00 8.000000000000000000e+00
2.053874516785144877e+00 -8.341758747100829208e-01 5.879000000000000448e+00 8.000000000000000000e+00
2.065874516785144888e+00 -8.471758747100830433e-01 5.863000000000000433e+00 8.000000000000000000e+00
2.051874516785145097e+00 -8.341758747100829208e-01 5.866000000000000547e+00 8.000000000000000000e+00
2.098874516785144806e+00 -8.721758747100829545e-01 5.868999999999999773e+00 8.000000000000000000e+00
2.032874516785144969e+00 -8.241758747100829119e-01 5.860000000000000320e+00 8.000000000000000000e+00
2.041874516785144866e+00 -8.291758747100830274e-01 5.858000000000000540e+00 8.000000000000000000e+00
2.088874516785145019e+00 -8.551758747100830504e-01 5.874000000000000554e+00 8.000000000000000000e+00
2.072874516785145005e+00 -8.671758747100830611e-01 5.860000000000000320e+00 8.000000000000000000e+00
2.084874516785144571e+00 -8.701758747100829527e-01 5.863999999999999879e+00 8.000000000000000000e+00
2.044874516785144536e+00 -8.271758747100830256e-01 5.871000000000000441e+00 8.000000000000000000e+00
2.071874516785144671e+00 -8.421758747100829279e-01 5.873000000000000220e+00 8.000000000000000000e+00
2.078874516785144788e+00 -8.511758747100830469e-01 5.866000000000000547e+00 8.000000000000000000e+00
2.044874516785144536e+00 -8.391758747100830362e-01 5.855999999999999872e+00 8.000000000000000000e+00
2.071874516785144671e+00 -8.561758747100829403e-01 5.857000000000000206e+00 8.000000000000000000e+00
2.078874516785144788e+00 -8.511758747100830469e-01 5.883000000000000007e+00 8.000000000000000000e+00
2.084874516785144571e+00 -8.581758747100829421e-01 5.863000000000000433e+00 8.000000000000000000e+00
1.015874516785144843e+00 -2.041175874710082994e+00 5.019000000000000128e+00 -1.000000000000000000e+00
9.908745167851448210e-01 -2.024175874710083090e+00 5.004000000000000448e+00 -1.000000000000000000e+00
9.958745167851448254e-01 -2.014175874710082859e+00 5.009999999999999787e+00 -1.000000000000000000e+00
1.007874516785144836e+00 -2.039175874710083214e+00 5.006000000000000227e+00 -1.000000000000000000e+00
1.004874516785144944e+00 -2.027175874710082759e+00 5.012999999999999901e+00 -1.000000000000000000e+00
2.685874516785144994e+00 -1.750175874710083068e+00 4.605000000000000426e+00 1.600000000000000000e+01
1.892874516785144845e+00 4.278241252899168678e-01 5.947000000000000064e+00 0.000000000000000000e+00
1.940874516785144888e+00 3.538241252899170242e-01 5.911000000000000476e+00 0.000000000000000000e+00
1.945874516785144781e+00 3.358241252899172302e-01 5.903000000000000469e+00 0.000000000000000000e+00
1.940874516785144888e+00 3.438241252899172373e-01 5.905999999999999694e+00 0.000000000000000000e+00
1.931874516785144769e+00 3.578241252899170277e-01 5.908999999999999808e+00 0.000000000000000000e+00
1.951874516785144786e+00 4.458241252899171059e-01 5.939000000000000057e+00 0.000000000000000000e+00
1.931874516785144769e+00 3.698241252899170384e-01 5.908999999999999808e+00 0.000000000000000000e+00
1.931874516785144769e+00 3.788241252899169353e-01 5.923000000000000043e+00 0.000000000000000000e+00
1.867874516785144934e+00 4.658241252899171236e-01 5.966000000000000192e+00 0.000000000000000000e+00
1.941874516785144777e+00 3.128241252899170988e-01 5.892000000000000348e+00 0.000000000000000000e+00
1.942874516785144889e+00 3.648241252899171450e-01 5.915000000000000036e+00 0.000000000000000000e+00
1.940874516785144888e+00 3.748241252899169318e-01 5.916000000000000369e+00 0.000000000000000000e+00
1.946874516785144893e+00 3.258241252899169993e-01 5.899000000000000021e+00 0.000000000000000000e+00
1.960874516785144905e+00 4.718241252899169069e-01 5.956000000000000405e+00 0.000000000000000000e+00
1.961874516785144795e+00 4.828241252899170277e-01 5.966000000000000192e+00 0.000000000000000000e+00
1.958874516785144904e+00 4.918241252899169247e-01 5.958000000000000185e+00 0.000000000000000000e+00
1.876874516785144831e+00 4.488241252899172196e-01 5.956999999999999851e+00 0.000000000000000000e+00
1.885874516785144950e+00 4.358241252899168749e-01 5.948000000000000398e+00 0.000000000000000000e+00
1.873874516785144939e+00 4.588241252899170064e-01 5.964999999999999858e+00 0.000000000000000000e+00
1.887874516785144952e+00 4.148241252899169673e-01 5.948999999999999844e+00 0.000000000000000000e+00
1.954874516785144900e+00 4.348241252899169851e-01 5.935999999999999943e+00 0.000000000000000000e+00
1.957874516785144792e+00 4.808241252899172480e-01 5.953999999999999737e+00 0.000000000000000000e+00
2.286874516785144973e+00 -1.446175874710083020e+00 5.711000000000000298e+00 8.000000000000000000e+00
2.290874516785144976e+00 -1.455175874710082917e+00 5.709000000000000519e+00 8.000000000000000000e+00
2.341874516785144689e+00 -1.436175874710083011e+00 5.743999999999999773e+00 8.000000000000000000e+00
2.290874516785144976e+00 -1.432175874710083008e+00 5.721000000000000085e+00 8.000000000000000000e+00
2.282874516785144969e+00 -1.438175874710083013e+00 5.711999999999999744e+00 8.000000000000000000e+00
2.319874516785144891e+00 -1.433175874710082898e+00 5.788999999999999702e+00 8.000000000000000000e+00
2.333874516785144682e+00 -1.446175874710083020e+00 5.802000000000000490e+00 8.000000000000000000e+00
2.328874516785144788e+00 -1.448175874710083022e+00 5.775000000000000355e+00 8.000000000000000000e+00
2.344874516785144802e+00 -1.447175874710082910e+00 5.751000000000000334e+00 8.000000000000000000e+00
2.335874516785144905e+00 -1.443175874710082907e+00 5.815000000000000391e+00 8.000000000000000000e+00
2.327874516785144898e+00 -1.444175874710083018e+00 5.730000000000000426e+00 8.000000000000000000e+00
2.330874516785145012e+00 -1.461175874710082923e+00 5.796999999999999709e+00 8.000000000000000000e+00
2.435874516785144994e+00 -1.471175874710082931e+00 5.790000000000000036e+00 8.000000000000000000e+00
2.373874516785144717e+00 -1.447175874710082910e+00 5.762999999999999901e+00 8.000000000000000000e+00
2.327874516785144898e+00 -1.450175874710083024e+00 5.791999999999999815e+00 8.000000000000000000e+00
2.334874516785145016e+00 -1.431175874710082896e+00 5.746000000000000441e+00 8.000000000000000000e+00
2.335874516785144905e+00 -1.457175874710082919e+00 5.807999999999999829e+00 8.000000000000000000e+00
2.330874516785145012e+00 -1.436175874710083011e+00 5.799000000000000377e+00 8.000000000000000000e+00
2.336874516785144795e+00 -1.469175874710082930e+00 5.810999999999999943e+00 8.000000000000000000e+00
2.322874516785145005e+00 -1.442175874710083017e+00 5.790000000000000036e+00 8.000000000000000000e+00
2.355874516785144923e+00 -1.439175874710082903e+00 5.754000000000000448e+00 8.000000000000000000e+00
2.313874516785144664e+00 -1.450175874710083024e+00 5.785000000000000142e+00 8.000000000000000000e+00
2.362874516785145040e+00 -1.445175874710082908e+00 5.766000000000000014e+00 8.000000000000000000e+00
2.328874516785144788e+00 -1.435175874710082899e+00 5.737000000000000099e+00 8.000000000000000000e+00
2.426874516785144653e+00 -1.467175874710082928e+00 5.793000000000000149e+00 8.000000000000000000e+00
2.309874516785144660e+00 -1.442175874710083017e+00 5.786000000000000476e+00 8.000000000000000000e+00
2.356874516785144813e+00 -8.291758747100830274e-01 5.641000000000000014e+00 0.000000000000000000e+00
2.372874516785144827e+00 -8.511758747100830469e-01 5.631000000000000227e+00 0.000000000000000000e+00
2.358874516785145037e+00 -8.511758747100830469e-01 5.626000000000000334e+00 0.000000000000000000e+00
2.304874516785144767e+00 -9.091758747100828764e-01 5.733000000000000540e+00 -1.000000000000000000e+00
2.316874516785144777e+00 -9.031758747100828710e-01 5.717999999999999972e+00 -1.000000000000000000e+00
2.387874516785144952e+00 -8.981758747100829776e-01 5.600000000000000533e+00 0.000000000000000000e+00
2.375874516785144941e+00 -8.621758747100829456e-01 5.621999999999999886e+00 0.000000000000000000e+00
2.319874516785144891e+00 -9.191758747100828852e-01 5.697000000000000064e+00 -1.000000000000000000e+00
2.371874516785144937e+00 -8.411758747100830380e-01 5.645000000000000462e+00 0.000000000000000000e+00
2.352874516785144809e+00 -8.201758747100829083e-01 5.647000000000000242e+00 0.000000000000000000e+00
2.312874516785144774e+00 -9.151758747100828817e-01 5.719999999999999751e+00 -1.000000000000000000e+00
2.303874516785144877e+00 -9.101758747100829883e-01 5.751000000000000334e+00 -1.000000000000000000e+00
2.317874516785144667e+00 -9.221758747100829989e-01 5.714999999999999858e+00 -1.000000000000000000e+00
2.368874516785144824e+00 -8.331758747100830309e-01 5.650999999999999801e+00 0.000000000000000000e+00
2.364874516785144820e+00 -8.571758747100830522e-01 5.623000000000000220e+00 0.000000000000000000e+00
2.370874516785145047e+00 -8.871758747100830789e-01 5.597999999999999865e+00 0.000000000000000000e+00
2.365874516785144710e+00 -8.351758747100830327e-01 5.637000000000000455e+00 0.000000000000000000e+00
2.346874516785145026e+00 -8.141758747100829030e-01 5.650999999999999801e+00 0.000000000000000000e+00
2.370874516785145047e+00 -8.661758747100829492e-01 5.612000000000000099e+00 0.000000000000000000e+00
2.375874516785144941e+00 -8.951758747100828639e-01 5.592999999999999972e+00 0.000000000000000000e+00
2.372874516785144827e+00 -8.751758747100830682e-01 5.610000000000000320e+00 0.000000000000000000e+00
2.362874516785145040e+00 -8.131758747100830131e-01 5.650999999999999801e+00 0.000000000000000000e+00
2.291874516785144866e+00 -8.991758747100828675e-01 5.762999999999999901e+00 -1.000000000000000000e+00
2.298874516785144984e+00 -9.031758747100828710e-01 5.751999999999999780e+00 -1.000000000000000000e+00
2.366874516785145044e+00 -8.221758747100829101e-01 5.661999999999999922e+00 0.000000000000000000e+00
2.378874516785145055e+00 -8.811758747100830735e-01 5.605000000000000426e+00 0.000000000000000000e+00
2.366874516785145044e+00 -8.451758747100830416e-01 5.634000000000000341e+00 0.000000000000000000e+00
2.355874516785144923e+00 -8.431758747100830398e-01 5.633000000000000007e+00 0.000000000000000000e+00
2.377874516785144721e+00 -8.701758747100829527e-01 5.621000000000000441e+00 0.000000000000000000e+00
2.380874516785144834e+00 -8.791758747100830718e-01 5.616999999999999993e+00 0.000000000000000000e+00
2.365874516785144710e+00 -8.221758747100829101e-01 5.647999999999999687e+00 0.000000000000000000e+00
2.383874516785144948e+00 -8.891758747100830806e-01 5.600000000000000533e+00 0.000000000000000000e+00
2.320874516785144781e+00 -9.301758747100830060e-01 5.701999999999999957e+00 -1.000000000000000000e+00
1.233874516785144815e+00 -7.701758747100828639e-01 5.581000000000000405e+00 5.000000000000000000e+00
1.233874516785144815e+00 -7.451758747100829527e-01 5.586000000000000298e+00 5.000000000000000000e+00
1.235874516785144817e+00 -7.551758747100829616e-01 5.580000000000000071e+00 5.000000000000000000e+00
1.247874516785144827e+00 -7.851758747100829883e-01 5.600000000000000533e+00 5.000000000000000000e+00
1.284874516785144749e+00 -7.971758747100829989e-01 5.647999999999999687e+00 5.000000000000000000e+00
1.246874516785144937e+00 -7.621758747100830789e-01 5.600000000000000533e+00 5.000000000000000000e+00
1.206874516785144902e+00 -7.271758747100829368e-01 5.588000000000000078e+00 5.000000000000000000e+00
1.206874516785144902e+00 -7.381758747100830576e-01 5.544000000000000483e+00 5.000000000000000000e+00
1.198874516785144895e+00 -7.431758747100829510e-01 5.533999999999999808e+00 5.000000000000000000e+00
1.204874516785144900e+00 -7.281758747100830487e-01 5.576000000000000512e+00 5.000000000000000000e+00
1.204874516785144900e+00 -7.521758747100830700e-01 5.533999999999999808e+00 5.000000000000000000e+00
1.200874516785144897e+00 -7.301758747100830504e-01 5.546999999999999709e+00 5.000000000000000000e+00
1.189874516785144776e+00 -7.491758747100829563e-01 5.511000000000000121e+00 5.000000000000000000e+00
1.190874516785144888e+00 -7.251758747100829350e-01 5.554000000000000270e+00 5.000000000000000000e+00
1.310874516785144772e+00 -7.931758747100829954e-01 5.671999999999999709e+00 5.000000000000000000e+00
1.189874516785144776e+00 -7.251758747100829350e-01 5.540000000000000036e+00 5.000000000000000000e+00
1.190874516785144888e+00 -7.361758747100830558e-01 5.524000000000000021e+00 5.000000000000000000e+00
1.237874516785144818e+00 -7.421758747100830611e-01 5.597000000000000419e+00 5.000000000000000000e+00
1.232874516785144925e+00 -7.831758747100829865e-01 5.581000000000000405e+00 5.000000000000000000e+00
1.194874516785144891e+00 -7.231758747100829332e-01 5.567000000000000171e+00 5.000000000000000000e+00
1.194874516785144891e+00 -7.701758747100828639e-01 5.527000000000000135e+00 5.000000000000000000e+00
1.193874516785144779e+00 -7.461758747100830647e-01 5.524000000000000021e+00 5.000000000000000000e+00
1.195874516785144781e+00 -7.331758747100829421e-01 5.536000000000000476e+00 5.000000000000000000e+00
1.180874516785144879e+00 -7.431758747100829510e-01 5.503000000000000114e+00 5.000000000000000000e+00
1.174874516785144873e+00 -7.341758747100830540e-01 5.490000000000000213e+00 5.000000000000000000e+00
1.181874516785144769e+00 -7.311758747100829403e-01 5.514999999999999680e+00 5.000000000000000000e+00
1.181874516785144769e+00 -7.191758747100829297e-01 5.564000000000000057e+00 5.000000000000000000e+00
1.196874516785144893e+00 -7.571758747100829634e-01 5.525999999999999801e+00 5.000000000000000000e+00
1.300874516785144763e+00 -7.991758747100830007e-01 5.666000000000000369e+00 5.000000000000000000e+00
1.181874516785144769e+00 -7.541758747100830718e-01 5.504000000000000448e+00 5.000000000000000000e+00
1.179874516785144767e+00 -7.191758747100829297e-01 5.549000000000000377e+00 5.000000000000000000e+00
1.255874516785144834e+00 -7.791758747100829829e-01 5.608000000000000540e+00 5.000000000000000000e+00
1.294874516785144758e+00 -7.681758747100828622e-01 5.655000000000000249e+00 5.000000000000000000e+00
1.216874516785144911e+00 -7.321758747100830522e-01 5.581000000000000405e+00 5.000000000000000000e+00
1.181874516785144769e+00 -7.681758747100828622e-01 5.506999999999999673e+00 5.000000000000000000e+00
1.262874516785144730e+00 -7.621758747100830789e-01 5.616000000000000547e+00 5.000000000000000000e+00
1.188874516785144886e+00 -7.631758747100829687e-01 5.516000000000000014e+00 5.000000000000000000e+00
1.296874516785144760e+00 -7.781758747100828710e-01 5.658999999999999808e+00 5.000000000000000000e+00
1.302874516785144765e+00 -7.741758747100828675e-01 5.669000000000000483e+00 5.000000000000000000e+00
1.263874516785144841e+00 -7.511758747100829581e-01 5.631999999999999673e+00 5.000000000000000000e+00
1.262874516785144730e+00 -7.381758747100830576e-01 5.650999999999999801e+00 5.000000000000000000e+00
1.255874516785144834e+00 -7.681758747100828622e-01 5.608000000000000540e+00 5.000000000000000000e+00
1.219874516785144802e+00 -7.791758747100829829e-01 5.560999999999999943e+00 5.000000000000000000e+00
1.186874516785144884e+00 -7.391758747100829474e-01 5.514000000000000234e+00 5.000000000000000000e+00
1.297874516785144872e+00 -8.141758747100829030e-01 5.671000000000000263e+00 5.000000000000000000e+00
1.159874516785144749e+00 -7.081758747100830309e-01 5.525999999999999801e+00 5.000000000000000000e+00
1.179874516785144767e+00 -7.311758747100829403e-01 5.501999999999999780e+00 5.000000000000000000e+00
1.179874516785144767e+00 -7.201758747100830416e-01 5.533999999999999808e+00 5.000000000000000000e+00
1.175874516785144763e+00 -7.461758747100830647e-01 5.491000000000000547e+00 5.000000000000000000e+00
1.186874516785144884e+00 -7.261758747100830469e-01 5.527000000000000135e+00 5.000000000000000000e+00
1.162874516785144863e+00 -7.671758747100829723e-01 5.488999999999999879e+00 5.000000000000000000e+00
1.157874516785144747e+00 -7.111758747100829225e-01 5.541999999999999815e+00 5.000000000000000000e+00
1.211874516785144795e+00 -7.351758747100829439e-01 5.568999999999999950e+00 5.000000000000000000e+00
1.244874516785144936e+00 -7.381758747100830576e-01 5.624000000000000554e+00 5.000000000000000000e+00
1.295874516785144870e+00 -7.901758747100828817e-01 5.655000000000000249e+00 5.000000000000000000e+00
1.241874516785144822e+00 -7.651758747100829705e-01 5.588000000000000078e+00 5.000000000000000000e+00
1.240874516785144932e+00 -7.511758747100829581e-01 5.592000000000000526e+00 5.000000000000000000e+00
1.242874516785144934e+00 -7.391758747100829474e-01 5.610000000000000320e+00 5.000000000000000000e+00
1.177874516785144765e+00 -7.201758747100830416e-01 5.519000000000000128e+00 5.000000000000000000e+00
1.169874516785144758e+00 -7.141758747100830362e-01 5.512999999999999901e+00 5.000000000000000000e+00
1.169874516785144758e+00 -7.141758747100830362e-01 5.544999999999999929e+00 5.000000000000000000e+00
1.173874516785144761e+00 -7.591758747100829652e-01 5.495000000000000107e+00 5.000000000000000000e+00
1.245874516785144825e+00 -7.481758747100830664e-01 5.604000000000000092e+00 5.000000000000000000e+00
1.166874516785144866e+00 -7.401758747100830593e-01 5.483000000000000540e+00 5.000000000000000000e+00
1.225874516785144808e+00 -7.751758747100829794e-01 5.572000000000000064e+00 5.000000000000000000e+00
1.252874516785144721e+00 -7.441758747100830629e-01 5.629000000000000448e+00 5.000000000000000000e+00
1.252874516785144721e+00 -7.571758747100829634e-01 5.610000000000000320e+00 5.000000000000000000e+00
1.299874516785144873e+00 -7.871758747100829900e-01 5.665000000000000036e+00 5.000000000000000000e+00
1.249874516785144829e+00 -7.361758747100830558e-01 5.650000000000000355e+00 5.000000000000000000e+00
1.250874516785144941e+00 -7.451758747100829527e-01 5.613000000000000433e+00 5.000000000000000000e+00
1.184874516785144882e+00 -7.771758747100829812e-01 5.520999999999999908e+00 5.000000000000000000e+00
1.166874516785144866e+00 -7.521758747100830700e-01 5.483999999999999986e+00 5.000000000000000000e+00
1.250874516785144941e+00 -7.711758747100829758e-01 5.597000000000000419e+00 5.000000000000000000e+00
1.247874516785144827e+00 -7.371758747100829456e-01 5.634999999999999787e+00 5.000000000000000000e+00
1.228874516785144921e+00 -7.591758747100829652e-01 5.570999999999999730e+00 5.000000000000000000e+00
1.301874516785144875e+00 -7.631758747100829687e-01 5.666000000000000369e+00 5.000000000000000000e+00
1.274874516785144740e+00 -8.051758747100830060e-01 5.644000000000000128e+00 5.000000000000000000e+00
1.291874516785144866e+00 -7.811758747100829847e-01 5.649000000000000021e+00 5.000000000000000000e+00
1.311874516785144884e+00 -7.791758747100829829e-01 5.671999999999999709e+00 5.000000000000000000e+00
1.176874516785144875e+00 -7.201758747100830416e-01 5.506000000000000227e+00 5.000000000000000000e+00
1.234874516785144927e+00 -7.341758747100830540e-01 5.631999999999999673e+00 5.000000000000000000e+00
1.234874516785144927e+00 -7.341758747100830540e-01 5.616000000000000547e+00 5.000000000000000000e+00
1.241874516785144822e+00 -7.771758747100829812e-01 5.586999999999999744e+00 5.000000000000000000e+00
1.166874516785144866e+00 -7.161758747100830380e-01 5.530999999999999694e+00 5.000000000000000000e+00
1.171874516785144760e+00 -7.241758747100830451e-01 5.496000000000000441e+00 5.000000000000000000e+00
1.259874516785144838e+00 -7.531758747100829599e-01 5.620000000000000107e+00 5.000000000000000000e+00
1.289874516785144865e+00 -8.071758747100830078e-01 5.658999999999999808e+00 5.000000000000000000e+00
1.167874516785144756e+00 -7.771758747100829812e-01 5.504000000000000448e+00 5.000000000000000000e+00
1.170874516785144870e+00 -7.141758747100830362e-01 5.557999999999999829e+00 5.000000000000000000e+00
1.259874516785144838e+00 -7.401758747100830593e-01 5.637000000000000455e+00 5.000000000000000000e+00
1.240874516785144932e+00 -7.311758747100829403e-01 5.642999999999999794e+00 5.000000000000000000e+00
7.338745167851448148e-01 -1.921758747100827946e-01 6.094000000000000306e+00 2.000000000000000000e+00
7.338745167851448148e-01 -1.831758747100828977e-01 6.100000000000000533e+00 2.000000000000000000e+00
7.598745167851448379e-01 -1.801758747100827840e-01 6.049999999999999822e+00 2.000000000000000000e+00
6.858745167851447722e-01 -1.611758747100831002e-01 6.094999999999999751e+00 2.000000000000000000e+00
7.128745167851447961e-01 -1.331758747100830753e-01 6.131000000000000227e+00 2.000000000000000000e+00
7.138745167851447970e-01 -1.221758747100829545e-01 6.155999999999999694e+00 2.000000000000000000e+00
6.848745167851447713e-01 -1.151758747100828373e-01 6.142999999999999794e+00 2.000000000000000000e+00
6.828745167851447695e-01 -1.271758747100828479e-01 6.131000000000000227e+00 2.000000000000000000e+00
7.388745167851448192e-01 -2.001758747100828018e-01 6.110999999999999766e+00 2.000000000000000000e+00
7.678745167851448450e-01 -2.301758747100830504e-01 6.092999999999999972e+00 2.000000000000000000e+00
7.778745167851448539e-01 -2.481758747100828444e-01 6.105000000000000426e+00 2.000000000000000000e+00
7.208745167851448032e-01 -1.541758747100829829e-01 6.139000000000000234e+00 2.000000000000000000e+00
7.258745167851448077e-01 -1.861758747100830114e-01 6.075000000000000178e+00 2.000000000000000000e+00
7.258745167851448077e-01 -1.641758747100827698e-01 6.124000000000000554e+00 2.000000000000000000e+00
7.038745167851447881e-01 -1.641758747100827698e-01 6.091000000000000192e+00 2.000000000000000000e+00
6.978745167851447828e-01 -1.421758747100829723e-01 6.112000000000000099e+00 2.000000000000000000e+00
7.018745167851447864e-01 -1.881758747100827911e-01 6.062999999999999723e+00 2.000000000000000000e+00
7.008745167851447855e-01 -9.517587471008281952e-02 6.176000000000000156e+00 2.000000000000000000e+00
7.018745167851447864e-01 -2.011758747100831357e-01 6.048000000000000043e+00 2.000000000000000000e+00
7.218745167851448041e-01 -1.771758747100831144e-01 6.094000000000000306e+00 2.000000000000000000e+00
8.198745167851447802e-01 -2.111758747100829225e-01 6.157000000000000028e+00 2.000000000000000000e+00
7.158745167851447988e-01 -1.311758747100828515e-01 6.144000000000000128e+00 2.000000000000000000e+00
7.118745167851447953e-01 -1.591758747100828764e-01 6.099000000000000199e+00 2.000000000000000000e+00
7.118745167851447953e-01 -1.451758747100830860e-01 6.120000000000000107e+00 2.000000000000000000e+00
7.198745167851448024e-01 -1.551758747100828728e-01 6.124000000000000554e+00 2.000000000000000000e+00
7.238745167851448059e-01 -1.651758747100831037e-01 6.110000000000000320e+00 2.000000000000000000e+00
6.948745167851447802e-01 -1.321758747100827414e-01 6.123000000000000220e+00 2.000000000000000000e+00
6.948745167851447802e-01 -1.201758747100831748e-01 6.136000000000000121e+00 2.000000000000000000e+00
6.958745167851447810e-01 -1.811758747100831179e-01 6.070000000000000284e+00 2.000000000000000000e+00
7.238745167851448059e-01 -1.541758747100829829e-01 6.153999999999999915e+00 2.000000000000000000e+00
6.858745167851447722e-01 -1.491758747100830895e-01 6.105999999999999872e+00 2.000000000000000000e+00
6.858745167851447722e-01 -1.041758747100831606e-01 6.155999999999999694e+00 2.000000000000000000e+00
6.918745167851447775e-01 -1.721758747100827769e-01 6.084000000000000519e+00 2.000000000000000000e+00
6.868745167851447730e-01 -9.117587471008281597e-02 6.171000000000000263e+00 2.000000000000000000e+00
7.308745167851448121e-01 -2.031758747100829154e-01 6.052999999999999936e+00 2.000000000000000000e+00
7.308745167851448121e-01 -1.851758747100831215e-01 6.118999999999999773e+00 2.000000000000000000e+00
7.408745167851448210e-01 -1.981758747100830220e-01 6.094000000000000306e+00 2.000000000000000000e+00
7.178745167851448006e-01 -1.791758747100828941e-01 6.080000000000000071e+00 2.000000000000000000e+00
7.178745167851448006e-01 -1.681758747100827733e-01 6.097000000000000419e+00 2.000000000000000000e+00
7.238745167851448059e-01 -1.981758747100830220e-01 6.057000000000000384e+00 2.000000000000000000e+00
8.168745167851447775e-01 -2.001758747100828018e-01 6.163000000000000256e+00 2.000000000000000000e+00
8.208745167851447810e-01 -1.991758747100829119e-01 6.174999999999999822e+00 2.000000000000000000e+00
8.068745167851447686e-01 -2.181758747100830398e-01 6.137000000000000455e+00 2.000000000000000000e+00
7.298745167851448112e-01 -1.731758747100831108e-01 6.134999999999999787e+00 2.000000000000000000e+00
7.168745167851447997e-01 -1.421758747100829723e-01 6.129999999999999893e+00 2.000000000000000000e+00
7.288745167851448103e-01 -1.731758747100831108e-01 6.118999999999999773e+00 2.000000000000000000e+00
7.328745167851448139e-01 -1.931758747100831286e-01 6.080000000000000071e+00 2.000000000000000000e+00
7.268745167851448086e-01 -1.631758747100828799e-01 6.137999999999999901e+00 2.000000000000000000e+00
7.288745167851448103e-01 -1.731758747100831108e-01 6.105000000000000426e+00 2.000000000000000000e+00
6.988745167851447837e-01 -1.531758747100830931e-01 6.099000000000000199e+00 2.000000000000000000e+00
7.038745167851447881e-01 -1.381758747100829687e-01 6.121000000000000441e+00 2.000000000000000000e+00
7.998745167851448734e-01 -2.491758747100831783e-01 6.163000000000000256e+00 2.000000000000000000e+00
7.998745167851448734e-01 -2.111758747100829225e-01 6.144000000000000128e+00 2.000000000000000000e+00
7.088745167851447926e-01 -1.021758747100829368e-01 6.169999999999999929e+00 2.000000000000000000e+00
7.038745167851447881e-01 -1.761758747100827804e-01 6.078000000000000291e+00 2.000000000000000000e+00
7.438745167851448237e-01 -2.081758747100828089e-01 6.092000000000000526e+00 2.000000000000000000e+00
6.968745167851447819e-01 -9.817587471008293321e-02 6.161000000000000476e+00 2.000000000000000000e+00
7.278745167851448095e-01 -1.951758747100829083e-01 6.067000000000000171e+00 2.000000000000000000e+00
7.288745167851448103e-01 -1.851758747100831215e-01 6.086999999999999744e+00 2.000000000000000000e+00
7.088745167851447926e-01 -1.241758747100831783e-01 6.142999999999999794e+00 2.000000000000000000e+00
7.108745167851447944e-01 -1.121758747100831677e-01 6.169999999999999929e+00 2.000000000000000000e+00
7.108745167851447944e-01 -1.011758747100830469e-01 6.185000000000000497e+00 2.000000000000000000e+00
7.068745167851447908e-01 -1.481758747100827556e-01 6.108000000000000540e+00 2.000000000000000000e+00
7.068745167851447908e-01 -1.131758747100830576e-01 6.157000000000000028e+00 2.000000000000000000e+00
7.038745167851447881e-01 -1.051758747100830504e-01 6.160000000000000142e+00 2.000000000000000000e+00
7.028745167851447873e-01 -1.281758747100827378e-01 6.133000000000000007e+00 2.000000000000000000e+00
7.028745167851447873e-01 -1.151758747100828373e-01 6.145000000000000462e+00 2.000000000000000000e+00
6.948745167851447802e-01 -1.091758747100830540e-01 6.150000000000000355e+00 2.000000000000000000e+00
8.278745167851447873e-01 -2.061758747100830291e-01 6.166000000000000369e+00 2.000000000000000000e+00
8.248745167851447846e-01 -2.201758747100828195e-01 6.160000000000000142e+00 2.000000000000000000e+00
8.048745167851447668e-01 -2.571758747100827414e-01 6.177999999999999936e+00 2.000000000000000000e+00
8.078745167851447695e-01 -2.301758747100830504e-01 6.142000000000000348e+00 2.000000000000000000e+00
7.378745167851448183e-01 -2.001758747100828018e-01 6.080000000000000071e+00 2.000000000000000000e+00
8.088745167851447704e-01 -2.061758747100830291e-01 6.155000000000000249e+00 2.000000000000000000e+00
8.168745167851447775e-01 -2.251758747100831570e-01 6.150999999999999801e+00 2.000000000000000000e+00
8.118745167851447730e-01 -2.151758747100829261e-01 6.147000000000000242e+00 2.000000000000000000e+00
6.848745167851447713e-01 -1.391758747100828586e-01 6.118000000000000327e+00 2.000000000000000000e+00
7.198745167851448024e-01 -1.301758747100829616e-01 6.173000000000000043e+00 2.000000000000000000e+00
7.198745167851448024e-01 -1.191758747100828408e-01 6.198999999999999844e+00 2.000000000000000000e+00
7.098745167851447935e-01 -1.841758747100827875e-01 6.072000000000000064e+00 2.000000000000000000e+00
7.138745167851447970e-01 -1.101758747100829439e-01 6.184000000000000163e+00 2.000000000000000000e+00
7.118745167851447953e-01 -1.951758747100829083e-01 6.054999999999999716e+00 2.000000000000000000e+00
7.118745167851447953e-01 -1.721758747100827769e-01 6.088000000000000078e+00 2.000000000000000000e+00
7.158745167851447988e-01 -2.021758747100830256e-01 6.046999999999999709e+00 2.000000000000000000e+00
7.188745167851448015e-01 -1.191758747100828408e-01 6.168000000000000149e+00 2.000000000000000000e+00
7.218745167851448041e-01 -1.291758747100830718e-01 6.187999999999999723e+00 2.000000000000000000e+00
7.188745167851448015e-01 -1.911758747100829048e-01 6.065000000000000391e+00 2.000000000000000000e+00
7.178745167851448006e-01 -1.431758747100828622e-01 6.147000000000000242e+00 2.000000000000000000e+00
7.158745167851447988e-01 -1.571758747100830966e-01 6.110999999999999766e+00 2.000000000000000000e+00
7.188745167851448015e-01 -1.201758747100831748e-01 6.182999999999999829e+00 2.000000000000000000e+00
7.178745167851448006e-01 -1.311758747100828515e-01 6.158000000000000362e+00 2.000000000000000000e+00
7.218745167851448041e-01 -1.401758747100827485e-01 6.158999999999999808e+00 2.000000000000000000e+00
7.788745167851448548e-01 -2.351758747100829439e-01 6.097000000000000419e+00 2.000000000000000000e+00
7.368745167851448175e-01 -1.911758747100829048e-01 6.110000000000000320e+00 2.000000000000000000e+00
7.668745167851448441e-01 -1.841758747100827875e-01 6.049999999999999822e+00 2.000000000000000000e+00
2.284874516785144749e+00 -1.326175874710082914e+00 5.786000000000000476e+00 8.000000000000000000e+00
2.275874516785144852e+00 -1.321175874710083020e+00 5.783999999999999808e+00 8.000000000000000000e+00
2.299874516785144873e+00 -1.314175874710082903e+00 5.818999999999999950e+00 8.000000000000000000e+00
2.297874516785144650e+00 -1.304175874710082894e+00 5.809000000000000163e+00 8.000000000000000000e+00
2.305874516785144657e+00 -1.334175874710082921e+00 5.812999999999999723e+00 8.000000000000000000e+00
2.269874516785145069e+00 -1.227175874710082937e+00 5.806000000000000050e+00 8.000000000000000000e+00
2.285874516785144639e+00 -1.313175874710083013e+00 5.790000000000000036e+00 8.000000000000000000e+00
2.291874516785144866e+00 -1.308175874710082898e+00 5.799000000000000377e+00 8.000000000000000000e+00
2.292874516785144756e+00 -1.319175874710083018e+00 5.794000000000000483e+00 8.000000000000000000e+00
2.273874516785145072e+00 -1.225175874710082935e+00 5.817000000000000171e+00 8.000000000000000000e+00
2.308874516785144770e+00 -1.344175874710082930e+00 5.812999999999999723e+00 8.000000000000000000e+00
2.302874516785144987e+00 -1.336175874710082923e+00 5.799999999999999822e+00 8.000000000000000000e+00
2.296874516785144760e+00 -1.316175874710082905e+00 5.804000000000000270e+00 8.000000000000000000e+00
2.287874516785144863e+00 -1.335175874710083033e+00 5.786999999999999922e+00 8.000000000000000000e+00
2.318874516785145001e+00 -1.385175874710083077e+00 5.825000000000000178e+00 8.000000000000000000e+00
2.306874516785144991e+00 -1.344175874710082930e+00 5.798000000000000043e+00 8.000000000000000000e+00
2.301874516785144653e+00 -1.325175874710083024e+00 5.820000000000000284e+00 8.000000000000000000e+00
2.298874516785144984e+00 -1.327175874710083026e+00 5.794000000000000483e+00 8.000000000000000000e+00
2.303874516785144877e+00 -1.299175874710083001e+00 5.818000000000000504e+00 8.000000000000000000e+00
2.301874516785144653e+00 -1.324175874710082912e+00 5.806000000000000050e+00 8.000000000000000000e+00
2.311874516785144884e+00 -1.367175874710083061e+00 5.826999999999999957e+00 8.000000000000000000e+00
2.311874516785144884e+00 -1.352175874710082937e+00 5.812000000000000277e+00 8.000000000000000000e+00
2.744874516785144714e+00 -9.261758747100830025e-01 5.647999999999999687e+00 0.000000000000000000e+00
2.745874516785145047e+00 -9.471758747100829101e-01 5.647999999999999687e+00 0.000000000000000000e+00
2.745874516785145047e+00 -9.361758747100830114e-01 5.642000000000000348e+00 0.000000000000000000e+00
2.708874516785144682e+00 -9.771758747100829368e-01 5.610000000000000320e+00 0.000000000000000000e+00
2.705874516785145012e+00 -9.691758747100829297e-01 5.607000000000000206e+00 0.000000000000000000e+00
2.732874516785144703e+00 -9.711758747100829314e-01 5.642999999999999794e+00 0.000000000000000000e+00
2.661874516785144973e+00 -1.004175874710083072e+00 5.560999999999999943e+00 0.000000000000000000e+00
2.660874516785144639e+00 -9.931758747100829510e-01 5.565999999999999837e+00 0.000000000000000000e+00
2.660874516785144639e+00 -9.801758747100830504e-01 5.573000000000000398e+00 0.000000000000000000e+00
2.660874516785144639e+00 -9.681758747100830398e-01 5.583000000000000185e+00 0.000000000000000000e+00
2.761874516785145062e+00 -9.351758747100828995e-01 5.661999999999999922e+00 0.000000000000000000e+00
2.659874516785144749e+00 -9.581758747100830309e-01 5.612000000000000099e+00 0.000000000000000000e+00
2.721874516785145026e+00 -9.561758747100830291e-01 5.623000000000000220e+00 0.000000000000000000e+00
2.641874516785144955e+00 -9.821758747100830522e-01 5.554999999999999716e+00 0.000000000000000000e+00
2.694874516785144891e+00 -9.411758747100829048e-01 5.625000000000000000e+00 0.000000000000000000e+00
2.713874516785145019e+00 -9.631758747100829243e-01 5.616000000000000547e+00 0.000000000000000000e+00
2.641874516785144955e+00 -9.711758747100829314e-01 5.568999999999999950e+00 0.000000000000000000e+00
2.648874516785145072e+00 -9.891758747100829474e-01 5.552999999999999936e+00 0.000000000000000000e+00
2.634874516785144838e+00 -9.651758747100829261e-01 5.592000000000000526e+00 0.000000000000000000e+00
2.690874516785144888e+00 -9.701758747100830416e-01 5.597000000000000419e+00 0.000000000000000000e+00
2.689874516785144998e+00 -9.451758747100829083e-01 5.613000000000000433e+00 0.000000000000000000e+00
2.655874516785144746e+00 -9.611758747100829225e-01 5.599000000000000199e+00 0.000000000000000000e+00
2.650874516785144852e+00 -9.651758747100829261e-01 5.589999999999999858e+00 0.000000000000000000e+00
2.649874516785144962e+00 -1.013175874710082969e+00 5.557000000000000384e+00 0.000000000000000000e+00
2.672874516785144650e+00 -9.951758747100829527e-01 5.581000000000000405e+00 0.000000000000000000e+00
2.654874516785144856e+00 -9.721758747100830433e-01 5.572000000000000064e+00 0.000000000000000000e+00
2.653874516785144966e+00 -9.851758747100829439e-01 5.564000000000000057e+00 0.000000000000000000e+00
2.698874516785144895e+00 -9.851758747100829439e-01 5.605000000000000426e+00 0.000000000000000000e+00
2.698874516785144895e+00 -9.491758747100829119e-01 5.610000000000000320e+00 0.000000000000000000e+00
2.697874516785145005e+00 -9.281758747100830043e-01 5.650000000000000355e+00 0.000000000000000000e+00
2.698874516785144895e+00 -9.621758747100830345e-01 5.602999999999999758e+00 0.000000000000000000e+00
2.654874516785144856e+00 -9.981758747100830664e-01 5.557000000000000384e+00 0.000000000000000000e+00
2.736874516785144706e+00 -9.321758747100830078e-01 5.641000000000000014e+00 0.000000000000000000e+00
2.688874516785144664e+00 -9.351758747100828995e-01 5.642999999999999794e+00 0.000000000000000000e+00
2.726874516785144920e+00 -9.761758747100830469e-01 5.634000000000000341e+00 0.000000000000000000e+00
2.727874516785144809e+00 -9.261758747100830025e-01 5.641000000000000014e+00 0.000000000000000000e+00
2.727874516785144809e+00 -9.521758747100830256e-01 5.631000000000000227e+00 0.000000000000000000e+00
2.722874516785144916e+00 -9.661758747100830380e-01 5.626000000000000334e+00 0.000000000000000000e+00
2.629874516785144944e+00 -9.691758747100829297e-01 5.581000000000000405e+00 0.000000000000000000e+00
2.729874516785145033e+00 -9.611758747100829225e-01 5.633000000000000007e+00 0.000000000000000000e+00
2.636874516785145062e+00 -9.641758747100830362e-01 5.604000000000000092e+00 0.000000000000000000e+00
2.647874516785144738e+00 -9.671758747100829279e-01 5.578000000000000291e+00 0.000000000000000000e+00
2.648874516785145072e+00 -9.771758747100829368e-01 5.564000000000000057e+00 0.000000000000000000e+00
2.681874516785144991e+00 -1.000175874710083068e+00 5.592000000000000526e+00 0.000000000000000000e+00
2.678874516785144877e+00 -9.421758747100830167e-01 5.621999999999999886e+00 0.000000000000000000e+00
2.678874516785144877e+00 -9.541758747100830274e-01 5.610999999999999766e+00 0.000000000000000000e+00
2.737874516785145040e+00 -9.671758747100829279e-01 5.652000000000000135e+00 0.000000000000000000e+00
2.737874516785145040e+00 -9.541758747100830274e-01 5.641000000000000014e+00 0.000000000000000000e+00
2.691874516785144777e+00 -1.004175874710083072e+00 5.608000000000000540e+00 0.000000000000000000e+00
2.735874516785144817e+00 -9.441758747100830185e-01 5.637999999999999901e+00 0.000000000000000000e+00
2.720874516785144692e+00 -9.461758747100830202e-01 5.629000000000000448e+00 0.000000000000000000e+00
2.728874516785144699e+00 -9.391758747100829030e-01 5.634000000000000341e+00 0.000000000000000000e+00
2.709874516785145016e+00 -9.291758747100828941e-01 5.637999999999999901e+00 0.000000000000000000e+00
2.716874516785144689e+00 -9.351758747100828995e-01 5.636000000000000121e+00 0.000000000000000000e+00
2.716874516785144689e+00 -9.231758747100828888e-01 5.647000000000000242e+00 0.000000000000000000e+00
2.712874516785144685e+00 -9.871758747100829456e-01 5.616000000000000547e+00 0.000000000000000000e+00
2.682874516785144881e+00 -9.391758747100829030e-01 5.634000000000000341e+00 0.000000000000000000e+00
2.680874516785144657e+00 -9.771758747100829368e-01 5.592000000000000526e+00 0.000000000000000000e+00
2.673874516785144984e+00 -9.701758747100830416e-01 5.589000000000000412e+00 0.000000000000000000e+00
2.680874516785144657e+00 -9.641758747100830362e-01 5.597000000000000419e+00 0.000000000000000000e+00
2.689874516785144998e+00 -9.821758747100830522e-01 5.592999999999999972e+00 0.000000000000000000e+00
2.681874516785144991e+00 -9.881758747100830576e-01 5.586999999999999744e+00 0.000000000000000000e+00
2.689874516785144998e+00 -9.561758747100830291e-01 5.602999999999999758e+00 0.000000000000000000e+00
2.689874516785144998e+00 -9.931758747100829510e-01 5.597999999999999865e+00 0.000000000000000000e+00
2.701874516785145008e+00 -9.961758747100830647e-01 5.612000000000000099e+00 0.000000000000000000e+00
2.697874516785145005e+00 -9.751758747100829350e-01 5.600000000000000533e+00 0.000000000000000000e+00
2.670874516785144870e+00 -9.591758747100829208e-01 5.602000000000000313e+00 0.000000000000000000e+00
2.666874516785144866e+00 -9.751758747100829350e-01 5.580000000000000071e+00 0.000000000000000000e+00
2.666874516785144866e+00 -1.000175874710083068e+00 5.570999999999999730e+00 0.000000000000000000e+00
2.675874516785144763e+00 -9.811758747100829403e-01 5.580000000000000071e+00 0.000000000000000000e+00
2.675874516785144763e+00 -1.004175874710083072e+00 5.581999999999999851e+00 0.000000000000000000e+00
2.668874516785144646e+00 -9.501758747100830238e-01 5.618000000000000327e+00 0.000000000000000000e+00
2.664874516785144642e+00 -9.641758747100830362e-01 5.594000000000000306e+00 0.000000000000000000e+00
2.667874516785144756e+00 -9.881758747100830576e-01 5.575000000000000178e+00 0.000000000000000000e+00
2.762874516785144952e+00 -9.231758747100828888e-01 5.655999999999999694e+00 0.000000000000000000e+00
2.752874516785144721e+00 -9.311758747100828959e-01 5.652000000000000135e+00 0.000000000000000000e+00
2.752874516785144721e+00 -9.421758747100830167e-01 5.655000000000000249e+00 0.000000000000000000e+00
2.704874516785144678e+00 -9.581758747100830309e-01 5.613000000000000433e+00 0.000000000000000000e+00
2.718874516785144912e+00 -9.811758747100829403e-01 5.625000000000000000e+00 0.000000000000000000e+00
2.714874516785144909e+00 -9.721758747100830433e-01 5.616999999999999993e+00 0.000000000000000000e+00
2.718874516785144912e+00 -9.931758747100829510e-01 5.629000000000000448e+00 0.000000000000000000e+00
2.627874516785144721e+00 -9.701758747100830416e-01 5.565999999999999837e+00 0.000000000000000000e+00
2.635874516785144728e+00 -9.761758747100830469e-01 5.559000000000000163e+00 0.000000000000000000e+00
2.710874516785144905e+00 -9.531758747100829154e-01 5.621999999999999886e+00 0.000000000000000000e+00
2.712874516785144685e+00 -9.981758747100830664e-01 5.620000000000000107e+00 0.000000000000000000e+00
2.708874516785144682e+00 -9.421758747100830167e-01 5.629999999999999893e+00 0.000000000000000000e+00
2.699874516785144785e+00 -9.371758747100829012e-01 5.634999999999999787e+00 0.000000000000000000e+00
2.768874516785144735e+00 -9.291758747100828941e-01 5.669000000000000483e+00 0.000000000000000000e+00
2.702874516785144898e+00 -9.461758747100830202e-01 5.618999999999999773e+00 0.000000000000000000e+00
3.338745167851447926e-01 -2.169175874710083107e+00 4.721000000000000085e+00 7.000000000000000000e+00
3.268745167851447864e-01 -2.163175874710082880e+00 4.721000000000000085e+00 7.000000000000000000e+00
3.268745167851447864e-01 -2.151175874710082869e+00 4.724000000000000199e+00 7.000000000000000000e+00
3.268745167851447864e-01 -2.180175874710083228e+00 4.721000000000000085e+00 7.000000000000000000e+00
3.218745167851447819e-01 -2.249175874710083178e+00 4.733999999999999986e+00 7.000000000000000000e+00
3.268745167851447864e-01 -2.138175874710082969e+00 4.729000000000000092e+00 7.000000000000000000e+00
3.268745167851447864e-01 -2.125175874710083068e+00 4.733000000000000540e+00 7.000000000000000000e+00
3.088745167851447704e-01 -2.246175874710083065e+00 4.722000000000000419e+00 7.000000000000000000e+00
3.338745167851447926e-01 -2.091175874710082816e+00 4.727000000000000313e+00 7.000000000000000000e+00
3.098745167851447713e-01 -2.208175874710082809e+00 4.738000000000000433e+00 7.000000000000000000e+00
3.168745167851447775e-01 -2.228175874710082827e+00 4.719999999999999751e+00 7.000000000000000000e+00
2.998745167851448179e-01 -2.200175874710082802e+00 4.727000000000000313e+00 7.000000000000000000e+00
3.098745167851447713e-01 -2.178175874710083004e+00 4.735999999999999766e+00 7.000000000000000000e+00
3.008745167851448188e-01 -2.221175874710083153e+00 4.729000000000000092e+00 7.000000000000000000e+00
3.178745167851447784e-01 -2.158175874710082986e+00 4.733000000000000540e+00 7.000000000000000000e+00
2.678745167851448450e-01 -2.209175874710083143e+00 4.730999999999999872e+00 7.000000000000000000e+00
3.528745167851448095e-01 -2.147175874710082866e+00 4.727999999999999758e+00 7.000000000000000000e+00
3.748745167851448290e-01 -2.171175874710082887e+00 4.698000000000000398e+00 7.000000000000000000e+00
3.428745167851448006e-01 -2.086175874710082923e+00 4.725999999999999979e+00 7.000000000000000000e+00
3.428745167851448006e-01 -2.099175874710082823e+00 4.724000000000000199e+00 7.000000000000000000e+00
3.088745167851447704e-01 -2.228175874710082827e+00 4.722999999999999865e+00 7.000000000000000000e+00
3.088745167851447704e-01 -2.211175874710082923e+00 4.722000000000000419e+00 7.000000000000000000e+00
3.598745167851448157e-01 -2.109175874710083054e+00 4.719999999999999751e+00 7.000000000000000000e+00
3.518745167851448086e-01 -2.120175874710083175e+00 4.717999999999999972e+00 7.000000000000000000e+00
3.588745167851448148e-01 -2.174175874710083001e+00 4.703000000000000291e+00 7.000000000000000000e+00
3.508745167851448077e-01 -2.175175874710082891e+00 4.708000000000000185e+00 7.000000000000000000e+00
3.658745167851448210e-01 -2.177175874710083114e+00 4.703000000000000291e+00 7.000000000000000000e+00
3.258745167851447855e-01 -2.192175874710082795e+00 4.717999999999999972e+00 7.000000000000000000e+00
3.278745167851447873e-01 -2.120175874710083175e+00 4.740999999999999659e+00 7.000000000000000000e+00
3.268745167851447864e-01 -2.214175874710083036e+00 4.722000000000000419e+00 7.000000000000000000e+00
3.428745167851448006e-01 -2.149175874710083090e+00 4.722000000000000419e+00 7.000000000000000000e+00
3.348745167851447935e-01 -2.111175874710082834e+00 4.727999999999999758e+00 7.000000000000000000e+00
3.348745167851447935e-01 -2.124175874710083178e+00 4.725999999999999979e+00 7.000000000000000000e+00
3.428745167851448006e-01 -2.170175874710082997e+00 4.725000000000000533e+00 7.000000000000000000e+00
3.428745167851448006e-01 -2.134175874710082965e+00 4.722999999999999865e+00 7.000000000000000000e+00
3.428745167851448006e-01 -2.113175874710083058e+00 4.721000000000000085e+00 7.000000000000000000e+00
3.188745167851447793e-01 -2.149175874710083090e+00 4.740000000000000213e+00 7.000000000000000000e+00
3.338745167851447926e-01 -2.185175874710083121e+00 4.719000000000000306e+00 7.000000000000000000e+00
2.998745167851448179e-01 -2.234175874710083054e+00 4.725999999999999979e+00 7.000000000000000000e+00
3.178745167851447784e-01 -2.248175874710082844e+00 4.722999999999999865e+00 7.000000000000000000e+00
3.178745167851447784e-01 -2.168175874710082773e+00 4.727999999999999758e+00 7.000000000000000000e+00
3.428745167851448006e-01 -2.068175874710083129e+00 4.725999999999999979e+00 7.000000000000000000e+00
3.338745167851447926e-01 -2.140175874710083193e+00 4.722999999999999865e+00 7.000000000000000000e+00
3.338745167851447926e-01 -2.153175874710083093e+00 4.722000000000000419e+00 7.000000000000000000e+00
2.998745167851448179e-01 -2.250175874710083068e+00 4.724000000000000199e+00 7.000000000000000000e+00
2.918745167851448108e-01 -2.245175874710083175e+00 4.732000000000000206e+00 7.000000000000000000e+00
3.098745167851447713e-01 -2.187175874710082901e+00 4.730000000000000426e+00 7.000000000000000000e+00
3.168745167851447775e-01 -2.180175874710083228e+00 4.724000000000000199e+00 7.000000000000000000e+00
3.168745167851447775e-01 -2.212175874710082812e+00 4.722000000000000419e+00 7.000000000000000000e+00
3.168745167851447775e-01 -2.191175874710082905e+00 4.717000000000000526e+00 7.000000000000000000e+00
3.088745167851447704e-01 -2.193175874710083129e+00 4.719999999999999751e+00 7.000000000000000000e+00
2.636874516785145062e+00 -1.787175874710082990e+00 4.602000000000000313e+00 1.600000000000000000e+01
2.631874516785144724e+00 -1.814175874710083125e+00 4.581999999999999851e+00 1.600000000000000000e+01
2.629874516785144944e+00 -1.805175874710083006e+00 4.599000000000000199e+00 1.600000000000000000e+01
2.639874516785144731e+00 -1.818175874710083129e+00 4.607000000000000206e+00 1.600000000000000000e+01
2.649874516785144962e+00 -1.737175874710082946e+00 4.554000000000000270e+00 1.600000000000000000e+01
2.656874516785145079e+00 -1.749175874710082956e+00 4.541000000000000369e+00 1.600000000000000000e+01
2.113874516785144930e+00 -1.111175874710083056e+00 5.753000000000000114e+00 8.000000000000000000e+00
2.084874516785144571e+00 -1.098175874710082933e+00 5.749000000000000554e+00 8.000000000000000000e+00
2.144874516785145069e+00 -1.112175874710082946e+00 5.783999999999999808e+00 8.000000000000000000e+00
2.069874516785144891e+00 -1.207175874710082919e+00 5.703000000000000291e+00 8.000000000000000000e+00
2.119874516785144714e+00 -1.106175874710082940e+00 5.764000000000000234e+00 8.000000000000000000e+00
2.120874516785145047e+00 -1.106175874710082940e+00 5.778999999999999915e+00 8.000000000000000000e+00
2.061874516785144884e+00 -1.191175874710082905e+00 5.709999999999999964e+00 8.000000000000000000e+00
2.113874516785144930e+00 -1.123175874710083066e+00 5.743000000000000327e+00 8.000000000000000000e+00
2.093874516785144912e+00 -1.112175874710082946e+00 5.725999999999999979e+00 8.000000000000000000e+00
2.093874516785144912e+00 -1.102175874710082937e+00 5.740000000000000213e+00 8.000000000000000000e+00
2.064874516785144998e+00 -1.113175874710083058e+00 5.706999999999999851e+00 8.000000000000000000e+00
2.065874516785144888e+00 -1.123175874710083066e+00 5.706999999999999851e+00 8.000000000000000000e+00
2.083874516785145126e+00 -1.121175874710083065e+00 5.719999999999999751e+00 8.000000000000000000e+00
2.083874516785145126e+00 -1.109175874710083054e+00 5.719000000000000306e+00 8.000000000000000000e+00
2.009874516785144838e+00 -1.130175874710082962e+00 5.669000000000000483e+00 8.000000000000000000e+00
2.068874516785144557e+00 -1.097175874710083043e+00 5.724000000000000199e+00 8.000000000000000000e+00
2.024874516785144962e+00 -1.118175874710082951e+00 5.669999999999999929e+00 8.000000000000000000e+00
2.106874516785144813e+00 -1.103175874710083049e+00 5.759999999999999787e+00 8.000000000000000000e+00
2.132874516785145058e+00 -1.109175874710083054e+00 5.770000000000000462e+00 8.000000000000000000e+00
2.132874516785145058e+00 -1.109175874710083054e+00 5.786000000000000476e+00 8.000000000000000000e+00
2.127874516785144721e+00 -1.113175874710083058e+00 5.759999999999999787e+00 8.000000000000000000e+00
2.120874516785145047e+00 -1.118175874710082951e+00 5.751000000000000334e+00 8.000000000000000000e+00
2.071874516785144671e+00 -1.108175874710082942e+00 5.714999999999999858e+00 8.000000000000000000e+00
2.073874516785144895e+00 -1.128175874710082960e+00 5.714000000000000412e+00 8.000000000000000000e+00
2.074874516785144785e+00 -1.117175874710083061e+00 5.713000000000000078e+00 8.000000000000000000e+00
2.118874516785144824e+00 -1.108175874710082942e+00 5.796000000000000263e+00 8.000000000000000000e+00
2.092874516785144579e+00 -1.126175874710082958e+00 5.727999999999999758e+00 8.000000000000000000e+00
2.094874516785144802e+00 -1.102175874710082937e+00 5.756000000000000227e+00 8.000000000000000000e+00
2.019874516785145069e+00 -1.085175874710083033e+00 5.687999999999999723e+00 8.000000000000000000e+00
2.070874516785144781e+00 -1.095175874710083042e+00 5.737000000000000099e+00 8.000000000000000000e+00
2.069874516785144891e+00 -1.097175874710083043e+00 5.754999999999999893e+00 8.000000000000000000e+00
2.067874516785145111e+00 -1.197175874710082910e+00 5.706999999999999851e+00 8.000000000000000000e+00
2.103874516785144699e+00 -1.105175874710083050e+00 5.746999999999999886e+00 8.000000000000000000e+00
2.152874516785144632e+00 -1.120175874710082953e+00 5.775999999999999801e+00 8.000000000000000000e+00
2.126874516785144831e+00 -1.126175874710082958e+00 5.754000000000000448e+00 8.000000000000000000e+00
2.010874516785144728e+00 -1.081175874710083029e+00 5.695999999999999730e+00 8.000000000000000000e+00
2.087874516785144685e+00 -1.106175874710082940e+00 5.730999999999999872e+00 8.000000000000000000e+00
2.100874516785145030e+00 -1.133175874710083075e+00 5.738000000000000433e+00 8.000000000000000000e+00
2.134874516785144838e+00 -1.134175874710082965e+00 5.762999999999999901e+00 8.000000000000000000e+00
2.135874516785144728e+00 -1.119175874710083063e+00 5.761000000000000121e+00 8.000000000000000000e+00
2.026874516785144742e+00 -1.128175874710082960e+00 5.671000000000000263e+00 8.000000000000000000e+00
2.040874516785144976e+00 -1.154175874710082983e+00 5.701999999999999957e+00 8.000000000000000000e+00
2.108874516785145037e+00 -1.114175874710082947e+00 5.743000000000000327e+00 8.000000000000000000e+00
2.020874516785144515e+00 -1.085175874710083033e+00 5.701999999999999957e+00 8.000000000000000000e+00
2.082874516785144792e+00 -1.099175874710083045e+00 5.735999999999999766e+00 8.000000000000000000e+00
2.041874516785144866e+00 -1.095175874710083042e+00 5.703000000000000291e+00 8.000000000000000000e+00
2.029874516785144856e+00 -1.090175874710082926e+00 5.679000000000000270e+00 8.000000000000000000e+00
2.029874516785144856e+00 -1.151175874710082869e+00 5.679999999999999716e+00 8.000000000000000000e+00
2.116874516785145044e+00 -1.134175874710082965e+00 5.748000000000000220e+00 8.000000000000000000e+00
2.038874516785144753e+00 -1.097175874710083043e+00 5.690999999999999837e+00 8.000000000000000000e+00
2.040874516785144976e+00 -1.106175874710082940e+00 5.684000000000000163e+00 8.000000000000000000e+00
2.029874516785144856e+00 -1.091175874710083038e+00 5.693000000000000504e+00 8.000000000000000000e+00
2.046874516785144760e+00 -1.092175874710082928e+00 5.729000000000000092e+00 8.000000000000000000e+00
2.107874516785144703e+00 -1.103175874710083049e+00 5.775000000000000355e+00 8.000000000000000000e+00
2.057874516785144881e+00 -1.094175874710082930e+00 5.730999999999999872e+00 8.000000000000000000e+00
2.061874516785144884e+00 -1.101175874710083047e+00 5.714000000000000412e+00 8.000000000000000000e+00
2.031874516785144635e+00 -1.089175874710083036e+00 5.709000000000000519e+00 8.000000000000000000e+00
2.080874516785145012e+00 -1.136175874710082967e+00 5.724000000000000199e+00 8.000000000000000000e+00
2.096874516785145026e+00 -1.111175874710083056e+00 5.738000000000000433e+00 8.000000000000000000e+00
2.100874516785145030e+00 -1.120175874710082953e+00 5.735000000000000320e+00 8.000000000000000000e+00
2.095874516785144692e+00 -1.102175874710082937e+00 5.772000000000000242e+00 8.000000000000000000e+00
2.078874516785144788e+00 -1.103175874710083049e+00 5.725000000000000533e+00 8.000000000000000000e+00
2.141874516785144955e+00 -1.114175874710082947e+00 5.772000000000000242e+00 8.000000000000000000e+00
2.556874516785144991e+00 -1.050175874710082891e+00 5.459999999999999964e+00 0.000000000000000000e+00
2.550874516785144763e+00 -9.961758747100830647e-01 5.496000000000000441e+00 0.000000000000000000e+00
2.556874516785144991e+00 -1.024175874710082867e+00 5.455000000000000071e+00 0.000000000000000000e+00
2.618874516785144824e+00 -9.891758747100829474e-01 5.530000000000000249e+00 0.000000000000000000e+00
2.586874516785144795e+00 -1.014175874710083081e+00 5.485999999999999766e+00 0.000000000000000000e+00
2.587874516785144685e+00 -9.901758747100830593e-01 5.512000000000000455e+00 0.000000000000000000e+00
2.620874516785145047e+00 -9.751758747100829350e-01 5.557999999999999829e+00 0.000000000000000000e+00
2.620874516785145047e+00 -1.010175874710083077e+00 5.520999999999999908e+00 0.000000000000000000e+00
2.626874516785144831e+00 -1.006175874710083074e+00 5.530000000000000249e+00 0.000000000000000000e+00
2.617874516785144934e+00 -9.781758747100830487e-01 5.546000000000000263e+00 0.000000000000000000e+00
2.473874516785144806e+00 -1.020175874710083086e+00 5.437000000000000277e+00 0.000000000000000000e+00
2.563874516785144664e+00 -1.020175874710083086e+00 5.464000000000000412e+00 0.000000000000000000e+00
2.559874516785144660e+00 -1.001175874710082958e+00 5.482000000000000206e+00 0.000000000000000000e+00
2.510874516785144728e+00 -1.039175874710082992e+00 5.408999999999999808e+00 0.000000000000000000e+00
2.509874516785144838e+00 -1.051175874710083002e+00 5.405999999999999694e+00 0.000000000000000000e+00
2.564874516785144998e+00 -1.008175874710083075e+00 5.474000000000000199e+00 0.000000000000000000e+00
2.614874516785144820e+00 -1.030175874710082873e+00 5.522000000000000242e+00 0.000000000000000000e+00
2.564874516785144998e+00 -1.043175874710082995e+00 5.466000000000000192e+00 0.000000000000000000e+00
2.576874516785145008e+00 -1.010175874710083077e+00 5.482000000000000206e+00 0.000000000000000000e+00
2.565874516785144888e+00 -9.961758747100830647e-01 5.491000000000000547e+00 0.000000000000000000e+00
2.532874516785144969e+00 -1.033175874710082986e+00 5.429999999999999716e+00 0.000000000000000000e+00
2.593874516785144912e+00 -1.008175874710083075e+00 5.493999999999999773e+00 0.000000000000000000e+00
2.532874516785144969e+00 -1.010175874710083077e+00 5.453999999999999737e+00 0.000000000000000000e+00
2.495874516785145047e+00 -1.016175874710083082e+00 5.440999999999999837e+00 0.000000000000000000e+00
2.527874516785145076e+00 -1.014175874710083081e+00 5.443999999999999950e+00 0.000000000000000000e+00
2.537874516785144863e+00 -1.018175874710083084e+00 5.443000000000000504e+00 0.000000000000000000e+00
2.583874516785144682e+00 -1.003175874710082960e+00 5.488999999999999879e+00 0.000000000000000000e+00
2.576874516785145008e+00 -9.891758747100829474e-01 5.511000000000000121e+00 0.000000000000000000e+00
2.583874516785144682e+00 -9.831758747100829421e-01 5.533999999999999808e+00 0.000000000000000000e+00
2.553874516785144877e+00 -1.006175874710083074e+00 5.472000000000000419e+00 0.000000000000000000e+00
2.512874516785144952e+00 -1.014175874710083081e+00 5.442000000000000171e+00 0.000000000000000000e+00
2.630874516785144834e+00 -9.911758747100829492e-01 5.536000000000000476e+00 0.000000000000000000e+00
2.576874516785145008e+00 -9.981758747100830664e-01 5.491999999999999993e+00 0.000000000000000000e+00
2.542874516785144756e+00 -1.036175874710082878e+00 5.440000000000000391e+00 0.000000000000000000e+00
2.548874516785144984e+00 -1.056175874710082896e+00 5.451000000000000512e+00 0.000000000000000000e+00
2.589874516785144909e+00 -1.035175874710082988e+00 5.491000000000000547e+00 0.000000000000000000e+00
2.549874516785144873e+00 -1.043175874710082995e+00 5.447000000000000064e+00 0.000000000000000000e+00
2.544874516785144980e+00 -1.024175874710082867e+00 5.448000000000000398e+00 0.000000000000000000e+00
2.541874516785144866e+00 -1.051175874710083002e+00 5.442000000000000171e+00 0.000000000000000000e+00
2.630874516785144834e+00 -9.801758747100830504e-01 5.548000000000000043e+00 0.000000000000000000e+00
2.494874516785144714e+00 -1.028175874710082871e+00 5.413999999999999702e+00 0.000000000000000000e+00
2.500874516785144941e+00 -1.024175874710082867e+00 5.423000000000000043e+00 0.000000000000000000e+00
2.502874516785144721e+00 -1.033175874710082986e+00 5.407000000000000028e+00 0.000000000000000000e+00
2.531874516785144635e+00 -1.058175874710082898e+00 5.435999999999999943e+00 0.000000000000000000e+00
2.523874516785145072e+00 -1.040175874710082882e+00 5.423000000000000043e+00 0.000000000000000000e+00
2.522874516785144738e+00 -1.065175874710083015e+00 5.429000000000000270e+00 0.000000000000000000e+00
2.536874516785144973e+00 -1.029175874710082983e+00 5.439000000000000057e+00 0.000000000000000000e+00
2.538874516785144753e+00 -1.006175874710083074e+00 5.464999999999999858e+00 0.000000000000000000e+00
2.528874516785144966e+00 -1.003175874710082960e+00 5.488999999999999879e+00 0.000000000000000000e+00
2.604874516785145033e+00 -9.781758747100830487e-01 5.554999999999999716e+00 0.000000000000000000e+00
2.461874516785144795e+00 -1.018175874710083084e+00 5.435999999999999943e+00 0.000000000000000000e+00
2.515874516785145065e+00 -1.035175874710082988e+00 5.419000000000000483e+00 0.000000000000000000e+00
2.592874516785145023e+00 -9.861758747100830558e-01 5.522000000000000242e+00 0.000000000000000000e+00
2.600874516785145030e+00 -9.901758747100830593e-01 5.517000000000000348e+00 0.000000000000000000e+00
2.600874516785145030e+00 -9.801758747100830504e-01 5.544000000000000483e+00 0.000000000000000000e+00
2.521874516785144849e+00 -1.007175874710082963e+00 5.463000000000000078e+00 0.000000000000000000e+00
2.607874516785144703e+00 -9.981758747100830664e-01 5.511000000000000121e+00 0.000000000000000000e+00
2.600874516785145030e+00 -1.003175874710082960e+00 5.501000000000000334e+00 0.000000000000000000e+00
2.567874516785144667e+00 -1.016175874710083082e+00 5.474000000000000199e+00 0.000000000000000000e+00
2.580874516785145012e+00 -9.851758747100829439e-01 5.520999999999999908e+00 0.000000000000000000e+00
2.609874516785144927e+00 -1.007175874710082963e+00 5.512000000000000455e+00 0.000000000000000000e+00
2.486874516785144706e+00 -1.023175874710082978e+00 5.419000000000000483e+00 0.000000000000000000e+00
2.605874516785144923e+00 -1.023175874710082978e+00 5.504999999999999893e+00 0.000000000000000000e+00
2.598874516785144806e+00 -1.029175874710082983e+00 5.496999999999999886e+00 0.000000000000000000e+00
2.548874516785144984e+00 -1.031175874710082985e+00 5.448000000000000398e+00 0.000000000000000000e+00
2.596874516785145026e+00 -9.831758747100829421e-01 5.532000000000000028e+00 0.000000000000000000e+00
2.622874516785144827e+00 -9.971758747100829545e-01 5.528000000000000469e+00 0.000000000000000000e+00
2.615874516785144710e+00 -1.003175874710082960e+00 5.520999999999999908e+00 0.000000000000000000e+00
2.613874516785144930e+00 -9.801758747100830504e-01 5.536000000000000476e+00 0.000000000000000000e+00
2.595874516785144692e+00 -9.941758747100830629e-01 5.506999999999999673e+00 0.000000000000000000e+00
2.579874516785144678e+00 -1.044175874710082885e+00 5.487000000000000099e+00 0.000000000000000000e+00
2.545874516785144870e+00 -1.000175874710083068e+00 5.487000000000000099e+00 0.000000000000000000e+00
2.550874516785144763e+00 -1.018175874710083084e+00 5.455000000000000071e+00 0.000000000000000000e+00
2.491874516785145044e+00 -1.019175874710082974e+00 5.429000000000000270e+00 0.000000000000000000e+00
2.640874516785145065e+00 -9.951758747100829527e-01 5.544999999999999929e+00 0.000000000000000000e+00
2.508874516785144948e+00 -1.029175874710082983e+00 5.418000000000000149e+00 0.000000000000000000e+00
2.638874516785144841e+00 -1.010175874710083077e+00 5.541999999999999815e+00 0.000000000000000000e+00
2.515874516785145065e+00 -1.046175874710082887e+00 5.415000000000000036e+00 0.000000000000000000e+00
2.587874516785144685e+00 -9.811758747100829403e-01 5.560999999999999943e+00 0.000000000000000000e+00
2.633874516785144948e+00 -1.001175874710082958e+00 5.536999999999999922e+00 0.000000000000000000e+00
2.624874516785145051e+00 -9.851758747100829439e-01 5.540000000000000036e+00 0.000000000000000000e+00
2.636874516785145062e+00 -9.871758747100829456e-01 5.546000000000000263e+00 0.000000000000000000e+00
2.503874516785145055e+00 -1.010175874710083077e+00 5.464000000000000412e+00 0.000000000000000000e+00
2.631874516785144724e+00 -1.016175874710083082e+00 5.535000000000000142e+00 0.000000000000000000e+00
2.572874516785145005e+00 -1.025175874710082979e+00 5.469999999999999751e+00 0.000000000000000000e+00
2.573874516785144895e+00 -1.037175874710082990e+00 5.472000000000000419e+00 0.000000000000000000e+00
2.582874516785144792e+00 -9.941758747100830629e-01 5.500000000000000000e+00 0.000000000000000000e+00
2.581874516785144902e+00 -1.018175874710083084e+00 5.477000000000000313e+00 0.000000000000000000e+00
2.547874516785144650e+00 -1.011175874710082967e+00 5.463000000000000078e+00 0.000000000000000000e+00
2.557874516785144881e+00 -1.013175874710082969e+00 5.464999999999999858e+00 0.000000000000000000e+00
2.542874516785144756e+00 -1.014175874710083081e+00 5.451999999999999957e+00 0.000000000000000000e+00
2.582874516785144792e+00 -1.029175874710082983e+00 5.477999999999999758e+00 0.000000000000000000e+00
2.526874516785144742e+00 -1.048175874710082889e+00 5.424999999999999822e+00 0.000000000000000000e+00
2.563874516785144664e+00 -1.033175874710082986e+00 5.464000000000000412e+00 0.000000000000000000e+00
2.590874516785144799e+00 -9.981758747100830664e-01 5.496999999999999886e+00 0.000000000000000000e+00
2.503874516785145055e+00 -1.045175874710082997e+00 5.402000000000000135e+00 0.000000000000000000e+00
2.516874516785144955e+00 -1.012175874710083079e+00 5.451999999999999957e+00 0.000000000000000000e+00
2.569874516785144891e+00 -9.941758747100830629e-01 5.501999999999999780e+00 0.000000000000000000e+00
2.569874516785144891e+00 -1.004175874710083072e+00 5.482000000000000206e+00 0.000000000000000000e+00
2.590874516785144799e+00 -1.023175874710082978e+00 5.483999999999999986e+00 0.000000000000000000e+00
2.520874516785144959e+00 -1.018175874710083084e+00 5.435000000000000497e+00 0.000000000000000000e+00
2.649874516785144962e+00 -1.001175874710082958e+00 5.546999999999999709e+00 0.000000000000000000e+00
2.534874516785144749e+00 -1.042175874710082883e+00 5.431000000000000050e+00 0.000000000000000000e+00
2.613874516785144930e+00 -9.931758747100829510e-01 5.520999999999999908e+00 0.000000000000000000e+00
2.613874516785144930e+00 -1.017175874710082972e+00 5.512000000000000455e+00 0.000000000000000000e+00
2.605874516785144923e+00 -9.871758747100829456e-01 5.528000000000000469e+00 0.000000000000000000e+00
2.605874516785144923e+00 -1.010175874710083077e+00 5.501000000000000334e+00 0.000000000000000000e+00
2.526874516785144742e+00 -1.004175874710083072e+00 5.472999999999999865e+00 0.000000000000000000e+00
2.557874516785144881e+00 -1.037175874710082990e+00 5.453999999999999737e+00 0.000000000000000000e+00
2.529874516785144856e+00 -1.024175874710082867e+00 5.435999999999999943e+00 0.000000000000000000e+00
2.520874516785144959e+00 -1.054175874710082894e+00 5.415000000000000036e+00 0.000000000000000000e+00
2.522874516785144738e+00 -1.030175874710082873e+00 5.427000000000000490e+00 0.000000000000000000e+00
2.607874516785144703e+00 -9.751758747100829350e-01 5.568000000000000504e+00 0.000000000000000000e+00
2.585874516785144905e+00 -9.821758747100830522e-01 5.549000000000000377e+00 0.000000000000000000e+00
2.497874516785144827e+00 -1.015175874710082971e+00 5.453999999999999737e+00 0.000000000000000000e+00
2.506874516785144724e+00 -1.019175874710082974e+00 5.432999999999999829e+00 0.000000000000000000e+00
2.622874516785144827e+00 -1.023175874710082978e+00 5.528000000000000469e+00 0.000000000000000000e+00
2.596874516785145026e+00 -1.018175874710083084e+00 5.495000000000000107e+00 0.000000000000000000e+00
2.541874516785144866e+00 -1.004175874710083072e+00 5.475999999999999979e+00 0.000000000000000000e+00
2.640874516785145065e+00 -1.020175874710083086e+00 5.552000000000000490e+00 0.000000000000000000e+00
2.512874516785144952e+00 -1.025175874710082979e+00 5.427000000000000490e+00 0.000000000000000000e+00
2.513874516785144841e+00 -1.059175874710083010e+00 5.408000000000000362e+00 0.000000000000000000e+00
2.472874516785144916e+00 -1.020175874710083086e+00 5.421000000000000263e+00 0.000000000000000000e+00
3.227874516785144809e+00 -1.160175874710082988e+00 5.413999999999999702e+00 3.000000000000000000e+00
3.218874516785144912e+00 -1.157175874710082875e+00 5.429000000000000270e+00 3.000000000000000000e+00
3.227874516785144809e+00 -1.157175874710082875e+00 5.426000000000000156e+00 3.000000000000000000e+00
2.122874516785144827e+00 -3.991758747100830895e-01 6.142999999999999794e+00 8.000000000000000000e+00
2.169874516785144980e+00 -3.981758747100827556e-01 6.147999999999999687e+00 8.000000000000000000e+00
2.137874516785144952e+00 -3.661758747100831712e-01 6.166000000000000369e+00 8.000000000000000000e+00
2.142874516785144845e+00 -3.371758747100828124e-01 6.174999999999999822e+00 8.000000000000000000e+00
2.216874516785144689e+00 -2.971758747100827769e-01 6.187000000000000277e+00 8.000000000000000000e+00
2.130874516785144834e+00 -4.041758747100829829e-01 6.147999999999999687e+00 8.000000000000000000e+00
2.184874516785144660e+00 -3.881758747100829687e-01 6.149000000000000021e+00 8.000000000000000000e+00
2.130874516785144834e+00 -3.591758747100830540e-01 6.165000000000000036e+00 8.000000000000000000e+00
2.130874516785144834e+00 -3.941758747100827520e-01 6.149000000000000021e+00 8.000000000000000000e+00
2.125874516785144941e+00 -3.851758747100828550e-01 6.149000000000000021e+00 8.000000000000000000e+00
2.222874516785144916e+00 -2.931758747100827733e-01 6.197000000000000064e+00 8.000000000000000000e+00
2.252874516785144721e+00 -3.181758747100831286e-01 6.213000000000000078e+00 -1.000000000000000000e+00
2.145874516785144959e+00 -3.491758747100828231e-01 6.182999999999999829e+00 8.000000000000000000e+00
2.157874516785144969e+00 -4.071758747100830966e-01 6.145000000000000462e+00 8.000000000000000000e+00
2.234874516785144927e+00 -2.961758747100828870e-01 6.206000000000000405e+00 8.000000000000000000e+00
2.140874516785145065e+00 -3.521758747100829368e-01 6.169999999999999929e+00 8.000000000000000000e+00
2.128874516785145055e+00 -3.481758747100829332e-01 6.174000000000000377e+00 8.000000000000000000e+00
2.128874516785145055e+00 -3.721758747100829545e-01 6.157000000000000028e+00 8.000000000000000000e+00
2.132874516785145058e+00 -3.801758747100829616e-01 6.157000000000000028e+00 8.000000000000000000e+00
2.146874516785144849e+00 -3.241758747100829119e-01 6.184000000000000163e+00 8.000000000000000000e+00
2.155874516785144746e+00 -3.281758747100829154e-01 6.177999999999999936e+00 8.000000000000000000e+00
2.186874516785144884e+00 -3.971758747100828657e-01 6.142000000000000348e+00 8.000000000000000000e+00
1.785874516785144861e+00 -1.000175874710083068e+00 5.491000000000000547e+00 8.000000000000000000e+00
1.786874516785144751e+00 -9.881758747100830576e-01 5.495000000000000107e+00 8.000000000000000000e+00
1.804874516785144767e+00 -9.761758747100830469e-01 5.556000000000000050e+00 8.000000000000000000e+00
1.804874516785144767e+00 -9.751758747100829350e-01 5.540000000000000036e+00 8.000000000000000000e+00
1.779874516785144856e+00 -9.801758747100830504e-01 5.511000000000000121e+00 8.000000000000000000e+00
1.776874516785144742e+00 -9.821758747100830522e-01 5.500000000000000000e+00 8.000000000000000000e+00
1.797874516785144872e+00 -9.921758747100830611e-01 5.509000000000000341e+00 8.000000000000000000e+00
1.882874516785144836e+00 -1.041175874710082994e+00 5.573999999999999844e+00 8.000000000000000000e+00
1.885874516785144950e+00 -1.015175874710082971e+00 5.589999999999999858e+00 8.000000000000000000e+00
1.879874516785144944e+00 -1.019175874710082974e+00 5.578999999999999737e+00 8.000000000000000000e+00
1.847874516785144916e+00 -9.941758747100830629e-01 5.591000000000000192e+00 8.000000000000000000e+00
1.811874516785144884e+00 -1.032175874710082875e+00 5.533000000000000362e+00 8.000000000000000000e+00
1.795874516785144870e+00 -1.006175874710083074e+00 5.501000000000000334e+00 8.000000000000000000e+00
1.821874516785144893e+00 -9.651758747100829261e-01 5.602000000000000313e+00 8.000000000000000000e+00
1.820874516785144781e+00 -9.771758747100829368e-01 5.581999999999999851e+00 8.000000000000000000e+00
1.816874516785144777e+00 -9.691758747100829297e-01 5.592999999999999972e+00 8.000000000000000000e+00
1.819874516785144891e+00 -9.881758747100830576e-01 5.541000000000000369e+00 8.000000000000000000e+00
1.825874516785144897e+00 -9.731758747100829332e-01 5.592000000000000526e+00 8.000000000000000000e+00
1.817874516785144889e+00 -9.781758747100830487e-01 5.554999999999999716e+00 8.000000000000000000e+00
1.821874516785144893e+00 -1.000175874710083068e+00 5.525999999999999801e+00 8.000000000000000000e+00
1.841874516785144911e+00 -1.035175874710082988e+00 5.552000000000000490e+00 8.000000000000000000e+00
1.840874516785144799e+00 -1.024175874710082867e+00 5.551000000000000156e+00 8.000000000000000000e+00
1.846874516785144804e+00 -9.951758747100829527e-01 5.575000000000000178e+00 8.000000000000000000e+00
1.766874516785144733e+00 -9.781758747100830487e-01 5.504000000000000448e+00 8.000000000000000000e+00
1.844874516785144802e+00 -9.951758747100829527e-01 5.562000000000000277e+00 8.000000000000000000e+00
1.873874516785144939e+00 -1.023175874710082978e+00 5.570999999999999730e+00 8.000000000000000000e+00
1.828874516785144788e+00 -9.601758747100830327e-01 5.612000000000000099e+00 8.000000000000000000e+00
1.827874516785144898e+00 -9.831758747100829421e-01 5.549000000000000377e+00 8.000000000000000000e+00
1.830874516785144790e+00 -9.701758747100830416e-01 5.604000000000000092e+00 8.000000000000000000e+00
1.831874516785144902e+00 -9.811758747100829403e-01 5.592999999999999972e+00 8.000000000000000000e+00
1.852874516785144809e+00 -1.039175874710082992e+00 5.559000000000000163e+00 8.000000000000000000e+00
1.853874516785144921e+00 -1.027175874710082981e+00 5.557000000000000384e+00 8.000000000000000000e+00
1.877874516785144943e+00 -1.034175874710082876e+00 5.568000000000000504e+00 8.000000000000000000e+00
1.831874516785144902e+00 -9.931758747100829510e-01 5.548000000000000043e+00 8.000000000000000000e+00
1.831874516785144902e+00 -9.811758747100829403e-01 5.576999999999999957e+00 8.000000000000000000e+00
1.836874516785144795e+00 -9.781758747100830487e-01 5.618999999999999773e+00 8.000000000000000000e+00
1.838874516785144797e+00 -1.000175874710083068e+00 5.551000000000000156e+00 8.000000000000000000e+00
1.837874516785144907e+00 -9.651758747100829261e-01 5.628000000000000114e+00 8.000000000000000000e+00
1.841874516785144911e+00 -1.009175874710082965e+00 5.549999999999999822e+00 8.000000000000000000e+00
1.836874516785144795e+00 -9.921758747100830611e-01 5.607000000000000206e+00 8.000000000000000000e+00
1.836874516785144795e+00 -9.901758747100830593e-01 5.559000000000000163e+00 8.000000000000000000e+00
1.834874516785144793e+00 -1.003175874710082960e+00 5.541000000000000369e+00 8.000000000000000000e+00
1.839874516785144909e+00 -9.881758747100830576e-01 5.572000000000000064e+00 8.000000000000000000e+00
1.808874516785144770e+00 -9.841758747100830540e-01 5.530000000000000249e+00 8.000000000000000000e+00
1.805874516785144879e+00 -9.761758747100830469e-01 5.570000000000000284e+00 8.000000000000000000e+00
1.802874516785144765e+00 -9.891758747100829474e-01 5.520999999999999908e+00 8.000000000000000000e+00
1.792874516785144756e+00 -9.951758747100829527e-01 5.500000000000000000e+00 8.000000000000000000e+00
1.890874516785144843e+00 -1.023175874710082978e+00 5.586000000000000298e+00 8.000000000000000000e+00
1.890874516785144843e+00 -1.046175874710082887e+00 5.578999999999999737e+00 8.000000000000000000e+00
1.790874516785144754e+00 -9.851758747100829439e-01 5.506000000000000227e+00 8.000000000000000000e+00
1.787874516785144863e+00 -1.011175874710082967e+00 5.493999999999999773e+00 8.000000000000000000e+00
1.874874516785144829e+00 -1.011175874710082967e+00 5.584999999999999964e+00 8.000000000000000000e+00
1.826874516785144786e+00 -1.034175874710082876e+00 5.546999999999999709e+00 8.000000000000000000e+00
1.816874516785144777e+00 -1.016175874710083082e+00 5.525999999999999801e+00 8.000000000000000000e+00
1.871874516785144937e+00 -1.049175874710083001e+00 5.568000000000000504e+00 8.000000000000000000e+00
1.847874516785144916e+00 -1.005175874710082962e+00 5.559000000000000163e+00 8.000000000000000000e+00
1.811874516785144884e+00 -9.721758747100830433e-01 5.581000000000000405e+00 8.000000000000000000e+00
1.803874516785144877e+00 -9.651758747100829261e-01 5.597999999999999865e+00 8.000000000000000000e+00
1.890874516785144843e+00 -1.035175874710082988e+00 5.580000000000000071e+00 8.000000000000000000e+00
1.860874516785144817e+00 -1.021175874710082976e+00 5.565999999999999837e+00 8.000000000000000000e+00
1.869874516785144936e+00 -1.014175874710083081e+00 5.573000000000000398e+00 8.000000000000000000e+00
1.876874516785144831e+00 -1.010175874710083077e+00 5.597000000000000419e+00 8.000000000000000000e+00
1.840874516785144799e+00 -9.871758747100829456e-01 5.586000000000000298e+00 8.000000000000000000e+00
1.796874516785144760e+00 -9.811758747100829403e-01 5.517999999999999794e+00 8.000000000000000000e+00
1.834874516785144793e+00 -1.015175874710082971e+00 5.541000000000000369e+00 8.000000000000000000e+00
1.834874516785144793e+00 -9.671758747100829279e-01 5.616000000000000547e+00 8.000000000000000000e+00
1.833874516785144904e+00 -9.801758747100830504e-01 5.607000000000000206e+00 8.000000000000000000e+00
1.833874516785144904e+00 -9.561758747100830291e-01 5.621999999999999886e+00 8.000000000000000000e+00
1.829874516785144900e+00 -9.821758747100830522e-01 5.562999999999999723e+00 8.000000000000000000e+00
1.824874516785144785e+00 -1.010175874710083077e+00 5.535000000000000142e+00 8.000000000000000000e+00
1.853874516785144921e+00 -1.001175874710082958e+00 5.570999999999999730e+00 8.000000000000000000e+00
1.863874516785144930e+00 -1.007175874710082963e+00 5.573999999999999844e+00 8.000000000000000000e+00
1.863874516785144930e+00 -1.007175874710082963e+00 5.589000000000000412e+00 8.000000000000000000e+00
1.850874516785144808e+00 -1.016175874710083082e+00 5.556000000000000050e+00 8.000000000000000000e+00
1.854874516785144811e+00 -1.000175874710083068e+00 5.584999999999999964e+00 8.000000000000000000e+00
1.819874516785144891e+00 -9.531758747100829154e-01 5.615000000000000213e+00 8.000000000000000000e+00
1.815874516785144888e+00 -9.911758747100829492e-01 5.530000000000000249e+00 8.000000000000000000e+00
1.883874516785144948e+00 -1.029175874710082983e+00 5.576000000000000512e+00 8.000000000000000000e+00
1.798874516785144761e+00 -9.801758747100830504e-01 5.530999999999999694e+00 8.000000000000000000e+00
1.801874516785144875e+00 -1.001175874710082958e+00 5.511000000000000121e+00 8.000000000000000000e+00
1.814874516785144776e+00 -9.801758747100830504e-01 5.541999999999999815e+00 8.000000000000000000e+00
1.858874516785144815e+00 -1.010175874710083077e+00 5.562999999999999723e+00 8.000000000000000000e+00
1.808874516785144770e+00 -9.971758747100829545e-01 5.520000000000000462e+00 8.000000000000000000e+00
1.808874516785144770e+00 -9.491758747100829119e-01 5.618999999999999773e+00 8.000000000000000000e+00
1.820874516785144781e+00 -9.761758747100830469e-01 5.565999999999999837e+00 8.000000000000000000e+00
1.826874516785144786e+00 -1.020175874710083086e+00 5.535000000000000142e+00 8.000000000000000000e+00
1.826874516785144786e+00 -9.971758747100829545e-01 5.538000000000000256e+00 8.000000000000000000e+00
1.810874516785144772e+00 -1.008175874710083075e+00 5.522000000000000242e+00 8.000000000000000000e+00
1.814874516785144776e+00 -9.561758747100830291e-01 5.602999999999999758e+00 8.000000000000000000e+00
1.783874516785144859e+00 -9.781758747100830487e-01 5.524000000000000021e+00 8.000000000000000000e+00
1.863874516785144930e+00 -1.044175874710082885e+00 5.565000000000000391e+00 8.000000000000000000e+00
1.863874516785144930e+00 -1.030175874710082873e+00 5.564000000000000057e+00 8.000000000000000000e+00
1.207874516785144792e+00 -2.251758747100831570e-01 6.038999999999999702e+00 1.300000000000000000e+01
1.199874516785144785e+00 -2.301758747100830504e-01 6.028999999999999915e+00 1.300000000000000000e+01
1.212874516785144907e+00 -2.821758747100830966e-01 6.043000000000000149e+00 1.300000000000000000e+01
1.238874516785144930e+00 -3.021758747100831144e-01 6.052999999999999936e+00 1.300000000000000000e+01
1.220874516785144914e+00 -2.371758747100831677e-01 6.036000000000000476e+00 1.300000000000000000e+01
1.243874516785144824e+00 -2.341758747100830540e-01 6.046000000000000263e+00 1.300000000000000000e+01
1.223874516785144806e+00 -2.251758747100831570e-01 6.048000000000000043e+00 1.300000000000000000e+01
1.245874516785144825e+00 -1.691758747100831073e-01 6.229000000000000092e+00 9.000000000000000000e+00
1.234874516785144927e+00 -2.111758747100829225e-01 6.174999999999999822e+00 9.000000000000000000e+00
1.229874516785144811e+00 -2.141758747100830362e-01 6.147999999999999687e+00 9.000000000000000000e+00
1.218874516785144912e+00 -2.281758747100828266e-01 6.036000000000000476e+00 1.300000000000000000e+01
1.210874516785144905e+00 -2.331758747100831641e-01 6.027000000000000135e+00 1.300000000000000000e+01
1.230874516785144923e+00 -2.001758747100828018e-01 6.179999999999999716e+00 9.000000000000000000e+00
1.244874516785144936e+00 -2.051758747100831393e-01 6.182000000000000384e+00 9.000000000000000000e+00
1.228874516785144921e+00 -2.331758747100831641e-01 6.044999999999999929e+00 1.300000000000000000e+01
1.230874516785144923e+00 -2.131758747100831464e-01 6.161999999999999922e+00 9.000000000000000000e+00
1.222874516785144916e+00 -2.051758747100831393e-01 6.153999999999999915e+00 9.000000000000000000e+00
1.227874516785144809e+00 -2.021758747100830256e-01 6.166000000000000369e+00 9.000000000000000000e+00
1.527874516785144854e+00 -1.297175874710082999e+00 6.057999999999999829e+00 5.000000000000000000e+00
1.527874516785144854e+00 -1.284175874710082876e+00 6.054000000000000270e+00 5.000000000000000000e+00
1.517874516785144845e+00 -1.225175874710082935e+00 6.012999999999999901e+00 5.000000000000000000e+00
1.524874516785144740e+00 -1.247175874710082955e+00 6.030000000000000249e+00 5.000000000000000000e+00
1.524874516785144740e+00 -1.259175874710082965e+00 6.024000000000000021e+00 5.000000000000000000e+00
1.526874516785144742e+00 -1.347175874710083043e+00 6.056000000000000050e+00 5.000000000000000000e+00
1.527874516785144854e+00 -1.308175874710082898e+00 6.041999999999999815e+00 5.000000000000000000e+00
1.525874516785144852e+00 -1.258175874710083075e+00 6.040000000000000036e+00 5.000000000000000000e+00
1.522874516785144738e+00 -1.287175874710082990e+00 6.027000000000000135e+00 5.000000000000000000e+00
1.532874516785144747e+00 -1.305175874710083006e+00 6.056000000000000050e+00 5.000000000000000000e+00
1.510874516785144728e+00 -1.242175874710083061e+00 6.009000000000000341e+00 5.000000000000000000e+00
1.529874516785144856e+00 -1.282175874710082875e+00 6.038000000000000256e+00 5.000000000000000000e+00
1.529874516785144856e+00 -1.294175874710082885e+00 6.041000000000000369e+00 5.000000000000000000e+00
1.534874516785144749e+00 -1.328175874710082915e+00 6.065999999999999837e+00 5.000000000000000000e+00
1.534874516785144749e+00 -1.342175874710082928e+00 6.065000000000000391e+00 5.000000000000000000e+00
1.535874516785144861e+00 -1.341175874710083038e+00 6.078000000000000291e+00 5.000000000000000000e+00
1.507874516785144836e+00 -1.259175874710082965e+00 6.014000000000000234e+00 5.000000000000000000e+00
1.528874516785144744e+00 -1.268175874710083084e+00 6.038000000000000256e+00 5.000000000000000000e+00
1.529874516785144856e+00 -1.333175874710083031e+00 6.054000000000000270e+00 5.000000000000000000e+00
1.528874516785144744e+00 -1.321175874710083020e+00 6.044000000000000483e+00 5.000000000000000000e+00
1.524874516785144740e+00 -1.271175874710082976e+00 6.025999999999999801e+00 5.000000000000000000e+00
1.512874516785144730e+00 -1.280175874710082873e+00 6.020999999999999908e+00 5.000000000000000000e+00
1.518874516785144735e+00 -1.302175874710082892e+00 6.033999999999999808e+00 5.000000000000000000e+00
1.521874516785144849e+00 -1.222175874710083043e+00 6.022999999999999687e+00 5.000000000000000000e+00
1.518874516785144735e+00 -1.251175874710082958e+00 6.019000000000000128e+00 5.000000000000000000e+00
1.515874516785144843e+00 -1.317175874710083017e+00 6.038999999999999702e+00 5.000000000000000000e+00
1.511874516785144840e+00 -1.229175874710082939e+00 6.001999999999999780e+00 5.000000000000000000e+00
1.521874516785144849e+00 -1.235175874710082944e+00 6.030000000000000249e+00 5.000000000000000000e+00
1.515874516785144843e+00 -1.265175874710082971e+00 6.017999999999999794e+00 5.000000000000000000e+00
1.516874516785144733e+00 -1.238175874710083058e+00 6.017000000000000348e+00 5.000000000000000000e+00
8.658745167851448210e-01 -5.917587471008278754e-02 6.435999999999999943e+00 2.000000000000000000e+00
8.858745167851448388e-01 -8.317587471008280886e-02 6.400000000000000355e+00 2.000000000000000000e+00
8.698745167851448246e-01 -5.717587471008300781e-02 6.450000000000000178e+00 2.000000000000000000e+00
8.418745167851447997e-01 -2.917587471008298294e-02 6.491000000000000547e+00 2.000000000000000000e+00
8.798745167851448334e-01 -7.617587471008313571e-02 6.405999999999999694e+00 2.000000000000000000e+00
8.928745167851448450e-01 -7.917587471008280531e-02 6.408000000000000362e+00 2.000000000000000000e+00
8.848745167851448379e-01 -7.417587471008291189e-02 6.419000000000000483e+00 2.000000000000000000e+00
8.368745167851447953e-01 -2.117587471008297584e-02 6.493000000000000327e+00 2.000000000000000000e+00
8.338745167851447926e-01 -1.217587471008307887e-02 6.530000000000000249e+00 2.000000000000000000e+00
8.318745167851447908e-01 -1.175874710082958075e-03 6.532000000000000028e+00 2.000000000000000000e+00
8.268745167851447864e-01 -1.517587471008274846e-02 6.504000000000000448e+00 2.000000000000000000e+00
8.258745167851447855e-01 -4.175874710083071761e-03 6.522000000000000242e+00 2.000000000000000000e+00
8.168745167851447775e-01 -1.017587471008285505e-02 6.512999999999999901e+00 2.000000000000000000e+00
8.328745167851447917e-01 -1.217587471008307887e-02 6.512999999999999901e+00 2.000000000000000000e+00
8.768745167851448308e-01 -6.617587471008290478e-02 6.421999999999999709e+00 2.000000000000000000e+00
8.358745167851447944e-01 -2.317587471008275557e-02 6.511000000000000121e+00 2.000000000000000000e+00
8.278745167851447873e-01 -2.717587471008275912e-02 6.485999999999999766e+00 2.000000000000000000e+00
8.528745167851448095e-01 -4.417587471008310729e-02 6.455000000000000071e+00 2.000000000000000000e+00
8.398745167851447979e-01 -3.017587471008287281e-02 6.477000000000000313e+00 2.000000000000000000e+00
8.398745167851447979e-01 -4.117587471008299360e-02 6.461999999999999744e+00 2.000000000000000000e+00
8.488745167851448059e-01 -3.517587471008276623e-02 6.471000000000000085e+00 2.000000000000000000e+00
8.558745167851448121e-01 -5.417587471008289413e-02 6.440999999999999837e+00 2.000000000000000000e+00
8.558745167851448121e-01 -4.317587471008277333e-02 6.467999999999999972e+00 2.000000000000000000e+00
8.598745167851448157e-01 -5.117587471008278044e-02 6.453000000000000291e+00 2.000000000000000000e+00
8.388745167851447970e-01 -4.217587471008288347e-02 6.496999999999999886e+00 2.000000000000000000e+00
2.078745167851447917e-01 -3.417587471008287636e-02 6.514000000000000234e+00 1.700000000000000000e+01
2.358745167851448166e-01 -5.317587471008300426e-02 6.482000000000000206e+00 1.700000000000000000e+01
2.148745167851447979e-01 -4.317587471008277333e-02 6.503000000000000114e+00 1.700000000000000000e+01
2.278745167851448095e-01 -4.717587471008277689e-02 6.512000000000000455e+00 1.700000000000000000e+01
2.298745167851448112e-01 -4.617587471008288702e-02 6.493999999999999773e+00 1.700000000000000000e+01
2.388745167851448192e-01 -5.217587471008311439e-02 6.496000000000000441e+00 1.700000000000000000e+01
2.168745167851447997e-01 -5.217587471008311439e-02 6.487000000000000099e+00 1.700000000000000000e+01
2.478745167851447995e-01 -5.917587471008278754e-02 6.471000000000000085e+00 1.700000000000000000e+01
2.518745167851448308e-01 -5.717587471008300781e-02 6.482000000000000206e+00 1.700000000000000000e+01
2.208745167851448032e-01 -4.017587471008310374e-02 6.512999999999999901e+00 1.700000000000000000e+01
2.238745167851448059e-01 -3.817587471008287991e-02 6.528000000000000469e+00 1.700000000000000000e+01
2.998745167851448179e-01 -2.308175874710082898e+00 4.711000000000000298e+00 7.000000000000000000e+00
2.998745167851448179e-01 -2.320175874710082908e+00 4.703999999999999737e+00 7.000000000000000000e+00
2.518745167851448308e-01 -2.400175874710082979e+00 4.751000000000000334e+00 7.000000000000000000e+00
3.188745167851447793e-01 -2.262175874710083079e+00 4.729000000000000092e+00 7.000000000000000000e+00
3.088745167851447704e-01 -2.297175874710083221e+00 4.711000000000000298e+00 7.000000000000000000e+00
3.018745167851448197e-01 -2.322175874710083132e+00 4.719000000000000306e+00 7.000000000000000000e+00
2.518745167851448308e-01 -2.385175874710082855e+00 4.751999999999999780e+00 7.000000000000000000e+00
2.518745167851448308e-01 -2.419175874710083107e+00 4.751999999999999780e+00 7.000000000000000000e+00
3.068745167851448241e-01 -2.311175874710083011e+00 4.722000000000000419e+00 7.000000000000000000e+00
2.438745167851447959e-01 -2.410175874710083210e+00 4.762999999999999901e+00 7.000000000000000000e+00
2.668745167851448441e-01 -2.423175874710083111e+00 4.719000000000000306e+00 7.000000000000000000e+00
2.748745167851447957e-01 -2.425175874710082891e+00 4.730999999999999872e+00 7.000000000000000000e+00
2.598745167851448379e-01 -2.396175874710082976e+00 4.745000000000000107e+00 7.000000000000000000e+00
2.428745167851448228e-01 -2.457175874710082919e+00 4.756999999999999673e+00 7.000000000000000000e+00
2.848745167851448046e-01 -2.387175874710083079e+00 4.735000000000000320e+00 7.000000000000000000e+00
2.798745167851448001e-01 -2.397175874710082866e+00 4.721000000000000085e+00 7.000000000000000000e+00
2.828745167851448028e-01 -2.385175874710082855e+00 4.719999999999999751e+00 7.000000000000000000e+00
2.598745167851448379e-01 -2.420175874710082997e+00 4.748999999999999666e+00 7.000000000000000000e+00
2.678745167851448450e-01 -2.395175874710083086e+00 4.743000000000000327e+00 7.000000000000000000e+00
2.688745167851448459e-01 -2.426175874710082780e+00 4.751000000000000334e+00 7.000000000000000000e+00
2.698745167851448468e-01 -2.410175874710083210e+00 4.717000000000000526e+00 7.000000000000000000e+00
2.367874516785144934e+00 -2.841758747100828764e-01 6.052999999999999936e+00 -1.000000000000000000e+00
3.438745167851448015e-01 1.782412528991716982e-02 6.437000000000000277e+00 1.700000000000000000e+01
3.368745167851447953e-01 2.982412528991718048e-02 6.451000000000000512e+00 -1.000000000000000000e+00
3.308745167851447899e-01 3.182412528991696021e-02 6.450000000000000178e+00 -1.000000000000000000e+00
3.358745167851447944e-01 2.582412528991717693e-02 6.440000000000000391e+00 -1.000000000000000000e+00
3.248745167851447846e-01 -8.417587471008314282e-02 6.440999999999999837e+00 1.700000000000000000e+01
3.458745167851448032e-01 -7.017587471008290834e-02 6.405000000000000249e+00 1.700000000000000000e+01
3.338745167851447926e-01 -8.917587471008303623e-02 6.439000000000000057e+00 1.700000000000000000e+01
3.651874516785144742e+00 -4.781758747100828266e-01 5.645999999999999908e+00 4.000000000000000000e+00
3.655874516785144746e+00 -4.851758747100829439e-01 5.644000000000000128e+00 4.000000000000000000e+00
3.636874516785145062e+00 -5.131758747100829687e-01 5.625000000000000000e+00 4.000000000000000000e+00
3.637874516785144952e+00 -5.001758747100830682e-01 5.634000000000000341e+00 4.000000000000000000e+00
3.660874516785145083e+00 -4.811758747100829403e-01 5.653000000000000469e+00 4.000000000000000000e+00
3.655874516785144746e+00 -5.331758747100829865e-01 5.626999999999999780e+00 4.000000000000000000e+00
3.654874516785144856e+00 -4.651758747100829261e-01 5.650999999999999801e+00 4.000000000000000000e+00
3.649874516785144962e+00 -5.141758747100828586e-01 5.629999999999999893e+00 4.000000000000000000e+00
3.644874516785145069e+00 -5.291758747100829829e-01 5.620000000000000107e+00 4.000000000000000000e+00
3.650874516785144852e+00 -5.241758747100830895e-01 5.628000000000000114e+00 4.000000000000000000e+00
3.648874516785145072e+00 -5.391758747100827698e-01 5.620000000000000107e+00 4.000000000000000000e+00
3.642874516785144845e+00 -4.851758747100829439e-01 5.641000000000000014e+00 4.000000000000000000e+00
3.633874516785144948e+00 -5.271758747100827591e-01 5.618999999999999773e+00 4.000000000000000000e+00
3.645874516785144959e+00 -4.931758747100829510e-01 5.637999999999999901e+00 4.000000000000000000e+00
3.642874516785144845e+00 -5.191758747100827520e-01 5.623000000000000220e+00 4.000000000000000000e+00
3.655874516785144746e+00 -5.201758747100830860e-01 5.637999999999999901e+00 4.000000000000000000e+00
3.664874516785145087e+00 -4.911758747100831712e-01 5.655000000000000249e+00 4.000000000000000000e+00
2.589874516785144909e+00 -1.318175874710082907e+00 4.812000000000000277e+00 -1.000000000000000000e+00
2.560874516785144994e+00 -1.316175874710082905e+00 4.793000000000000149e+00 -1.000000000000000000e+00
2.574874516785144785e+00 -1.316175874710082905e+00 4.785000000000000142e+00 -1.000000000000000000e+00
2.909874516785144749e+00 -3.201758747100829083e-01 6.176000000000000156e+00 1.800000000000000000e+01
2.909874516785144749e+00 -2.551758747100829616e-01 6.254000000000000448e+00 1.800000000000000000e+01
2.911874516785144973e+00 -3.071758747100830078e-01 6.190000000000000391e+00 1.800000000000000000e+01
2.916874516785144866e+00 -3.261758747100831357e-01 6.187999999999999723e+00 1.800000000000000000e+01
2.894874516785145069e+00 -2.541758747100830718e-01 6.237000000000000099e+00 1.800000000000000000e+01
2.885874516785144728e+00 -3.161758747100829048e-01 6.185000000000000497e+00 1.800000000000000000e+01
2.885874516785144728e+00 -2.511758747100829581e-01 6.246000000000000441e+00 1.800000000000000000e+01
2.913874516785144753e+00 -3.171758747100827946e-01 6.187999999999999723e+00 1.800000000000000000e+01
2.895874516785144959e+00 -2.431758747100829510e-01 6.251000000000000334e+00 1.800000000000000000e+01
2.904874516785144856e+00 -2.481758747100828444e-01 6.257000000000000561e+00 1.800000000000000000e+01
2.897874516785144738e+00 -3.171758747100827946e-01 6.174000000000000377e+00 1.800000000000000000e+01
2.899874516785144962e+00 -3.051758747100827840e-01 6.184000000000000163e+00 1.800000000000000000e+01
2.906874516785145079e+00 -2.571758747100827414e-01 6.238999999999999879e+00 1.800000000000000000e+01
2.899874516785144962e+00 -2.501758747100830682e-01 6.246000000000000441e+00 1.800000000000000000e+01
2.901874516785144742e+00 -2.601758747100828550e-01 6.229000000000000092e+00 1.800000000000000000e+01
2.905874516785144746e+00 -3.111758747100830114e-01 6.181000000000000050e+00 1.800000000000000000e+01
2.908874516785144859e+00 -2.651758747100827485e-01 6.248000000000000220e+00 1.800000000000000000e+01
6.938745167851447793e-01 1.824125289917155612e-03 6.344000000000000306e+00 2.000000000000000000e+00
7.068745167851447908e-01 -5.817587471008289768e-02 6.262999999999999901e+00 2.000000000000000000e+00
7.058745167851447899e-01 -9.317587471008303979e-02 6.187999999999999723e+00 2.000000000000000000e+00
7.048745167851447890e-01 -5.817587471008289768e-02 6.248000000000000220e+00 2.000000000000000000e+00
7.048745167851447890e-01 -7.017587471008290834e-02 6.221000000000000085e+00 2.000000000000000000e+00
6.348745167851448379e-01 1.824125289917155612e-03 6.330000000000000071e+00 2.000000000000000000e+00
6.528745167851448539e-01 -9.175874710082965180e-03 6.299999999999999822e+00 2.000000000000000000e+00
6.408745167851448432e-01 -4.175874710083071761e-03 6.314000000000000057e+00 2.000000000000000000e+00
7.018745167851447864e-01 -6.017587471008312150e-02 6.233000000000000540e+00 2.000000000000000000e+00
7.008745167851447855e-01 -7.217587471008313216e-02 6.206000000000000405e+00 2.000000000000000000e+00
7.028745167851447873e-01 -4.617587471008288702e-02 6.230000000000000426e+00 2.000000000000000000e+00
6.938745167851447793e-01 -4.117587471008299360e-02 6.251000000000000334e+00 2.000000000000000000e+00
7.058745167851447899e-01 -3.175874710082737806e-03 6.386000000000000121e+00 2.000000000000000000e+00
7.068745167851447908e-01 -8.017587471008313926e-02 6.203000000000000291e+00 2.000000000000000000e+00
6.378745167851448405e-01 3.824125289916935344e-03 6.344000000000000306e+00 2.000000000000000000e+00
6.548745167851448556e-01 2.824125289917045478e-03 6.318999999999999950e+00 2.000000000000000000e+00
6.788745167851447659e-01 5.824125289917159165e-03 6.341000000000000192e+00 2.000000000000000000e+00
6.778745167851447651e-01 1.582412528991694600e-02 6.362000000000000099e+00 2.000000000000000000e+00
7.018745167851447864e-01 -8.217587471008291899e-02 6.190000000000000391e+00 2.000000000000000000e+00
7.188745167851448015e-01 -1.081758747100831641e-01 6.211000000000000298e+00 2.000000000000000000e+00
7.148745167851447979e-01 -9.817587471008293321e-02 6.197000000000000064e+00 2.000000000000000000e+00
7.168745167851447997e-01 -9.917587471008282307e-02 6.230000000000000426e+00 2.000000000000000000e+00
8.068745167851447686e-01 2.982412528991718048e-02 6.241000000000000547e+00 2.000000000000000000e+00
6.848745167851447713e-01 1.982412528991694955e-02 6.373000000000000220e+00 2.000000000000000000e+00
6.928745167851447784e-01 1.382412528991716627e-02 6.362000000000000099e+00 2.000000000000000000e+00
6.918745167851447775e-01 -6.517587471008301492e-02 6.209000000000000519e+00 2.000000000000000000e+00
7.098745167851447935e-01 -7.817587471008291544e-02 6.214000000000000412e+00 2.000000000000000000e+00
7.118745167851447953e-01 -7.917587471008280531e-02 6.264000000000000234e+00 2.000000000000000000e+00
7.138745167851447970e-01 -8.917587471008303623e-02 6.227999999999999758e+00 2.000000000000000000e+00
7.088745167851447926e-01 9.824125289917162718e-03 6.395000000000000462e+00 2.000000000000000000e+00
6.988745167851447837e-01 -6.117587471008301137e-02 6.219000000000000306e+00 2.000000000000000000e+00
7.128745167851447961e-01 -7.817587471008291544e-02 6.245000000000000107e+00 2.000000000000000000e+00
7.138745167851447970e-01 -8.917587471008303623e-02 6.246000000000000441e+00 2.000000000000000000e+00
6.898745167851447757e-01 2.282412528991706324e-02 6.384000000000000341e+00 2.000000000000000000e+00
7.008745167851447855e-01 -6.175874710082851493e-03 6.357000000000000206e+00 2.000000000000000000e+00
7.108745167851447944e-01 -7.817587471008291544e-02 6.232000000000000206e+00 2.000000000000000000e+00
7.108745167851447944e-01 -6.717587471008279465e-02 6.246999999999999886e+00 2.000000000000000000e+00
7.038745167851447881e-01 6.824125289917049031e-03 6.384000000000000341e+00 2.000000000000000000e+00
6.938745167851447793e-01 -7.617587471008313571e-02 6.198000000000000398e+00 2.000000000000000000e+00
6.998745167851447846e-01 1.782412528991716982e-02 6.371999999999999886e+00 2.000000000000000000e+00
6.938745167851447793e-01 -8.717587471008281241e-02 6.179999999999999716e+00 2.000000000000000000e+00
6.388745167851448414e-01 3.824125289916935344e-03 6.358999999999999986e+00 2.000000000000000000e+00
6.968745167851447819e-01 3.824125289916935344e-03 6.358000000000000540e+00 2.000000000000000000e+00
6.948745167851447802e-01 -8.175874710083075314e-03 6.330000000000000071e+00 2.000000000000000000e+00
7.088745167851447926e-01 -6.817587471008312860e-02 6.233000000000000540e+00 2.000000000000000000e+00
8.018745167851448752e-01 4.982412528991719824e-02 6.248000000000000220e+00 2.000000000000000000e+00
6.778745167851447651e-01 -4.017587471008310374e-02 6.251000000000000334e+00 2.000000000000000000e+00
6.818745167851447686e-01 -5.917587471008278754e-02 6.217999999999999972e+00 2.000000000000000000e+00
6.748745167851448734e-01 -8.717587471008281241e-02 6.182999999999999829e+00 2.000000000000000000e+00
6.798745167851447668e-01 -2.617587471008286926e-02 6.267000000000000348e+00 2.000000000000000000e+00
6.658745167851448654e-01 -2.417587471008308952e-02 6.275000000000000355e+00 2.000000000000000000e+00
6.858745167851447722e-01 -4.517587471008299715e-02 6.241000000000000547e+00 2.000000000000000000e+00
7.008745167851447855e-01 1.782412528991716982e-02 6.389000000000000234e+00 2.000000000000000000e+00
6.988745167851447837e-01 -6.175874710082851493e-03 6.342000000000000526e+00 2.000000000000000000e+00
6.868745167851447730e-01 -8.017587471008313926e-02 6.185999999999999943e+00 2.000000000000000000e+00
7.118745167851447953e-01 -9.017587471008292610e-02 6.214000000000000412e+00 2.000000000000000000e+00
6.908745167851447766e-01 -1.017587471008285505e-02 6.318000000000000504e+00 2.000000000000000000e+00
7.118745167851447953e-01 -6.717587471008279465e-02 6.262999999999999901e+00 2.000000000000000000e+00
7.108745167851447944e-01 -5.617587471008311795e-02 6.274000000000000021e+00 2.000000000000000000e+00
7.158745167851447988e-01 -9.917587471008282307e-02 6.214000000000000412e+00 2.000000000000000000e+00
7.118745167851447953e-01 -9.017587471008292610e-02 6.198000000000000398e+00 2.000000000000000000e+00
6.618745167851448619e-01 -3.175874710082737806e-03 6.307999999999999829e+00 2.000000000000000000e+00
7.838745167851448592e-01 1.582412528991694600e-02 6.213000000000000078e+00 2.000000000000000000e+00
7.888745167851448636e-01 2.982412528991718048e-02 6.227000000000000313e+00 2.000000000000000000e+00
6.698745167851448690e-01 -7.917587471008280531e-02 6.198000000000000398e+00 2.000000000000000000e+00
8.038745167851447659e-01 2.682412528991706679e-02 6.230000000000000426e+00 2.000000000000000000e+00
6.678745167851448672e-01 -3.417587471008287636e-02 6.261000000000000121e+00 2.000000000000000000e+00
6.888745167851447748e-01 -5.517587471008278399e-02 6.227999999999999758e+00 2.000000000000000000e+00
6.838745167851447704e-01 -2.417587471008308952e-02 6.278999999999999915e+00 2.000000000000000000e+00
6.848745167851447713e-01 -6.917587471008301847e-02 6.200000000000000178e+00 2.000000000000000000e+00
6.768745167851447642e-01 -5.117587471008278044e-02 6.232000000000000206e+00 2.000000000000000000e+00
6.588745167851448592e-01 5.824125289917159165e-03 6.331000000000000405e+00 2.000000000000000000e+00
6.598745167851448601e-01 5.824125289917159165e-03 6.347000000000000419e+00 2.000000000000000000e+00
6.648745167851448645e-01 -1.417587471008285860e-02 6.288999999999999702e+00 2.000000000000000000e+00
7.018745167851447864e-01 6.824125289917049031e-03 6.368000000000000327e+00 2.000000000000000000e+00
7.018745167851447864e-01 -5.175874710082961627e-03 6.371999999999999886e+00 2.000000000000000000e+00
7.708745167851448477e-01 1.882412528991705969e-02 6.211999999999999744e+00 2.000000000000000000e+00
7.638745167851448414e-01 3.824125289916935344e-03 6.198999999999999844e+00 2.000000000000000000e+00
7.198745167851448024e-01 -1.061758747100829403e-01 6.195999999999999730e+00 2.000000000000000000e+00
6.848745167851447713e-01 -3.517587471008276623e-02 6.259999999999999787e+00 2.000000000000000000e+00
6.768745167851447642e-01 -7.175874710082741359e-03 6.309000000000000163e+00 2.000000000000000000e+00
6.738745167851448725e-01 2.824125289917045478e-03 6.331000000000000405e+00 2.000000000000000000e+00
6.858745167851447722e-01 -2.175874710082847940e-03 6.334000000000000519e+00 2.000000000000000000e+00
6.758745167851447633e-01 -1.817587471008286215e-02 6.280000000000000249e+00 2.000000000000000000e+00
6.878745167851447739e-01 1.082412528991705258e-02 6.350000000000000533e+00 2.000000000000000000e+00
6.868745167851447730e-01 -1.217587471008307887e-02 6.302999999999999936e+00 2.000000000000000000e+00
6.818745167851447686e-01 -1.517587471008274846e-02 6.291999999999999815e+00 2.000000000000000000e+00
6.818745167851447686e-01 -4.175874710083071761e-03 6.322000000000000064e+00 2.000000000000000000e+00
6.708745167851448699e-01 1.824125289917155612e-03 6.317000000000000171e+00 2.000000000000000000e+00
6.748745167851448734e-01 -8.175874710083075314e-03 6.296000000000000263e+00 2.000000000000000000e+00
6.698745167851448690e-01 2.182412528991717338e-02 6.379999999999999893e+00 2.000000000000000000e+00
8.618745167851448175e-01 -1.683175874710082898e+00 5.057000000000000384e+00 1.500000000000000000e+01
8.638745167851448192e-01 -1.719175874710082930e+00 5.057999999999999829e+00 1.500000000000000000e+01
8.748745167851448290e-01 -1.734175874710083054e+00 5.065000000000000391e+00 1.500000000000000000e+01
8.458745167851448032e-01 -1.679175874710082894e+00 5.052000000000000490e+00 1.500000000000000000e+01
8.698745167851448246e-01 -1.709175874710083143e+00 5.059000000000000163e+00 1.500000000000000000e+01
8.538745167851448103e-01 -1.694175874710083018e+00 5.054000000000000270e+00 1.500000000000000000e+01
8.718745167851448263e-01 -1.710175874710083033e+00 5.073000000000000398e+00 1.500000000000000000e+01
8.778745167851448317e-01 -1.722175874710083043e+00 5.065000000000000391e+00 1.500000000000000000e+01
8.688745167851448237e-01 -1.697175874710083132e+00 5.060000000000000497e+00 1.500000000000000000e+01
2.131874516785144724e+00 -4.361758747100830114e-01 6.118999999999999773e+00 8.000000000000000000e+00
2.129874516785144944e+00 -4.501758747100828018e-01 6.124000000000000554e+00 8.000000000000000000e+00
2.137874516785144952e+00 -4.211758747100828870e-01 6.134000000000000341e+00 8.000000000000000000e+00
2.118874516785144824e+00 -4.351758747100831215e-01 6.120000000000000107e+00 8.000000000000000000e+00
2.118874516785144824e+00 -4.461758747100827982e-01 6.118000000000000327e+00 8.000000000000000000e+00
2.113874516785144930e+00 -4.611758747100829225e-01 6.108999999999999986e+00 8.000000000000000000e+00
2.120874516785145047e+00 -4.221758747100827769e-01 6.128000000000000114e+00 8.000000000000000000e+00
2.122874516785144827e+00 -4.541758747100828053e-01 6.116000000000000547e+00 8.000000000000000000e+00
2.124874516785145051e+00 -4.091758747100828764e-01 6.137999999999999901e+00 8.000000000000000000e+00
2.132874516785145058e+00 -4.241758747100830007e-01 6.123000000000000220e+00 8.000000000000000000e+00
2.128874516785145055e+00 -4.161758747100829936e-01 6.136000000000000121e+00 8.000000000000000000e+00
2.149874516785144962e+00 -4.241758747100830007e-01 6.132000000000000561e+00 8.000000000000000000e+00
2.138874516785144841e+00 -4.311758747100831179e-01 6.128000000000000114e+00 8.000000000000000000e+00
2.174874516785144873e+00 -4.061758747100827627e-01 6.140000000000000568e+00 8.000000000000000000e+00
2.146874516785144849e+00 -4.151758747100831037e-01 6.140000000000000568e+00 8.000000000000000000e+00
2.100874516785145030e+00 -4.831758747100831641e-01 6.097000000000000419e+00 8.000000000000000000e+00
2.105874516785144923e+00 -4.561758747100830291e-01 6.116000000000000547e+00 8.000000000000000000e+00
2.114874516785144820e+00 -4.731758747100829332e-01 6.113999999999999879e+00 8.000000000000000000e+00
2.105874516785144923e+00 -4.671758747100831499e-01 6.102000000000000313e+00 8.000000000000000000e+00
2.110874516785144817e+00 -4.751758747100831570e-01 6.102000000000000313e+00 8.000000000000000000e+00
2.162874516785144863e+00 -4.151758747100831037e-01 6.137000000000000455e+00 8.000000000000000000e+00
1.917874516785144756e+00 -6.175874710082851493e-03 6.528000000000000469e+00 1.900000000000000000e+01
1.842874516785144801e+00 -1.261758747100829581e-01 6.504999999999999893e+00 -1.000000000000000000e+00
1.860874516785144817e+00 -1.491758747100830895e-01 6.527000000000000135e+00 -1.000000000000000000e+00
1.837874516785144907e+00 -1.291758747100830718e-01 6.491999999999999993e+00 -1.000000000000000000e+00
1.846874516785144804e+00 -1.341758747100829652e-01 6.507000000000000561e+00 -1.000000000000000000e+00
1.855874516785144923e+00 -1.391758747100828586e-01 6.514000000000000234e+00 -1.000000000000000000e+00
1.850874516785144808e+00 -1.321758747100827414e-01 6.517999999999999794e+00 -1.000000000000000000e+00
1.909874516785144749e+00 -1.117587471008274491e-02 6.522000000000000242e+00 1.900000000000000000e+01
1.917874516785144756e+00 -1.717587471008297229e-02 6.525000000000000355e+00 1.900000000000000000e+01
1.864874516785144820e+00 -1.461758747100829758e-01 6.538000000000000256e+00 -1.000000000000000000e+00
1.857874516785144925e+00 -1.381758747100829687e-01 6.528999999999999915e+00 -1.000000000000000000e+00
1.870874516785144825e+00 -1.521758747100827591e-01 6.536999999999999922e+00 -1.000000000000000000e+00
1.934874516785144882e+00 -6.175874710082851493e-03 6.541999999999999815e+00 1.900000000000000000e+01
1.926874516785144875e+00 -1.217587471008307887e-02 6.533999999999999808e+00 1.900000000000000000e+01
4.678745167851448006e-01 9.482412528991712719e-02 6.556000000000000050e+00 2.000000000000000000e+00
4.508745167851447855e-01 9.582412528991701706e-02 6.549000000000000377e+00 2.000000000000000000e+00
4.028745167851447984e-01 1.358241252899170526e-01 6.600000000000000533e+00 2.000000000000000000e+00
4.598745167851447935e-01 8.982412528991723377e-02 6.546000000000000263e+00 2.000000000000000000e+00
2.789874516785144642e+00 -4.651758747100829261e-01 6.059000000000000163e+00 0.000000000000000000e+00
2.786874516785144973e+00 -4.801758747100830504e-01 6.049000000000000377e+00 0.000000000000000000e+00
2.773874516785145072e+00 -4.771758747100829368e-01 6.046000000000000263e+00 0.000000000000000000e+00
2.794874516785144980e+00 -4.731758747100829332e-01 6.054999999999999716e+00 0.000000000000000000e+00
2.723874516785144806e+00 -5.141758747100828586e-01 5.959000000000000519e+00 0.000000000000000000e+00
2.728874516785144699e+00 -5.221758747100828657e-01 5.937999999999999723e+00 0.000000000000000000e+00
2.777874516785145076e+00 -4.741758747100828231e-01 6.057999999999999829e+00 0.000000000000000000e+00
2.704874516785144678e+00 -5.181758747100828622e-01 5.956999999999999851e+00 0.000000000000000000e+00
2.881874516785144724e+00 -5.521758747100831144e-01 6.009999999999999787e+00 0.000000000000000000e+00
2.743874516785144824e+00 -5.231758747100827556e-01 6.017999999999999794e+00 0.000000000000000000e+00
2.745874516785145047e+00 -5.331758747100829865e-01 5.999000000000000554e+00 0.000000000000000000e+00
2.748874516785144717e+00 -5.311758747100827627e-01 6.011000000000000121e+00 0.000000000000000000e+00
2.737874516785145040e+00 -5.291758747100829829e-01 6.009000000000000341e+00 0.000000000000000000e+00
2.728874516785144699e+00 -5.351758747100827662e-01 6.001999999999999780e+00 0.000000000000000000e+00
2.870874516785145047e+00 -5.501758747100828906e-01 6.007000000000000561e+00 0.000000000000000000e+00
2.872874516785144827e+00 -5.591758747100830096e-01 6.006000000000000227e+00 0.000000000000000000e+00
2.875874516785144941e+00 -5.461758747100828870e-01 6.015000000000000568e+00 0.000000000000000000e+00
2.853874516785144699e+00 -5.631758747100830131e-01 5.991999999999999993e+00 0.000000000000000000e+00
2.855874516785144923e+00 -5.491758747100830007e-01 6.006000000000000227e+00 0.000000000000000000e+00
2.865874516785144710e+00 -5.651758747100830149e-01 5.996999999999999886e+00 0.000000000000000000e+00
2.847874516785144916e+00 -5.681758747100829066e-01 5.983000000000000540e+00 0.000000000000000000e+00
2.860874516785144817e+00 -5.571758747100830078e-01 6.001000000000000334e+00 0.000000000000000000e+00
2.842874516785145023e+00 -5.591758747100830096e-01 6.004000000000000448e+00 0.000000000000000000e+00
2.740874516785144710e+00 -4.921758747100830611e-01 6.014000000000000234e+00 0.000000000000000000e+00
2.750874516785144941e+00 -4.951758747100831748e-01 6.024000000000000021e+00 0.000000000000000000e+00
2.863874516785144930e+00 -5.421758747100828835e-01 6.012000000000000455e+00 0.000000000000000000e+00
2.714874516785144909e+00 -5.201758747100830860e-01 5.951999999999999957e+00 0.000000000000000000e+00
2.735874516785144817e+00 -5.061758747100828515e-01 6.009000000000000341e+00 0.000000000000000000e+00
2.732874516785144703e+00 -4.871758747100831677e-01 5.999000000000000554e+00 0.000000000000000000e+00
2.745874516785145047e+00 -4.881758747100830576e-01 6.024000000000000021e+00 0.000000000000000000e+00
2.266874516785144955e+00 -1.217175874710082928e+00 5.806000000000000050e+00 8.000000000000000000e+00
2.134874516785144838e+00 -1.283175874710082986e+00 5.700000000000000178e+00 8.000000000000000000e+00
1.286874516785144751e+00 -6.717587471008279465e-02 6.373000000000000220e+00 9.000000000000000000e+00
1.286874516785144751e+00 -7.917587471008280531e-02 6.371000000000000441e+00 9.000000000000000000e+00
1.275874516785144852e+00 -7.417587471008291189e-02 6.366000000000000547e+00 9.000000000000000000e+00
1.264874516785144731e+00 -9.217587471008314992e-02 6.342999999999999972e+00 9.000000000000000000e+00
1.282874516785144747e+00 -9.217587471008314992e-02 6.371000000000000441e+00 9.000000000000000000e+00
1.275874516785144852e+00 -9.617587471008315347e-02 6.344999999999999751e+00 9.000000000000000000e+00
1.278874516785144744e+00 -9.517587471008281952e-02 6.358999999999999986e+00 9.000000000000000000e+00
1.279874516785144856e+00 -8.317587471008280886e-02 6.363000000000000433e+00 9.000000000000000000e+00
1.272874516785144738e+00 -8.717587471008281241e-02 6.352999999999999758e+00 9.000000000000000000e+00
1.290874516785144754e+00 -7.717587471008302558e-02 6.384000000000000341e+00 9.000000000000000000e+00
2.788874516785144753e+00 -5.921758747100829279e-01 6.038999999999999702e+00 0.000000000000000000e+00
2.789874516785144642e+00 -6.031758747100830487e-01 6.033000000000000362e+00 0.000000000000000000e+00
2.790874516785144976e+00 -5.911758747100830380e-01 6.052999999999999936e+00 0.000000000000000000e+00
2.785874516785145083e+00 -5.831758747100830309e-01 6.054999999999999716e+00 0.000000000000000000e+00
2.779874516785144856e+00 -5.751758747100830238e-01 6.044999999999999929e+00 0.000000000000000000e+00
2.780874516785144746e+00 -5.861758747100829225e-01 6.043000000000000149e+00 0.000000000000000000e+00
2.775874516785144852e+00 -6.031758747100830487e-01 6.038000000000000256e+00 0.000000000000000000e+00
2.802874516785144987e+00 -5.811758747100830291e-01 6.057000000000000384e+00 0.000000000000000000e+00
2.922874516785144650e+00 -1.106175874710082940e+00 5.357000000000000206e+00 -1.000000000000000000e+00
2.915874516785144976e+00 -1.105175874710083050e+00 5.368000000000000327e+00 -1.000000000000000000e+00
2.922874516785144650e+00 -1.101175874710083047e+00 5.366999999999999993e+00 -1.000000000000000000e+00
2.900874516785144852e+00 -1.117175874710083061e+00 5.350999999999999979e+00 -1.000000000000000000e+00
2.914874516785144642e+00 -1.098175874710082933e+00 5.376000000000000334e+00 -1.000000000000000000e+00
2.897874516785144738e+00 -1.118175874710082951e+00 5.338000000000000078e+00 3.000000000000000000e+00
3.638745167851448192e-01 -3.811758747100828515e-01 6.190999999999999837e+00 -1.000000000000000000e+00
3.858745167851448388e-01 -3.841758747100829652e-01 6.142000000000000348e+00 -1.000000000000000000e+00
3.588745167851448148e-01 -3.701758747100831748e-01 6.216000000000000192e+00 -1.000000000000000000e+00
3.648745167851448201e-01 -3.821758747100827414e-01 6.206000000000000405e+00 -1.000000000000000000e+00
3.264874516785144731e+00 -5.511758747100827804e-01 6.028000000000000469e+00 0.000000000000000000e+00
3.251874516785144831e+00 -5.511758747100827804e-01 6.022999999999999687e+00 0.000000000000000000e+00
3.242874516785144934e+00 -5.581758747100828977e-01 6.017999999999999794e+00 0.000000000000000000e+00
3.233874516785145037e+00 -5.651758747100830149e-01 6.012000000000000455e+00 0.000000000000000000e+00
3.238874516785144930e+00 -5.721758747100829101e-01 6.009000000000000341e+00 0.000000000000000000e+00
3.238874516785144930e+00 -5.821758747100829190e-01 6.011000000000000121e+00 0.000000000000000000e+00
3.261874516785145062e+00 -5.521758747100831144e-01 6.012999999999999901e+00 0.000000000000000000e+00
3.262874516785144952e+00 -5.411758747100829936e-01 6.025999999999999801e+00 0.000000000000000000e+00
3.245874516785145047e+00 -5.661758747100829048e-01 6.017000000000000348e+00 0.000000000000000000e+00
3.252874516785144721e+00 -5.381758747100828799e-01 6.025000000000000355e+00 0.000000000000000000e+00
3.708874516785144682e+00 -1.073175874710083022e+00 5.608000000000000540e+00 -1.000000000000000000e+00
3.553874516785144877e+00 -6.761758747100830025e-01 5.548000000000000043e+00 4.000000000000000000e+00
3.559874516785144660e+00 -6.831758747100828977e-01 5.540000000000000036e+00 4.000000000000000000e+00
1.859874516785144927e+00 -8.761758747100829581e-01 5.714999999999999858e+00 8.000000000000000000e+00
1.848874516785144806e+00 -9.201758747100829972e-01 5.676000000000000156e+00 8.000000000000000000e+00
1.858874516785144815e+00 -9.131758747100828799e-01 5.697000000000000064e+00 8.000000000000000000e+00
1.817874516785144889e+00 -9.181758747100829954e-01 5.671000000000000263e+00 8.000000000000000000e+00
1.824874516785144785e+00 -9.501758747100830238e-01 5.624000000000000554e+00 8.000000000000000000e+00
1.846874516785144804e+00 -8.751758747100830682e-01 5.722000000000000419e+00 8.000000000000000000e+00
1.848874516785144806e+00 -9.091758747100828764e-01 5.685000000000000497e+00 8.000000000000000000e+00
1.867874516785144934e+00 -8.821758747100829634e-01 5.714999999999999858e+00 8.000000000000000000e+00
1.858874516785144815e+00 -8.661758747100829492e-01 5.725999999999999979e+00 8.000000000000000000e+00
1.881874516785144946e+00 -8.601758747100829439e-01 5.740000000000000213e+00 8.000000000000000000e+00
1.832874516785144792e+00 -9.441758747100830185e-01 5.633000000000000007e+00 8.000000000000000000e+00
1.867874516785144934e+00 -8.701758747100829527e-01 5.722999999999999865e+00 8.000000000000000000e+00
1.815874516785144888e+00 -9.441758747100830185e-01 5.629999999999999893e+00 8.000000000000000000e+00
1.843874516785144912e+00 -9.501758747100830238e-01 5.658999999999999808e+00 8.000000000000000000e+00
1.843874516785144912e+00 -8.991758747100828675e-01 5.690999999999999837e+00 8.000000000000000000e+00
1.875874516785144941e+00 -8.651758747100830593e-01 5.732000000000000206e+00 8.000000000000000000e+00
1.841874516785144911e+00 -9.251758747100828906e-01 5.666000000000000369e+00 8.000000000000000000e+00
1.842874516785144801e+00 -9.361758747100830114e-01 5.655000000000000249e+00 8.000000000000000000e+00
1.847874516785144916e+00 -9.331758747100828977e-01 5.665000000000000036e+00 8.000000000000000000e+00
1.858874516785144815e+00 -8.881758747100829687e-01 5.708000000000000185e+00 8.000000000000000000e+00
1.876874516785144831e+00 -8.881758747100829687e-01 5.721000000000000085e+00 8.000000000000000000e+00
1.862874516785144818e+00 -8.991758747100828675e-01 5.703000000000000291e+00 8.000000000000000000e+00
1.868874516785144824e+00 -9.071758747100828746e-01 5.719000000000000306e+00 8.000000000000000000e+00
1.820874516785144781e+00 -9.291758747100828941e-01 5.650000000000000355e+00 8.000000000000000000e+00
1.842874516785144801e+00 -9.621758747100830345e-01 5.639000000000000234e+00 8.000000000000000000e+00
1.843874516785144912e+00 -8.881758747100829687e-01 5.698999999999999844e+00 8.000000000000000000e+00
1.836874516785144795e+00 -9.291758747100828941e-01 5.655999999999999694e+00 8.000000000000000000e+00
1.836874516785144795e+00 -9.411758747100829048e-01 5.644000000000000128e+00 8.000000000000000000e+00
1.882874516785144836e+00 -8.851758747100830771e-01 5.730000000000000426e+00 8.000000000000000000e+00
1.830874516785144790e+00 -9.331758747100828977e-01 5.645000000000000462e+00 8.000000000000000000e+00
1.881874516785144946e+00 -8.721758747100829545e-01 5.733000000000000540e+00 8.000000000000000000e+00
1.809874516785144882e+00 -9.361758747100830114e-01 5.642999999999999794e+00 8.000000000000000000e+00
1.850874516785144808e+00 -9.311758747100828959e-01 5.677999999999999936e+00 8.000000000000000000e+00
1.850874516785144808e+00 -8.941758747100829741e-01 5.700000000000000178e+00 8.000000000000000000e+00
1.850874516785144808e+00 -8.831758747100830753e-01 5.708000000000000185e+00 8.000000000000000000e+00
1.854874516785144811e+00 -9.291758747100828941e-01 5.689000000000000057e+00 8.000000000000000000e+00
1.875874516785144941e+00 -8.541758747100829385e-01 5.741999999999999993e+00 8.000000000000000000e+00
1.857874516785144925e+00 -9.021758747100829812e-01 5.693000000000000504e+00 8.000000000000000000e+00
1.853874516785144921e+00 -9.171758747100828835e-01 5.687000000000000277e+00 8.000000000000000000e+00
1.833874516785144904e+00 -9.201758747100829972e-01 5.668000000000000149e+00 8.000000000000000000e+00
1.868874516785144824e+00 -8.941758747100829741e-01 5.711999999999999744e+00 8.000000000000000000e+00
1.873874516785144939e+00 -8.771758747100830700e-01 5.722999999999999865e+00 8.000000000000000000e+00
1.864874516785144820e+00 -9.101758747100829883e-01 5.706999999999999851e+00 8.000000000000000000e+00
1.864874516785144820e+00 -8.621758747100829456e-01 5.735000000000000320e+00 8.000000000000000000e+00
1.842874516785144801e+00 -9.131758747100828799e-01 5.674999999999999822e+00 8.000000000000000000e+00
1.841874516785144911e+00 -9.511758747100829137e-01 5.647000000000000242e+00 8.000000000000000000e+00
1.837874516785144907e+00 -9.541758747100830274e-01 5.634999999999999787e+00 8.000000000000000000e+00
1.823874516785144895e+00 -9.381758747100830131e-01 5.637000000000000455e+00 8.000000000000000000e+00
1.826874516785144786e+00 -9.121758747100829900e-01 5.677000000000000490e+00 8.000000000000000000e+00
1.826874516785144786e+00 -9.241758747100830007e-01 5.660000000000000142e+00 8.000000000000000000e+00
1.835874516785144905e+00 -9.051758747100828728e-01 5.682999999999999829e+00 8.000000000000000000e+00
1.833874516785144904e+00 -8.961758747100829758e-01 5.695000000000000284e+00 8.000000000000000000e+00
2.127874516785144721e+00 -1.276175874710083091e+00 5.706000000000000405e+00 8.000000000000000000e+00
2.061874516785144884e+00 -1.305175874710083006e+00 5.733000000000000540e+00 8.000000000000000000e+00
2.093874516785144912e+00 -1.240175874710083059e+00 5.714000000000000412e+00 8.000000000000000000e+00
2.047874516785144650e+00 -1.316175874710082905e+00 5.732000000000000206e+00 8.000000000000000000e+00
2.098874516785144806e+00 -1.247175874710082955e+00 5.700000000000000178e+00 8.000000000000000000e+00
2.098874516785144806e+00 -1.260175874710083077e+00 5.698000000000000398e+00 8.000000000000000000e+00
2.108874516785145037e+00 -1.253175874710082960e+00 5.705000000000000071e+00 8.000000000000000000e+00
2.086874516785144795e+00 -1.233175874710082942e+00 5.719999999999999751e+00 8.000000000000000000e+00
2.113874516785144930e+00 -1.262175874710083079e+00 5.711999999999999744e+00 8.000000000000000000e+00
2.080874516785145012e+00 -1.225175874710082935e+00 5.716000000000000192e+00 8.000000000000000000e+00
2.090874516785144799e+00 -1.242175874710083061e+00 5.698999999999999844e+00 8.000000000000000000e+00
2.069874516785144891e+00 -1.259175874710082965e+00 5.705000000000000071e+00 8.000000000000000000e+00
2.100874516785145030e+00 -1.247175874710082955e+00 5.713000000000000078e+00 8.000000000000000000e+00
2.116874516785145044e+00 -1.272175874710083088e+00 5.697000000000000064e+00 8.000000000000000000e+00
2.066874516785144777e+00 -1.235175874710082944e+00 5.697000000000000064e+00 8.000000000000000000e+00
2.118874516785144824e+00 -1.283175874710082986e+00 5.698000000000000398e+00 8.000000000000000000e+00
2.121874516785144937e+00 -1.268175874710083084e+00 5.708000000000000185e+00 8.000000000000000000e+00
2.076874516785144564e+00 -1.227175874710082937e+00 5.703000000000000291e+00 8.000000000000000000e+00
2.073874516785144895e+00 -1.218175874710083040e+00 5.698999999999999844e+00 8.000000000000000000e+00
2.057874516785144881e+00 -1.322175874710082910e+00 5.743000000000000327e+00 8.000000000000000000e+00
2.076874516785144564e+00 -1.216175874710083038e+00 5.711000000000000298e+00 8.000000000000000000e+00
2.078874516785144788e+00 -1.238175874710083058e+00 5.697000000000000064e+00 8.000000000000000000e+00
2.110874516785144817e+00 -1.264175874710083081e+00 5.698999999999999844e+00 8.000000000000000000e+00
2.084874516785144571e+00 -1.233175874710082942e+00 5.705000000000000071e+00 8.000000000000000000e+00
2.286874516785144973e+00 -5.871758747100830345e-01 5.719999999999999751e+00 0.000000000000000000e+00
2.288874516785144753e+00 -5.861758747100829225e-01 5.730999999999999872e+00 0.000000000000000000e+00
8.078745167851447695e-01 -2.671758747100829723e-01 6.187999999999999723e+00 2.000000000000000000e+00
2.456874516785144902e+00 -1.605175874710083050e+00 4.570000000000000284e+00 -1.000000000000000000e+00
2.452874516785144898e+00 -1.597175874710083043e+00 4.576000000000000512e+00 -1.000000000000000000e+00
3.271874516785144849e+00 -1.169175874710082885e+00 5.435000000000000497e+00 3.000000000000000000e+00
3.282874516785144969e+00 -1.174175874710083001e+00 5.437999999999999723e+00 3.000000000000000000e+00
3.365874516785144710e+00 -1.204175874710083027e+00 5.455000000000000071e+00 3.000000000000000000e+00
3.337874516785144685e+00 -1.191175874710082905e+00 5.451000000000000512e+00 3.000000000000000000e+00
3.337874516785144685e+00 -1.188175874710083013e+00 5.464000000000000412e+00 3.000000000000000000e+00
3.238874516785144930e+00 -1.173175874710082889e+00 5.415000000000000036e+00 3.000000000000000000e+00
3.389874516785144731e+00 -1.193175874710082907e+00 5.469999999999999751e+00 3.000000000000000000e+00
3.408874516785144859e+00 -1.233175874710082942e+00 5.466000000000000192e+00 3.000000000000000000e+00
3.400874516785144852e+00 -1.236175874710083056e+00 5.464999999999999858e+00 3.000000000000000000e+00
3.411874516785144973e+00 -1.245175874710082953e+00 5.463000000000000078e+00 3.000000000000000000e+00
3.373874516785144717e+00 -1.205175874710082917e+00 5.453999999999999737e+00 3.000000000000000000e+00
3.373874516785144717e+00 -1.198175874710083022e+00 5.477000000000000313e+00 3.000000000000000000e+00
3.285874516785145083e+00 -1.185175874710082899e+00 5.432999999999999829e+00 3.000000000000000000e+00
3.380874516785144834e+00 -1.199175874710082912e+00 5.461999999999999744e+00 3.000000000000000000e+00
3.383874516785144948e+00 -1.209175874710082921e+00 5.456000000000000405e+00 3.000000000000000000e+00
3.311874516785144884e+00 -1.188175874710083013e+00 5.442000000000000171e+00 3.000000000000000000e+00
3.310874516785144994e+00 -1.181175874710082896e+00 5.450000000000000178e+00 3.000000000000000000e+00
3.319874516785144891e+00 -1.185175874710082899e+00 5.450000000000000178e+00 3.000000000000000000e+00
3.396874516785144849e+00 -1.220175874710083042e+00 5.464000000000000412e+00 3.000000000000000000e+00
3.426874516785145097e+00 -1.235175874710082944e+00 5.475999999999999979e+00 3.000000000000000000e+00
3.328874516785144788e+00 -1.190175874710083015e+00 5.448999999999999844e+00 3.000000000000000000e+00
3.328874516785144788e+00 -1.186175874710083011e+00 5.459999999999999964e+00 3.000000000000000000e+00
3.352874516785144809e+00 -1.190175874710083015e+00 5.461999999999999744e+00 3.000000000000000000e+00
3.413874516785144753e+00 -1.186175874710083011e+00 5.472999999999999865e+00 3.000000000000000000e+00
3.264874516785144731e+00 -1.176175874710083002e+00 5.427000000000000490e+00 3.000000000000000000e+00
3.351874516785144920e+00 -1.212175874710083034e+00 5.455000000000000071e+00 3.000000000000000000e+00
3.405874516785144746e+00 -1.193175874710082907e+00 5.471000000000000085e+00 3.000000000000000000e+00
3.292874516785144756e+00 -1.184175874710083010e+00 5.437000000000000277e+00 3.000000000000000000e+00
3.291874516785144866e+00 -1.175175874710082891e+00 5.443999999999999950e+00 3.000000000000000000e+00
3.363874516785144930e+00 -1.196175874710083020e+00 5.463000000000000078e+00 3.000000000000000000e+00
3.427874516785144987e+00 -1.240175874710083059e+00 5.464000000000000412e+00 3.000000000000000000e+00
3.301874516785144653e+00 -1.182175874710083008e+00 5.442000000000000171e+00 3.000000000000000000e+00
3.419874516785144980e+00 -1.246175874710083065e+00 5.461999999999999744e+00 3.000000000000000000e+00
3.321874516785144671e+00 -1.195175874710082908e+00 5.443999999999999950e+00 3.000000000000000000e+00
3.394874516785145069e+00 -1.245175874710082953e+00 5.475000000000000533e+00 3.000000000000000000e+00
3.254874516785144944e+00 -1.165175874710082882e+00 5.431000000000000050e+00 3.000000000000000000e+00
3.262874516785144952e+00 -1.168175874710082995e+00 5.434000000000000163e+00 3.000000000000000000e+00
3.353874516785144699e+00 -1.197175874710082910e+00 5.455000000000000071e+00 3.000000000000000000e+00
3.404874516785144856e+00 -1.186175874710083011e+00 5.480999999999999872e+00 3.000000000000000000e+00
3.254874516785144944e+00 -1.171175874710082887e+00 5.423000000000000043e+00 3.000000000000000000e+00
3.242874516785144934e+00 -1.161175874710082878e+00 5.421999999999999709e+00 3.000000000000000000e+00
3.245874516785145047e+00 -1.174175874710083001e+00 5.419000000000000483e+00 3.000000000000000000e+00
3.397874516785144738e+00 -1.192175874710083017e+00 5.472000000000000419e+00 3.000000000000000000e+00
3.393874516785144735e+00 -1.208175874710083031e+00 5.469000000000000306e+00 3.000000000000000000e+00
3.406874516785145079e+00 -1.225175874710082935e+00 5.472999999999999865e+00 3.000000000000000000e+00
3.428874516785144877e+00 -1.248175874710083066e+00 5.456999999999999851e+00 3.000000000000000000e+00
3.372874516785144827e+00 -1.199175874710082912e+00 5.461999999999999744e+00 3.000000000000000000e+00
3.380874516785144834e+00 -1.195175874710082908e+00 5.474000000000000199e+00 3.000000000000000000e+00
3.235874516785144817e+00 -1.162175874710082990e+00 5.419000000000000483e+00 3.000000000000000000e+00
3.235874516785144817e+00 -1.159175874710082876e+00 5.432000000000000384e+00 3.000000000000000000e+00
3.299874516785144873e+00 -1.177175874710082892e+00 5.450000000000000178e+00 3.000000000000000000e+00
3.349874516785144696e+00 -1.208175874710083031e+00 5.453999999999999737e+00 3.000000000000000000e+00
3.345874516785144692e+00 -1.190175874710083015e+00 5.466000000000000192e+00 3.000000000000000000e+00
3.273874516785145072e+00 -1.179175874710082894e+00 5.429999999999999716e+00 3.000000000000000000e+00
3.416874516785144866e+00 -1.231175874710082940e+00 5.477999999999999758e+00 3.000000000000000000e+00
3.417874516785144756e+00 -1.237175874710082946e+00 5.467000000000000526e+00 3.000000000000000000e+00
3.345874516785144692e+00 -1.193175874710082907e+00 5.455000000000000071e+00 3.000000000000000000e+00
1.661874516785144751e+00 -7.841758747100828764e-01 5.379000000000000448e+00 2.000000000000000000e+01
1.667874516785144756e+00 -7.911758747100829936e-01 5.384999999999999787e+00 2.000000000000000000e+01
1.692874516785144889e+00 -7.981758747100828888e-01 5.421999999999999709e+00 2.000000000000000000e+01
1.702874516785144898e+00 -8.011758747100830025e-01 5.429000000000000270e+00 2.000000000000000000e+01
1.671874516785144760e+00 -7.891758747100829918e-01 5.395999999999999908e+00 2.000000000000000000e+01
1.695874516785144781e+00 -8.071758747100830078e-01 5.419999999999999929e+00 2.000000000000000000e+01
1.687874516785144774e+00 -8.011758747100830025e-01 5.411999999999999922e+00 2.000000000000000000e+01
1.679874516785144767e+00 -7.941758747100828852e-01 5.402000000000000135e+00 2.000000000000000000e+01
1.716874516785144911e+00 -8.171758747100830167e-01 5.459000000000000519e+00 2.000000000000000000e+01
1.720874516785144914e+00 -8.141758747100829030e-01 5.440999999999999837e+00 2.000000000000000000e+01
1.711874516785144795e+00 -8.071758747100830078e-01 5.434000000000000163e+00 2.000000000000000000e+01
1.312874516785144774e+00 -7.151758747100829261e-01 6.355000000000000426e+00 1.000000000000000000e+01
1.309874516785144882e+00 -7.161758747100830380e-01 6.339000000000000412e+00 1.000000000000000000e+01
1.287874516785144863e+00 -7.171758747100829279e-01 6.262999999999999901e+00 1.000000000000000000e+01
1.355874516785144923e+00 -7.451758747100829527e-01 6.278999999999999915e+00 1.000000000000000000e+01
1.289874516785144865e+00 -7.281758747100830487e-01 6.294000000000000483e+00 1.000000000000000000e+01
1.286874516785144751e+00 -7.051758747100829172e-01 6.241999999999999993e+00 1.000000000000000000e+01
1.283874516785144859e+00 -7.201758747100830416e-01 6.251000000000000334e+00 1.000000000000000000e+01
1.278874516785144744e+00 -6.981758747100830220e-01 6.233000000000000540e+00 1.000000000000000000e+01
1.283874516785144859e+00 -7.201758747100830416e-01 6.233000000000000540e+00 1.000000000000000000e+01
1.282874516785144747e+00 -6.951758747100829083e-01 6.243999999999999773e+00 1.000000000000000000e+01
1.280874516785144746e+00 -6.981758747100830220e-01 6.264000000000000234e+00 1.000000000000000000e+01
1.285874516785144861e+00 -7.061758747100830291e-01 6.259999999999999787e+00 1.000000000000000000e+01
2.700874516785144674e+00 -5.891758747100830362e-01 5.908999999999999808e+00 0.000000000000000000e+00
2.699874516785144785e+00 -5.791758747100830274e-01 5.897999999999999687e+00 0.000000000000000000e+00
2.696874516785144671e+00 -5.911758747100830380e-01 5.895000000000000462e+00 0.000000000000000000e+00
2.712874516785144685e+00 -5.211758747100829758e-01 5.937000000000000277e+00 0.000000000000000000e+00
2.599874516785144696e+00 -6.431758747100828622e-01 5.842000000000000526e+00 -1.000000000000000000e+00
2.598874516785144806e+00 -6.321758747100829634e-01 5.842000000000000526e+00 -1.000000000000000000e+00
2.688874516785144664e+00 -5.971758747100830433e-01 5.889000000000000234e+00 0.000000000000000000e+00
2.612874516785145040e+00 -6.331758747100830753e-01 5.842000000000000526e+00 -1.000000000000000000e+00
2.613874516785144930e+00 -7.261758747100830469e-01 5.850000000000000533e+00 -1.000000000000000000e+00
3.196874516785144671e+00 -5.511758747100827804e-01 6.046999999999999709e+00 0.000000000000000000e+00
3.211874516785144795e+00 -5.521758747100831144e-01 6.057000000000000384e+00 0.000000000000000000e+00
3.230874516785144923e+00 -5.361758747100831002e-01 6.067000000000000171e+00 0.000000000000000000e+00
3.188874516785144664e+00 -5.461758747100828870e-01 6.052000000000000490e+00 0.000000000000000000e+00
3.221874516785145026e+00 -5.301758747100828728e-01 6.065999999999999837e+00 0.000000000000000000e+00
3.205874516785145012e+00 -5.441758747100831073e-01 6.054000000000000270e+00 0.000000000000000000e+00
3.204874516785144678e+00 -5.581758747100828977e-01 6.051000000000000156e+00 0.000000000000000000e+00
3.203874516785144788e+00 -5.341758747100828764e-01 6.052000000000000490e+00 0.000000000000000000e+00
3.787874516785144863e+00 -2.971758747100827769e-01 5.756000000000000227e+00 1.100000000000000000e+01
3.786874516785144973e+00 -2.881758747100828799e-01 5.758000000000000007e+00 1.100000000000000000e+01
3.789874516785145087e+00 -2.311758747100829403e-01 5.788000000000000256e+00 1.100000000000000000e+01
3.821874516785144671e+00 -1.951758747100829083e-01 5.823000000000000398e+00 1.100000000000000000e+01
3.809874516785145104e+00 -2.251758747100831570e-01 5.802999999999999936e+00 1.100000000000000000e+01
3.828874516785144788e+00 -2.971758747100827769e-01 5.778000000000000469e+00 1.100000000000000000e+01
3.787874516785144863e+00 -2.751758747100829794e-01 5.767999999999999794e+00 1.100000000000000000e+01
3.826874516785145008e+00 -1.801758747100827840e-01 5.841000000000000192e+00 1.100000000000000000e+01
3.791874516785144866e+00 -3.051758747100827840e-01 5.761000000000000121e+00 1.100000000000000000e+01
3.816874516785144777e+00 -1.771758747100831144e-01 5.831000000000000405e+00 1.100000000000000000e+01
3.804874516785144767e+00 -2.291758747100831606e-01 5.794000000000000483e+00 1.100000000000000000e+01
3.833874516785144682e+00 -2.921758747100828835e-01 5.785000000000000142e+00 1.100000000000000000e+01
3.790874516785144976e+00 -2.401758747100828373e-01 5.780999999999999694e+00 1.100000000000000000e+01
3.833874516785144682e+00 -3.021758747100831144e-01 5.778999999999999915e+00 1.100000000000000000e+01
3.799874516785144873e+00 -2.331758747100831641e-01 5.785000000000000142e+00 1.100000000000000000e+01
3.784874516785144749e+00 -2.671758747100829723e-01 5.769000000000000128e+00 1.100000000000000000e+01
3.828874516785144788e+00 -1.681758747100827733e-01 5.850000000000000533e+00 1.100000000000000000e+01
3.823874516785144895e+00 -1.931758747100831286e-01 5.836999999999999744e+00 1.100000000000000000e+01
3.794874516785144980e+00 -2.591758747100829652e-01 5.774000000000000021e+00 1.100000000000000000e+01
3.818874516785145001e+00 -3.051758747100827840e-01 5.772999999999999687e+00 1.100000000000000000e+01
3.805874516785145101e+00 -2.401758747100828373e-01 5.794000000000000483e+00 1.100000000000000000e+01
3.757874516785145058e+00 -3.111758747100830114e-01 5.743999999999999773e+00 1.100000000000000000e+01
3.779874516785144856e+00 -3.041758747100828941e-01 5.753000000000000114e+00 1.100000000000000000e+01
3.818874516785145001e+00 -2.071758747100829190e-01 5.815000000000000391e+00 1.100000000000000000e+01
3.815874516785144888e+00 -1.881758747100827911e-01 5.823999999999999844e+00 1.100000000000000000e+01
3.816874516785144777e+00 -1.991758747100829119e-01 5.815999999999999837e+00 1.100000000000000000e+01
3.867874516785144934e+00 -2.961758747100828870e-01 5.804999999999999716e+00 1.100000000000000000e+01
3.817874516785144667e+00 -1.681758747100827733e-01 5.842000000000000526e+00 1.100000000000000000e+01
3.800874516785144763e+00 -2.121758747100828124e-01 5.802000000000000490e+00 1.100000000000000000e+01
3.800874516785144763e+00 -2.431758747100829510e-01 5.783999999999999808e+00 1.100000000000000000e+01
3.801874516785145097e+00 -2.961758747100828870e-01 5.766000000000000014e+00 1.100000000000000000e+01
3.781874516785145079e+00 -2.801758747100828728e-01 5.759999999999999787e+00 1.100000000000000000e+01
3.777874516785145076e+00 -2.731758747100827556e-01 5.764000000000000234e+00 1.100000000000000000e+01
3.793874516785145090e+00 -2.491758747100831783e-01 5.775999999999999801e+00 1.100000000000000000e+01
3.805874516785145101e+00 -2.171758747100831499e-01 5.799999999999999822e+00 1.100000000000000000e+01
3.768874516785144735e+00 -2.941758747100831073e-01 5.839000000000000412e+00 1.100000000000000000e+01
3.768874516785144735e+00 -3.021758747100831144e-01 5.746999999999999886e+00 1.100000000000000000e+01
3.863874516785144930e+00 -3.111758747100830114e-01 5.812000000000000277e+00 1.100000000000000000e+01
3.768874516785144735e+00 -2.801758747100828728e-01 5.759000000000000341e+00 1.100000000000000000e+01
3.850874516785145030e+00 -3.001758747100828906e-01 5.788999999999999702e+00 1.100000000000000000e+01
3.771874516785144849e+00 -2.881758747100828799e-01 5.756000000000000227e+00 1.100000000000000000e+01
3.770874516785144959e+00 -3.111758747100830114e-01 5.746999999999999886e+00 1.100000000000000000e+01
3.862874516785145040e+00 -3.011758747100827804e-01 5.796000000000000263e+00 1.100000000000000000e+01
3.754874516785144944e+00 -3.021758747100831144e-01 5.746999999999999886e+00 1.100000000000000000e+01
3.794874516785144980e+00 -2.691758747100827520e-01 5.775999999999999801e+00 1.100000000000000000e+01
3.776874516785144742e+00 -2.961758747100828870e-01 5.751999999999999780e+00 1.100000000000000000e+01
3.815874516785144888e+00 -2.961758747100828870e-01 5.774000000000000021e+00 1.100000000000000000e+01
3.776874516785144742e+00 -2.641758747100828586e-01 5.767999999999999794e+00 1.100000000000000000e+01
3.809874516785145104e+00 -2.041758747100828053e-01 5.807000000000000384e+00 1.100000000000000000e+01
3.808874516785144770e+00 -3.031758747100830043e-01 5.767000000000000348e+00 1.100000000000000000e+01
3.798874516785144984e+00 -2.561758747100828515e-01 5.783999999999999808e+00 1.100000000000000000e+01
3.821874516785144671e+00 -2.411758747100831712e-01 5.770999999999999908e+00 1.100000000000000000e+01
3.798874516785144984e+00 -2.231758747100829332e-01 5.793000000000000149e+00 1.100000000000000000e+01
3.822874516785145005e+00 -1.721758747100827769e-01 5.841000000000000192e+00 1.100000000000000000e+01
3.822874516785145005e+00 -1.821758747100830078e-01 5.831999999999999851e+00 1.100000000000000000e+01
3.833874516785144682e+00 -1.741758747100830007e-01 5.849000000000000199e+00 1.100000000000000000e+01
3.804874516785144767e+00 -2.941758747100831073e-01 5.777000000000000135e+00 1.100000000000000000e+01
3.861874516785144706e+00 -2.921758747100828835e-01 5.807000000000000384e+00 1.100000000000000000e+01
3.789874516785145087e+00 -2.851758747100827662e-01 5.769000000000000128e+00 1.100000000000000000e+01
3.786874516785144973e+00 -2.551758747100829616e-01 5.770999999999999908e+00 1.100000000000000000e+01
3.794874516785144980e+00 -2.921758747100828835e-01 5.766000000000000014e+00 1.100000000000000000e+01
3.812874516785144774e+00 -2.121758747100828124e-01 5.807000000000000384e+00 1.100000000000000000e+01
3.857874516785144703e+00 -2.951758747100829972e-01 5.796000000000000263e+00 1.100000000000000000e+01
3.745874516785145047e+00 -3.101758747100831215e-01 5.741000000000000547e+00 1.100000000000000000e+01
3.823874516785144895e+00 -1.631758747100828799e-01 5.850000000000000533e+00 1.100000000000000000e+01
3.846874516785145026e+00 -2.931758747100827733e-01 5.796000000000000263e+00 1.100000000000000000e+01
3.841874516785144689e+00 -2.971758747100827769e-01 5.786000000000000476e+00 1.100000000000000000e+01
3.779874516785144856e+00 -2.491758747100831783e-01 5.775999999999999801e+00 1.100000000000000000e+01
3.809874516785145104e+00 -1.931758747100831286e-01 5.815999999999999837e+00 1.100000000000000000e+01
3.809874516785145104e+00 -1.831758747100828977e-01 5.826000000000000512e+00 1.100000000000000000e+01
3.761874516785145062e+00 -3.191758747100830185e-01 5.741999999999999993e+00 1.100000000000000000e+01
3.761874516785145062e+00 -2.971758747100827769e-01 5.754000000000000448e+00 1.100000000000000000e+01
2.407874516785144969e+00 -9.661758747100830380e-01 5.544999999999999929e+00 0.000000000000000000e+00
2.407874516785144969e+00 -9.651758747100829261e-01 5.516000000000000014e+00 0.000000000000000000e+00
2.423874516785144984e+00 -9.881758747100830576e-01 5.504999999999999893e+00 0.000000000000000000e+00
2.437874516785144774e+00 -1.012175874710083079e+00 5.447000000000000064e+00 0.000000000000000000e+00
2.374874516785145051e+00 -9.331758747100828977e-01 5.560999999999999943e+00 0.000000000000000000e+00
2.374874516785145051e+00 -9.071758747100828746e-01 5.581999999999999851e+00 0.000000000000000000e+00
2.445874516785144781e+00 -1.020175874710083086e+00 5.456999999999999851e+00 0.000000000000000000e+00
2.392874516785144845e+00 -9.541758747100830274e-01 5.528000000000000469e+00 0.000000000000000000e+00
2.390874516785145065e+00 -9.431758747100829066e-01 5.544999999999999929e+00 0.000000000000000000e+00
2.392874516785144845e+00 -9.191758747100828852e-01 5.575000000000000178e+00 0.000000000000000000e+00
2.393874516785144735e+00 -9.641758747100830362e-01 5.517999999999999794e+00 0.000000000000000000e+00
2.386874516785145062e+00 -9.111758747100828781e-01 5.580000000000000071e+00 0.000000000000000000e+00
2.420874516785144870e+00 -1.003175874710082960e+00 5.459000000000000519e+00 0.000000000000000000e+00
2.426874516785144653e+00 -9.981758747100830664e-01 5.467999999999999972e+00 0.000000000000000000e+00
2.420874516785144870e+00 -9.901758747100830593e-01 5.475999999999999979e+00 0.000000000000000000e+00
2.424874516785144873e+00 -9.871758747100829456e-01 5.490000000000000213e+00 0.000000000000000000e+00
2.397874516785144738e+00 -9.511758747100829137e-01 5.538000000000000256e+00 0.000000000000000000e+00
2.402874516785145076e+00 -9.691758747100829297e-01 5.504999999999999893e+00 0.000000000000000000e+00
2.423874516785144984e+00 -1.012175874710083079e+00 5.445000000000000284e+00 0.000000000000000000e+00
2.433874516785144770e+00 -1.005175874710082962e+00 5.480000000000000426e+00 0.000000000000000000e+00
2.419874516785144980e+00 -9.811758747100829403e-01 5.512000000000000455e+00 0.000000000000000000e+00
2.364874516785144820e+00 -8.811758747100830735e-01 5.604000000000000092e+00 0.000000000000000000e+00
2.418874516785144646e+00 -9.561758747100830291e-01 5.536999999999999922e+00 0.000000000000000000e+00
2.391874516785144955e+00 -9.211758747100828870e-01 5.589999999999999858e+00 0.000000000000000000e+00
2.433874516785144770e+00 -1.016175874710083082e+00 5.437999999999999723e+00 0.000000000000000000e+00
2.438874516785144664e+00 -1.012175874710083079e+00 5.464000000000000412e+00 0.000000000000000000e+00
2.411874516785144973e+00 -9.971758747100829545e-01 5.471000000000000085e+00 0.000000000000000000e+00
2.415874516785144976e+00 -9.721758747100830433e-01 5.522000000000000242e+00 0.000000000000000000e+00
2.414874516785144642e+00 -9.831758747100829421e-01 5.483999999999999986e+00 0.000000000000000000e+00
2.413874516785144753e+00 -9.731758747100829332e-01 5.509000000000000341e+00 0.000000000000000000e+00
2.389874516785144731e+00 -9.081758747100829865e-01 5.592999999999999972e+00 0.000000000000000000e+00
2.383874516785144948e+00 -9.011758747100828693e-01 5.588000000000000078e+00 0.000000000000000000e+00
2.429874516785144767e+00 -1.007175874710082963e+00 5.453999999999999737e+00 0.000000000000000000e+00
2.428874516785144877e+00 -9.971758747100829545e-01 5.480999999999999872e+00 0.000000000000000000e+00
2.384874516785144838e+00 -9.251758747100828906e-01 5.567000000000000171e+00 0.000000000000000000e+00
2.445874516785144781e+00 -1.019175874710082974e+00 5.440999999999999837e+00 0.000000000000000000e+00
2.405874516785144746e+00 -9.561758747100830291e-01 5.552999999999999936e+00 0.000000000000000000e+00
2.402874516785145076e+00 -9.581758747100830309e-01 5.525999999999999801e+00 0.000000000000000000e+00
2.401874516785144742e+00 -9.471758747100829101e-01 5.551000000000000156e+00 0.000000000000000000e+00
2.399874516785144962e+00 -9.841758747100830540e-01 5.493000000000000327e+00 0.000000000000000000e+00
2.409874516785144749e+00 -9.751758747100829350e-01 5.496999999999999886e+00 0.000000000000000000e+00
2.409874516785144749e+00 -9.641758747100830362e-01 5.528000000000000469e+00 0.000000000000000000e+00
2.418874516785144646e+00 -9.811758747100829403e-01 5.496000000000000441e+00 0.000000000000000000e+00
2.436874516785144884e+00 -1.003175874710082960e+00 5.463000000000000078e+00 0.000000000000000000e+00
2.378874516785145055e+00 -9.171758747100828835e-01 5.572000000000000064e+00 0.000000000000000000e+00
2.405874516785144746e+00 -9.551758747100829172e-01 5.538999999999999702e+00 0.000000000000000000e+00
2.418874516785144646e+00 -9.511758747100829137e-01 5.546000000000000263e+00 0.000000000000000000e+00
1.583874516785144904e+00 -7.381758747100830576e-01 5.251999999999999780e+00 -1.000000000000000000e+00
1.571874516785144893e+00 -7.501758747100830682e-01 5.274000000000000021e+00 -1.000000000000000000e+00
1.593874516785144912e+00 -7.391758747100829474e-01 5.270000000000000462e+00 -1.000000000000000000e+00
1.556874516785144769e+00 -7.161758747100830380e-01 5.214000000000000412e+00 -1.000000000000000000e+00
1.548874516785144761e+00 -7.401758747100830593e-01 5.248999999999999666e+00 -1.000000000000000000e+00
1.561874516785144884e+00 -7.451758747100829527e-01 5.262999999999999901e+00 -1.000000000000000000e+00
1.062874516785144774e+00 -3.771758747100828479e-01 5.730999999999999872e+00 1.200000000000000000e+01
1.044874516785144980e+00 -3.561758747100829403e-01 5.703999999999999737e+00 1.200000000000000000e+01
1.045874516785144870e+00 -3.641758747100829474e-01 5.722000000000000419e+00 1.200000000000000000e+01
1.054874516785144767e+00 -3.741758747100831783e-01 5.727999999999999758e+00 1.200000000000000000e+01
1.046874516785144760e+00 -3.371758747100828124e-01 5.754000000000000448e+00 1.200000000000000000e+01
1.033874516785144859e+00 -3.611758747100828337e-01 5.732000000000000206e+00 1.200000000000000000e+01
1.027874516785144854e+00 -3.891758747100828586e-01 5.655000000000000249e+00 1.200000000000000000e+01
1.038874516785144753e+00 -3.411758747100828160e-01 5.725999999999999979e+00 1.200000000000000000e+01
1.039874516785144865e+00 -3.341758747100831428e-01 5.748000000000000220e+00 1.200000000000000000e+01
1.061874516785144884e+00 -3.541758747100831606e-01 5.738000000000000433e+00 1.200000000000000000e+01
1.044874516785144980e+00 -3.341758747100831428e-01 5.735000000000000320e+00 1.200000000000000000e+01
1.068874516785144779e+00 -3.651758747100828373e-01 5.719999999999999751e+00 1.200000000000000000e+01
1.364874516785144820e+00 -7.121758747100830345e-01 5.919999999999999929e+00 5.000000000000000000e+00
1.368874516785144824e+00 -7.091758747100829208e-01 5.931000000000000050e+00 5.000000000000000000e+00
1.393874516785144735e+00 -7.421758747100830611e-01 5.927999999999999936e+00 5.000000000000000000e+00
1.349874516785144918e+00 -7.111758747100829225e-01 5.932999999999999829e+00 5.000000000000000000e+00
1.373874516785144939e+00 -7.061758747100830291e-01 5.943999999999999950e+00 5.000000000000000000e+00
1.375874516785144941e+00 -6.931758747100829066e-01 5.940000000000000391e+00 5.000000000000000000e+00
1.356874516785144813e+00 -7.171758747100829279e-01 5.910000000000000142e+00 5.000000000000000000e+00
1.378874516785144833e+00 -7.031758747100829154e-01 5.955000000000000071e+00 5.000000000000000000e+00
4.528745167851447873e-01 -2.097175874710083043e+00 4.647000000000000242e+00 7.000000000000000000e+00
4.448745167851448357e-01 -2.139175874710082859e+00 4.634000000000000341e+00 7.000000000000000000e+00
4.448745167851448357e-01 -2.126175874710082958e+00 4.639000000000000234e+00 7.000000000000000000e+00
4.468745167851448374e-01 -2.089175874710083036e+00 4.663999999999999702e+00 7.000000000000000000e+00
4.278745167851448206e-01 -2.144175874710082752e+00 4.639000000000000234e+00 7.000000000000000000e+00
4.288745167851448215e-01 -2.126175874710082958e+00 4.650999999999999801e+00 7.000000000000000000e+00
4.298745167851448223e-01 -2.121175874710083065e+00 4.661999999999999922e+00 7.000000000000000000e+00
4.518745167851447864e-01 -2.153175874710083093e+00 4.623999999999999666e+00 7.000000000000000000e+00
4.518745167851447864e-01 -2.132175874710083185e+00 4.636000000000000121e+00 7.000000000000000000e+00
4.288745167851448215e-01 -2.133175874710083075e+00 4.644000000000000128e+00 7.000000000000000000e+00
4.308745167851448232e-01 -2.047175874710083221e+00 4.684000000000000163e+00 7.000000000000000000e+00
4.538745167851447881e-01 -2.069175874710083018e+00 4.666999999999999815e+00 7.000000000000000000e+00
4.538745167851447881e-01 -2.075175874710082802e+00 4.658000000000000362e+00 7.000000000000000000e+00
4.538745167851447881e-01 -2.085175874710083033e+00 4.653000000000000469e+00 7.000000000000000000e+00
4.518745167851447864e-01 -2.119175874710082841e+00 4.637000000000000455e+00 7.000000000000000000e+00
4.608745167851447944e-01 -2.067175874710082795e+00 4.650999999999999801e+00 7.000000000000000000e+00
4.388745167851448303e-01 -2.044175874710083107e+00 4.681000000000000050e+00 7.000000000000000000e+00
4.298745167851448223e-01 -2.018175874710082862e+00 4.674999999999999822e+00 7.000000000000000000e+00
4.448745167851448357e-01 -2.115175874710082837e+00 4.644000000000000128e+00 7.000000000000000000e+00
4.348745167851448268e-01 -2.150175874710082979e+00 4.628000000000000114e+00 7.000000000000000000e+00
4.448745167851448357e-01 -2.104175874710083161e+00 4.647999999999999687e+00 7.000000000000000000e+00
4.358745167851448277e-01 -2.144175874710082752e+00 4.636000000000000121e+00 7.000000000000000000e+00
4.358745167851448277e-01 -2.130175874710082962e+00 4.639999999999999680e+00 7.000000000000000000e+00
4.368745167851448286e-01 -2.120175874710083175e+00 4.645000000000000462e+00 7.000000000000000000e+00
4.388745167851448303e-01 -2.029175874710082983e+00 4.682999999999999829e+00 7.000000000000000000e+00
4.228745167851448161e-01 -2.042175874710082883e+00 4.685000000000000497e+00 7.000000000000000000e+00
4.368745167851448286e-01 -2.109175874710083054e+00 4.652000000000000135e+00 7.000000000000000000e+00
4.528745167851447873e-01 -2.105175874710083050e+00 4.641000000000000014e+00 7.000000000000000000e+00
4.778745167851448095e-01 -2.024175874710083090e+00 4.649000000000000021e+00 7.000000000000000000e+00
4.458745167851448366e-01 -2.093175874710083040e+00 4.653999999999999915e+00 7.000000000000000000e+00
4.608745167851447944e-01 -2.056175874710083118e+00 4.655000000000000249e+00 7.000000000000000000e+00
4.608745167851447944e-01 -2.038175874710082880e+00 4.655999999999999694e+00 7.000000000000000000e+00
4.698745167851448024e-01 -2.030175874710082873e+00 4.653999999999999915e+00 7.000000000000000000e+00
4.688745167851448015e-01 -2.043175874710082773e+00 4.650999999999999801e+00 7.000000000000000000e+00
2.634874516785144838e+00 -1.427175874710082892e+00 4.669999999999999929e+00 1.000000000000000000e+00
3.054874516785144767e+00 -7.311758747100829403e-01 5.874000000000000554e+00 0.000000000000000000e+00
3.053874516785144877e+00 -7.221758747100830433e-01 5.873000000000000220e+00 0.000000000000000000e+00
3.055874516785144657e+00 -7.091758747100829208e-01 5.882000000000000561e+00 0.000000000000000000e+00
3.000874516785144941e+00 -7.531758747100829599e-01 5.833000000000000185e+00 0.000000000000000000e+00
3.021874516785144849e+00 -7.471758747100829545e-01 5.846000000000000085e+00 0.000000000000000000e+00
3.008874516785144948e+00 -7.471758747100829545e-01 5.841000000000000192e+00 0.000000000000000000e+00
3.016874516785144955e+00 -7.411758747100829492e-01 5.847999999999999865e+00 0.000000000000000000e+00
3.038874516785144753e+00 -7.111758747100829225e-01 5.875000000000000000e+00 0.000000000000000000e+00
3.039874516785145087e+00 -7.321758747100830522e-01 5.855999999999999872e+00 0.000000000000000000e+00
3.040874516785144976e+00 -7.221758747100830433e-01 5.868000000000000327e+00 0.000000000000000000e+00
3.044874516785144980e+00 -7.061758747100830291e-01 5.882000000000000561e+00 0.000000000000000000e+00
3.040874516785144976e+00 -7.431758747100829510e-01 5.858999999999999986e+00 0.000000000000000000e+00
3.016874516785144955e+00 -7.621758747100830789e-01 5.836999999999999744e+00 0.000000000000000000e+00
3.017874516785144845e+00 -7.191758747100829297e-01 5.870000000000000107e+00 0.000000000000000000e+00
3.078874516785144788e+00 -6.791758747100828941e-01 5.908999999999999808e+00 0.000000000000000000e+00
3.029874516785144856e+00 -7.181758747100830398e-01 5.868000000000000327e+00 0.000000000000000000e+00
3.024874516785144962e+00 -7.561758747100830735e-01 5.844999999999999751e+00 0.000000000000000000e+00
3.049874516785144873e+00 -7.141758747100830362e-01 5.874000000000000554e+00 0.000000000000000000e+00
3.064874516785144998e+00 -7.231758747100829332e-01 5.879000000000000448e+00 0.000000000000000000e+00
2.995874516785145047e+00 -7.451758747100829527e-01 5.842999999999999972e+00 0.000000000000000000e+00
3.005874516785144834e+00 -7.371758747100829456e-01 5.847000000000000419e+00 0.000000000000000000e+00
3.013874516785144841e+00 -7.311758747100829403e-01 5.854000000000000092e+00 0.000000000000000000e+00
3.014874516785144731e+00 -7.541758747100830718e-01 5.839000000000000412e+00 0.000000000000000000e+00
3.034874516785144749e+00 -7.261758747100830469e-01 5.860000000000000320e+00 0.000000000000000000e+00
3.046874516785144760e+00 -7.281758747100830487e-01 5.865000000000000213e+00 0.000000000000000000e+00
3.046874516785144760e+00 -7.381758747100830576e-01 5.868000000000000327e+00 0.000000000000000000e+00
3.060874516785144994e+00 -6.941758747100830185e-01 5.895999999999999908e+00 0.000000000000000000e+00
3.059874516785144660e+00 -7.171758747100829279e-01 5.883000000000000007e+00 0.000000000000000000e+00
3.069874516785144891e+00 -6.861758747100830114e-01 5.903000000000000469e+00 0.000000000000000000e+00
3.872874516785144827e+00 -1.289175874710082992e+00 5.512000000000000455e+00 -1.000000000000000000e+00
3.888874516785144841e+00 -1.285175874710082988e+00 5.516000000000000014e+00 -1.000000000000000000e+00
3.880874516785144834e+00 -1.292175874710082883e+00 5.509000000000000341e+00 -1.000000000000000000e+00
1.578745167851448028e-01 -2.119175874710082841e+00 4.839999999999999858e+00 2.100000000000000000e+01
1.898745167851448035e-01 -2.108175874710083164e+00 4.823000000000000398e+00 2.100000000000000000e+01
1.988745167851448115e-01 -2.095175874710082820e+00 4.831999999999999851e+00 2.100000000000000000e+01
1.578745167851448028e-01 -2.109175874710083054e+00 4.844000000000000306e+00 2.100000000000000000e+01
1.088745167851448009e-01 -2.122175874710082955e+00 4.847000000000000419e+00 2.100000000000000000e+01
9.887451678514480591e-02 -2.128175874710083182e+00 4.844999999999999751e+00 2.100000000000000000e+01
1.658745167851448099e-01 -2.109175874710083054e+00 4.839000000000000412e+00 2.100000000000000000e+01
1.738745167851448170e-01 -2.123175874710082844e+00 4.836999999999999744e+00 2.100000000000000000e+01
1.838745167851448259e-01 -2.100175874710083157e+00 4.833000000000000185e+00 2.100000000000000000e+01
1.498745167851447957e-01 -2.106175874710082940e+00 4.852000000000000313e+00 2.100000000000000000e+01
1.908745167851448044e-01 -2.102175874710082937e+00 4.833000000000000185e+00 2.100000000000000000e+01
1.088745167851448009e-01 -2.136175874710083189e+00 4.855999999999999872e+00 2.100000000000000000e+01
1.748745167851448179e-01 -2.107175874710082830e+00 4.838000000000000078e+00 2.100000000000000000e+01
1.498745167851447957e-01 -2.115175874710082837e+00 4.846000000000000085e+00 2.100000000000000000e+01
1.828745167851448250e-01 -2.111175874710082834e+00 4.828000000000000291e+00 2.100000000000000000e+01
3.592874516785145023e+00 -1.130175874710082962e+00 5.536999999999999922e+00 3.000000000000000000e+00
3.684874516785144660e+00 -1.058175874710082898e+00 5.570999999999999730e+00 3.000000000000000000e+00
3.620874516785145047e+00 -1.131175874710083074e+00 5.554999999999999716e+00 3.000000000000000000e+00
3.613874516785144930e+00 -1.123175874710083066e+00 5.546999999999999709e+00 3.000000000000000000e+00
3.631874516785144724e+00 -1.143175874710083084e+00 5.557999999999999829e+00 3.000000000000000000e+00
3.637874516785144952e+00 -1.151175874710082869e+00 5.559000000000000163e+00 3.000000000000000000e+00
3.635874516785144728e+00 -1.101175874710083047e+00 5.528999999999999915e+00 3.000000000000000000e+00
3.701874516785145008e+00 -1.056175874710082896e+00 5.584000000000000519e+00 3.000000000000000000e+00
3.702874516785144898e+00 -1.041175874710082994e+00 5.580000000000000071e+00 -1.000000000000000000e+00
3.586874516785144795e+00 -1.107175874710083052e+00 5.519000000000000128e+00 3.000000000000000000e+00
3.624874516785145051e+00 -1.138175874710082969e+00 5.552000000000000490e+00 3.000000000000000000e+00
3.691874516785144777e+00 -1.052175874710082892e+00 5.578999999999999737e+00 3.000000000000000000e+00
1.661874516785144751e+00 -1.003175874710082960e+00 5.338000000000000078e+00 8.000000000000000000e+00
1.767874516785144845e+00 -9.761758747100830469e-01 5.487000000000000099e+00 8.000000000000000000e+00
1.765874516785144843e+00 -9.901758747100830593e-01 5.477999999999999758e+00 8.000000000000000000e+00
1.757874516785144836e+00 -9.831758747100829421e-01 5.466000000000000192e+00 8.000000000000000000e+00
1.739874516785144820e+00 -9.841758747100830540e-01 5.445000000000000284e+00 8.000000000000000000e+00
1.735874516785144817e+00 -9.731758747100829332e-01 5.451000000000000512e+00 8.000000000000000000e+00
1.734874516785144927e+00 -9.751758747100829350e-01 5.467000000000000526e+00 8.000000000000000000e+00
1.681874516785144769e+00 -9.891758747100829474e-01 5.363999999999999879e+00 8.000000000000000000e+00
1.660874516785144861e+00 -9.901758747100830593e-01 5.334999999999999964e+00 8.000000000000000000e+00
1.651874516785144742e+00 -9.841758747100830540e-01 5.338000000000000078e+00 8.000000000000000000e+00
1.643874516785144735e+00 -9.791758747100829385e-01 5.339999999999999858e+00 8.000000000000000000e+00
1.664874516785144865e+00 -1.012175874710083079e+00 5.341000000000000192e+00 8.000000000000000000e+00
1.752874516785144943e+00 -9.751758747100829350e-01 5.480999999999999872e+00 8.000000000000000000e+00
1.759874516785144838e+00 -9.821758747100830522e-01 5.479000000000000092e+00 8.000000000000000000e+00
1.542874516785144756e+00 -9.751758747100829350e-01 5.184000000000000163e+00 8.000000000000000000e+00
1.546874516785144760e+00 -9.731758747100829332e-01 5.198000000000000398e+00 8.000000000000000000e+00
1.553874516785144877e+00 -9.791758747100829385e-01 5.203999999999999737e+00 8.000000000000000000e+00
1.552874516785144765e+00 -1.016175874710083082e+00 5.216000000000000192e+00 8.000000000000000000e+00
1.564874516785144776e+00 -1.019175874710082974e+00 5.224000000000000199e+00 8.000000000000000000e+00
1.550874516785144763e+00 -9.691758747100829297e-01 5.209000000000000519e+00 8.000000000000000000e+00
1.542874516785144756e+00 -9.981758747100830664e-01 5.185000000000000497e+00 8.000000000000000000e+00
1.543874516785144868e+00 -9.851758747100829439e-01 5.182999999999999829e+00 8.000000000000000000e+00
1.520874516785144737e+00 -9.551758747100829172e-01 5.195999999999999730e+00 8.000000000000000000e+00
1.600874516785144808e+00 -9.711758747100829314e-01 5.318000000000000504e+00 8.000000000000000000e+00
1.556874516785144769e+00 -9.761758747100830469e-01 5.216000000000000192e+00 8.000000000000000000e+00
1.556874516785144769e+00 -9.881758747100830576e-01 5.201999999999999957e+00 8.000000000000000000e+00
1.548874516785144761e+00 -9.941758747100830629e-01 5.195000000000000284e+00 8.000000000000000000e+00
1.547874516785144872e+00 -9.831758747100829421e-01 5.195000000000000284e+00 8.000000000000000000e+00
1.536874516785144751e+00 -9.911758747100829492e-01 5.173000000000000043e+00 8.000000000000000000e+00
1.536874516785144751e+00 -9.791758747100829385e-01 5.176000000000000156e+00 8.000000000000000000e+00
1.533874516785144859e+00 -9.681758747100830398e-01 5.181000000000000050e+00 8.000000000000000000e+00
1.545874516785144870e+00 -1.009175874710082965e+00 5.200000000000000178e+00 8.000000000000000000e+00
1.624874516785144829e+00 -9.781758747100830487e-01 5.315999999999999837e+00 8.000000000000000000e+00
1.588874516785144797e+00 -9.671758747100829279e-01 5.294999999999999929e+00 8.000000000000000000e+00
1.528874516785144744e+00 -9.611758747100829225e-01 5.198000000000000398e+00 8.000000000000000000e+00
1.618874516785144824e+00 -1.008175874710083075e+00 5.291999999999999815e+00 8.000000000000000000e+00
1.623874516785144939e+00 -1.005175874710082962e+00 5.302000000000000490e+00 8.000000000000000000e+00
1.554874516785144767e+00 -1.003175874710082960e+00 5.206000000000000405e+00 8.000000000000000000e+00
1.571874516785144893e+00 -1.022175874710082866e+00 5.235000000000000320e+00 8.000000000000000000e+00
1.525874516785144852e+00 -9.621758747100830345e-01 5.182999999999999829e+00 8.000000000000000000e+00
3.729874516785145033e+00 -1.311175874710083011e+00 5.483999999999999986e+00 3.000000000000000000e+00
3.721874516785145026e+00 -1.315175874710083015e+00 5.488000000000000433e+00 3.000000000000000000e+00
3.551874516785145097e+00 -1.294175874710082885e+00 5.459000000000000519e+00 3.000000000000000000e+00
3.600874516785145030e+00 -1.310175874710082899e+00 5.467000000000000526e+00 3.000000000000000000e+00
3.591874516785144689e+00 -1.307175874710083008e+00 5.474000000000000199e+00 3.000000000000000000e+00
3.647874516785144738e+00 -1.330175874710082917e+00 5.472000000000000419e+00 3.000000000000000000e+00
3.618874516785144824e+00 -1.313175874710083013e+00 5.472999999999999865e+00 3.000000000000000000e+00
3.693874516785145001e+00 -1.339175874710083036e+00 5.479000000000000092e+00 3.000000000000000000e+00
3.681874516785144991e+00 -1.329175874710083027e+00 5.480000000000000426e+00 3.000000000000000000e+00
3.620874516785145047e+00 -1.322175874710082910e+00 5.464999999999999858e+00 3.000000000000000000e+00
3.609874516785144927e+00 -1.311175874710083011e+00 5.469000000000000306e+00 3.000000000000000000e+00
3.698874516785144895e+00 -1.327175874710083026e+00 5.483000000000000540e+00 3.000000000000000000e+00
3.689874516785144998e+00 -1.326175874710082914e+00 5.482000000000000206e+00 3.000000000000000000e+00
3.561874516785144884e+00 -1.296175874710082887e+00 5.471000000000000085e+00 3.000000000000000000e+00
3.532874516785144969e+00 -1.285175874710082988e+00 5.459000000000000519e+00 3.000000000000000000e+00
3.581874516785144902e+00 -1.305175874710083006e+00 5.464999999999999858e+00 3.000000000000000000e+00
3.672874516785145094e+00 -1.328175874710082915e+00 5.482000000000000206e+00 3.000000000000000000e+00
3.560874516785144994e+00 -1.297175874710082999e+00 5.458000000000000185e+00 3.000000000000000000e+00
3.674874516785144873e+00 -1.336175874710082923e+00 5.475999999999999979e+00 3.000000000000000000e+00
3.664874516785145087e+00 -1.327175874710083026e+00 5.475999999999999979e+00 3.000000000000000000e+00
3.705874516785145012e+00 -1.319175874710083018e+00 5.483999999999999986e+00 3.000000000000000000e+00
3.628874516785145055e+00 -1.318175874710082907e+00 5.472000000000000419e+00 3.000000000000000000e+00
3.645874516785144959e+00 -1.320175874710082908e+00 5.479000000000000092e+00 3.000000000000000000e+00
3.638874516785144841e+00 -1.327175874710083026e+00 5.471000000000000085e+00 3.000000000000000000e+00
3.524874516785144962e+00 -1.287175874710082990e+00 5.455000000000000071e+00 3.000000000000000000e+00
3.542874516785144756e+00 -1.291175874710082994e+00 5.458000000000000185e+00 3.000000000000000000e+00
3.534874516785144749e+00 -1.295175874710082997e+00 5.453000000000000291e+00 3.000000000000000000e+00
3.574874516785144785e+00 -1.313175874710083013e+00 5.459999999999999964e+00 3.000000000000000000e+00
3.636874516785145062e+00 -1.342175874710082928e+00 5.480999999999999872e+00 3.000000000000000000e+00
3.635874516785144728e+00 -1.317175874710083017e+00 5.475999999999999979e+00 3.000000000000000000e+00
3.714874516785144909e+00 -1.320175874710082908e+00 5.485000000000000320e+00 3.000000000000000000e+00
3.590874516785144799e+00 -1.310175874710082899e+00 5.463000000000000078e+00 3.000000000000000000e+00
3.654874516785144856e+00 -1.321175874710083020e+00 5.475999999999999979e+00 3.000000000000000000e+00
3.571874516785144671e+00 -1.301175874710083002e+00 5.464999999999999858e+00 3.000000000000000000e+00
2.970874516785144692e+00 -7.891758747100829918e-01 5.807999999999999829e+00 0.000000000000000000e+00
2.992874516785144934e+00 -7.601758747100830771e-01 5.828999999999999737e+00 0.000000000000000000e+00
3.000874516785144941e+00 -7.751758747100829794e-01 5.826000000000000512e+00 0.000000000000000000e+00
2.988874516785144930e+00 -7.511758747100829581e-01 5.836000000000000298e+00 0.000000000000000000e+00
2.988874516785144930e+00 -7.741758747100828675e-01 5.818000000000000504e+00 0.000000000000000000e+00
3.004874516785144944e+00 -7.611758747100829670e-01 5.831999999999999851e+00 0.000000000000000000e+00
3.008874516785144948e+00 -7.681758747100828622e-01 5.831999999999999851e+00 0.000000000000000000e+00
2.999874516785145051e+00 -7.651758747100829705e-01 5.823000000000000398e+00 0.000000000000000000e+00
3.001874516785144831e+00 -7.881758747100828799e-01 5.838000000000000078e+00 0.000000000000000000e+00
2.946874516785144671e+00 -7.851758747100829883e-01 5.804999999999999716e+00 0.000000000000000000e+00
2.959874516785145016e+00 -7.871758747100829900e-01 5.801000000000000156e+00 0.000000000000000000e+00
2.975874516785145030e+00 -7.741758747100828675e-01 5.814000000000000057e+00 0.000000000000000000e+00
2.966874516785144689e+00 -7.811758747100829847e-01 5.809000000000000163e+00 0.000000000000000000e+00
2.973874516785144806e+00 -7.641758747100830806e-01 5.836000000000000298e+00 0.000000000000000000e+00
2.983874516785145037e+00 -7.681758747100828622e-01 5.823000000000000398e+00 0.000000000000000000e+00
5.348745167851447491e-01 -1.641758747100827698e-01 6.241999999999999993e+00 1.700000000000000000e+01
4.858745167851448166e-01 -1.461758747100829758e-01 6.267999999999999794e+00 1.700000000000000000e+01
5.118745167851448397e-01 -1.651758747100831037e-01 6.243999999999999773e+00 1.700000000000000000e+01
4.908745167851448210e-01 -1.561758747100827627e-01 6.261000000000000121e+00 1.700000000000000000e+01
5.128745167851448405e-01 -1.541758747100829829e-01 6.270999999999999908e+00 1.700000000000000000e+01
5.088745167851448370e-01 -1.551758747100828728e-01 6.259000000000000341e+00 1.700000000000000000e+01
5.198745167851448468e-01 -1.611758747100831002e-01 6.270000000000000462e+00 1.700000000000000000e+01
5.228745167851447384e-01 -1.591758747100828764e-01 6.251999999999999780e+00 1.700000000000000000e+01
4.998745167851448290e-01 -1.511758747100828693e-01 6.267999999999999794e+00 1.700000000000000000e+01
1.953874516785144788e+00 2.418241252899169247e-01 6.533000000000000362e+00 -1.000000000000000000e+00
1.958874516785144904e+00 2.558241252899171592e-01 6.535000000000000142e+00 -1.000000000000000000e+00
1.949874516785144785e+00 2.498241252899169318e-01 6.525999999999999801e+00 -1.000000000000000000e+00
1.945874516785144781e+00 2.368241252899170313e-01 6.524000000000000021e+00 -1.000000000000000000e+00
2.018874516785144735e+00 6.568241252899169602e-01 5.977000000000000313e+00 0.000000000000000000e+00
2.020874516785144515e+00 6.698241252899168607e-01 5.983999999999999986e+00 0.000000000000000000e+00
1.970874516785144914e+00 6.148241252899171450e-01 6.025000000000000355e+00 0.000000000000000000e+00
1.972874516785144916e+00 6.048241252899169140e-01 6.008000000000000007e+00 0.000000000000000000e+00
1.976874516785144920e+00 5.988241252899171307e-01 5.999000000000000554e+00 0.000000000000000000e+00
1.975874516785144808e+00 6.068241252899171378e-01 6.020000000000000462e+00 0.000000000000000000e+00
1.972874516785144916e+00 5.868241252899171201e-01 5.991999999999999993e+00 0.000000000000000000e+00
1.970874516785144914e+00 6.158241252899170348e-01 5.993999999999999773e+00 0.000000000000000000e+00
1.974874516785144918e+00 5.778241252899172231e-01 5.991000000000000547e+00 0.000000000000000000e+00
1.971874516785144804e+00 6.048241252899169140e-01 5.993000000000000327e+00 0.000000000000000000e+00
1.970874516785144914e+00 5.558241252899169815e-01 5.982000000000000206e+00 0.000000000000000000e+00
1.972874516785144916e+00 6.278241252899170455e-01 5.991000000000000547e+00 0.000000000000000000e+00
1.974874516785144918e+00 5.678241252899169922e-01 5.993000000000000327e+00 0.000000000000000000e+00
1.966874516785144911e+00 5.638241252899169886e-01 5.985999999999999766e+00 0.000000000000000000e+00
2.092874516785144579e+00 -1.541758747100829829e-01 5.828999999999999737e+00 0.000000000000000000e+00
2.091874516785145133e+00 -1.431758747100828622e-01 5.818999999999999950e+00 0.000000000000000000e+00
2.092874516785144579e+00 -1.091758747100830540e-01 5.826999999999999957e+00 0.000000000000000000e+00
2.048874516785144984e+00 3.882412528991707745e-02 5.847000000000000419e+00 0.000000000000000000e+00
2.048874516785144984e+00 4.982412528991719824e-02 5.847000000000000419e+00 0.000000000000000000e+00
2.103874516785144699e+00 -6.717587471008279465e-02 5.846000000000000085e+00 0.000000000000000000e+00
2.070874516785144781e+00 -4.617587471008288702e-02 5.820000000000000284e+00 0.000000000000000000e+00
2.074874516785144785e+00 -4.317587471008277333e-02 5.831000000000000405e+00 0.000000000000000000e+00
2.098874516785144806e+00 -8.217587471008291899e-02 5.834999999999999964e+00 0.000000000000000000e+00
2.070874516785144781e+00 -2.317587471008275557e-02 5.828000000000000291e+00 0.000000000000000000e+00
2.055874516785144657e+00 1.082412528991705258e-02 5.831999999999999851e+00 0.000000000000000000e+00
2.106874516785144813e+00 -1.131758747100830576e-01 5.826999999999999957e+00 0.000000000000000000e+00
2.066874516785144777e+00 -3.617587471008310018e-02 5.822000000000000064e+00 0.000000000000000000e+00
2.075874516785145119e+00 -3.017587471008287281e-02 5.826999999999999957e+00 0.000000000000000000e+00
2.045874516785144870e+00 3.682412528991685363e-02 5.834000000000000519e+00 0.000000000000000000e+00
2.043874516785145090e+00 4.682412528991708456e-02 5.838000000000000078e+00 0.000000000000000000e+00
2.052874516785144543e+00 2.082412528991683942e-02 5.834000000000000519e+00 0.000000000000000000e+00
2.051874516785145097e+00 2.982412528991718048e-02 5.836000000000000298e+00 0.000000000000000000e+00
2.082874516785144792e+00 -8.117587471008302913e-02 5.820999999999999730e+00 0.000000000000000000e+00
2.096874516785145026e+00 -1.641758747100827698e-01 5.823999999999999844e+00 0.000000000000000000e+00
2.062874516785144774e+00 -6.175874710082851493e-03 5.831000000000000405e+00 0.000000000000000000e+00
2.099874516785144696e+00 -1.841758747100827875e-01 5.820999999999999730e+00 0.000000000000000000e+00
2.059874516785145104e+00 2.824125289917045478e-03 5.831999999999999851e+00 0.000000000000000000e+00
2.098874516785144806e+00 -1.731758747100831108e-01 5.820000000000000284e+00 0.000000000000000000e+00
2.065874516785144888e+00 -1.517587471008274846e-02 5.828000000000000291e+00 0.000000000000000000e+00
2.091874516785145133e+00 -8.617587471008292255e-02 5.826000000000000512e+00 0.000000000000000000e+00
2.111874516785144706e+00 -6.117587471008301137e-02 5.852999999999999758e+00 0.000000000000000000e+00
2.082874516785144792e+00 -7.017587471008290834e-02 5.823000000000000398e+00 0.000000000000000000e+00
2.091874516785145133e+00 -1.211758747100830647e-01 5.830000000000000071e+00 0.000000000000000000e+00
2.090874516785144799e+00 -1.901758747100830149e-01 5.814000000000000057e+00 0.000000000000000000e+00
2.088874516785145019e+00 -1.461758747100829758e-01 5.836000000000000298e+00 0.000000000000000000e+00
2.088874516785145019e+00 -1.691758747100831073e-01 5.815000000000000391e+00 0.000000000000000000e+00
2.094874516785144802e+00 -9.817587471008293321e-02 5.828000000000000291e+00 0.000000000000000000e+00
2.091874516785145133e+00 -1.781758747100830043e-01 5.812999999999999723e+00 0.000000000000000000e+00
2.086874516785144795e+00 -7.817587471008291544e-02 5.831999999999999851e+00 0.000000000000000000e+00
2.088874516785145019e+00 -1.561758747100827627e-01 5.817000000000000171e+00 0.000000000000000000e+00
2.086874516785144795e+00 -1.241758747100831783e-01 5.818000000000000504e+00 0.000000000000000000e+00
2.078874516785144788e+00 -5.117587471008278044e-02 5.823999999999999844e+00 0.000000000000000000e+00
2.081874516785144902e+00 -1.051758747100830504e-01 5.818999999999999950e+00 0.000000000000000000e+00
2.085874516785144905e+00 -1.131758747100830576e-01 5.818000000000000504e+00 0.000000000000000000e+00
2.078874516785144788e+00 -6.017587471008312150e-02 5.823999999999999844e+00 0.000000000000000000e+00
2.078874516785144788e+00 -9.517587471008281952e-02 5.823000000000000398e+00 0.000000000000000000e+00
2.091874516785145133e+00 -9.817587471008293321e-02 5.826000000000000512e+00 0.000000000000000000e+00
1.565874516785144888e+00 -1.901758747100830149e-01 6.235999999999999766e+00 1.400000000000000000e+01
1.559874516785144882e+00 -1.741758747100830007e-01 6.254999999999999893e+00 1.400000000000000000e+01
1.551874516785144875e+00 -1.791758747100828941e-01 6.232000000000000206e+00 1.400000000000000000e+01
1.563874516785144886e+00 -1.721758747100827769e-01 6.267999999999999794e+00 1.400000000000000000e+01
1.566874516785144777e+00 -1.791758747100828941e-01 6.248000000000000220e+00 1.400000000000000000e+01
1.571874516785144893e+00 -1.761758747100827804e-01 6.259999999999999787e+00 1.400000000000000000e+01
1.952874516785144898e+00 -5.451758747100829972e-01 6.112000000000000099e+00 8.000000000000000000e+00
2.058874516785144770e+00 -5.351758747100827662e-01 6.052999999999999936e+00 8.000000000000000000e+00
2.066874516785144777e+00 -5.301758747100828728e-01 6.060999999999999943e+00 8.000000000000000000e+00
1.965874516785144799e+00 -5.581758747100828977e-01 6.100000000000000533e+00 8.000000000000000000e+00
1.961874516785144795e+00 -5.501758747100828906e-01 6.108000000000000540e+00 8.000000000000000000e+00
1.969874516785144802e+00 -5.781758747100829154e-01 6.056000000000000050e+00 8.000000000000000000e+00
1.970874516785144914e+00 -5.661758747100829048e-01 6.081999999999999851e+00 8.000000000000000000e+00
1.973874516785144806e+00 -5.761758747100829137e-01 6.068000000000000504e+00 8.000000000000000000e+00
2.055874516785144657e+00 -5.261758747100828693e-01 6.057999999999999829e+00 8.000000000000000000e+00
1.950874516785144897e+00 -5.261758747100828693e-01 6.161000000000000476e+00 8.000000000000000000e+00
2.038874516785144753e+00 -5.381758747100828799e-01 6.044999999999999929e+00 8.000000000000000000e+00
1.951874516785144786e+00 -5.361758747100831002e-01 6.126999999999999780e+00 8.000000000000000000e+00
2.046874516785144760e+00 -5.331758747100829865e-01 6.052000000000000490e+00 8.000000000000000000e+00
1.948874516785144895e+00 -5.151758747100827485e-01 6.155999999999999694e+00 8.000000000000000000e+00
1.949874516785144785e+00 -5.381758747100828799e-01 6.161000000000000476e+00 8.000000000000000000e+00
1.952874516785144898e+00 -5.241758747100830895e-01 6.142999999999999794e+00 8.000000000000000000e+00
1.938874516785144886e+00 -4.871758747100831677e-01 6.181000000000000050e+00 8.000000000000000000e+00
2.066874516785144777e+00 -5.181758747100828622e-01 6.062000000000000277e+00 8.000000000000000000e+00
1.941874516785144777e+00 -5.091758747100829652e-01 6.158999999999999808e+00 8.000000000000000000e+00
1.967874516785144801e+00 -5.681758747100829066e-01 6.070000000000000284e+00 8.000000000000000000e+00
1.956874516785144902e+00 -5.331758747100829865e-01 6.137000000000000455e+00 8.000000000000000000e+00
1.958874516785144904e+00 -5.411758747100829936e-01 6.120000000000000107e+00 8.000000000000000000e+00
2.048874516785144984e+00 -5.431758747100827733e-01 6.046000000000000263e+00 8.000000000000000000e+00
2.296874516785144760e+00 -1.461175874710082923e+00 5.706000000000000405e+00 8.000000000000000000e+00
1.657874516785144747e+00 -9.911758747100829492e-01 6.009000000000000341e+00 5.000000000000000000e+00
1.663874516785144753e+00 -9.731758747100829332e-01 6.025000000000000355e+00 5.000000000000000000e+00
1.718874516785144912e+00 -1.033175874710082986e+00 6.049000000000000377e+00 5.000000000000000000e+00
1.714874516785144909e+00 -1.024175874710082867e+00 6.046000000000000263e+00 5.000000000000000000e+00
1.676874516785144875e+00 -9.781758747100830487e-01 6.038999999999999702e+00 5.000000000000000000e+00
1.670874516785144870e+00 -9.811758747100829403e-01 6.030000000000000249e+00 5.000000000000000000e+00
1.731874516785144813e+00 -1.050175874710082891e+00 6.062999999999999723e+00 5.000000000000000000e+00
1.738874516785144930e+00 -1.030175874710082873e+00 6.064000000000000057e+00 5.000000000000000000e+00
1.746874516785144937e+00 -1.024175874710082867e+00 6.073999999999999844e+00 5.000000000000000000e+00
1.742874516785144934e+00 -1.042175874710082883e+00 6.068999999999999950e+00 5.000000000000000000e+00
1.766874516785144733e+00 -1.023175874710082978e+00 6.091000000000000192e+00 5.000000000000000000e+00
1.747874516785144827e+00 -1.024175874710082867e+00 6.089000000000000412e+00 5.000000000000000000e+00
1.756874516785144946e+00 -1.031175874710082985e+00 6.086000000000000298e+00 5.000000000000000000e+00
1.750874516785144941e+00 -1.036175874710082878e+00 6.075000000000000178e+00 5.000000000000000000e+00
1.747874516785144827e+00 -1.050175874710082891e+00 6.072000000000000064e+00 5.000000000000000000e+00
1.664874516785144865e+00 -9.861758747100830558e-01 6.017000000000000348e+00 5.000000000000000000e+00
1.666874516785144866e+00 -9.741758747100830451e-01 6.104000000000000092e+00 5.000000000000000000e+00
1.646874516785144849e+00 -9.991758747100829563e-01 6.003000000000000114e+00 5.000000000000000000e+00
1.665874516785144754e+00 -9.731758747100829332e-01 6.054999999999999716e+00 5.000000000000000000e+00
1.658874516785144859e+00 -9.771758747100829368e-01 6.015000000000000568e+00 5.000000000000000000e+00
1.728874516785144921e+00 -1.038175874710082880e+00 6.057999999999999829e+00 5.000000000000000000e+00
1.726874516785144920e+00 -1.027175874710082981e+00 6.057000000000000384e+00 5.000000000000000000e+00
1.634874516785144838e+00 -9.581758747100830309e-01 6.015000000000000568e+00 5.000000000000000000e+00
1.648874516785144850e+00 -9.711758747100829314e-01 6.003000000000000114e+00 5.000000000000000000e+00
1.722874516785144916e+00 -1.018175874710083084e+00 6.052999999999999936e+00 5.000000000000000000e+00
1.666874516785144866e+00 -9.721758747100830433e-01 6.038999999999999702e+00 5.000000000000000000e+00
1.730874516785144923e+00 -1.012175874710083079e+00 6.062999999999999723e+00 5.000000000000000000e+00
1.733874516785144815e+00 -1.022175874710082866e+00 6.065000000000000391e+00 5.000000000000000000e+00
1.660874516785144861e+00 -9.781758747100830487e-01 6.094000000000000306e+00 5.000000000000000000e+00
1.739874516785144820e+00 -1.018175874710083084e+00 6.076000000000000512e+00 5.000000000000000000e+00
1.654874516785144856e+00 -9.671758747100829279e-01 6.015000000000000568e+00 5.000000000000000000e+00
1.659874516785144749e+00 -9.781758747100830487e-01 6.078999999999999737e+00 5.000000000000000000e+00
1.654874516785144856e+00 -9.681758747100830398e-01 6.032000000000000028e+00 5.000000000000000000e+00
1.654874516785144856e+00 -9.681758747100830398e-01 6.046000000000000263e+00 5.000000000000000000e+00
1.643874516785144735e+00 -9.871758747100829456e-01 5.996000000000000441e+00 5.000000000000000000e+00
1.650874516785144852e+00 -9.831758747100829421e-01 6.007000000000000561e+00 5.000000000000000000e+00
1.642874516785144845e+00 -9.641758747100830362e-01 6.024000000000000021e+00 5.000000000000000000e+00
1.640874516785144843e+00 -9.651758747100829261e-01 6.009999999999999787e+00 5.000000000000000000e+00
3.672874516785145094e+00 -1.721758747100827769e-01 5.883000000000000007e+00 -1.000000000000000000e+00
1.536874516785144751e+00 -1.354175874710082939e+00 6.075000000000000178e+00 5.000000000000000000e+00
1.536874516785144751e+00 -1.380175874710082962e+00 6.105000000000000426e+00 5.000000000000000000e+00
1.539874516785144865e+00 -1.392175874710082972e+00 6.120000000000000107e+00 5.000000000000000000e+00
1.541874516785144866e+00 -1.390175874710082971e+00 6.100000000000000533e+00 5.000000000000000000e+00
1.536874516785144751e+00 -1.355175874710083050e+00 6.089999999999999858e+00 5.000000000000000000e+00
1.544874516785144758e+00 -1.399175874710083090e+00 6.099000000000000199e+00 5.000000000000000000e+00
1.537874516785144863e+00 -1.378175874710082960e+00 6.086999999999999744e+00 5.000000000000000000e+00
1.538874516785144753e+00 -1.365175874710083059e+00 6.084000000000000519e+00 5.000000000000000000e+00
1.533874516785144859e+00 -1.382175874710082963e+00 6.076000000000000512e+00 5.000000000000000000e+00
1.535874516785144861e+00 -1.367175874710083061e+00 6.070999999999999730e+00 5.000000000000000000e+00
1.529874516785144856e+00 -1.373175874710083066e+00 6.108999999999999986e+00 5.000000000000000000e+00
1.531874516785144857e+00 -1.370175874710082953e+00 6.057000000000000384e+00 5.000000000000000000e+00
1.529874516785144856e+00 -1.359175874710083054e+00 6.064000000000000057e+00 5.000000000000000000e+00
4.248745167851448179e-01 -2.264175874710082859e+00 4.608999999999999986e+00 7.000000000000000000e+00
4.248745167851448179e-01 -2.276175874710082869e+00 4.615000000000000213e+00 7.000000000000000000e+00
3.958745167851447921e-01 -2.261175874710083189e+00 4.629000000000000448e+00 7.000000000000000000e+00
4.278745167851448206e-01 -2.158175874710082986e+00 4.634999999999999787e+00 7.000000000000000000e+00
4.028745167851447984e-01 -2.246175874710083065e+00 4.621999999999999886e+00 7.000000000000000000e+00
4.028745167851447984e-01 -2.259175874710082965e+00 4.620000000000000107e+00 7.000000000000000000e+00
4.188745167851448126e-01 -2.315175874710083015e+00 4.629000000000000448e+00 7.000000000000000000e+00
4.128745167851448072e-01 -2.325175874710082802e+00 4.610999999999999766e+00 7.000000000000000000e+00
4.358745167851448277e-01 -2.186175874710083011e+00 4.629000000000000448e+00 7.000000000000000000e+00
4.328745167851448250e-01 -2.266175874710083082e+00 4.620000000000000107e+00 7.000000000000000000e+00
4.198745167851448135e-01 -2.327175874710083026e+00 4.623000000000000220e+00 7.000000000000000000e+00
4.038745167851447992e-01 -2.322175874710083132e+00 4.600999999999999979e+00 7.000000000000000000e+00
4.528745167851447873e-01 -2.176175874710082780e+00 4.629000000000000448e+00 7.000000000000000000e+00
4.448745167851448357e-01 -2.181175874710083118e+00 4.628000000000000114e+00 7.000000000000000000e+00
4.438745167851448348e-01 -2.160175874710082766e+00 4.623000000000000220e+00 7.000000000000000000e+00
4.178745167851448117e-01 -2.313175874710083235e+00 4.613000000000000433e+00 7.000000000000000000e+00
4.128745167851448072e-01 -2.273175874710083200e+00 4.605000000000000426e+00 7.000000000000000000e+00
4.108745167851448055e-01 -2.289175874710083214e+00 4.613999999999999879e+00 7.000000000000000000e+00
1.411874516785144751e+00 -8.361758747100829225e-01 5.830000000000000071e+00 5.000000000000000000e+00
1.406874516785144857e+00 -8.611758747100830558e-01 5.777000000000000135e+00 5.000000000000000000e+00
1.406874516785144857e+00 -8.501758747100829350e-01 5.777000000000000135e+00 5.000000000000000000e+00
1.401874516785144742e+00 -8.411758747100830380e-01 5.775999999999999801e+00 5.000000000000000000e+00
1.402874516785144854e+00 -8.291758747100830274e-01 5.794000000000000483e+00 5.000000000000000000e+00
1.480874516785144923e+00 -9.461758747100830202e-01 5.850000000000000533e+00 5.000000000000000000e+00
1.413874516785144753e+00 -8.831758747100830753e-01 5.786999999999999922e+00 5.000000000000000000e+00
1.412874516785144863e+00 -8.341758747100829208e-01 5.799000000000000377e+00 5.000000000000000000e+00
1.396874516785144849e+00 -8.561758747100829403e-01 5.767999999999999794e+00 5.000000000000000000e+00
1.442874516785144889e+00 -8.871758747100830789e-01 5.799999999999999822e+00 5.000000000000000000e+00
1.447874516785144783e+00 -8.591758747100830540e-01 5.834000000000000519e+00 5.000000000000000000e+00
1.435874516785144772e+00 -8.791758747100830718e-01 5.801000000000000156e+00 5.000000000000000000e+00
1.355874516785144923e+00 -8.411758747100830380e-01 5.740000000000000213e+00 5.000000000000000000e+00
1.400874516785144852e+00 -8.301758747100829172e-01 5.780000000000000249e+00 5.000000000000000000e+00
1.385874516785144728e+00 -8.531758747100830487e-01 5.761000000000000121e+00 5.000000000000000000e+00
1.413874516785144753e+00 -8.701758747100829527e-01 5.780000000000000249e+00 5.000000000000000000e+00
1.414874516785144865e+00 -8.341758747100829208e-01 5.812999999999999723e+00 5.000000000000000000e+00
1.419874516785144758e+00 -8.411758747100830380e-01 5.826000000000000512e+00 5.000000000000000000e+00
1.421874516785144760e+00 -8.501758747100829350e-01 5.794000000000000483e+00 5.000000000000000000e+00
1.421874516785144760e+00 -8.391758747100830362e-01 5.809000000000000163e+00 5.000000000000000000e+00
1.437874516785144774e+00 -8.551758747100830504e-01 5.836999999999999744e+00 5.000000000000000000e+00
1.416874516785144866e+00 -8.541758747100829385e-01 5.785000000000000142e+00 5.000000000000000000e+00
1.387874516785144730e+00 -8.391758747100830362e-01 5.762999999999999901e+00 5.000000000000000000e+00
1.383874516785144726e+00 -8.321758747100829190e-01 5.762000000000000455e+00 5.000000000000000000e+00
1.423874516785144761e+00 -8.761758747100829581e-01 5.791999999999999815e+00 5.000000000000000000e+00
1.463874516785144797e+00 -9.321758747100830078e-01 5.833000000000000185e+00 5.000000000000000000e+00
1.470874516785144914e+00 -9.041758747100829829e-01 5.830000000000000071e+00 5.000000000000000000e+00
1.471874516785144804e+00 -8.901758747100829705e-01 5.838000000000000078e+00 5.000000000000000000e+00
1.466874516785144911e+00 -9.181758747100829954e-01 5.828000000000000291e+00 5.000000000000000000e+00
1.467874516785144801e+00 -8.831758747100830753e-01 5.870000000000000107e+00 5.000000000000000000e+00
1.466874516785144911e+00 -8.821758747100829634e-01 5.838000000000000078e+00 5.000000000000000000e+00
1.468874516785144912e+00 -8.821758747100829634e-01 5.852999999999999758e+00 5.000000000000000000e+00
1.394874516785144847e+00 -8.701758747100829527e-01 5.775000000000000355e+00 5.000000000000000000e+00
1.395874516785144737e+00 -8.341758747100829208e-01 5.770000000000000462e+00 5.000000000000000000e+00
1.395874516785144737e+00 -8.461758747100829314e-01 5.766000000000000014e+00 5.000000000000000000e+00
1.412874516785144863e+00 -8.451758747100830416e-01 5.786000000000000476e+00 5.000000000000000000e+00
1.421874516785144760e+00 -8.651758747100830593e-01 5.788999999999999702e+00 5.000000000000000000e+00
1.449874516785144785e+00 -8.701758747100829527e-01 5.818000000000000504e+00 5.000000000000000000e+00
1.376874516785144831e+00 -8.471758747100830433e-01 5.754999999999999893e+00 5.000000000000000000e+00
1.380874516785144834e+00 -8.681758747100829510e-01 5.767999999999999794e+00 5.000000000000000000e+00
1.423874516785144761e+00 -8.881758747100829687e-01 5.796000000000000263e+00 5.000000000000000000e+00
1.375874516785144941e+00 -8.381758747100829243e-01 5.754000000000000448e+00 5.000000000000000000e+00
1.425874516785144763e+00 -8.481758747100829332e-01 5.809000000000000163e+00 5.000000000000000000e+00
1.432874516785144881e+00 -8.691758747100830629e-01 5.799999999999999822e+00 5.000000000000000000e+00
1.453874516785144788e+00 -8.791758747100830718e-01 5.820999999999999730e+00 5.000000000000000000e+00
1.485874516785144817e+00 -9.041758747100829829e-01 5.841000000000000192e+00 5.000000000000000000e+00
1.479874516785144811e+00 -9.211758747100828870e-01 5.836000000000000298e+00 5.000000000000000000e+00
1.476874516785144920e+00 -8.991758747100828675e-01 5.839999999999999858e+00 5.000000000000000000e+00
1.475874516785144808e+00 -8.881758747100829687e-01 5.866999999999999993e+00 5.000000000000000000e+00
1.473874516785144806e+00 -8.891758747100830806e-01 5.852000000000000313e+00 5.000000000000000000e+00
1.484874516785144927e+00 -8.941758747100829741e-01 5.863999999999999879e+00 5.000000000000000000e+00
1.476874516785144920e+00 -9.111758747100828781e-01 5.836000000000000298e+00 5.000000000000000000e+00
1.481874516785144813e+00 -8.961758747100829758e-01 5.849000000000000199e+00 5.000000000000000000e+00
1.491874516785144822e+00 -9.131758747100828799e-01 5.855000000000000426e+00 5.000000000000000000e+00
1.488874516785144930e+00 -9.021758747100829812e-01 5.857000000000000206e+00 5.000000000000000000e+00
1.453874516785144788e+00 -8.911758747100830824e-01 5.804000000000000270e+00 5.000000000000000000e+00
1.408874516785144859e+00 -8.371758747100830345e-01 5.785000000000000142e+00 5.000000000000000000e+00
1.455874516785144790e+00 -8.901758747100829705e-01 5.818000000000000504e+00 5.000000000000000000e+00
1.450874516785144897e+00 -9.041758747100829829e-01 5.810999999999999943e+00 5.000000000000000000e+00
1.452874516785144898e+00 -8.681758747100829510e-01 5.847000000000000419e+00 5.000000000000000000e+00
1.448874516785144895e+00 -8.831758747100830753e-01 5.810999999999999943e+00 5.000000000000000000e+00
1.450874516785144897e+00 -8.311758747100830291e-01 5.815999999999999837e+00 5.000000000000000000e+00
1.453874516785144788e+00 -9.271758747100828923e-01 5.826000000000000512e+00 5.000000000000000000e+00
1.461874516785144795e+00 -8.751758747100830682e-01 5.847000000000000419e+00 5.000000000000000000e+00
1.452874516785144898e+00 -8.681758747100829510e-01 5.833000000000000185e+00 5.000000000000000000e+00
1.457874516785144792e+00 -9.001758747100829794e-01 5.818999999999999950e+00 5.000000000000000000e+00
1.364874516785144820e+00 -8.341758747100829208e-01 5.746000000000000441e+00 5.000000000000000000e+00
1.428874516785144877e+00 -8.601758747100829439e-01 5.799000000000000377e+00 5.000000000000000000e+00
1.436874516785144884e+00 -8.551758747100830504e-01 5.823000000000000398e+00 5.000000000000000000e+00
1.463874516785144797e+00 -8.741758747100829563e-01 5.860000000000000320e+00 5.000000000000000000e+00
1.435874516785144772e+00 -9.041758747100829829e-01 5.804999999999999716e+00 5.000000000000000000e+00
1.464874516785144909e+00 -8.951758747100828639e-01 5.828000000000000291e+00 5.000000000000000000e+00
1.459874516785144793e+00 -9.111758747100828781e-01 5.823000000000000398e+00 5.000000000000000000e+00
1.417874516785144756e+00 -8.421758747100829279e-01 5.796999999999999709e+00 5.000000000000000000e+00
1.458874516785144904e+00 -8.771758747100830700e-01 5.834000000000000519e+00 5.000000000000000000e+00
1.461874516785144795e+00 -8.861758747100829670e-01 5.828000000000000291e+00 5.000000000000000000e+00
2.339874516785144909e+00 -1.568175874710083129e+00 5.807999999999999829e+00 8.000000000000000000e+00
2.343874516785144912e+00 -1.591175874710083038e+00 5.815999999999999837e+00 -1.000000000000000000e+00
2.796874516785144760e+00 -1.274175874710083090e+00 5.049999999999999822e+00 -1.000000000000000000e+00
2.784874516785144749e+00 -1.333175874710083031e+00 5.020000000000000462e+00 -1.000000000000000000e+00
2.797874516785144650e+00 -1.285175874710082988e+00 5.041000000000000369e+00 -1.000000000000000000e+00
2.803874516785144877e+00 -1.257175874710082963e+00 5.073000000000000398e+00 -1.000000000000000000e+00
2.829874516785144678e+00 -1.386175874710082967e+00 5.094999999999999751e+00 -1.000000000000000000e+00
2.808874516785144770e+00 -1.264175874710083081e+00 5.068000000000000504e+00 -1.000000000000000000e+00
2.814874516785144998e+00 -1.259175874710082965e+00 5.078999999999999737e+00 -1.000000000000000000e+00
2.792874516785144756e+00 -1.277175874710082981e+00 5.041000000000000369e+00 -1.000000000000000000e+00
2.777874516785145076e+00 -1.353175874710083049e+00 5.012000000000000455e+00 -1.000000000000000000e+00
2.765874516785145065e+00 -1.287175874710082990e+00 5.008000000000000007e+00 -1.000000000000000000e+00
1.156874516785144857e+00 -7.591758747100829652e-01 5.477000000000000313e+00 5.000000000000000000e+00
1.151874516785144742e+00 -7.501758747100830682e-01 5.464000000000000412e+00 5.000000000000000000e+00
1.158874516785144859e+00 -7.451758747100829527e-01 5.474000000000000199e+00 5.000000000000000000e+00
1.155874516785144746e+00 -7.341758747100830540e-01 5.461000000000000298e+00 5.000000000000000000e+00
1.148874516785144850e+00 -7.771758747100829812e-01 5.485999999999999766e+00 5.000000000000000000e+00
3.378745167851447961e-01 -9.617587471008315347e-02 6.392000000000000348e+00 1.700000000000000000e+01
3.658745167851448210e-01 -1.031758747100828266e-01 6.375000000000000000e+00 1.700000000000000000e+01
4.048745167851448001e-01 -1.141758747100829474e-01 6.342000000000000526e+00 1.700000000000000000e+01
3.558745167851448121e-01 -8.517587471008303268e-02 6.391000000000000014e+00 1.700000000000000000e+01
4.028745167851447984e-01 -1.161758747100831712e-01 6.360999999999999766e+00 1.700000000000000000e+01
3.498745167851448068e-01 -8.917587471008303623e-02 6.413000000000000256e+00 1.700000000000000000e+01
4.168745167851448108e-01 -1.181758747100829510e-01 6.330000000000000071e+00 1.700000000000000000e+01
3.838745167851448370e-01 -1.041758747100831606e-01 6.373000000000000220e+00 1.700000000000000000e+01
3.738745167851448281e-01 -9.917587471008282307e-02 6.386000000000000121e+00 1.700000000000000000e+01
4.128745167851448072e-01 -1.211758747100830647e-01 6.350999999999999979e+00 1.700000000000000000e+01
3.918745167851447886e-01 -1.111758747100828337e-01 6.350000000000000533e+00 1.700000000000000000e+01
3.368745167851447953e-01 -8.617587471008292255e-02 6.419000000000000483e+00 1.700000000000000000e+01
3.568745167851448130e-01 -9.817587471008293321e-02 6.381000000000000227e+00 1.700000000000000000e+01
3.928745167851447895e-01 -1.111758747100828337e-01 6.365000000000000213e+00 1.700000000000000000e+01
3.448745167851448024e-01 -8.117587471008302913e-02 6.392999999999999794e+00 1.700000000000000000e+01
3.798745167851448334e-01 -1.061758747100829403e-01 6.363000000000000433e+00 1.700000000000000000e+01
3.658745167851448210e-01 -9.217587471008314992e-02 6.389000000000000234e+00 1.700000000000000000e+01
2.007874516785144614e+00 -5.841758747100829208e-01 6.014000000000000234e+00 8.000000000000000000e+00
1.977874516785144809e+00 -6.501758747100829794e-01 5.953999999999999737e+00 8.000000000000000000e+00
2.015874516785144621e+00 -5.551758747100827840e-01 6.035000000000000142e+00 8.000000000000000000e+00
2.028874516785144522e+00 -5.571758747100830078e-01 6.035000000000000142e+00 8.000000000000000000e+00
1.998874516785144939e+00 -5.791758747100830274e-01 6.019000000000000128e+00 8.000000000000000000e+00
2.019874516785145069e+00 -5.631758747100830131e-01 6.030000000000000249e+00 8.000000000000000000e+00
2.025874516785144852e+00 -5.811758747100830291e-01 6.025000000000000355e+00 8.000000000000000000e+00
1.960874516785144905e+00 -6.741758747100830007e-01 5.927999999999999936e+00 8.000000000000000000e+00
1.965874516785144799e+00 -6.481758747100829776e-01 5.956000000000000405e+00 8.000000000000000000e+00
2.040874516785144976e+00 -5.611758747100830114e-01 6.044000000000000483e+00 8.000000000000000000e+00
2.024874516785144962e+00 -5.721758747100829101e-01 6.027000000000000135e+00 8.000000000000000000e+00
2.014874516785145175e+00 -5.891758747100830362e-01 6.020000000000000462e+00 8.000000000000000000e+00
1.971874516785144804e+00 -6.201758747100829527e-01 5.983999999999999986e+00 8.000000000000000000e+00
1.982874516785144925e+00 -6.471758747100828657e-01 5.964000000000000412e+00 8.000000000000000000e+00
1.986874516785144928e+00 -6.441758747100829741e-01 5.975999999999999979e+00 8.000000000000000000e+00
1.970874516785144914e+00 -6.791758747100828941e-01 5.929000000000000270e+00 8.000000000000000000e+00
1.968874516785144912e+00 -6.671758747100828835e-01 5.935000000000000497e+00 8.000000000000000000e+00
2.040874516785144976e+00 -5.481758747100831108e-01 6.038999999999999702e+00 8.000000000000000000e+00
1.960874516785144905e+00 -6.631758747100828799e-01 5.939000000000000057e+00 8.000000000000000000e+00
1.968874516785144912e+00 -6.331758747100830753e-01 5.969000000000000306e+00 8.000000000000000000e+00
2.032874516785144969e+00 -5.661758747100829048e-01 6.033999999999999808e+00 8.000000000000000000e+00
1.983874516785144815e+00 -6.351758747100830771e-01 5.971000000000000085e+00 8.000000000000000000e+00
1.988874516785144930e+00 -6.311758747100830735e-01 5.980000000000000426e+00 8.000000000000000000e+00
1.977874516785144809e+00 -6.261758747100829581e-01 5.975000000000000533e+00 8.000000000000000000e+00
2.014874516785145175e+00 -5.791758747100830274e-01 6.020999999999999908e+00 8.000000000000000000e+00
1.977874516785144809e+00 -6.741758747100830007e-01 5.937999999999999723e+00 8.000000000000000000e+00
1.979874516785144811e+00 -6.151758747100830593e-01 5.991999999999999993e+00 8.000000000000000000e+00
1.975874516785144808e+00 -6.631758747100828799e-01 5.945000000000000284e+00 8.000000000000000000e+00
1.974874516785144918e+00 -6.081758747100829421e-01 5.998000000000000220e+00 8.000000000000000000e+00
2.051874516785145097e+00 -5.531758747100830043e-01 6.049000000000000377e+00 8.000000000000000000e+00
2.009874516785144838e+00 -5.931758747100830398e-01 6.009000000000000341e+00 8.000000000000000000e+00
2.009874516785144838e+00 -5.711758747100830202e-01 6.024000000000000021e+00 8.000000000000000000e+00
1.974874516785144918e+00 -6.421758747100829723e-01 5.964000000000000412e+00 8.000000000000000000e+00
2.028874516785144522e+00 -5.461758747100828870e-01 6.038999999999999702e+00 8.000000000000000000e+00
1.987874516785144818e+00 -6.201758747100829527e-01 5.983000000000000540e+00 8.000000000000000000e+00
2.338874516785145019e+00 -3.531758747100828266e-01 5.855000000000000426e+00 0.000000000000000000e+00
2.347874516785144916e+00 -3.471758747100830433e-01 5.860000000000000320e+00 0.000000000000000000e+00
1.926874516785144875e+00 -1.758747100830682086e-04 6.536000000000000476e+00 1.900000000000000000e+01
1.933874516785144770e+00 4.824125289916825210e-03 6.544000000000000483e+00 1.900000000000000000e+01
1.954874516785144900e+00 1.682412528991683587e-02 6.572000000000000064e+00 1.900000000000000000e+01
1.953874516785144788e+00 5.824125289917159165e-03 6.554000000000000270e+00 1.900000000000000000e+01
1.948874516785144895e+00 1.382412528991716627e-02 6.562000000000000277e+00 1.900000000000000000e+01
1.916874516785144866e+00 4.824125289916825210e-03 6.535000000000000142e+00 1.900000000000000000e+01
1.899874516785144740e+00 4.824125289916825210e-03 6.517999999999999794e+00 1.900000000000000000e+01
1.941874516785144777e+00 9.824125289917162718e-03 6.554000000000000270e+00 1.900000000000000000e+01
1.946874516785144893e+00 1.824125289917155612e-03 6.546000000000000263e+00 1.900000000000000000e+01
1.906874516785144857e+00 -1.175874710082958075e-03 6.527000000000000135e+00 1.900000000000000000e+01
6.898745167851447757e-01 3.382412528991718403e-02 6.379000000000000448e+00 2.000000000000000000e+00
6.208745167851448254e-01 5.824125289917159165e-03 6.339000000000000412e+00 2.000000000000000000e+00
6.148745167851448201e-01 1.382412528991716627e-02 6.360999999999999766e+00 2.000000000000000000e+00
6.248745167851448290e-01 7.824125289916938897e-03 6.352000000000000313e+00 2.000000000000000000e+00
1.962874516785144907e+00 -8.317587471008280886e-02 6.668000000000000149e+00 -1.000000000000000000e+00
1.961874516785144795e+00 -7.117587471008279820e-02 6.668000000000000149e+00 -1.000000000000000000e+00
1.973874516785144806e+00 -7.517587471008280176e-02 6.671999999999999709e+00 -1.000000000000000000e+00
1.980874516785144923e+00 -8.017587471008313926e-02 6.669999999999999929e+00 -1.000000000000000000e+00
2.007874516785144614e+00 -7.417587471008291189e-02 6.695000000000000284e+00 -1.000000000000000000e+00
1.990874516785144932e+00 -8.517587471008303268e-02 6.677999999999999936e+00 -1.000000000000000000e+00
9.498745167851447846e-01 -1.481758747100827556e-01 6.403000000000000469e+00 2.000000000000000000e+00
9.488745167851447837e-01 -1.371758747100830789e-01 6.415000000000000036e+00 2.000000000000000000e+00
9.248745167851448734e-01 -1.511758747100828693e-01 6.370000000000000107e+00 2.000000000000000000e+00
9.288745167851448770e-01 -1.371758747100830789e-01 6.387000000000000455e+00 2.000000000000000000e+00
9.518745167851447864e-01 -1.351758747100828550e-01 6.427000000000000490e+00 2.000000000000000000e+00
9.088745167851448592e-01 -1.341758747100829652e-01 6.347999999999999865e+00 2.000000000000000000e+00
8.928745167851448450e-01 -9.117587471008281597e-02 6.395000000000000462e+00 2.000000000000000000e+00
2.467874516785145023e+00 -6.861758747100830114e-01 5.761000000000000121e+00 -1.000000000000000000e+00
2.472874516785144916e+00 -6.941758747100830185e-01 5.764000000000000234e+00 -1.000000000000000000e+00
2.532874516785144969e+00 -6.821758747100830078e-01 5.786000000000000476e+00 -1.000000000000000000e+00
2.519874516785145069e+00 -6.811758747100828959e-01 5.783000000000000362e+00 -1.000000000000000000e+00
2.484874516785144927e+00 -6.841758747100830096e-01 5.766000000000000014e+00 -1.000000000000000000e+00
3.714874516785144909e+00 -9.717587471008304334e-02 5.975000000000000533e+00 -1.000000000000000000e+00
3.737874516785145040e+00 -1.001758747100831570e-01 6.001999999999999780e+00 -1.000000000000000000e+00
1.533874516785144859e+00 -1.043175874710082995e+00 5.165000000000000036e+00 8.000000000000000000e+00
1.542874516785144756e+00 -1.035175874710082988e+00 5.177000000000000490e+00 8.000000000000000000e+00
1.539874516785144865e+00 -1.046175874710082887e+00 5.179000000000000270e+00 8.000000000000000000e+00
1.559874516785144882e+00 -1.030175874710082873e+00 5.205000000000000071e+00 8.000000000000000000e+00
1.564874516785144776e+00 -1.044175874710082885e+00 5.209000000000000519e+00 8.000000000000000000e+00
1.565874516785144888e+00 -1.032175874710082875e+00 5.214999999999999858e+00 8.000000000000000000e+00
1.547874516785144872e+00 -1.038175874710082880e+00 5.187999999999999723e+00 8.000000000000000000e+00
1.534874516785144749e+00 -1.032175874710082875e+00 5.166000000000000369e+00 8.000000000000000000e+00
1.541874516785144866e+00 -1.023175874710082978e+00 5.182999999999999829e+00 8.000000000000000000e+00
1.544874516785144758e+00 -1.048175874710082889e+00 5.190000000000000391e+00 8.000000000000000000e+00
1.477874516785144809e+00 -1.087175874710083034e+00 5.165000000000000036e+00 8.000000000000000000e+00
8.488745167851448059e-01 -1.643175874710082862e+00 5.052999999999999936e+00 1.500000000000000000e+01
8.388745167851447970e-01 -1.640175874710082971e+00 5.043000000000000149e+00 1.500000000000000000e+01
9.068745167851448574e-01 -3.881758747100829687e-01 5.727000000000000313e+00 1.200000000000000000e+01
9.358745167851447722e-01 -4.041758747100829829e-01 5.690999999999999837e+00 1.200000000000000000e+01
9.318745167851447686e-01 -4.061758747100827627e-01 5.681000000000000050e+00 1.200000000000000000e+01
9.588745167851447926e-01 -4.121758747100829900e-01 5.689000000000000057e+00 1.200000000000000000e+01
8.718745167851448263e-01 -3.891758747100828586e-01 5.695999999999999730e+00 1.200000000000000000e+01
8.658745167851448210e-01 -4.021758747100827591e-01 5.711999999999999744e+00 1.200000000000000000e+01
8.658745167851448210e-01 -3.901758747100827485e-01 5.714999999999999858e+00 1.200000000000000000e+01
8.728745167851448272e-01 -3.851758747100828550e-01 5.709000000000000519e+00 1.200000000000000000e+01
9.098745167851448601e-01 -4.091758747100828764e-01 5.658999999999999808e+00 1.200000000000000000e+01
9.138745167851448636e-01 -3.951758747100830860e-01 5.738000000000000433e+00 1.200000000000000000e+01
9.128745167851448628e-01 -3.951758747100830860e-01 5.705000000000000071e+00 1.200000000000000000e+01
9.148745167851448645e-01 -3.941758747100827520e-01 5.719000000000000306e+00 1.200000000000000000e+01
9.048745167851448556e-01 -3.991758747100830895e-01 5.666000000000000369e+00 1.200000000000000000e+01
9.088745167851448592e-01 -4.321758747100830078e-01 5.639000000000000234e+00 1.200000000000000000e+01
9.358745167851447722e-01 -4.261758747100827804e-01 5.631000000000000227e+00 1.200000000000000000e+01
9.358745167851447722e-01 -4.051758747100828728e-01 5.709000000000000519e+00 1.200000000000000000e+01
9.198745167851448690e-01 -4.031758747100830931e-01 5.682000000000000384e+00 1.200000000000000000e+01
9.248745167851448734e-01 -4.021758747100827591e-01 5.725999999999999979e+00 1.200000000000000000e+01
9.428745167851447784e-01 -4.171758747100828835e-01 5.685000000000000497e+00 1.200000000000000000e+01
9.268745167851448752e-01 -4.201758747100829972e-01 5.639000000000000234e+00 1.200000000000000000e+01
9.248745167851448734e-01 -4.011758747100828693e-01 5.695000000000000284e+00 1.200000000000000000e+01
9.268745167851448752e-01 -4.001758747100829794e-01 5.709999999999999964e+00 1.200000000000000000e+01
9.128745167851448628e-01 -4.181758747100827733e-01 5.649000000000000021e+00 1.200000000000000000e+01
8.948745167851448468e-01 -4.191758747100831073e-01 5.658999999999999808e+00 1.200000000000000000e+01
9.118745167851448619e-01 -3.951758747100830860e-01 5.690000000000000391e+00 1.200000000000000000e+01
3.925874516785144763e+00 -2.117587471008297584e-02 6.068999999999999950e+00 1.100000000000000000e+01
3.923874516785144984e+00 -1.117587471008274491e-02 6.072000000000000064e+00 1.100000000000000000e+01
3.906874516785145079e+00 -4.517587471008299715e-02 6.033999999999999808e+00 1.100000000000000000e+01
3.916874516785144866e+00 -1.617587471008308242e-02 6.062000000000000277e+00 1.100000000000000000e+01
3.907874516785144969e+00 -3.417587471008287636e-02 6.041000000000000369e+00 1.100000000000000000e+01
3.892874516785144845e+00 -6.175874710082851493e-03 6.089999999999999858e+00 1.100000000000000000e+01
3.902874516785145076e+00 -3.817587471008287991e-02 6.032000000000000028e+00 1.100000000000000000e+01
3.913874516785144753e+00 -3.017587471008287281e-02 6.049999999999999822e+00 1.100000000000000000e+01
3.912874516785144863e+00 -1.017587471008285505e-02 6.065000000000000391e+00 1.100000000000000000e+01
3.911874516785144973e+00 -2.017587471008308597e-02 6.054000000000000270e+00 1.100000000000000000e+01
3.903874516785144966e+00 -2.617587471008286926e-02 6.046999999999999709e+00 1.100000000000000000e+01
3.890874516785145065e+00 8.241252899172657465e-04 6.105999999999999872e+00 1.100000000000000000e+01
3.917874516785144756e+00 -2.717587471008275912e-02 6.062000000000000277e+00 1.100000000000000000e+01
3.899874516785144962e+00 -1.217587471008307887e-02 6.096000000000000085e+00 1.100000000000000000e+01
3.902874516785145076e+00 -9.175874710082965180e-03 6.076999999999999957e+00 1.100000000000000000e+01
3.904874516785144856e+00 -1.717587471008297229e-02 6.060000000000000497e+00 1.100000000000000000e+01
2.917874516785144756e+00 -3.901758747100827485e-01 6.126000000000000334e+00 1.800000000000000000e+01
2.973874516785144806e+00 -4.491758747100829119e-01 6.168000000000000149e+00 1.800000000000000000e+01
2.949874516785144785e+00 -4.561758747100830291e-01 6.158999999999999808e+00 1.800000000000000000e+01
2.932874516785144881e+00 -3.901758747100827485e-01 6.142000000000000348e+00 1.800000000000000000e+01
2.919874516785144980e+00 -4.901758747100828373e-01 6.116000000000000547e+00 1.800000000000000000e+01
2.957874516785144792e+00 -4.491758747100829119e-01 6.163999999999999702e+00 1.800000000000000000e+01
2.939874516785144998e+00 -3.971758747100828657e-01 6.125000000000000000e+00 1.800000000000000000e+01
2.926874516785144653e+00 -4.731758747100829332e-01 6.134999999999999787e+00 1.800000000000000000e+01
2.910874516785145083e+00 -4.861758747100828337e-01 6.137000000000000455e+00 1.800000000000000000e+01
2.909874516785144749e+00 -4.071758747100830966e-01 6.104000000000000092e+00 1.800000000000000000e+01
2.914874516785144642e+00 -4.031758747100830931e-01 6.113999999999999879e+00 1.800000000000000000e+01
2.909874516785144749e+00 -3.961758747100829758e-01 6.120000000000000107e+00 1.800000000000000000e+01
2.926874516785144653e+00 -4.271758747100831144e-01 6.121999999999999886e+00 1.800000000000000000e+01
2.927874516785144987e+00 -4.061758747100827627e-01 6.121999999999999886e+00 1.800000000000000000e+01
2.924874516785144873e+00 -4.181758747100827733e-01 6.120000000000000107e+00 1.800000000000000000e+01
2.920874516785144870e+00 -4.111758747100831002e-01 6.113000000000000433e+00 1.800000000000000000e+01
2.936874516785144884e+00 -3.991758747100830895e-01 6.144000000000000128e+00 1.800000000000000000e+01
2.921874516785144760e+00 -4.881758747100830576e-01 6.129000000000000448e+00 1.800000000000000000e+01
2.921874516785144760e+00 -3.981758747100827556e-01 6.121999999999999886e+00 1.800000000000000000e+01
2.933874516785144770e+00 -3.891758747100828586e-01 6.124000000000000554e+00 1.800000000000000000e+01
2.026874516785144742e+00 -1.020175874710083086e+00 6.390000000000000568e+00 5.000000000000000000e+00
3.595874516785144692e+00 -6.741758747100830007e-01 5.546999999999999709e+00 4.000000000000000000e+00
3.602874516785144809e+00 -6.691758747100828852e-01 5.554999999999999716e+00 4.000000000000000000e+00
3.571874516785144671e+00 -6.841758747100830096e-01 5.540000000000000036e+00 4.000000000000000000e+00
3.582874516785144792e+00 -6.751758747100828906e-01 5.544000000000000483e+00 4.000000000000000000e+00
1.345874516785144914e+00 -7.811758747100829847e-01 5.722000000000000419e+00 5.000000000000000000e+00
2.994874516785144714e+00 -8.931758747100828622e-01 5.810999999999999943e+00 0.000000000000000000e+00
3.006874516785144724e+00 -8.421758747100829279e-01 5.836000000000000298e+00 0.000000000000000000e+00
2.995874516785145047e+00 -9.061758747100829847e-01 5.814000000000000057e+00 0.000000000000000000e+00
3.013874516785144841e+00 -8.891758747100830806e-01 5.830000000000000071e+00 0.000000000000000000e+00
3.016874516785144955e+00 -8.451758747100830416e-01 5.842000000000000526e+00 0.000000000000000000e+00
3.004874516785144944e+00 -9.101758747100829883e-01 5.823999999999999844e+00 0.000000000000000000e+00
3.005874516785144834e+00 -8.961758747100829758e-01 5.818000000000000504e+00 0.000000000000000000e+00
3.012874516785144952e+00 -9.001758747100829794e-01 5.828999999999999737e+00 0.000000000000000000e+00
3.002874516785144721e+00 -8.341758747100829208e-01 5.836000000000000298e+00 0.000000000000000000e+00
2.932874516785144881e+00 -7.961758747100828870e-01 5.788000000000000256e+00 0.000000000000000000e+00
2.980874516785144923e+00 -8.271758747100830256e-01 5.818999999999999950e+00 0.000000000000000000e+00
2.982874516785144703e+00 -8.021758747100828923e-01 5.810999999999999943e+00 0.000000000000000000e+00
2.990874516785144710e+00 -7.961758747100828870e-01 5.818999999999999950e+00 0.000000000000000000e+00
2.986874516785144706e+00 -8.231758747100830220e-01 5.828000000000000291e+00 0.000000000000000000e+00
3.007874516785145058e+00 -8.861758747100829670e-01 5.820000000000000284e+00 0.000000000000000000e+00
2.992874516785144934e+00 -7.941758747100828852e-01 5.833000000000000185e+00 0.000000000000000000e+00
2.981874516785144813e+00 -7.801758747100828728e-01 5.812000000000000277e+00 0.000000000000000000e+00
2.983874516785145037e+00 -7.881758747100828799e-01 5.812000000000000277e+00 0.000000000000000000e+00
2.995874516785145047e+00 -8.291758747100830274e-01 5.831999999999999851e+00 0.000000000000000000e+00
2.983874516785145037e+00 -8.131758747100830131e-01 5.815999999999999837e+00 0.000000000000000000e+00
2.968874516785144912e+00 -8.141758747100829030e-01 5.796000000000000263e+00 0.000000000000000000e+00
2.960874516785144905e+00 -8.071758747100830078e-01 5.791000000000000369e+00 0.000000000000000000e+00
2.929874516785144767e+00 -8.111758747100830114e-01 5.772000000000000242e+00 0.000000000000000000e+00
2.968874516785144912e+00 -8.011758747100830025e-01 5.798000000000000043e+00 0.000000000000000000e+00
2.975874516785145030e+00 -7.961758747100828870e-01 5.804999999999999716e+00 0.000000000000000000e+00
2.963874516785145019e+00 -7.941758747100828852e-01 5.799000000000000377e+00 0.000000000000000000e+00
2.938874516785144664e+00 -7.911758747100829936e-01 5.796000000000000263e+00 0.000000000000000000e+00
2.943874516785145001e+00 -7.991758747100830007e-01 5.788000000000000256e+00 0.000000000000000000e+00
2.940874516785144888e+00 -8.131758747100830131e-01 5.778999999999999915e+00 0.000000000000000000e+00
2.935874516785144994e+00 -8.061758747100828959e-01 5.780000000000000249e+00 0.000000000000000000e+00
2.947874516785145005e+00 -8.071758747100830078e-01 5.786000000000000476e+00 0.000000000000000000e+00
2.976874516785144920e+00 -8.071758747100830078e-01 5.802999999999999936e+00 0.000000000000000000e+00
2.955874516785145012e+00 -8.011758747100830025e-01 5.793000000000000149e+00 0.000000000000000000e+00
2.951874516785145008e+00 -8.151758747100830149e-01 5.785000000000000142e+00 0.000000000000000000e+00
2.951874516785145008e+00 -7.931758747100829954e-01 5.794999999999999929e+00 0.000000000000000000e+00
2.978874516785144699e+00 -8.161758747100829048e-01 5.807000000000000384e+00 0.000000000000000000e+00
2.991874516785145044e+00 -7.821758747100828746e-01 5.818000000000000504e+00 0.000000000000000000e+00
8.918745167851448441e-01 -8.251758747100830238e-01 5.017999999999999794e+00 -1.000000000000000000e+00
9.168745167851448663e-01 -8.391758747100830362e-01 5.000000000000000000e+00 -1.000000000000000000e+00
2.075874516785145119e+00 -5.121758747100830789e-01 6.070999999999999730e+00 8.000000000000000000e+00
2.111874516785144706e+00 -4.981758747100828444e-01 6.110000000000000320e+00 8.000000000000000000e+00
2.081874516785144902e+00 -4.971758747100829545e-01 6.084999999999999964e+00 8.000000000000000000e+00
2.091874516785145133e+00 -4.761758747100830469e-01 6.100000000000000533e+00 8.000000000000000000e+00
2.106874516785144813e+00 -5.011758747100829581e-01 6.099000000000000199e+00 8.000000000000000000e+00
2.064874516785144998e+00 -5.091758747100829652e-01 6.070000000000000284e+00 8.000000000000000000e+00
2.083874516785145126e+00 -5.061758747100828515e-01 6.078000000000000291e+00 8.000000000000000000e+00
2.098874516785144806e+00 -4.951758747100831748e-01 6.094000000000000306e+00 8.000000000000000000e+00
2.091874516785145133e+00 -5.131758747100829687e-01 6.100000000000000533e+00 8.000000000000000000e+00
2.120874516785145047e+00 -5.041758747100830718e-01 6.121999999999999886e+00 8.000000000000000000e+00
2.073874516785144895e+00 -5.031758747100831819e-01 6.076000000000000512e+00 8.000000000000000000e+00
2.091874516785145133e+00 -4.891758747100829474e-01 6.091000000000000192e+00 8.000000000000000000e+00
2.086874516785144795e+00 -5.171758747100829723e-01 6.088000000000000078e+00 8.000000000000000000e+00
2.091874516785145133e+00 -5.011758747100829581e-01 6.084999999999999964e+00 8.000000000000000000e+00
2.105874516785144923e+00 -4.911758747100831712e-01 6.102999999999999758e+00 8.000000000000000000e+00
2.080874516785145012e+00 -5.201758747100830860e-01 6.078000000000000291e+00 8.000000000000000000e+00
2.074874516785144785e+00 -5.241758747100830895e-01 6.068000000000000504e+00 8.000000000000000000e+00
2.325874516785144674e+00 -3.751758747100830682e-01 5.836999999999999744e+00 0.000000000000000000e+00
2.333874516785144682e+00 -3.701758747100831748e-01 5.858999999999999986e+00 0.000000000000000000e+00
2.328874516785144788e+00 -3.601758747100829439e-01 5.847000000000000419e+00 0.000000000000000000e+00
2.331874516785144902e+00 -3.701758747100831748e-01 5.846000000000000085e+00 0.000000000000000000e+00
2.319874516785144891e+00 -3.671758747100830611e-01 5.842000000000000526e+00 0.000000000000000000e+00
2.048874516785144984e+00 -1.342175874710082928e+00 5.738000000000000433e+00 8.000000000000000000e+00
2.036874516785144529e+00 -1.338175874710082924e+00 5.730999999999999872e+00 8.000000000000000000e+00
2.047874516785144650e+00 -1.330175874710082917e+00 5.737000000000000099e+00 8.000000000000000000e+00
2.039874516785144642e+00 -1.348175874710082933e+00 5.733000000000000540e+00 8.000000000000000000e+00
1.772874516785144738e+00 -1.044175874710082885e+00 6.102000000000000313e+00 5.000000000000000000e+00
1.809874516785144882e+00 -1.080175874710082917e+00 6.116999999999999993e+00 5.000000000000000000e+00
1.803874516785144877e+00 -1.097175874710083043e+00 6.123000000000000220e+00 5.000000000000000000e+00
1.779874516785144856e+00 -1.091175874710083038e+00 6.110999999999999766e+00 5.000000000000000000e+00
1.777874516785144854e+00 -1.066175874710082905e+00 6.096000000000000085e+00 5.000000000000000000e+00
1.811874516785144884e+00 -1.103175874710083049e+00 6.131000000000000227e+00 5.000000000000000000e+00
1.781874516785144857e+00 -1.051175874710083002e+00 6.096000000000000085e+00 5.000000000000000000e+00
1.767874516785144845e+00 -1.073175874710083022e+00 6.089999999999999858e+00 5.000000000000000000e+00
1.771874516785144849e+00 -1.058175874710082898e+00 6.089000000000000412e+00 5.000000000000000000e+00
1.787874516785144863e+00 -1.070175874710082908e+00 6.102999999999999758e+00 5.000000000000000000e+00
1.764874516785144731e+00 -1.037175874710082990e+00 6.089000000000000412e+00 5.000000000000000000e+00
1.758874516785144948e+00 -1.042175874710082883e+00 6.078999999999999737e+00 5.000000000000000000e+00
1.761874516785144840e+00 -1.052175874710082892e+00 6.081999999999999851e+00 5.000000000000000000e+00
1.774874516785144740e+00 -1.080175874710082917e+00 6.099000000000000199e+00 5.000000000000000000e+00
1.785874516785144861e+00 -1.059175874710083010e+00 6.102999999999999758e+00 5.000000000000000000e+00
1.768874516785144735e+00 -1.047175874710082999e+00 6.089000000000000412e+00 5.000000000000000000e+00
1.774874516785144740e+00 -1.029175874710082983e+00 6.092999999999999972e+00 5.000000000000000000e+00
1.760874516785144950e+00 -1.066175874710082905e+00 6.084000000000000519e+00 5.000000000000000000e+00
1.751874516785144831e+00 -1.059175874710083010e+00 6.076000000000000512e+00 5.000000000000000000e+00
1.795874516785144870e+00 -1.078175874710082915e+00 6.110000000000000320e+00 5.000000000000000000e+00
1.796874516785144760e+00 -1.090175874710082926e+00 6.113000000000000433e+00 5.000000000000000000e+00
1.794874516785144758e+00 -1.065175874710083015e+00 6.112000000000000099e+00 5.000000000000000000e+00
1.817874516785144889e+00 -1.086175874710082923e+00 6.125000000000000000e+00 5.000000000000000000e+00
1.161874516785144751e+00 -7.961758747100828870e-01 4.889999999999999680e+00 6.000000000000000000e+00
1.162874516785144863e+00 -8.071758747100830078e-01 4.791999999999999815e+00 6.000000000000000000e+00
1.171874516785144760e+00 -8.111758747100830114e-01 4.802999999999999936e+00 6.000000000000000000e+00
1.156874516785144857e+00 -8.001758747100828906e-01 4.822000000000000064e+00 6.000000000000000000e+00
1.157874516785144747e+00 -7.941758747100828852e-01 4.844999999999999751e+00 6.000000000000000000e+00
1.162874516785144863e+00 -8.041758747100828941e-01 4.802000000000000490e+00 6.000000000000000000e+00
1.164874516785144865e+00 -8.031758747100830043e-01 4.815999999999999837e+00 6.000000000000000000e+00
1.172874516785144872e+00 -8.141758747100829030e-01 4.897999999999999687e+00 6.000000000000000000e+00
1.167874516785144756e+00 -8.021758747100828923e-01 4.858000000000000540e+00 6.000000000000000000e+00
1.154874516785144856e+00 -8.031758747100830043e-01 4.798000000000000043e+00 6.000000000000000000e+00
1.156874516785144857e+00 -7.951758747100829972e-01 4.831999999999999851e+00 6.000000000000000000e+00
1.169874516785144758e+00 -8.061758747100828959e-01 4.875000000000000000e+00 6.000000000000000000e+00
1.159874516785144749e+00 -7.931758747100829954e-01 4.860000000000000320e+00 6.000000000000000000e+00
1.159874516785144749e+00 -7.931758747100829954e-01 4.873999999999999666e+00 6.000000000000000000e+00
1.154874516785144856e+00 -8.001758747100828906e-01 4.809000000000000163e+00 6.000000000000000000e+00
2.657874516785144969e+00 -1.660175874710082988e+00 4.538000000000000256e+00 1.600000000000000000e+01
2.651874516785144742e+00 -1.693175874710083129e+00 4.557999999999999829e+00 1.600000000000000000e+01
2.641874516785144955e+00 -1.735175874710082944e+00 4.544000000000000483e+00 1.600000000000000000e+01
2.640874516785145065e+00 -1.667175874710082883e+00 4.549000000000000377e+00 1.600000000000000000e+01
2.645874516785144959e+00 -1.681175874710083118e+00 4.552999999999999936e+00 1.600000000000000000e+01
2.645874516785144959e+00 -1.679175874710082894e+00 4.538999999999999702e+00 1.600000000000000000e+01
2.649874516785144962e+00 -1.692175874710083017e+00 4.546000000000000263e+00 1.600000000000000000e+01
2.650874516785144852e+00 -1.653175874710083093e+00 4.541000000000000369e+00 1.600000000000000000e+01
1.968874516785144912e+00 1.582412528991694600e-02 6.572000000000000064e+00 1.900000000000000000e+01
1.978874516785144921e+00 1.082412528991705258e-02 6.576000000000000512e+00 1.900000000000000000e+01
1.951874516785144786e+00 -6.175874710082851493e-03 6.554999999999999716e+00 1.900000000000000000e+01
1.983874516785144815e+00 1.824125289917155612e-03 6.576999999999999957e+00 1.900000000000000000e+01
1.960874516785144905e+00 9.824125289917162718e-03 6.564000000000000057e+00 1.900000000000000000e+01
1.975874516785144808e+00 -4.175874710083071761e-03 6.570999999999999730e+00 1.900000000000000000e+01
1.992874516785144934e+00 7.824125289916938897e-03 6.586000000000000298e+00 1.900000000000000000e+01
1.993874516785144824e+00 2.082412528991683942e-02 6.594000000000000306e+00 1.900000000000000000e+01
1.976874516785144920e+00 2.082412528991683942e-02 6.581000000000000405e+00 1.900000000000000000e+01
1.999874516785144829e+00 2.382412528991695311e-02 6.605000000000000426e+00 1.900000000000000000e+01
1.980874516785144923e+00 2.382412528991695311e-02 6.592999999999999972e+00 1.900000000000000000e+01
1.963874516785144797e+00 8.241252899172657465e-04 6.560000000000000497e+00 1.900000000000000000e+01
1.987874516785144818e+00 1.682412528991683587e-02 6.583000000000000185e+00 1.900000000000000000e+01
1.972874516785144916e+00 6.824125289917049031e-03 6.567000000000000171e+00 1.900000000000000000e+01
3.485874516785144817e+00 -1.270175874710083086e+00 5.451000000000000512e+00 3.000000000000000000e+00
3.483874516785145037e+00 -1.263175874710082969e+00 5.459999999999999964e+00 3.000000000000000000e+00
3.474874516785144696e+00 -1.266175874710083082e+00 5.451000000000000512e+00 3.000000000000000000e+00
3.770874516785144959e+00 -3.041758747100828941e-01 5.839000000000000412e+00 1.100000000000000000e+01
2.767874516785144845e+00 -5.851758747100830327e-01 6.041999999999999815e+00 0.000000000000000000e+00
3.446874516785144671e+00 -1.259175874710082965e+00 5.455000000000000071e+00 3.000000000000000000e+00
3.444874516785144891e+00 -1.248175874710083066e+00 5.459000000000000519e+00 3.000000000000000000e+00
3.436874516785144884e+00 -1.248175874710083066e+00 5.459000000000000519e+00 3.000000000000000000e+00
3.465874516785144799e+00 -1.265175874710082971e+00 5.451999999999999957e+00 3.000000000000000000e+00
3.435874516785144994e+00 -1.240175874710083059e+00 5.466000000000000192e+00 3.000000000000000000e+00
3.453874516785144788e+00 -1.252175874710083070e+00 5.456000000000000405e+00 3.000000000000000000e+00
3.472874516785144916e+00 -1.257175874710082963e+00 5.456999999999999851e+00 3.000000000000000000e+00
3.457874516785144792e+00 -1.265175874710082971e+00 5.453000000000000291e+00 3.000000000000000000e+00
3.493874516785144824e+00 -1.268175874710083084e+00 5.459000000000000519e+00 3.000000000000000000e+00
3.463874516785145019e+00 -1.254175874710083072e+00 5.459000000000000519e+00 3.000000000000000000e+00
3.513874516785144841e+00 -1.277175874710082981e+00 5.459000000000000519e+00 3.000000000000000000e+00
3.454874516785144678e+00 -1.251175874710082958e+00 5.469999999999999751e+00 3.000000000000000000e+00
3.502874516785144721e+00 -1.272175874710083088e+00 5.459000000000000519e+00 3.000000000000000000e+00
3.495874516785145047e+00 -1.277175874710082981e+00 5.451999999999999957e+00 3.000000000000000000e+00
3.504874516785144944e+00 -1.280175874710082873e+00 5.450000000000000178e+00 3.000000000000000000e+00
3.515874516785145065e+00 -1.288175874710082880e+00 5.451999999999999957e+00 3.000000000000000000e+00
1.610874516785144817e+00 -1.061175874710083011e+00 5.275999999999999801e+00 8.000000000000000000e+00
1.617874516785144934e+00 -1.064175874710082903e+00 5.286999999999999922e+00 8.000000000000000000e+00
1.644874516785144847e+00 -1.036175874710082878e+00 5.326000000000000512e+00 8.000000000000000000e+00
1.734874516785144927e+00 -8.151758747100830149e-01 5.451000000000000512e+00 2.000000000000000000e+01
1.745874516785144825e+00 -8.191758747100830185e-01 5.461999999999999744e+00 2.000000000000000000e+01
1.770874516785144737e+00 -8.251758747100830238e-01 5.479000000000000092e+00 2.000000000000000000e+01
1.758874516785144948e+00 -8.221758747100829101e-01 5.477000000000000313e+00 2.000000000000000000e+01
1.780874516785144746e+00 -8.291758747100830274e-01 5.485999999999999766e+00 2.000000000000000000e+01
1.478874516785144921e+00 -1.211758747100830647e-01 6.283999999999999808e+00 1.400000000000000000e+01
1.428874516785144877e+00 -1.481758747100827556e-01 6.150999999999999801e+00 1.400000000000000000e+01
1.476874516785144920e+00 -1.321758747100827414e-01 6.270000000000000462e+00 1.400000000000000000e+01
1.487874516785144818e+00 -1.371758747100830789e-01 6.288999999999999702e+00 1.400000000000000000e+01
1.484874516785144927e+00 -1.381758747100829687e-01 6.275999999999999801e+00 1.400000000000000000e+01
1.444874516785144891e+00 -1.461758747100829758e-01 6.171999999999999709e+00 1.400000000000000000e+01
1.492874516785144934e+00 -1.341758747100829652e-01 6.302999999999999936e+00 1.400000000000000000e+01
1.423874516785144761e+00 -1.891758747100831251e-01 6.158000000000000362e+00 1.400000000000000000e+01
1.411874516785144751e+00 -1.831758747100828977e-01 6.153999999999999915e+00 1.400000000000000000e+01
1.416874516785144866e+00 -1.931758747100831286e-01 6.147000000000000242e+00 1.400000000000000000e+01
1.406874516785144857e+00 -2.121758747100828124e-01 6.153999999999999915e+00 1.400000000000000000e+01
1.419874516785144758e+00 -2.031758747100829154e-01 6.157000000000000028e+00 1.400000000000000000e+01
1.470874516785144914e+00 -1.601758747100827662e-01 6.257000000000000561e+00 1.400000000000000000e+01
1.438874516785144886e+00 -1.481758747100827556e-01 6.177000000000000490e+00 1.400000000000000000e+01
1.436874516785144884e+00 -1.481758747100827556e-01 6.161000000000000476e+00 1.400000000000000000e+01
1.443874516785144779e+00 -1.481758747100827556e-01 6.160000000000000142e+00 1.400000000000000000e+01
1.429874516785144767e+00 -1.491758747100830895e-01 6.168000000000000149e+00 1.400000000000000000e+01
1.421874516785144760e+00 -1.991758747100829119e-01 6.142999999999999794e+00 1.400000000000000000e+01
1.402874516785144854e+00 -1.891758747100831251e-01 6.145000000000000462e+00 1.400000000000000000e+01
1.397874516785144738e+00 -1.811758747100831179e-01 6.152000000000000135e+00 1.400000000000000000e+01
1.422874516785144872e+00 -1.511758747100828693e-01 6.157000000000000028e+00 1.400000000000000000e+01
1.482874516785144925e+00 -1.291758747100830718e-01 6.280999999999999694e+00 1.400000000000000000e+01
1.474874516785144918e+00 -1.451758747100830860e-01 6.269000000000000128e+00 1.400000000000000000e+01
2.994874516785144714e+00 -1.180175874710083006e+00 5.229000000000000092e+00 3.000000000000000000e+00
2.909874516785144749e+00 -1.192175874710083017e+00 5.197000000000000064e+00 3.000000000000000000e+00
2.900874516785144852e+00 -1.189175874710082903e+00 5.200000000000000178e+00 3.000000000000000000e+00
2.916874516785144866e+00 -1.200175874710083024e+00 5.195999999999999730e+00 3.000000000000000000e+00
2.992874516785144934e+00 -1.170175874710082997e+00 5.233999999999999986e+00 3.000000000000000000e+00
3.001874516785144831e+00 -1.177175874710082892e+00 5.235000000000000320e+00 3.000000000000000000e+00
2.973874516785144806e+00 -1.165175874710082882e+00 5.229000000000000092e+00 3.000000000000000000e+00
2.985874516785144817e+00 -1.181175874710082896e+00 5.225000000000000533e+00 3.000000000000000000e+00
2.990874516785144710e+00 -1.162175874710082990e+00 5.241000000000000547e+00 3.000000000000000000e+00
2.982874516785144703e+00 -1.160175874710082988e+00 5.250000000000000000e+00 3.000000000000000000e+00
2.982874516785144703e+00 -1.164175874710082992e+00 5.240000000000000213e+00 3.000000000000000000e+00
2.982874516785144703e+00 -1.168175874710082995e+00 5.229000000000000092e+00 3.000000000000000000e+00
2.936874516785144884e+00 -1.169175874710082885e+00 5.264999999999999680e+00 3.000000000000000000e+00
2.915874516785144976e+00 -1.187175874710082901e+00 5.203999999999999737e+00 3.000000000000000000e+00
1.920874516785144870e+00 -8.431758747100830398e-01 5.786999999999999922e+00 8.000000000000000000e+00
1.930874516785144879e+00 -7.901758747100828817e-01 5.838000000000000078e+00 8.000000000000000000e+00
1.912874516785144863e+00 -8.271758747100830256e-01 5.783999999999999808e+00 8.000000000000000000e+00
1.934874516785144882e+00 -8.331758747100830309e-01 5.806000000000000050e+00 8.000000000000000000e+00
1.951874516785144786e+00 -8.101758747100828995e-01 5.814000000000000057e+00 8.000000000000000000e+00
1.966874516785144911e+00 -7.991758747100830007e-01 5.830000000000000071e+00 8.000000000000000000e+00
1.942874516785144889e+00 -8.051758747100830060e-01 5.815000000000000391e+00 8.000000000000000000e+00
1.926874516785144875e+00 -8.041758747100828941e-01 5.815000000000000391e+00 8.000000000000000000e+00
1.897874516785144738e+00 -8.381758747100829243e-01 5.766000000000000014e+00 8.000000000000000000e+00
1.918874516785144868e+00 -8.331758747100830309e-01 5.782000000000000028e+00 8.000000000000000000e+00
1.919874516785144758e+00 -8.091758747100830096e-01 5.804999999999999716e+00 8.000000000000000000e+00
1.904874516785144856e+00 -8.441758747100829297e-01 5.767000000000000348e+00 8.000000000000000000e+00
1.924874516785144873e+00 -8.301758747100829172e-01 5.793000000000000149e+00 8.000000000000000000e+00
1.921874516785144760e+00 -8.211758747100830202e-01 5.791000000000000369e+00 8.000000000000000000e+00
1.926874516785144875e+00 -8.391758747100830362e-01 5.798000000000000043e+00 8.000000000000000000e+00
1.942874516785144889e+00 -8.281758747100829154e-01 5.814000000000000057e+00 8.000000000000000000e+00
1.940874516785144888e+00 -8.181758747100829066e-01 5.809000000000000163e+00 8.000000000000000000e+00
1.936874516785144884e+00 -8.101758747100828995e-01 5.807000000000000384e+00 8.000000000000000000e+00
1.927874516785144765e+00 -8.161758747100829048e-01 5.799000000000000377e+00 8.000000000000000000e+00
1.931874516785144769e+00 -8.251758747100830238e-01 5.801000000000000156e+00 8.000000000000000000e+00
1.944874516785144891e+00 -7.911758747100829936e-01 5.828000000000000291e+00 8.000000000000000000e+00
1.948874516785144895e+00 -8.231758747100830220e-01 5.823000000000000398e+00 8.000000000000000000e+00
1.878874516785144833e+00 -8.391758747100830362e-01 5.767999999999999794e+00 8.000000000000000000e+00
1.956874516785144902e+00 -8.061758747100828959e-01 5.823999999999999844e+00 8.000000000000000000e+00
1.911874516785144751e+00 -8.151758747100830149e-01 5.798000000000000043e+00 8.000000000000000000e+00
2.015874516785144621e+00 -8.251758747100830238e-01 5.852999999999999758e+00 8.000000000000000000e+00
1.895874516785144737e+00 -8.621758747100829456e-01 5.751000000000000334e+00 8.000000000000000000e+00
1.894874516785144847e+00 -8.761758747100829581e-01 5.751000000000000334e+00 8.000000000000000000e+00
1.890874516785144843e+00 -8.541758747100829385e-01 5.748000000000000220e+00 8.000000000000000000e+00
1.894874516785144847e+00 -8.501758747100829350e-01 5.759000000000000341e+00 8.000000000000000000e+00
1.886874516785144840e+00 -8.331758747100830309e-01 5.775000000000000355e+00 8.000000000000000000e+00
1.907874516785144747e+00 -8.531758747100830487e-01 5.769000000000000128e+00 8.000000000000000000e+00
1.889874516785144953e+00 -8.441758747100829297e-01 5.758000000000000007e+00 8.000000000000000000e+00
1.914874516785144865e+00 -8.481758747100829332e-01 5.778999999999999915e+00 8.000000000000000000e+00
1.887874516785144952e+00 -8.671758747100830611e-01 5.741000000000000547e+00 8.000000000000000000e+00
1.882874516785144836e+00 -8.491758747100830451e-01 5.750000000000000000e+00 8.000000000000000000e+00
1.906874516785144857e+00 -8.191758747100830185e-01 5.786999999999999922e+00 8.000000000000000000e+00
1.976874516785144920e+00 -8.161758747100829048e-01 5.842000000000000526e+00 8.000000000000000000e+00
1.901874516785144742e+00 -8.571758747100830522e-01 5.759999999999999787e+00 8.000000000000000000e+00
1.934874516785144882e+00 -7.981758747100828888e-01 5.820999999999999730e+00 8.000000000000000000e+00
1.961874516785144795e+00 -8.131758747100830131e-01 5.826000000000000512e+00 8.000000000000000000e+00
1.961874516785144795e+00 -7.911758747100829936e-01 5.830000000000000071e+00 8.000000000000000000e+00
1.970874516785144914e+00 -8.081758747100828977e-01 5.834000000000000519e+00 8.000000000000000000e+00
1.895874516785144737e+00 -8.271758747100830256e-01 5.782000000000000028e+00 8.000000000000000000e+00
1.952874516785144898e+00 -7.981758747100828888e-01 5.823000000000000398e+00 8.000000000000000000e+00
1.911874516785144751e+00 -8.391758747100830362e-01 5.775000000000000355e+00 8.000000000000000000e+00
1.904874516785144856e+00 -8.331758747100830309e-01 5.775000000000000355e+00 8.000000000000000000e+00
1.887874516785144952e+00 -8.811758747100830735e-01 5.741999999999999993e+00 8.000000000000000000e+00
1.429874516785144767e+00 -7.991758747100830007e-01 6.499000000000000554e+00 1.000000000000000000e+01
1.407874516785144747e+00 -8.631758747100830576e-01 6.511000000000000121e+00 1.000000000000000000e+01
1.402874516785144854e+00 -8.651758747100830593e-01 6.498000000000000220e+00 1.000000000000000000e+01
1.402874516785144854e+00 -8.771758747100830700e-01 6.503000000000000114e+00 1.000000000000000000e+01
1.408874516785144859e+00 -8.731758747100830664e-01 6.514000000000000234e+00 1.000000000000000000e+01
1.416874516785144866e+00 -7.821758747100828746e-01 6.487000000000000099e+00 1.000000000000000000e+01
1.420874516785144870e+00 -7.801758747100828728e-01 6.501000000000000334e+00 1.000000000000000000e+01
1.408874516785144859e+00 -8.011758747100830025e-01 6.471000000000000085e+00 1.000000000000000000e+01
1.423874516785144761e+00 -7.901758747100828817e-01 6.490000000000000213e+00 1.000000000000000000e+01
1.409874516785144749e+00 -8.491758747100830451e-01 6.496999999999999886e+00 1.000000000000000000e+01
1.430874516785144879e+00 -7.851758747100829883e-01 6.499000000000000554e+00 1.000000000000000000e+01
1.417874516785144756e+00 -7.941758747100828852e-01 6.477000000000000313e+00 1.000000000000000000e+01
1.415874516785144754e+00 -7.831758747100829865e-01 6.472999999999999865e+00 1.000000000000000000e+01
1.270874516785144737e+00 -1.001758747100831570e-01 6.334999999999999964e+00 9.000000000000000000e+00
1.265874516785144843e+00 -1.021758747100829368e-01 6.323000000000000398e+00 9.000000000000000000e+00
1.273874516785144850e+00 -1.081758747100831641e-01 6.339999999999999858e+00 9.000000000000000000e+00
1.269874516785144847e+00 -1.101758747100829439e-01 6.326999999999999957e+00 9.000000000000000000e+00
3.096874516785145026e+00 -7.221758747100830433e-01 5.942000000000000171e+00 0.000000000000000000e+00
3.090874516785144799e+00 -7.161758747100830380e-01 5.943999999999999950e+00 0.000000000000000000e+00
3.083874516785144682e+00 -7.221758747100830433e-01 5.935000000000000497e+00 0.000000000000000000e+00
3.088874516785145019e+00 -6.931758747100829066e-01 5.911999999999999922e+00 0.000000000000000000e+00
3.098874516785144806e+00 -7.201758747100830416e-01 5.955000000000000071e+00 0.000000000000000000e+00
1.997874516785144827e+00 -1.077175874710083026e+00 5.692000000000000171e+00 8.000000000000000000e+00
1.961874516785144795e+00 -1.057175874710083008e+00 5.665000000000000036e+00 8.000000000000000000e+00
1.988874516785144930e+00 -1.072175874710082910e+00 5.679000000000000270e+00 8.000000000000000000e+00
1.970874516785144914e+00 -1.062175874710082901e+00 5.647999999999999687e+00 8.000000000000000000e+00
2.020874516785144515e+00 -1.096175874710082931e+00 5.669999999999999929e+00 8.000000000000000000e+00
1.968874516785144912e+00 -1.063175874710083013e+00 5.666000000000000369e+00 8.000000000000000000e+00
1.980874516785144923e+00 -1.067175874710083017e+00 5.665000000000000036e+00 8.000000000000000000e+00
1.988874516785144930e+00 -1.072175874710082910e+00 5.663999999999999702e+00 8.000000000000000000e+00
2.017874516785144845e+00 -1.113175874710083058e+00 5.665000000000000036e+00 8.000000000000000000e+00
1.978874516785144921e+00 -1.079175874710083027e+00 5.642000000000000348e+00 8.000000000000000000e+00
2.014874516785145175e+00 -1.101175874710083047e+00 5.663000000000000256e+00 8.000000000000000000e+00
1.985874516785144817e+00 -1.074175874710082912e+00 5.650999999999999801e+00 8.000000000000000000e+00
4.308745167851448232e-01 1.318241252899170490e-01 6.557999999999999829e+00 2.000000000000000000e+00
4.278745167851448206e-01 1.518241252899170668e-01 6.560000000000000497e+00 2.000000000000000000e+00
3.978745167851447939e-01 -2.361175874710082834e+00 4.605000000000000426e+00 7.000000000000000000e+00
4.048745167851448001e-01 -2.350175874710083157e+00 4.608999999999999986e+00 7.000000000000000000e+00
3.918745167851447886e-01 -2.374175874710083178e+00 4.602999999999999758e+00 7.000000000000000000e+00
3.978745167851447939e-01 -2.336175874710082923e+00 4.602000000000000313e+00 7.000000000000000000e+00
4.088745167851448037e-01 -2.338175874710083146e+00 4.612000000000000099e+00 7.000000000000000000e+00
3.928745167851447895e-01 -2.347175874710083043e+00 4.600000000000000533e+00 7.000000000000000000e+00
2.734874516785144927e+00 -8.981758747100829776e-01 5.671000000000000263e+00 0.000000000000000000e+00
2.804874516785144767e+00 -8.901758747100829705e-01 5.703999999999999737e+00 0.000000000000000000e+00
2.754874516785144944e+00 -9.181758747100829954e-01 5.652000000000000135e+00 0.000000000000000000e+00
2.764874516785144731e+00 -8.741758747100829563e-01 5.685999999999999943e+00 0.000000000000000000e+00
2.746874516785144937e+00 -8.881758747100829687e-01 5.674999999999999822e+00 0.000000000000000000e+00
2.811874516785144884e+00 -8.981758747100829776e-01 5.677000000000000490e+00 0.000000000000000000e+00
2.753874516785145055e+00 -8.931758747100828622e-01 5.669999999999999929e+00 0.000000000000000000e+00
2.756874516785144724e+00 -8.801758747100829616e-01 5.679999999999999716e+00 0.000000000000000000e+00
2.806874516785144991e+00 -8.511758747100830469e-01 5.706999999999999851e+00 0.000000000000000000e+00
2.767874516785144845e+00 -9.191758747100828852e-01 5.665000000000000036e+00 0.000000000000000000e+00
2.760874516785144728e+00 -8.641758747100829474e-01 5.705000000000000071e+00 0.000000000000000000e+00
2.795874516785144870e+00 -8.261758747100829137e-01 5.741000000000000547e+00 0.000000000000000000e+00
2.762874516785144952e+00 -9.121758747100829900e-01 5.661000000000000476e+00 0.000000000000000000e+00
2.745874516785145047e+00 -9.001758747100829794e-01 5.663999999999999702e+00 0.000000000000000000e+00
2.789874516785144642e+00 -9.121758747100829900e-01 5.679000000000000270e+00 0.000000000000000000e+00
2.736874516785144706e+00 -9.191758747100828852e-01 5.645999999999999908e+00 0.000000000000000000e+00
2.726874516785144920e+00 -9.041758747100829829e-01 5.665000000000000036e+00 0.000000000000000000e+00
2.728874516785144699e+00 -9.141758747100829918e-01 5.650000000000000355e+00 0.000000000000000000e+00
2.707874516785144792e+00 -9.191758747100828852e-01 5.655000000000000249e+00 0.000000000000000000e+00
2.753874516785145055e+00 -9.051758747100828728e-01 5.658999999999999808e+00 0.000000000000000000e+00
2.718874516785144912e+00 -9.111758747100828781e-01 5.657000000000000028e+00 0.000000000000000000e+00
2.809874516785144660e+00 -8.741758747100829563e-01 5.705000000000000071e+00 0.000000000000000000e+00
2.814874516785144998e+00 -9.101758747100829883e-01 5.674000000000000377e+00 0.000000000000000000e+00
2.738874516785144930e+00 -9.061758747100829847e-01 5.657000000000000028e+00 0.000000000000000000e+00
2.813874516785144664e+00 -8.821758747100829634e-01 5.709999999999999964e+00 0.000000000000000000e+00
2.743874516785144824e+00 -9.131758747100828799e-01 5.653000000000000469e+00 0.000000000000000000e+00
2.772874516785144738e+00 -8.551758747100830504e-01 5.709000000000000519e+00 0.000000000000000000e+00
2.776874516785144742e+00 -9.001758747100829794e-01 5.674999999999999822e+00 0.000000000000000000e+00
2.772874516785144738e+00 -8.671758747100830611e-01 5.693999999999999950e+00 0.000000000000000000e+00
2.769874516785145069e+00 -9.061758747100829847e-01 5.669000000000000483e+00 0.000000000000000000e+00
2.784874516785144749e+00 -9.051758747100828728e-01 5.677999999999999936e+00 0.000000000000000000e+00
2.786874516785144973e+00 -8.791758747100830718e-01 5.685999999999999943e+00 0.000000000000000000e+00
2.784874516785144749e+00 -8.931758747100828622e-01 5.682000000000000384e+00 0.000000000000000000e+00
2.782874516785144969e+00 -8.591758747100830540e-01 5.697000000000000064e+00 0.000000000000000000e+00
2.780874516785144746e+00 -8.721758747100829545e-01 5.687999999999999723e+00 0.000000000000000000e+00
2.773874516785145072e+00 -8.771758747100830700e-01 5.679000000000000270e+00 0.000000000000000000e+00
2.764874516785144731e+00 -8.851758747100830771e-01 5.674000000000000377e+00 0.000000000000000000e+00
2.761874516785145062e+00 -8.991758747100828675e-01 5.666000000000000369e+00 0.000000000000000000e+00
2.776874516785144742e+00 -9.231758747100828888e-01 5.677999999999999936e+00 0.000000000000000000e+00
2.769874516785145069e+00 -8.921758747100829723e-01 5.673000000000000043e+00 0.000000000000000000e+00
2.777874516785145076e+00 -8.861758747100829670e-01 5.681000000000000050e+00 0.000000000000000000e+00
2.776874516785144742e+00 -9.121758747100829900e-01 5.671999999999999709e+00 0.000000000000000000e+00
1.912874516785144863e+00 -1.030175874710082873e+00 5.605000000000000426e+00 8.000000000000000000e+00
1.902874516785144854e+00 -1.026175874710082869e+00 5.600000000000000533e+00 8.000000000000000000e+00
1.896874516785144849e+00 -1.020175874710083086e+00 5.610999999999999766e+00 8.000000000000000000e+00
1.899874516785144740e+00 -1.028175874710082871e+00 5.588000000000000078e+00 8.000000000000000000e+00
1.905874516785144746e+00 -1.024175874710082867e+00 5.613999999999999879e+00 8.000000000000000000e+00
1.921874516785144760e+00 -1.037175874710082990e+00 5.608999999999999986e+00 8.000000000000000000e+00
1.887874516785144952e+00 -1.014175874710083081e+00 5.602999999999999758e+00 8.000000000000000000e+00
1.895874516785144737e+00 -1.020175874710083086e+00 5.597000000000000419e+00 8.000000000000000000e+00
1.908874516785144859e+00 -1.034175874710082876e+00 5.594000000000000306e+00 8.000000000000000000e+00
1.914874516785144865e+00 -1.029175874710082983e+00 5.618999999999999773e+00 8.000000000000000000e+00
1.923874516785144761e+00 -1.037175874710082990e+00 5.637999999999999901e+00 8.000000000000000000e+00
1.963874516785144797e+00 4.808241252899172480e-01 6.076999999999999957e+00 -1.000000000000000000e+00
1.965874516785144799e+00 4.708241252899170171e-01 6.078999999999999737e+00 -1.000000000000000000e+00
6.708745167851448699e-01 -1.194175874710083018e+00 4.589000000000000412e+00 -1.000000000000000000e+00
6.628745167851448628e-01 -1.192175874710083017e+00 4.596000000000000085e+00 -1.000000000000000000e+00
