1.386965274810791016e+00 -3.163555860519409180e+00 2.260421365499496460e-01 1.265189051628112793e-01 8.679785765707492828e-03 2.346138060092926025e-01 9.720498919486999512e-01 5.046560764312744141e-01
1.357672929763793945e+00 -2.989749908447265625e+00 7.707604169845581055e-01 1.265189051628112793e-01 -5.625105500221252441e-01 -7.269358634948730469e-01 3.938859403133392334e-01 3.997551202774047852e-01
1.136635422706604004e+00 -3.289857864379882812e+00 9.174513220787048340e-01 1.265189051628112793e-01 -8.306601643562316895e-01 -5.294448137283325195e-01 1.723133921623229980e-01 3.435852229595184326e-01
8.085126280784606934e-01 -3.505862236022949219e+00 9.560636878013610840e-01 1.454449892044067383e-01 -2.426932752132415771e-01 -2.603242099285125732e-01 9.345219731330871582e-01 4.936453104019165039e-01
5.264241099357604980e-01 -3.784245491027832031e+00 1.316141366958618164e+00 1.265189051628112793e-01 -2.504123449325561523e-01 -3.409576416015625000e-01 9.061134457588195801e-01 2.036701291799545288e-01
4.965490996837615967e-01 -3.674052476882934570e+00 1.497759938240051270e+00 1.265189051628112793e-01 1.100154444575309753e-01 3.271562047302722931e-03 9.939244985580444336e-01 3.147356212139129639e-01
3.946280777454376221e-01 -3.809218168258666992e+00 1.866555213928222656e+00 1.265189051628112793e-01 5.293142795562744141e-01 -1.909508556127548218e-01 8.266584277153015137e-01 2.704348862171173096e-01
7.714980244636535645e-01 -3.914664268493652344e+00 2.024774312973022461e+00 1.265189051628112793e-01 2.304448634386062622e-01 -1.637710034847259521e-01 9.592049717903137207e-01 6.807559132575988770e-01
7.803361415863037109e-01 -4.031477928161621094e+00 2.584764480590820312e+00 1.265189051628112793e-01 -3.250424861907958984e-01 8.203763961791992188e-01 4.704572260379791260e-01 2.469817698001861572e-01
5.667157769203186035e-01 -3.789884567260742188e+00 2.763363838195800781e+00 1.364474743604660034e-01 3.701664209365844727e-01 -1.896757930517196655e-01 9.093953371047973633e-01 1.529673695564270020e+00
1.087682843208312988e+00 -4.026223659515380859e+00 4.064226627349853516e+00 1.265189051628112793e-01 -4.725978076457977295e-01 6.320873498916625977e-01 6.140984296798706055e-01 2.602704167366027832e-01
1.211562991142272949e+00 -4.127582550048828125e+00 4.194827079772949219e+00 1.367020159959793091e-01 4.130598306655883789e-01 2.885925173759460449e-01 8.637684583663940430e-01 7.929189205169677734e-01
1.580197811126708984e+00 -4.051883697509765625e+00 4.862409591674804688e+00 1.265189051628112793e-01 -8.682386949658393860e-03 -1.146608293056488037e-01 9.933667778968811035e-01 5.677168965339660645e-01
1.569515228271484375e+00 -4.067535877227783203e+00 5.501687526702880859e+00 1.265189051628112793e-01 2.324193418025970459e-01 -8.048679232597351074e-01 5.460484027862548828e-01 1.456023193895816803e-02
1.565742492675781250e+00 -4.186106204986572266e+00 5.421995639801025391e+00 1.265189051628112793e-01 2.494147270917892456e-01 -6.240748763084411621e-01 7.404882907867431641e-01 1.883975118398666382e-01
1.655553817749023438e+00 -4.362083911895751953e+00 5.590241432189941406e+00 1.324825584888458252e-01 -5.496217608451843262e-01 8.089902810752391815e-03 8.353744745254516602e-01 5.993033051490783691e-01
6.750275492668151855e-01 -3.733844041824340820e+00 1.251066088676452637e+00 4.102560877799987793e-02 9.471772313117980957e-01 2.253386229276657104e-01 -2.282056361436843872e-01 5.473371148109436035e-01
1.405043125152587891e+00 -3.135251283645629883e+00 8.058476448059082031e-01 2.387286350131034851e-02 7.142155170440673828e-01 6.319864392280578613e-01 3.008145391941070557e-01 3.019554316997528076e-01
1.426202535629272461e+00 -3.182159423828125000e+00 5.527464747428894043e-01 6.340666115283966064e-02 -4.497284814715385437e-02 3.567273914813995361e-02 9.983510971069335938e-01 8.544053882360458374e-02
1.323267698287963867e+00 -3.286414384841918945e+00 6.595577597618103027e-01 8.740257471799850464e-02 2.540352940559387207e-01 -4.087127000093460083e-02 9.663310050964355469e-01 5.142879486083984375e-01
1.433643460273742676e+00 -3.328916549682617188e+00 1.173712134361267090e+00 7.186354696750640869e-02 6.652110815048217773e-01 -3.104632534086704254e-02 7.460096478462219238e-01 3.700495660305023193e-01
1.734215378761291504e+00 -3.386575460433959961e+00 1.496615290641784668e+00 8.630302548408508301e-02 2.257924079895019531e-01 8.120573163032531738e-01 5.381270051002502441e-01 3.377871811389923096e-01
1.785951852798461914e+00 -3.108319759368896484e+00 1.651424527168273926e+00 8.850827813148498535e-02 6.145848035812377930e-01 6.365929841995239258e-01 -4.658700525760650635e-01 1.150550246238708496e-01
1.852902770042419434e+00 -3.020561695098876953e+00 1.586270332336425781e+00 8.714246004819869995e-02 6.951006650924682617e-01 5.492710471153259277e-01 4.638279378414154053e-01 3.617553412914276123e-01
2.039718627929687500e+00 -2.791973829269409180e+00 1.857194781303405762e+00 8.183568716049194336e-02 5.804964303970336914e-01 8.036642670631408691e-01 1.309490352869033813e-01 3.975270390510559082e-01
2.264487504959106445e+00 -2.481624603271484375e+00 1.923306584358215332e+00 6.607277691364288330e-02 8.545945286750793457e-01 1.856053024530410767e-01 4.849936366081237793e-01 1.396581977605819702e-01
2.388934373855590820e+00 -2.397945642471313477e+00 1.975292444229125977e+00 6.456597894430160522e-02 9.937087297439575195e-01 -1.009143218398094177e-01 -4.857255518436431885e-02 4.923784136772155762e-01
2.866118907928466797e+00 -2.421419620513916016e+00 1.909674763679504395e+00 6.732422113418579102e-02 7.758039236068725586e-01 6.106553673744201660e-01 1.588341593742370605e-01 1.536418497562408447e-01
2.996705293655395508e+00 -2.335945844650268555e+00 1.931992053985595703e+00 5.981080234050750732e-02 5.998587608337402344e-01 7.463921308517456055e-01 2.882156074047088623e-01 1.467493027448654175e-01
3.075517177581787109e+00 -2.187525749206542969e+00 2.066197633743286133e+00 5.981080234050750732e-02 4.781028628349304199e-01 8.250638842582702637e-01 -3.011432290077209473e-01 1.850283592939376831e-01
3.166850805282592773e+00 -1.970147728919982910e+00 1.909460902214050293e+00 7.930015027523040771e-02 9.936219453811645508e-01 7.998631894588470459e-02 7.948368787765502930e-02 3.224256634712219238e-01
3.408826351165771484e+00 -1.876631498336791992e+00 1.944189429283142090e+00 9.114766120910644531e-02 4.970196783542633057e-01 4.779808819293975830e-01 7.242276668548583984e-01 6.843631267547607422e-01
3.695367336273193359e+00 -1.566808342933654785e+00 2.449798583984375000e+00 5.981080234050750732e-02 3.394610434770584106e-02 4.183886051177978516e-01 9.076335430145263672e-01 3.228363990783691406e-01
3.667475938796997070e+00 -1.659013032913208008e+00 2.502516508102416992e+00 7.583161443471908569e-02 2.539992332458496094e-01 -7.228602766990661621e-01 6.426175832748413086e-01 3.362872898578643799e-01
1.173772335052490234e+00 -3.341111898422241211e+00 1.028069972991943359e+00 3.546759858727455139e-02 6.515849828720092773e-01 -1.421257108449935913e-01 7.451424598693847656e-01 1.127379238605499268e-01
1.230428099632263184e+00 -3.298936605453491211e+00 1.057066082954406738e+00 3.546759858727455139e-02 3.626428544521331787e-01 6.933166980743408203e-01 6.227376461029052734e-01 2.773375511169433594e-01
1.119116663932800293e+00 -3.123825073242187500e+00 9.528722763061523438e-01 1.201929599046707153e-01 -7.757048606872558594e-01 1.265392359346151352e-02 6.309689283370971680e-01 1.333964914083480835e-01
1.015660762786865234e+00 -3.118525505065917969e+00 1.038210511207580566e+00 1.201929599046707153e-01 -4.208581745624542236e-01 -2.772459983825683594e-01 8.637204766273498535e-01 6.395517587661743164e-01
8.740934133529663086e-01 -3.254194021224975586e+00 1.617715001106262207e+00 6.401038914918899536e-02 1.866726428270339966e-01 -8.695613741874694824e-01 4.571830034255981445e-01 1.970183998346328735e-01
9.015969038009643555e-01 -3.429862260818481445e+00 1.711680889129638672e+00 6.550706177949905396e-02 5.306988358497619629e-01 -5.721335411071777344e-01 6.253174543380737305e-01 1.181355938315391541e-01
4.907850623130798340e-01 -3.799238204956054688e+00 1.592082500457763672e+00 5.076828971505165100e-02 -1.503457129001617432e-01 -9.589113593101501465e-01 -2.405934631824493408e-01 4.279738664627075195e-01
4.264410436153411865e-01 -4.209627151489257812e+00 1.489114761352539062e+00 5.076828971505165100e-02 -4.955676496028900146e-01 7.741906046867370605e-01 3.937532603740692139e-01 2.785923480987548828e-01
5.805678367614746094e-01 -3.770369768142700195e+00 1.511951088905334473e+00 7.940479367971420288e-02 9.134859442710876465e-01 -4.050075411796569824e-01 -3.888917714357376099e-02 4.377983212471008301e-01
6.795175671577453613e-01 -3.973409891128540039e+00 2.978089809417724609e+00 1.296250969171524048e-01 1.021438315510749817e-01 -9.731908440589904785e-01 -2.060734331607818604e-01 3.986157774925231934e-01
8.025635480880737305e-01 -4.037193298339843750e+00 2.966152906417846680e+00 1.210422143340110779e-01 9.380629062652587891e-01 -1.732768267393112183e-01 -3.000219166278839111e-01 4.861591756343841553e-01
1.263763189315795898e+00 -4.135589599609375000e+00 2.933705568313598633e+00 6.962610036134719849e-02 8.887333869934082031e-01 -4.481925368309020996e-01 -9.631399810314178467e-02 2.602147459983825684e-01
1.550610184669494629e+00 -4.416852951049804688e+00 2.787961006164550781e+00 7.070300728082656860e-02 5.892241597175598145e-01 -3.387524187564849854e-01 7.335268855094909668e-01 6.639441847801208496e-02
1.688138723373413086e+00 -4.343769550323486328e+00 2.841834783554077148e+00 5.460989102721214294e-02 4.209011793136596680e-01 -4.751868546009063721e-01 7.726833820343017578e-01 2.906988561153411865e-01
1.787831068038940430e+00 -4.475882053375244141e+00 3.116347074508666992e+00 4.917650669813156128e-02 3.531565368175506592e-01 -8.961734771728515625e-01 2.686141431331634521e-01 1.178305745124816895e-01
4.311403930187225342e-01 -3.701094627380371094e+00 1.320006966590881348e+00 8.710915595293045044e-02 -6.402904987335205078e-01 7.377109527587890625e-01 2.140342891216278076e-01 4.050003886222839355e-01
1.531140059232711792e-01 -3.432896137237548828e+00 1.487725853919982910e+00 6.471001356840133667e-02 -4.140152037143707275e-01 8.791152834892272949e-01 2.361094951629638672e-01 2.039161920547485352e-01
5.708760023117065430e-02 -3.194450378417968750e+00 1.516863584518432617e+00 8.133107423782348633e-02 -7.798711061477661133e-01 4.758235439658164978e-02 6.241289973258972168e-01 1.810914427042007446e-01
-8.153480291366577148e-02 -3.194357395172119141e+00 1.628712773323059082e+00 8.994393795728683472e-02 -4.007098674774169922e-01 -2.442414015531539917e-01 8.830502629280090332e-01 4.314925372600555420e-01
-2.998998165130615234e-01 -3.387862682342529297e+00 1.985281944274902344e+00 7.553958147764205933e-02 -8.888824582099914551e-01 3.934420347213745117e-01 2.347155064344406128e-01 1.882779300212860107e-01
-4.750121831893920898e-01 -3.307909488677978516e+00 1.999366641044616699e+00 9.520272165536880493e-02 -6.834765076637268066e-01 6.629840731620788574e-01 3.054701089859008789e-01 8.179976046085357666e-02
-5.195254683494567871e-01 -3.246788024902343750e+00 2.035580635070800781e+00 9.074261784553527832e-02 -7.116698026657104492e-01 6.104120016098022461e-01 3.477402925491333008e-01 8.214045315980911255e-02
-5.918080210685729980e-01 -3.212659120559692383e+00 2.074390172958374023e+00 8.375453948974609375e-02 -5.978825092315673828e-01 7.292454838752746582e-01 3.327724933624267578e-01 2.090776264667510986e-01
5.560168027877807617e-01 -3.732934951782226562e+00 2.692126989364624023e+00 6.869682669639587402e-02 -3.901693820953369141e-01 9.200484156608581543e-01 3.575963899493217468e-02 4.450111687183380127e-01
3.796171844005584717e-01 -3.289737701416015625e+00 2.620921850204467773e+00 1.072914898395538330e-01 -3.304264843463897705e-01 8.764566779136657715e-01 3.502028584480285645e-01 3.653800785541534424e-01
2.228168547153472900e-01 -3.026886463165283203e+00 2.740087509155273438e+00 6.273428350687026978e-02 -8.460037708282470703e-01 5.059505701065063477e-01 1.682011038064956665e-01 8.635428547859191895e-02
1.169859543442726135e-01 -2.903026103973388672e+00 2.784801721572875977e+00 7.533176988363265991e-02 -5.493326187133789062e-01 -4.816959798336029053e-01 6.827903389930725098e-01 2.763870954513549805e-01
4.720722138881683350e-02 -3.119374275207519531e+00 3.046207427978515625e+00 4.241986200213432312e-02 -7.319458723068237305e-01 -1.390255689620971680e-01 6.670285463333129883e-01 2.573949992656707764e-01
-1.795310527086257935e-01 -3.092957735061645508e+00 3.197970867156982422e+00 4.403040185570716858e-02 -7.709349393844604492e-01 -2.942209839820861816e-01 5.648834705352783203e-01 1.811604946851730347e-01
-3.216377794742584229e-01 -3.167051792144775391e+00 3.386204719543457031e+00 4.810851812362670898e-02 -9.889566302299499512e-01 1.480056494474411011e-01 7.691436912864446640e-03 2.112899720668792725e-01
1.565072894096374512e+00 -4.176767826080322266e+00 4.945499420166015625e+00 7.198822498321533203e-02 -9.805356860160827637e-01 -1.591462939977645874e-01 -1.149880066514015198e-01 2.071447521448135376e-01
1.298830389976501465e+00 -4.275599002838134766e+00 4.819305419921875000e+00 5.554464459419250488e-02 -7.708424925804138184e-01 -2.008219957351684570e-01 6.045431494712829590e-01 4.389606118202209473e-01
9.538836479187011719e-01 -4.260377407073974609e+00 5.069632053375244141e+00 3.656317293643951416e-02 -9.575128555297851562e-01 -1.904406212270259857e-02 2.877610623836517334e-01 1.445036679506301880e-01
7.927852272987365723e-01 -4.340698719024658203e+00 5.047114372253417969e+00 2.971459552645683289e-02 -9.754158258438110352e-01 1.694955676794052124e-01 1.408376395702362061e-01 5.491340756416320801e-01
1.192111253738403320e+00 -3.955163478851318359e+00 4.071451187133789062e+00 5.350828543305397034e-02 3.100417554378509521e-01 -9.028421640396118164e-01 -2.979096174240112305e-01 1.382070332765579224e-01
1.264573454856872559e+00 -4.053365707397460938e+00 4.122569561004638672e+00 3.751971945166587830e-02 -7.988247275352478027e-01 -4.592436850070953369e-01 3.885540664196014404e-01 3.918581902980804443e-01
8.630983233451843262e-01 -4.252862930297851562e+00 4.247550964355468750e+00 3.921230882406234741e-02 -1.106507182121276855e-01 -6.025176644325256348e-01 7.903978824615478516e-01 3.226569592952728271e-01
7.962595224380493164e-01 -4.431920051574707031e+00 4.552987098693847656e+00 3.586228564381599426e-02 5.300985574722290039e-01 -6.625471115112304688e-01 5.291756391525268555e-01 2.449484914541244507e-01
1.399877309799194336e+00 -3.891634702682495117e+00 4.479515552520751953e+00 1.298669129610061646e-01 -8.794816732406616211e-01 1.654271632432937622e-01 -4.462575912475585938e-01 8.813998103141784668e-01
5.415956974029541016e-01 -3.810957908630371094e+00 4.327852725982666016e+00 1.122171878814697266e-01 -9.248596429824829102e-01 -1.367048770189285278e-01 -3.548893332481384277e-01 2.092480957508087158e-01
2.610157728195190430e-01 -3.808705568313598633e+00 4.198679924011230469e+00 9.920634329319000244e-02 -2.964798212051391602e-01 5.513321161270141602e-01 7.798285484313964844e-01 2.838129997253417969e-01
8.199194818735122681e-02 -3.660127878189086914e+00 4.352263450622558594e+00 6.488251686096191406e-02 -5.731337666511535645e-01 2.802256345748901367e-01 7.700592875480651855e-01 2.580953538417816162e-01
-1.585605740547180176e-01 -3.595532417297363281e+00 4.627152919769287109e+00 7.873161137104034424e-02 -9.083916991949081421e-02 9.958210587501525879e-01 -9.417937137186527252e-03 1.386545747518539429e-01
-1.597663313150405884e-01 -3.433014869689941406e+00 4.608945369720458984e+00 6.578861176967620850e-02 -6.249602437019348145e-01 6.196004152297973633e-01 4.748894572257995605e-01 2.044679671525955200e-01
-3.800167441368103027e-01 -3.297037601470947266e+00 4.795895099639892578e+00 5.237088724970817566e-02 -5.650059580802917480e-01 5.258343815803527832e-01 -6.358195543289184570e-01 1.670376062393188477e-01
-6.390843391418457031e-01 -3.215492725372314453e+00 4.731558322906494141e+00 4.656762257218360901e-02 -2.401449084281921387e-01 3.999502658843994141e-01 -8.845169544219970703e-01 3.351974487304687500e-01
-7.257598638534545898e-01 -3.101588249206542969e+00 4.435737609863281250e+00 2.249109186232089996e-02 -7.429307103157043457e-01 2.066816687583923340e-01 -6.366605162620544434e-01 2.680980861186981201e-01
1.394031167030334473e+00 -3.891370773315429688e+00 4.477437019348144531e+00 9.436913579702377319e-02 3.409904241561889648e-01 6.811087727546691895e-01 -6.479323506355285645e-01 1.868380606174468994e-01
1.472907423973083496e+00 -3.577527999877929688e+00 4.339023113250732422e+00 7.923854887485504150e-02 6.513953208923339844e-01 1.760844513773918152e-02 7.585341930389404297e-01 1.501321047544479370e-01
1.521589040756225586e+00 -3.538283586502075195e+00 4.457829475402832031e+00 7.919961214065551758e-02 5.348973274230957031e-01 7.658123373985290527e-01 -3.569541871547698975e-01 2.240953743457794189e-01
1.690191030502319336e+00 -3.370203971862792969e+00 4.325292110443115234e+00 7.915119826793670654e-02 7.187551259994506836e-01 2.467276453971862793e-01 6.500127315521240234e-01 1.537717133760452271e-01
1.936687111854553223e+00 -3.363990545272827148e+00 4.564574241638183594e+00 1.176248341798782349e-01 -5.800943970680236816e-01 4.614927172660827637e-01 6.712040901184082031e-01 5.747668743133544922e-01
1.697444319725036621e+00 -3.085276603698730469e+00 4.941107273101806641e+00 1.165467277169227600e-01 -9.916996955871582031e-02 9.324570894241333008e-01 3.474033772945404053e-01 3.524375557899475098e-01
1.561900138854980469e+00 -2.760942220687866211e+00 5.078508377075195312e+00 1.133591458201408386e-01 3.212600201368331909e-02 8.823720812797546387e-01 4.694544076919555664e-01 2.201187610626220703e-01
1.574339389801025391e+00 -2.679207086563110352e+00 5.177843570709228516e+00 9.506069123744964600e-02 -4.820196926593780518e-01 -5.410250276327133179e-02 8.744883537292480469e-01 2.195295095443725586e-01
1.406548976898193359e+00 -2.701244592666625977e+00 5.331602096557617188e+00 1.130297631025314331e-01 -5.325590968132019043e-01 7.836776226758956909e-02 8.427569270133972168e-01 4.646947681903839111e-01
1.244302034378051758e+00 -2.670818805694580078e+00 5.672066211700439453e+00 1.142619550228118896e-01 4.634440243244171143e-01 -3.518573343753814697e-01 8.132749199867248535e-01 3.552301824092864990e-01
1.282176256179809570e+00 -2.680940151214599609e+00 6.013974666595458984e+00 7.716722041368484497e-02 4.984699487686157227e-01 1.565766483545303345e-01 8.526496887207031250e-01 1.574573479592800140e-02
1.441720366477966309e+00 -2.792198181152343750e+00 6.071751594543457031e+00 1.051076278090476990e-01 5.142391920089721680e-01 8.032083511352539062e-01 3.006897568702697754e-01 9.356343150138854980e-01
1.960121631622314453e+00 -2.075715780258178711e+00 6.354970932006835938e+00 1.041458696126937866e-01 6.600127816200256348e-01 7.145847082138061523e-01 2.318443208932876587e-01 1.509255170822143555e-01
2.036060810089111328e+00 -1.969955325126647949e+00 6.343915939331054688e+00 9.824030846357345581e-02 2.299693971872329712e-01 9.596601724624633789e-01 -1.617604494094848633e-01 4.332179427146911621e-01
2.102193593978881836e+00 -1.582860112190246582e+00 6.194388389587402344e+00 7.445736974477767944e-02 -4.450545608997344971e-01 8.857587575912475586e-01 -1.317490041255950928e-01 1.632821410894393921e-01
1.993792295455932617e+00 -1.384294867515563965e+00 6.289251327514648438e+00 9.660565853118896484e-02 -9.587473273277282715e-01 -2.401618659496307373e-02 -2.832432389259338379e-01 3.851060867309570312e-01
1.672058224678039551e+00 -1.491490721702575684e+00 6.284049510955810547e+00 8.539598435163497925e-02 5.729630589485168457e-01 7.106924057006835938e-01 4.082028567790985107e-01 6.919825673103332520e-01
2.051876306533813477e+00 -9.752920269966125488e-01 6.596329689025878906e+00 9.770024567842483521e-02 9.102601408958435059e-01 3.487116694450378418e-01 2.232187688350677490e-01 2.366253584623336792e-01
2.271880626678466797e+00 -9.013726115226745605e-01 6.613253116607666016e+00 7.082347571849822998e-02 9.737327098846435547e-01 -1.588023602962493896e-01 1.631759405136108398e-01 4.162330627441406250e-01
2.672640085220336914e+00 -8.844869732856750488e-01 6.854001522064208984e+00 8.354207128286361694e-02 9.468369483947753906e-01 -2.796041369438171387e-01 1.591266393661499023e-01 4.132954478263854980e-01
3.094211816787719727e+00 -9.460143446922302246e-01 6.879644393920898438e+00 9.301346540451049805e-02 8.734229803085327148e-01 -4.869548380374908447e-01 2.705615945160388947e-03 2.650310397148132324e-01
3.312413692474365234e+00 -1.085656642913818359e+00 6.892665386199951172e+00 9.248116612434387207e-02 7.306922674179077148e-01 -6.396821141242980957e-01 2.385278791189193726e-01 2.466927319765090942e-01
3.483502626419067383e+00 -1.243605375289916992e+00 6.972858428955078125e+00 7.082347571849822998e-02 7.641277313232421875e-01 -5.575817823410034180e-01 3.243630230426788330e-01 2.398821115493774414e-01
3.777829885482788086e+00 -1.404249787330627441e+00 6.943933010101318359e+00 9.017495065927505493e-02 3.821175694465637207e-01 -7.202776074409484863e-01 5.789527893066406250e-01 7.551139593124389648e-01
3.918215751647949219e+00 -1.839942932128906250e+00 7.482285499572753906e+00 9.041023999452590942e-02 5.179335474967956543e-01 -8.659036457538604736e-02 8.510270118713378906e-01 1.179488450288772583e-01
4.062687873840332031e+00 -1.931390285491943359e+00 7.536183834075927734e+00 9.282368421554565430e-02 4.203706383705139160e-01 -8.536045253276824951e-02 9.033283591270446777e-01 3.179646730422973633e-01
4.281636238098144531e+00 -1.883520960807800293e+00 8.017083168029785156e+00 8.432710170745849609e-02 3.957032263278961182e-01 -9.015640616416931152e-01 1.749319434165954590e-01 3.416844308376312256e-01
4.387135028839111328e+00 -2.162321329116821289e+00 8.285709381103515625e+00 7.082347571849822998e-02 2.198688536882400513e-01 -9.613183736801147461e-01 1.659054607152938843e-01 3.353671729564666748e-01
4.464296817779541016e+00 -2.504971265792846680e+00 8.351447105407714844e+00 7.082347571849822998e-02 2.987285256385803223e-01 -3.848693370819091797e-01 -8.732908368110656738e-01 1.436932682991027832e-01
4.517754554748535156e+00 -2.518562316894531250e+00 8.222662925720214844e+00 7.082347571849822998e-02 2.445220798254013062e-01 -1.376346945762634277e-01 -9.598258137702941895e-01 4.186468422412872314e-01
1.660819768905639648e+00 -4.231343269348144531e+00 5.351846218109130859e+00 1.271883212029933929e-02 -1.982272230088710785e-02 5.509002208709716797e-01 -8.343356847763061523e-01 6.584400534629821777e-01
1.538296937942504883e+00 -3.790755987167358398e+00 4.983747482299804688e+00 2.328562550246715546e-02 -5.749983340501785278e-02 9.042535424232482910e-01 -4.231067895889282227e-01 3.016647696495056152e-01
1.408597946166992188e+00 -4.313501358032226562e+00 5.799851417541503906e+00 7.473464310169219971e-02 2.822986841201782227e-01 5.185866951942443848e-01 8.070782423019409180e-01 2.347206175327301025e-01
1.514182567596435547e+00 -4.111135005950927734e+00 5.968362808227539062e+00 6.059838831424713135e-02 -5.025858283042907715e-01 2.079470083117485046e-02 -8.642771840095520020e-01 2.430147379636764526e-01
1.410333871841430664e+00 -4.116845130920410156e+00 5.708104610443115234e+00 5.797289684414863586e-02 -5.408208966255187988e-01 7.602825164794921875e-01 -3.598377704620361328e-01 1.423888206481933594e-01
1.293608307838439941e+00 -3.966170787811279297e+00 5.715185165405273438e+00 4.750176146626472473e-02 -2.812871336936950684e-01 6.747304797172546387e-01 -6.823608279228210449e-01 2.033239454030990601e-01
1.485246062278747559e+00 -4.009502887725830078e+00 5.256419658660888672e+00 5.934891477227210999e-02 -7.157136201858520508e-01 6.583091616630554199e-01 2.332016974687576294e-01 3.277153372764587402e-01
1.250695705413818359e+00 -3.793764829635620117e+00 5.332843303680419922e+00 5.934891477227210999e-02 -5.255014896392822266e-01 8.108783364295959473e-01 2.575354874134063721e-01 2.648092247545719147e-02
1.151391267776489258e+00 -3.829859018325805664e+00 5.389829635620117188e+00 6.211614608764648438e-02 -6.613281965255737305e-01 6.399475336074829102e-01 -3.912955522537231445e-01 5.703996494412422180e-02
1.162945389747619629e+00 -3.720398187637329102e+00 5.301519870758056641e+00 5.678128823637962341e-02 -8.873615860939025879e-01 4.118708372116088867e-01 -2.072483301162719727e-01 3.043938577175140381e-01
9.098774194717407227e-01 -3.501973152160644531e+00 5.198563575744628906e+00 3.241226449608802795e-02 -9.641902446746826172e-01 6.655725836753845215e-02 -2.567241191864013672e-01 4.380555152893066406e-01
1.633650422096252441e+00 -4.094311237335205078e+00 5.476486206054687500e+00 4.171816259622573853e-02 5.333774685859680176e-01 7.208746671676635742e-01 -4.425473809242248535e-01 1.183955371379852295e-01
1.779412984848022461e+00 -4.039835453033447266e+00 5.544198036193847656e+00 3.332289680838584900e-02 1.830784790217876434e-02 -9.652463197708129883e-01 -2.606997787952423096e-01 1.937181800603866577e-01
1.753595829010009766e+00 -4.212273597717285156e+00 5.476158142089843750e+00 1.805972307920455933e-02 -1.967938840389251709e-01 -8.908493518829345703e-01 -4.094626009464263916e-01 3.664884865283966064e-01
1.599420905113220215e+00 -3.996729850769042969e+00 5.602302074432373047e+00 5.375386029481887817e-02 8.898766338825225830e-02 6.218229532241821289e-01 7.780857086181640625e-01 1.813042610883712769e-01
1.668677449226379395e+00 -4.304641723632812500e+00 5.788603782653808594e+00 4.495882987976074219e-02 -2.361640781164169312e-01 -9.197340607643127441e-01 -3.135534226894378662e-01 1.602384746074676514e-01
1.641749978065490723e+00 -4.451228618621826172e+00 5.742497444152832031e+00 4.323641955852508545e-02 3.588698208332061768e-01 -2.516395151615142822e-01 -8.988270163536071777e-01 3.180060982704162598e-01
1.545237302780151367e+00 -3.349007368087768555e+00 1.194058299064636230e+00 6.827037036418914795e-02 -2.764803171157836914e-01 3.792838454246520996e-01 8.830075860023498535e-01 1.231371760368347168e-01
1.516489505767822266e+00 -3.264970064163208008e+00 1.308362364768981934e+00 6.580991297960281372e-02 -3.896497189998626709e-01 -8.165038377046585083e-02 9.173365235328674316e-01 3.064598143100738525e-01
1.382568478584289551e+00 -3.327670097351074219e+00 1.587220430374145508e+00 5.892600491642951965e-02 2.703019678592681885e-01 -1.612443774938583374e-01 9.491770863533020020e-01 9.608128666877746582e-02
1.439341068267822266e+00 -3.283539533615112305e+00 1.684465765953063965e+00 5.619838461279869080e-02 2.153366655111312866e-01 -2.080150544643402100e-01 9.541277885437011719e-01 2.715496718883514404e-01
1.513474106788635254e+00 -3.262494325637817383e+00 1.980074763298034668e+00 5.254092440009117126e-02 -1.997644267976284027e-02 -4.226973950862884521e-01 9.060506820678710938e-01 3.582153618335723877e-01
1.529081702232360840e+00 -3.420994281768798828e+00 2.305707454681396484e+00 2.932045422494411469e-02 -2.976464033126831055e-01 -9.545901417732238770e-01 1.281739119440317154e-02 5.567212700843811035e-01
2.104435682296752930e+00 -2.765693902969360352e+00 1.687435388565063477e+00 1.689496636390686035e-02 -8.709007501602172852e-01 -4.033543169498443604e-01 2.807796001434326172e-01 5.236948132514953613e-01
1.812988400459289551e+00 -3.408337593078613281e+00 1.529612064361572266e+00 1.398122310638427734e-02 2.079813629388809204e-01 -8.708109259605407715e-01 4.454571604728698730e-01 1.943355202674865723e-01
1.897947072982788086e+00 -3.607031822204589844e+00 1.725103616714477539e+00 4.306085873395204544e-03 4.419153183698654175e-02 -9.596607089042663574e-01 -2.776659429073333740e-01 4.259607493877410889e-01
1.995978236198425293e+00 -3.018033742904663086e+00 1.535270690917968750e+00 7.076010107994079590e-02 3.136013746261596680e-01 -9.398356080055236816e-01 1.355109810829162598e-01 3.899417817592620850e-01
2.111409902572631836e+00 -3.389122962951660156e+00 1.676727771759033203e+00 6.999053806066513062e-02 9.717135429382324219e-01 -2.275124639272689819e-01 6.333182007074356079e-02 3.428174257278442383e-01
2.412758827209472656e+00 -3.464011430740356445e+00 1.698268175125122070e+00 5.113488808274269104e-02 4.932902008295059204e-02 5.503066182136535645e-01 8.335041999816894531e-01 1.502473354339599609e-01
2.452981710433959961e+00 -3.393451690673828125e+00 1.854874372482299805e+00 5.246099084615707397e-02 6.180151104927062988e-01 6.879400610923767090e-01 -3.805203437805175781e-01 1.070901900529861450e-01
2.508091211318969727e+00 -3.301354408264160156e+00 1.805176019668579102e+00 6.984749436378479004e-02 8.756747245788574219e-01 4.674645960330963135e-01 -1.211221814155578613e-01 2.774310708045959473e-01
2.715397119522094727e+00 -3.189621686935424805e+00 1.784735918045043945e+00 5.642945319414138794e-02 5.243968963623046875e-01 -7.617658972740173340e-01 3.804215788841247559e-01 7.663398236036300659e-02
2.809028387069702148e+00 -3.253395318984985352e+00 1.883538246154785156e+00 6.986174732446670532e-02 -3.536547422409057617e-01 -9.136151671409606934e-01 2.005881071090698242e-01 2.347654998302459717e-01
2.686494112014770508e+00 -3.539587497711181641e+00 2.058281898498535156e+00 6.950327754020690918e-02 8.872987031936645508e-01 -4.609278738498687744e-01 1.569908671081066132e-02 6.350256800651550293e-01
3.182349920272827148e+00 -3.896459102630615234e+00 2.016822576522827148e+00 6.688436865806579590e-02 5.777386426925659180e-01 4.454709962010383606e-02 -8.150053024291992188e-01 2.309428304433822632e-01
3.386343717575073242e+00 -3.859702587127685547e+00 1.847726941108703613e+00 5.574907734990119934e-02 1.705276072025299072e-01 2.364769577980041504e-01 -9.565557837486267090e-01 1.495877653360366821e-01
3.418974399566650391e+00 -3.781798839569091797e+00 1.657373547554016113e+00 5.693111196160316467e-02 2.907115817070007324e-01 -7.326225042343139648e-01 -6.154274940490722656e-01 1.085699424147605896e-01
3.427587270736694336e+00 -3.874443531036376953e+00 1.591609001159667969e+00 4.859166964888572693e-02 4.921899437904357910e-01 -8.453055024147033691e-01 2.078644782304763794e-01 4.530380666255950928e-01
3.604406356811523438e+00 -4.285078525543212891e+00 1.766432642936706543e+00 7.180680334568023682e-02 8.743639588356018066e-01 -5.251164361834526062e-02 4.824212193489074707e-01 3.923520743846893311e-01
3.946026802062988281e+00 -4.307931423187255859e+00 1.960515737533569336e+00 7.558058947324752808e-02 7.021965980529785156e-01 5.405738353729248047e-01 4.633572101593017578e-01 5.622134804725646973e-01
4.348381519317626953e+00 -3.970334529876708984e+00 2.184746265411376953e+00 7.246729731559753418e-02 3.319903314113616943e-01 6.557309627532958984e-01 6.780850887298583984e-01 2.645430564880371094e-01
4.476896286010742188e+00 -3.807913780212402344e+00 2.346094131469726562e+00 6.010704860091209412e-02 4.256176948547363281e-01 7.562203407287597656e-01 4.969712197780609131e-01 5.916800498962402344e-01
4.494679927825927734e+00 -3.312796831130981445e+00 2.339570760726928711e+00 6.404690444469451904e-02 1.886771619319915771e-01 9.819993376731872559e-01 8.847458288073539734e-03 1.800929903984069824e-01
2.018735408782958984e+00 -2.789700508117675781e+00 1.936261892318725586e+00 2.809095382690429688e-02 -4.141303896903991699e-01 -8.220416307449340820e-01 -3.908242583274841309e-01 4.427652060985565186e-01
2.195677757263183594e+00 -2.535997629165649414e+00 1.940991997718811035e+00 3.142161294817924500e-02 -8.934755325317382812e-01 -4.335196018218994141e-01 1.173122674226760864e-01 1.673111021518707275e-01
2.048071861267089844e+00 -2.694722414016723633e+00 1.942687630653381348e+00 1.773696206510066986e-02 -9.992841482162475586e-01 -2.727921493351459503e-02 2.621202729642391205e-02 9.488403052091598511e-02
1.966362118721008301e+00 -2.653566360473632812e+00 2.050416707992553711e+00 1.842124760150909424e-02 -3.174092173576354980e-01 -8.609990477561950684e-01 3.974066674709320068e-01 3.018850982189178467e-01
2.481982231140136719e+00 -2.422995328903198242e+00 1.907920718193054199e+00 1.804049499332904816e-02 -1.656167656183242798e-01 -2.236992120742797852e-01 -9.604841470718383789e-01 1.638374924659729004e-01
2.460223674774169922e+00 -2.458419561386108398e+00 1.725491762161254883e+00 1.804049499332904816e-02 -3.514352440834045410e-01 -9.283884167671203613e-01 -1.207816600799560547e-01 2.311742007732391357e-01
2.405826091766357422e+00 -2.697758674621582031e+00 1.737902879714965820e+00 1.541555486619472504e-02 -3.755924105644226074e-01 -8.803802132606506348e-01 -2.895876467227935791e-01 5.225367546081542969e-01
2.161466121673583984e+00 -2.514605760574340820e+00 1.948111653327941895e+00 2.253500744700431824e-02 3.689697086811065674e-01 -6.912381052970886230e-01 6.213302016258239746e-01 2.696681618690490723e-01
3.570273637771606445e+00 -1.773616075515747070e+00 2.261776685714721680e+00 1.924228481948375702e-02 -1.074752658605575562e-01 -6.692706346511840820e-01 7.352046370506286621e-01 5.429452657699584961e-01
3.557775974273681641e+00 -2.128398418426513672e+00 2.688475131988525391e+00 1.924228481948375702e-02 5.251027941703796387e-01 -4.054136872291564941e-01 -7.482692003250122070e-01 4.442456960678100586e-01
2.619001626968383789e+00 -2.378105163574218750e+00 2.012494564056396484e+00 4.193501174449920654e-02 -2.518709003925323486e-01 4.586217999458312988e-01 8.521896004676818848e-01 8.924772590398788452e-02
2.648265361785888672e+00 -2.355889558792114258e+00 2.106841802597045898e+00 5.784314125776290894e-02 -2.457197904586791992e-01 2.388247400522232056e-01 9.394596815109252930e-01 3.313010334968566895e-01
2.589015245437622070e+00 -2.247314214706420898e+00 2.456948518753051758e+00 5.615499988198280334e-02 9.080615043640136719e-01 -1.918942779302597046e-01 -3.722913563251495361e-01 2.856087684631347656e-01
2.825647354125976562e+00 -2.285154342651367188e+00 2.342221736907958984e+00 5.325463041663169861e-02 -6.339220404624938965e-01 -7.435916066169738770e-01 2.126366198062896729e-01 2.016151696443557739e-01
2.736497163772583008e+00 -2.537436008453369141e+00 2.356016397476196289e+00 4.432905837893486023e-02 -8.984777927398681641e-01 -3.942076861858367920e-01 1.932304352521896362e-01 3.877993822097778320e-01
2.658165693283081055e+00 -2.427174568176269531e+00 1.897508144378662109e+00 4.101752862334251404e-02 5.032717250287532806e-03 5.438803434371948242e-01 -8.391476869583129883e-01 3.026662766933441162e-02
2.664829015731811523e+00 -2.355317115783691406e+00 1.888446092605590820e+00 6.133767962455749512e-02 7.254006266593933105e-01 1.148769333958625793e-01 -6.786731481552124023e-01 3.832034468650817871e-01
2.924153089523315430e+00 -2.273106575012207031e+00 1.671020627021789551e+00 2.614029869437217712e-02 8.195880651473999023e-01 5.557771921157836914e-01 -1.392376720905303955e-01 2.457638643682003021e-02
2.943706989288330078e+00 -2.240662336349487305e+00 1.655481100082397461e+00 2.725448831915855408e-02 -4.291703104972839355e-01 4.800716042518615723e-01 7.650778293609619141e-01 1.614820361137390137e-01
3.022562980651855469e+00 -2.236537456512451172e+00 2.004538059234619141e+00 5.682026222348213196e-02 -8.461738824844360352e-01 -2.276318380609154701e-03 5.329020619392395020e-01 1.201861351728439331e-01
2.916045904159545898e+00 -2.218342304229736328e+00 2.081714391708374023e+00 5.682026222348213196e-02 4.138171076774597168e-01 5.967173576354980469e-01 -6.875200867652893066e-01 4.030893146991729736e-01
3.140200138092041016e+00 -1.982624769210815430e+00 1.829654693603515625e+00 5.682026222348213196e-02 1.836494356393814087e-01 -7.984669208526611328e-01 -5.733441114425659180e-01 4.595601856708526611e-01
3.172863006591796875e+00 -2.373399972915649414e+00 1.545846343040466309e+00 5.422583594918251038e-02 2.572286128997802734e-01 2.398515492677688599e-01 -9.361114501953125000e-01 1.843805909156799316e-01
2.482094526290893555e+00 -2.472028732299804688e+00 1.964468121528625488e+00 6.784503906965255737e-02 7.794729471206665039e-01 -6.198544502258300781e-01 -9.056719392538070679e-02 8.523172736167907715e-01
3.146452665328979492e+00 -3.000341176986694336e+00 1.887276172637939453e+00 6.784503906965255737e-02 5.019013285636901855e-01 4.953969717025756836e-01 -7.089970707893371582e-01 1.029509529471397400e-01
3.176275968551635742e+00 -2.878088951110839844e+00 1.754314422607421875e+00 6.784503906965255737e-02 7.994126081466674805e-01 5.110200643539428711e-01 3.159081637859344482e-01 5.541590452194213867e-01
3.527861595153808594e+00 -2.589337348937988281e+00 1.966468811035156250e+00 6.784503906965255737e-02 3.452727794647216797e-01 5.356948971748352051e-01 7.705956697463989258e-01 2.977545559406280518e-01
3.600682973861694336e+00 -2.412231922149658203e+00 2.205588340759277344e+00 6.784503906965255737e-02 4.886374771595001221e-01 8.698362708091735840e-01 -6.795792281627655029e-02 2.487760037183761597e-01
3.441415548324584961e+00 -1.837252020835876465e+00 2.129443645477294922e+00 9.135568141937255859e-02 -9.805428385734558105e-01 1.788111776113510132e-01 -8.100777119398117065e-02 3.132494688034057617e-01
3.133591175079345703e+00 -1.780423045158386230e+00 2.092280864715576172e+00 9.135568141937255859e-02 -9.771451950073242188e-01 2.009072899818420410e-01 6.945197284221649170e-02 2.968539595603942871e-01
3.373171091079711914e+00 -2.020364046096801758e+00 1.968705296516418457e+00 6.302160024642944336e-02 5.725690126419067383e-01 -4.811021089553833008e-01 -6.638565063476562500e-01 3.646327555179595947e-01
3.464626789093017578e+00 -1.884978652000427246e+00 2.095553636550903320e+00 4.795473068952560425e-02 -1.119812503457069397e-01 -7.880041599273681641e-01 6.054003834724426270e-01 1.318278759717941284e-01
3.449864387512207031e+00 -1.988859534263610840e+00 2.175362110137939453e+00 4.795473068952560425e-02 3.821132779121398926e-01 -5.887238979339599609e-01 -7.123156785964965820e-01 2.351999431848526001e-01
3.333163261413574219e+00 -1.904798865318298340e+00 1.983337640762329102e+00 4.047818481922149658e-02 5.357076972723007202e-02 6.505206227302551270e-01 7.575969099998474121e-01 1.789761334657669067e-01
3.342751264572143555e+00 -1.788371205329895020e+00 2.118929386138916016e+00 4.047818481922149658e-02 8.863583207130432129e-02 9.364082813262939453e-01 3.395338952541351318e-01 2.581605911254882812e-01
3.473544120788574219e+00 -1.840723276138305664e+00 2.122184276580810547e+00 1.698993146419525146e-02 1.056180149316787720e-01 -6.847474575042724609e-01 7.210865020751953125e-01 3.804023563861846924e-01
3.588151216506958008e+00 -1.727067351341247559e+00 2.318824052810668945e+00 7.854900509119033813e-02 -4.270885288715362549e-01 -8.987944126129150391e-01 9.881302714347839355e-02 6.117775440216064453e-01
3.310312747955322266e+00 -2.278878211975097656e+00 2.391524553298950195e+00 8.590891212224960327e-02 2.149905413389205933e-01 -9.669958949089050293e-01 1.367405205965042114e-01 2.237944900989532471e-01
3.319133996963500977e+00 -2.542011260986328125e+00 2.480928897857666016e+00 8.560623228549957275e-02 8.740493655204772949e-02 -8.075551986694335938e-01 -5.832795500755310059e-01 1.687755584716796875e-01
3.437423229217529297e+00 -2.775889158248901367e+00 2.398989200592041016e+00 8.480487763881683350e-02 -1.106664352118968964e-02 -1.781525909900665283e-01 -9.839406609535217285e-01 2.979255020618438721e-01
3.487483978271484375e+00 -2.874293088912963867e+00 2.047878265380859375e+00 7.854900509119033813e-02 -6.513950228691101074e-01 -7.587124109268188477e-01 -6.319842766970396042e-03 4.054711461067199707e-01
3.628323078155517578e+00 -1.685218572616577148e+00 2.591419696807861328e+00 3.934925049543380737e-02 -8.089591860771179199e-01 5.685290694236755371e-01 -1.495318710803985596e-01 5.005676746368408203e-01
8.982307314872741699e-01 -3.112690925598144531e+00 1.306715965270996094e+00 2.039044722914695740e-02 4.050518199801445007e-02 6.800816655158996582e-01 -7.320165634155273438e-01 1.539482921361923218e-01
9.972832798957824707e-01 -3.211044788360595703e+00 1.349539041519165039e+00 2.618324570357799530e-02 9.843702912330627441e-01 2.990765264257788658e-03 1.760858297348022461e-01 1.243212744593620300e-01
1.119661450386047363e+00 -3.210673093795776367e+00 1.371430277824401855e+00 2.618324570357799530e-02 -4.587219655513763428e-01 2.115869969129562378e-01 8.630208969116210938e-01 2.369238585233688354e-01
8.484771847724914551e-01 -3.285706996917724609e+00 1.568236947059631348e+00 5.682479962706565857e-02 -5.494147539138793945e-01 -6.729505062103271484e-01 4.952585697174072266e-01 3.239824771881103516e-01
6.880083084106445312e-01 -3.460731029510498047e+00 1.802578210830688477e+00 4.133201390504837036e-02 4.271210134029388428e-01 -8.218692541122436523e-01 3.769597113132476807e-01 3.436127305030822754e-02
7.569935321807861328e-01 -3.562537431716918945e+00 1.724894046783447266e+00 5.644444376230239868e-02 8.651233315467834473e-01 2.127201110124588013e-02 5.011079311370849609e-01 5.351261049509048462e-02
7.747631072998046875e-01 -3.626013278961181641e+00 1.761315107345581055e+00 5.436690524220466614e-02 -7.607980966567993164e-01 4.105883240699768066e-01 5.025967359542846680e-01 1.581898033618927002e-01
6.530222892761230469e-01 -3.445478439331054688e+00 1.763424634933471680e+00 5.078212916851043701e-02 -9.379325509071350098e-01 1.851068288087844849e-01 2.932882905006408691e-01 2.455725371837615967e-01
3.029181063175201416e-01 -3.438912868499755859e+00 1.690908551216125488e+00 5.401230975985527039e-02 -3.900189101696014404e-01 9.176418781280517578e-01 7.627981156110763550e-02 9.885640442371368408e-02
1.715302586555480957e+00 -4.390753269195556641e+00 2.822245836257934570e+00 1.889892295002937317e-02 -2.895531058311462402e-01 -1.966421902179718018e-01 -9.367448091506958008e-01 3.749538064002990723e-01
1.648729562759399414e+00 -4.417894363403320312e+00 2.404854059219360352e+00 2.214198186993598938e-02 -6.792393326759338379e-02 -7.948985695838928223e-01 -6.029283404350280762e-01 2.056899070739746094e-01
1.087103486061096191e+00 -4.058961391448974609e+00 2.999760627746582031e+00 1.020692940801382065e-02 9.162491559982299805e-01 -1.287808418273925781e-01 -3.793454468250274658e-01 6.674494147300720215e-01
1.761804342269897461e+00 -4.496935844421386719e+00 3.080323696136474609e+00 9.154434315860271454e-03 -5.770741105079650879e-01 -1.949265450239181519e-01 -7.930883765220642090e-01 2.364727407693862915e-01
1.598537325859069824e+00 -4.406740188598632812e+00 2.735096931457519531e+00 2.491463348269462585e-02 6.650211811065673828e-01 1.403197497129440308e-01 -7.335237860679626465e-01 7.205533981323242188e-02
1.646455645561218262e+00 -4.396629333496093750e+00 2.682242631912231445e+00 2.456833049654960632e-02 9.148680567741394043e-01 3.972225487232208252e-01 -7.232335954904556274e-02 1.791554987430572510e-01
1.815996646881103516e+00 -4.299711227416992188e+00 2.663770198822021484e+00 2.568304352462291718e-02 -8.063826709985733032e-02 -1.918215453624725342e-01 -9.781114459037780762e-01 1.773667186498641968e-01
1.871667355298995972e-01 -3.513750076293945312e+00 1.444548130035400391e+00 3.367131203413009644e-02 6.947164982557296753e-02 -4.592273235321044922e-01 8.855980634689331055e-01 2.004314064979553223e-01
6.872553378343582153e-02 -3.612638711929321289e+00 1.764410018920898438e+00 8.275369554758071899e-02 -1.627329438924789429e-01 9.811598658561706543e-01 -1.041311398148536682e-01 2.106349468231201172e-01
3.280840069055557251e-02 -3.403432130813598633e+00 1.750364422798156738e+00 8.275369554758071899e-02 2.018434852361679077e-01 9.437455534934997559e-01 -2.619228363037109375e-01 1.406274884939193726e-01
1.830366253852844238e-01 -3.189105033874511719e+00 1.782178759574890137e+00 8.275369554758071899e-02 2.485466003417968750e-01 3.788019120693206787e-01 -8.914783596992492676e-01 1.496020108461380005e-01
-4.465849101543426514e-01 -3.287763357162475586e+00 2.077821016311645508e+00 7.956681400537490845e-02 8.880502581596374512e-01 -4.592674970626831055e-01 2.097987942397594452e-02 1.868921071290969849e-01
-2.806153297424316406e-01 -3.373596668243408203e+00 2.081742048263549805e+00 7.889669388532638550e-02 5.068732500076293945e-01 -8.178522586822509766e-01 -2.723916172981262207e-01 1.220360696315765381e-01
-1.578841358423233032e-01 -3.480010032653808594e+00 2.049104452133178711e+00 5.607597902417182922e-02 -1.080857217311859131e-01 -9.938546419143676758e-01 2.388348244130611420e-02 3.464689254760742188e-01
-3.016888797283172607e-01 -3.832552909851074219e+00 2.135203838348388672e+00 5.608825013041496277e-02 2.150462418794631958e-01 -9.573482275009155273e-01 1.929754614830017090e-01 3.891661465167999268e-01
-2.421676367521286011e-01 -4.195849418640136719e+00 2.191483020782470703e+00 6.040326133370399475e-02 -4.795259535312652588e-01 -8.557692170143127441e-01 1.942006498575210571e-01 6.389320641756057739e-02
-3.513763546943664551e-01 -4.237680435180664062e+00 2.250310420989990234e+00 4.441997408866882324e-02 -9.101890772581100464e-02 -9.886471033096313477e-01 1.195511370897293091e-01 2.172438502311706543e-01
-3.902371823787689209e-01 -4.500094890594482422e+00 2.290703296661376953e+00 4.994019493460655212e-02 5.715261101722717285e-01 1.934234239161014557e-02 8.203558921813964844e-01 8.678163588047027588e-02
-1.586119234561920166e-01 -4.481572628021240234e+00 2.400172948837280273e+00 4.064001515507698059e-02 -2.032763808965682983e-01 -2.742783166468143463e-02 9.787371754646301270e-01 3.177441656589508057e-01
-2.583875358104705811e-01 -4.456259727478027344e+00 2.722659349441528320e+00 2.255383506417274475e-02 -8.324873633682727814e-03 -3.278363645076751709e-01 9.446978569030761719e-01 2.476063221693038940e-01
-4.670019745826721191e-01 -3.371331691741943359e+00 2.079650163650512695e+00 4.076267406344413757e-02 -2.644108831882476807e-01 -6.339287161827087402e-01 7.267883419990539551e-01 2.473474442958831787e-01
-5.324033498764038086e-01 -3.528132200241088867e+00 2.259419441223144531e+00 4.046703502535820007e-02 -3.516445308923721313e-02 -8.975616842508316040e-02 -9.953427910804748535e-01 2.265767604112625122e-01
-5.413147211074829102e-01 -3.507830619812011719e+00 2.011642217636108398e+00 4.264868795871734619e-02 2.140785157680511475e-01 -4.653730094432830811e-01 -8.588354587554931641e-01 1.910584270954132080e-01
6.438858062028884888e-02 -3.156533956527709961e+00 3.057315826416015625e+00 4.029886797070503235e-02 7.894059419631958008e-01 3.483314067125320435e-02 -6.128824949264526367e-01 1.229826211929321289e+00
9.713943600654602051e-01 -3.108314275741577148e+00 2.345360040664672852e+00 4.029886797070503235e-02 -2.527496516704559326e-01 8.323392868041992188e-01 -4.932838380336761475e-01 1.072819977998733521e-01
8.505541086196899414e-01 -2.928765773773193359e+00 2.302722215652465820e+00 4.029886797070503235e-02 -2.868150770664215088e-01 -3.971671760082244873e-01 8.717771172523498535e-01 4.421407282352447510e-01
6.697663068771362305e-01 -3.084285974502563477e+00 2.700408220291137695e+00 4.029886797070503235e-02 3.512046635150909424e-01 4.403874874114990234e-01 8.262651562690734863e-01 2.923480272293090820e-01
3.359768986701965332e-01 -3.339848518371582031e+00 2.705158948898315430e+00 2.706576697528362274e-02 2.016292661428451538e-01 -9.655922651290893555e-01 -1.642475873231887817e-01 3.260448276996612549e-01
5.011911392211914062e-01 -3.488059043884277344e+00 2.752786397933959961e+00 3.066878579556941986e-02 6.979691386222839355e-01 -2.601876482367515564e-02 7.156550288200378418e-01 7.357811182737350464e-02
5.525463819503784180e-01 -3.489973306655883789e+00 2.805443048477172852e+00 2.799054794013500214e-02 -7.993995212018489838e-03 -5.084110498428344727e-01 8.610774278640747070e-01 1.794946491718292236e-01
5.448299646377563477e-01 -3.568493843078613281e+00 2.969043016433715820e+00 1.959603093564510345e-02 -7.291694879531860352e-01 -5.970370173454284668e-01 3.344528079032897949e-01 2.500728666782379150e-01
-2.530087530612945557e-02 -3.134495258331298828e+00 3.118534088134765625e+00 1.151396241039037704e-02 -6.006829738616943359e-01 -5.791685581207275391e-01 5.511295199394226074e-01 4.416646957397460938e-01
-2.913231849670410156e-01 -3.402338504791259766e+00 3.422061443328857422e+00 1.151396241039037704e-02 -9.248657822608947754e-01 3.748682439327239990e-01 6.400841474533081055e-02 2.654085755348205566e-01
-5.705859661102294922e-01 -3.305903911590576172e+00 3.362474441528320312e+00 7.538903970271348953e-03 -8.756368756294250488e-01 -2.744500339031219482e-01 3.974131643772125244e-01 2.604511678218841553e-01
5.653422325849533081e-02 -3.160724401473999023e+00 3.047823667526245117e+00 2.825684659183025360e-02 7.761160731315612793e-01 -2.867979407310485840e-01 -5.615966916084289551e-01 2.507718205451965332e-01
2.223478108644485474e-01 -3.223393917083740234e+00 2.911706686019897461e+00 2.825684659183025360e-02 3.225421607494354248e-01 6.575309634208679199e-01 6.808961629867553711e-01 2.818351686000823975e-01
3.779867887496948242e-01 -2.979886770248413086e+00 3.126776456832885742e+00 2.825684659183025360e-02 2.725232020020484924e-02 3.434576988220214844e-01 -9.387726783752441406e-01 1.579628586769104004e-01
1.499183416366577148e+00 -4.212107658386230469e+00 4.869109630584716797e+00 3.106816858053207397e-02 9.180866926908493042e-02 -3.266123831272125244e-01 -9.406888484954833984e-01 1.426148563623428345e-01
1.512276768684387207e+00 -4.258687496185302734e+00 4.734953880310058594e+00 3.106816858053207397e-02 1.220884441863745451e-04 -9.954882860183715820e-01 -9.488459676504135132e-02 1.531095057725906372e-01
1.581762313842773438e+00 -4.157815933227539062e+00 4.877109050750732422e+00 2.220416069030761719e-02 3.734432160854339600e-03 2.256504595279693604e-01 -9.742012023925781250e-01 4.485713839530944824e-01
1.512281775474548340e+00 -4.062295913696289062e+00 4.478682994842529297e+00 2.220416069030761719e-02 2.505352199077606201e-01 -9.110197424888610840e-01 3.275288641452789307e-01 3.184340298175811768e-01
1.390811920166015625e+00 -4.250501632690429688e+00 4.980895996093750000e+00 5.957160145044326782e-02 -9.786422550678253174e-02 -6.433389186859130859e-01 7.593007683753967285e-01 6.851047277450561523e-02
1.384107232093811035e+00 -4.294577121734619141e+00 5.032916069030761719e+00 5.957160145044326782e-02 -6.128088012337684631e-02 -9.725829362869262695e-01 -2.243369072675704956e-01 5.038219317793846130e-02
1.412523746490478516e+00 -4.371604919433593750e+00 5.057878971099853516e+00 6.149127706885337830e-02 3.892247751355171204e-02 -7.740052342414855957e-01 -6.319817304611206055e-01 1.602233499288558960e-01
1.379278659820556641e+00 -4.498550415039062500e+00 4.950120449066162109e+00 4.390490427613258362e-02 1.557254344224929810e-01 8.491928130388259888e-02 -9.841434359550476074e-01 1.265474557876586914e-01
1.397468686103820801e+00 -4.455828189849853516e+00 4.803364753723144531e+00 2.019700035452842712e-02 -3.478896617889404297e-01 -5.459902286529541016e-01 -7.621465921401977539e-01 1.531716138124465942e-01
9.444516301155090332e-01 -4.241999149322509766e+00 5.039463520050048828e+00 6.449061632156372070e-02 9.021968841552734375e-01 2.210450619459152222e-01 -3.703780472278594971e-01 7.548397183418273926e-01
1.636782884597778320e+00 -4.320352077484130859e+00 4.880154609680175781e+00 6.449061632156372070e-02 -1.530985981225967407e-01 -4.408526718616485596e-01 -8.844262361526489258e-01 1.173087134957313538e-01
1.563403844833374023e+00 -4.396688461303710938e+00 4.729754924774169922e+00 6.449061632156372070e-02 6.893920898437500000e-01 -3.474304378032684326e-01 -6.356340646743774414e-01 6.242713332176208496e-01
1.973352432250976562e+00 -4.492284297943115234e+00 4.317224502563476562e+00 6.449061632156372070e-02 7.540701031684875488e-01 4.198481887578964233e-02 -6.554506421089172363e-01 1.595167517662048340e-01
2.110435009002685547e+00 -4.502186775207519531e+00 4.249114990234375000e+00 6.449061632156372070e-02 8.444797992706298828e-01 -2.188298404216766357e-01 -4.888429045677185059e-01 6.870447844266891479e-02
2.135366916656494141e+00 -4.517850399017333984e+00 4.206701278686523438e+00 6.449061632156372070e-02 2.207147926092147827e-01 4.601021409034729004e-01 -8.599947690963745117e-01 2.635926604270935059e-01
9.493498206138610840e-01 -4.359591007232666016e+00 5.022839069366455078e+00 4.369971808046102524e-03 -1.582570672035217285e-01 6.967987120151519775e-02 -9.849362373352050781e-01 2.391346246004104614e-01
9.548416733741760254e-01 -4.336433887481689453e+00 4.785297870635986328e+00 4.369971808046102524e-03 1.120537444949150085e-01 -4.782640337944030762e-01 8.710381388664245605e-01 5.356580615043640137e-01
1.014645814895629883e+00 -3.727762937545776367e+00 4.170824050903320312e+00 7.050598412752151489e-02 3.044472038745880127e-01 6.382912993431091309e-01 -7.070333361625671387e-01 9.027809649705886841e-02
1.042130708694458008e+00 -3.670139312744140625e+00 4.106994628906250000e+00 6.949868053197860718e-02 -8.861641585826873779e-02 2.924057543277740479e-01 9.521796107292175293e-01 7.255023717880249023e-02
1.029109239578247070e+00 -3.631455898284912109e+00 4.173087120056152344e+00 6.963924318552017212e-02 -7.459995895624160767e-02 1.407244056463241577e-01 9.872342348098754883e-01 5.691532492637634277e-01
9.407358765602111816e-01 -3.516275644302368164e+00 4.686417579650878906e+00 6.993863731622695923e-02 -5.139920115470886230e-01 3.868987262248992920e-01 7.655857801437377930e-01 2.626629471778869629e-01
2.252454161643981934e-01 -3.755327224731445312e+00 4.245943546295166016e+00 3.325280919671058655e-02 -7.933557033538818359e-01 -4.364041686058044434e-01 -4.244268238544464111e-01 1.158934012055397034e-01
1.342709511518478394e-01 -3.796988010406494141e+00 4.186013221740722656e+00 3.324496746063232422e-02 -6.714668869972229004e-01 -5.392805337905883789e-01 -5.082408189773559570e-01 1.333027333021163940e-01
3.728784993290901184e-02 -3.966792821884155273e+00 4.124011039733886719e+00 5.841806158423423767e-02 -6.919081807136535645e-01 1.044218055903911591e-02 -7.219099998474121094e-01 1.262928992509841919e-01
-3.530457243323326111e-02 -3.962952613830566406e+00 4.024580955505371094e+00 3.300825878977775574e-02 -4.742439985275268555e-01 -8.722552657127380371e-02 -8.760618567466735840e-01 4.073337912559509277e-01
-2.743238210678100586e-01 -4.127234935760498047e+00 3.697547197341918945e+00 5.253656953573226929e-02 6.300251483917236328e-01 -3.810267150402069092e-01 -6.766734123229980469e-01 7.623966932296752930e-01
2.293487638235092163e-01 -4.398934841156005859e+00 3.240164995193481445e+00 6.655656546354293823e-02 9.347366690635681152e-01 -9.496809542179107666e-02 -3.424155414104461670e-01 2.362581342458724976e-01
4.311614632606506348e-01 -4.442759037017822266e+00 3.149491310119628906e+00 5.392608046531677246e-02 7.695455551147460938e-01 -5.073629617691040039e-01 -3.877917528152465820e-01 1.688825711607933044e-02
4.666621387004852295e-01 -4.463323116302490234e+00 3.114917993545532227e+00 4.958460107445716858e-02 6.333682537078857422e-01 -3.828668594360351562e-01 6.725010275840759277e-01 3.660946786403656006e-01
1.246640924364328384e-02 -3.685548782348632812e+00 4.471998214721679688e+00 6.163839250802993774e-02 4.908755719661712646e-01 -7.575775384902954102e-01 -4.302527308464050293e-01 2.149183601140975952e-01
1.821952611207962036e-01 -3.762993574142456055e+00 4.361638545989990234e+00 5.858441442251205444e-02 7.052745819091796875e-01 -6.072745919227600098e-01 -3.657940328121185303e-01 2.710925228893756866e-02
1.710225045680999756e-01 -3.875076532363891602e+00 4.464546680450439453e+00 5.283001437783241272e-02 7.875308394432067871e-01 -5.580424070358276367e-01 -2.615029811859130859e-01 2.517077028751373291e-01
3.752683103084564209e-01 -3.970244884490966797e+00 4.334860324859619141e+00 4.569067433476448059e-02 8.942294120788574219e-01 -4.005371928215026855e-01 -1.998091787099838257e-01 8.757790178060531616e-02
4.632143080234527588e-01 -3.983281612396240234e+00 4.328564643859863281e+00 2.698951773345470428e-02 7.548423409461975098e-01 -5.277794003486633301e-01 3.894379734992980957e-01 3.736433088779449463e-01
-2.348538115620613098e-02 -3.612246513366699219e+00 4.390457630157470703e+00 5.426742602139711380e-03 -7.083218693733215332e-01 2.894515991210937500e-01 -6.438151001930236816e-01 1.452014744281768799e-01
-9.909431636333465576e-02 -3.571408748626708984e+00 4.276041984558105469e+00 5.426742602139711380e-03 -4.121824800968170166e-01 7.054905891418457031e-01 -5.765315294265747070e-01 2.278065234422683716e-01
-2.057096809148788452e-01 -3.386898517608642578e+00 4.189483165740966797e+00 7.004362531006336212e-03 -5.203620195388793945e-01 6.839919090270996094e-01 -5.112518668174743652e-01 3.254002630710601807e-01
-1.959142647683620453e-02 -3.677284717559814453e+00 4.491899490356445312e+00 8.176521398127079010e-03 9.389477223157882690e-02 -9.922357201576232910e-01 -8.156030625104904175e-02 7.486373931169509888e-02
1.182873174548149109e-02 -3.720793485641479492e+00 4.541275024414062500e+00 8.176521398127079010e-03 -8.865618705749511719e-01 4.388567805290222168e-01 1.463309526443481445e-01 2.027179300785064697e-01
-2.336020022630691528e-01 -3.387337207794189453e+00 4.725973606109619141e+00 1.867065951228141785e-02 5.364144444465637207e-01 -8.149961233139038086e-01 2.191821634769439697e-01 3.501604497432708740e-01
-4.577087983489036560e-02 -3.672716617584228516e+00 4.802722454071044922e+00 1.867065951228141785e-02 -2.742256224155426025e-01 9.316296577453613281e-01 2.384669035673141479e-01 5.315364524722099304e-02
-8.384457975625991821e-02 -3.498934507369995117e+00 4.765081405639648438e+00 1.867065951228141785e-02 -2.663091421127319336e-01 3.180767595767974854e-01 9.098937511444091797e-01 2.979543805122375488e-01
-3.444974422454833984e-01 -3.304519176483154297e+00 4.758144378662109375e+00 3.128801286220550537e-02 8.205463290214538574e-01 -5.367846488952636719e-01 1.963822543621063232e-01 4.886070489883422852e-01
3.477781265974044800e-02 -3.574739694595336914e+00 4.865106582641601562e+00 2.007257193326950073e-02 5.165848731994628906e-01 -6.712825298309326172e-01 5.315259695053100586e-01 1.295572519302368164e-01
1.663753688335418701e-01 -3.605773210525512695e+00 4.972284317016601562e+00 4.512683954089879990e-03 3.898988962173461914e-01 -7.828838825225830078e-01 4.848419427871704102e-01 4.070481657981872559e-01
-1.743806749582290649e-01 -3.326520681381225586e+00 4.663748741149902344e+00 6.377467419952154160e-03 8.545815348625183105e-01 1.334270089864730835e-01 -5.018841028213500977e-01 2.648866474628448486e-01
2.939155697822570801e-02 -3.386829137802124023e+00 4.508472919464111328e+00 3.205086104571819305e-03 8.060969710350036621e-01 -5.279479175806045532e-02 -5.894237756729125977e-01 5.520076751708984375e-01
4.351385533809661865e-01 -3.426396608352661133e+00 4.111097812652587891e+00 3.968202043324708939e-03 8.646052479743957520e-01 1.188981011509895325e-01 -4.881813228130340576e-01 2.700855433940887451e-01
-6.406237483024597168e-01 -3.145001173019409180e+00 4.549545288085937500e+00 7.718967273831367493e-03 9.725836515426635742e-01 -1.862441152334213257e-01 -1.392631679773330688e-01 4.532090425491333008e-01
-1.987176984548568726e-01 -3.228783845901489258e+00 4.485765457153320312e+00 7.718967273831367493e-03 -4.063085317611694336e-01 8.996506929397583008e-01 1.598187685012817383e-01 2.171011269092559814e-01
-7.344699501991271973e-01 -3.119491577148437500e+00 4.418426513671875000e+00 1.844414323568344116e-02 -2.700684368610382080e-01 -7.338366508483886719e-01 -6.233351826667785645e-01 1.925957351922988892e-01
-7.864840030670166016e-01 -3.260825395584106445e+00 4.298374652862548828e+00 1.844414323568344116e-02 -6.820343136787414551e-01 -6.856194138526916504e-01 -2.544704079627990723e-01 1.694512516260147095e-01
-9.116391539573669434e-01 -3.368592500686645508e+00 4.281589031219482422e+00 1.844414323568344116e-02 -7.439026236534118652e-02 -9.574702382087707520e-01 2.787773013114929199e-01 2.886160612106323242e-01
1.564887046813964844e+00 -2.695858955383300781e+00 5.391489505767822266e+00 4.289049282670021057e-02 8.311389684677124023e-01 2.954232394695281982e-01 -4.710977673530578613e-01 5.400985479354858398e-01
1.413471817970275879e+00 -3.588274002075195312e+00 4.390313148498535156e+00 4.847849160432815552e-02 -4.171365126967430115e-02 1.456775963306427002e-01 -9.884523153305053711e-01 2.095531672239303589e-01
1.430809617042541504e+00 -3.585805654525756836e+00 4.119277477264404297e+00 4.847849160432815552e-02 1.105299368500709534e-01 9.258304834365844727e-01 -3.614153861999511719e-01 4.708099365234375000e-01
1.697508692741394043e+00 -3.446231126785278320e+00 4.346058368682861328e+00 3.168131783604621887e-02 -7.007415890693664551e-01 6.329584717750549316e-01 -3.291272521018981934e-01 1.499301642179489136e-01
1.707384824752807617e+00 -3.398766040802001953e+00 4.407768726348876953e+00 6.594138592481613159e-02 5.152357816696166992e-01 7.479378581047058105e-01 -4.184746742248535156e-01 3.654865920543670654e-01
1.833452105522155762e+00 -3.107082366943359375e+00 4.198746204376220703e+00 6.575614213943481445e-02 5.312801003456115723e-01 7.779127359390258789e-01 -3.355491757392883301e-01 1.961626112461090088e-01
1.963146090507507324e+00 -2.979416370391845703e+00 4.179490566253662109e+00 7.523962855339050293e-02 -2.368616610765457153e-01 7.966450452804565430e-01 5.561054348945617676e-01 2.146718949079513550e-01
1.991480588912963867e+00 -2.807378530502319336e+00 4.323426723480224609e+00 7.523962855339050293e-02 -2.567351758480072021e-01 5.338479876518249512e-01 8.056633472442626953e-01 2.920749485492706299e-01
1.815152764320373535e+00 -3.330621242523193359e+00 4.525590419769287109e+00 6.037069484591484070e-02 6.239140629768371582e-01 -7.095770835876464844e-01 -3.274624049663543701e-01 1.938554048538208008e-01
1.776639938354492188e+00 -2.963393211364746094e+00 4.906116962432861328e+00 5.845713615417480469e-02 -5.603424906730651855e-01 5.126683115959167480e-01 -6.505286097526550293e-01 1.720362901687622070e-01
1.665075063705444336e+00 -2.862666606903076172e+00 4.809220790863037109e+00 4.173661023378372192e-02 -5.386236310005187988e-01 2.943633496761322021e-01 -7.894522547721862793e-01 2.371533960103988647e-01
1.539363145828247070e+00 -3.516224622726440430e+00 4.531789302825927734e+00 1.963138207793235779e-02 4.976578354835510254e-01 8.670713901519775391e-01 -2.288742735981941223e-02 1.662448793649673462e-01
1.453863859176635742e+00 -3.843817472457885742e+00 4.534932136535644531e+00 1.289617922157049179e-02 5.167174935340881348e-01 2.791718244552612305e-01 8.093615174293518066e-01 5.744597911834716797e-01
1.806707739830017090e+00 -3.535852670669555664e+00 4.963793754577636719e+00 1.289617922157049179e-02 -8.200334906578063965e-01 1.782350093126296997e-01 -5.438541173934936523e-01 2.258844375610351562e-01
1.788325667381286621e+00 -3.071291685104370117e+00 5.019203186035156250e+00 4.264338314533233643e-02 7.934954166412353516e-01 -4.156071692705154419e-02 6.071554422378540039e-01 6.409440934658050537e-02
1.839184284210205078e+00 -3.073955297470092773e+00 5.058118820190429688e+00 4.264338314533233643e-02 7.602750658988952637e-01 5.182597041130065918e-01 -3.916486501693725586e-01 2.107919454574584961e-01
1.448535561561584473e+00 -2.782030582427978516e+00 5.497278690338134766e+00 3.766765445470809937e-02 6.023138165473937988e-01 -6.325979232788085938e-01 -4.868654012680053711e-01 1.491635918617248535e+00
1.666993618011474609e+00 -2.896087169647216797e+00 5.135801792144775391e+00 7.950085401535034180e-02 -2.309733256697654724e-02 -5.867233276367187500e-01 8.094579577445983887e-01 1.653685420751571655e-01
1.663174033164978027e+00 -2.993112802505493164e+00 5.269660949707031250e+00 7.950085401535034180e-02 6.715052127838134766e-01 7.395998239517211914e-01 4.552841559052467346e-02 2.815317213535308838e-01
1.932622194290161133e+00 -2.759460210800170898e+00 5.298862934112548828e+00 1.019659116864204407e-01 -2.430440932512283325e-01 1.510282307863235474e-01 9.581857919692993164e-01 2.546637356281280518e-01
1.954375147819519043e+00 -2.487683534622192383e+00 5.479511737823486328e+00 9.420954436063766479e-02 -3.964281976222991943e-01 3.702855706214904785e-01 8.400793075561523438e-01 6.246011853218078613e-01
1.833502531051635742e+00 -2.094399213790893555e+00 5.928215503692626953e+00 9.483753889799118042e-02 -5.342623591423034668e-01 6.636285781860351562e-01 5.236037373542785645e-01 3.578055202960968018e-01
1.736498355865478516e+00 -1.873740553855895996e+00 6.128388404846191406e+00 7.298172265291213989e-02 8.087620139122009277e-02 8.504859805107116699e-01 5.197428464889526367e-01 2.498578876256942749e-01
1.662545204162597656e+00 -1.707594275474548340e+00 6.231643676757812500e+00 7.694213837385177612e-02 -4.931094944477081299e-01 7.303390502929687500e-01 4.727028012275695801e-01 2.614875435829162598e-01
1.529712796211242676e+00 -1.520844221115112305e+00 6.341027736663818359e+00 5.588162690401077271e-02 -7.473511695861816406e-01 -5.527788996696472168e-01 3.686484992504119873e-01 1.284682750701904297e-01
1.368072032928466797e+00 -1.519176840782165527e+00 6.317474365234375000e+00 5.588162690401077271e-02 -4.422430396080017090e-01 3.890995383262634277e-01 8.080981373786926270e-01 3.214107155799865723e-01
1.229556918144226074e+00 -1.430440664291381836e+00 6.549751758575439453e+00 6.674253940582275391e-02 -9.287250041961669922e-01 -2.780750691890716553e-01 2.452428936958312988e-01 3.036386370658874512e-01
1.564481258392333984e+00 -2.921554565429687500e+00 5.027434349060058594e+00 8.188821375370025635e-02 -9.695590734481811523e-01 -1.986487507820129395e-01 1.431566476821899414e-01 2.210565507411956787e-01
1.350153803825378418e+00 -2.965467214584350586e+00 5.059080123901367188e+00 8.188821375370025635e-02 -2.944805622100830078e-01 -4.340154528617858887e-01 8.514175415039062500e-01 4.170420467853546143e-01
1.386992573738098145e+00 -2.790466785430908203e+00 6.102801799774169922e+00 9.741162508726119995e-02 -7.953838706016540527e-01 4.538573622703552246e-01 -4.017188251018524170e-01 7.025105357170104980e-01
8.836440443992614746e-01 -2.427860975265502930e+00 5.811729907989501953e+00 9.732879698276519775e-02 -5.363496541976928711e-01 5.494278073310852051e-01 -6.406700611114501953e-01 1.784462481737136841e-01
8.459545373916625977e-01 -2.259889841079711914e+00 5.804314613342285156e+00 9.637188911437988281e-02 -9.064716696739196777e-01 1.467839777469635010e-01 3.959337770938873291e-01 4.019668400287628174e-01
3.793343603610992432e-01 -2.233772516250610352e+00 5.973889350891113281e+00 9.600134193897247314e-02 3.128605186939239502e-01 -8.219085931777954102e-01 4.760089516639709473e-01 1.418201327323913574e-01
3.195218741893768311e-01 -2.294871091842651367e+00 6.081600189208984375e+00 7.076457887887954712e-02 -2.400810420513153076e-01 -8.235174417495727539e-01 5.139845609664916992e-01 1.524825245141983032e-01
3.381849229335784912e-01 -2.461368322372436523e+00 6.202107429504394531e+00 9.522820264101028442e-02 -4.731540679931640625e-01 -8.555138707160949707e-01 -2.102885246276855469e-01 1.136958226561546326e-01
2.258767783641815186e-01 -2.521003246307373047e+00 6.130234718322753906e+00 9.431095421314239502e-02 8.212482184171676636e-02 -7.329694628715515137e-01 -6.752860546112060547e-01 2.284533679485321045e-01
2.975074648857116699e-01 -2.706352949142456055e+00 5.927449226379394531e+00 9.432090073823928833e-02 -1.623851060867309570e-02 -9.436695575714111328e-01 3.304907083511352539e-01 2.407353669404983521e-01
3.428194522857666016e-01 -2.891885519027709961e+00 6.101119041442871094e+00 6.972473859786987305e-02 -1.904745548963546753e-01 -8.569947481155395508e-01 4.788313806056976318e-01 2.964593768119812012e-01
1.517913043498992920e-01 -3.161779642105102539e+00 6.215731143951416016e+00 9.244799613952636719e-02 9.166367352008819580e-02 -9.883951544761657715e-01 1.211314797401428223e-01 4.465714991092681885e-01
1.444871425628662109e-01 -3.617065429687500000e+00 6.244733810424804688e+00 9.019844979047775269e-02 4.243692159652709961e-01 -8.332718610763549805e-01 -3.543568551540374756e-01 1.009027212858200073e-01
2.086821496486663818e-01 -3.736090421676635742e+00 6.202512264251708984e+00 8.641767501831054688e-02 -3.624624013900756836e-01 -4.950545728206634521e-02 -9.306826591491699219e-01 1.195322256535291672e-02
2.580957710742950439e-01 -3.749237537384033203e+00 6.213991641998291016e+00 6.206649541854858398e-02 -1.609624475240707397e-01 -9.741706252098083496e-01 -1.583752781152725220e-01 5.081876516342163086e-01
1.932152807712554932e-01 -4.122986793518066406e+00 6.286676883697509766e+00 7.905639708042144775e-02 -1.685502827167510986e-01 -7.635529637336730957e-01 6.233599781990051270e-01 5.929281115531921387e-01
1.314316689968109131e-01 -4.474532127380371094e+00 6.645590305328369141e+00 7.428707182407379150e-02 1.486360728740692139e-01 4.834242165088653564e-02 9.877096414566040039e-01 4.173703789710998535e-01
7.302264217287302017e-03 -4.521564960479736328e+00 7.110429763793945312e+00 7.389977574348449707e-02 7.629584521055221558e-02 4.748318493366241455e-01 8.767631649971008301e-01 1.628634482622146606e-01
4.075754433870315552e-02 -4.539515495300292969e+00 7.293532848358154297e+00 7.310878485441207886e-02 2.685450613498687744e-01 4.249787926673889160e-01 8.644515872001647949e-01 1.722526550292968750e-01
3.892005607485771179e-02 -4.359835147857666016e+00 7.556917667388916016e+00 7.111999392509460449e-02 9.530518054962158203e-01 1.442124396562576294e-01 2.662612497806549072e-01 5.384698510169982910e-01
6.497517228126525879e-01 -4.159422874450683594e+00 8.004124641418457031e+00 6.154269352555274963e-02 9.556764364242553711e-01 -1.760260462760925293e-01 -2.360030412673950195e-01 5.150421261787414551e-01
1.159054279327392578e+00 -4.349178314208984375e+00 7.980868816375732422e+00 5.719364061951637268e-02 9.111520051956176758e-01 -2.001600563526153564e-01 -3.601916432380676270e-01 6.779721379280090332e-01
1.766108751296997070e+00 -4.358158111572265625e+00 7.649796962738037109e+00 4.697551205754280090e-02 9.011259078979492188e-01 -1.909005939960479736e-01 -3.892672955989837646e-01 5.223027467727661133e-01
2.228629827499389648e+00 -4.589570999145507812e+00 7.461244583129882812e+00 3.861627355217933655e-02 9.327682256698608398e-01 -9.657560288906097412e-02 -3.472990095615386963e-01 5.310756564140319824e-01
2.766759872436523438e+00 -4.726383686065673828e+00 7.268548965454101562e+00 3.245497867465019226e-02 8.521755933761596680e-01 4.515759944915771484e-01 -2.643403708934783936e-01 6.497441530227661133e-01
3.332484960556030273e+00 -4.434864997863769531e+00 7.040983676910400391e+00 4.052020609378814697e-02 8.657264113426208496e-01 -4.579029083251953125e-01 2.020957171916961670e-01 2.611756622791290283e-01
1.487442493438720703e+00 -2.636448144912719727e+00 5.376695156097412109e+00 1.637560874223709106e-02 6.549574136734008789e-01 2.688532136380672455e-02 -7.551873922348022461e-01 8.076984882354736328e-01
1.536416172981262207e+00 -2.773931503295898438e+00 5.328512668609619141e+00 4.028876498341560364e-02 5.774915814399719238e-01 -7.542495131492614746e-01 3.124277889728546143e-01 1.952691674232482910e-01
1.314758300781250000e+00 -2.863976716995239258e+00 5.868870735168457031e+00 1.561210211366415024e-02 -4.924861788749694824e-01 -8.398069143295288086e-01 -2.284332066774368286e-01 2.012498825788497925e-01
1.215645551681518555e+00 -3.032987833023071289e+00 5.822898864746093750e+00 1.561210211366415024e-02 -9.456706047058105469e-01 -2.574473917484283447e-01 1.985647976398468018e-01 1.422833949327468872e-01
1.385587334632873535e+00 -2.789455890655517578e+00 5.984951972961425781e+00 6.820199545472860336e-03 -4.332075119018554688e-01 -6.764159202575683594e-01 5.956448316574096680e-01 2.392208576202392578e-01
1.286394596099853516e+00 -3.205359935760498047e+00 6.115514278411865234e+00 6.820199545472860336e-03 4.467944800853729248e-02 4.762558266520500183e-02 -9.978654980659484863e-01 3.512745797634124756e-01
1.272823691368103027e+00 -2.604408502578735352e+00 6.009334087371826172e+00 1.838555186986923218e-02 -1.953719109296798706e-01 9.625691771507263184e-01 -1.878574937582015991e-01 4.617023095488548279e-02
1.263803243637084961e+00 -2.559966564178466797e+00 6.000660419464111328e+00 1.838555186986923218e-02 5.645563006401062012e-01 3.092372715473175049e-01 -7.652767300605773926e-01 1.234343424439430237e-01
2.091690540313720703e+00 -1.770025491714477539e+00 6.409181118011474609e+00 5.925094336271286011e-02 -2.651692926883697510e-01 5.533985495567321777e-01 7.895792126655578613e-01 1.815251260995864868e-01
2.074266910552978516e+00 -1.621765255928039551e+00 6.574039459228515625e+00 5.925094336271286011e-02 3.581396937370300293e-01 -5.648863911628723145e-01 7.433971166610717773e-01 1.263124793767929077e-01
2.024592638015747070e+00 -1.773298621177673340e+00 6.708465099334716797e+00 6.897020339965820312e-02 6.140215396881103516e-01 -7.817682623863220215e-01 -1.087010130286216736e-01 9.338280558586120605e-02
2.065328836441040039e+00 -1.822953224182128906e+00 6.669865608215332031e+00 7.315815985202789307e-02 6.734216213226318359e-01 -3.282279372215270996e-01 -6.623969674110412598e-01 2.648983001708984375e-01
2.208079576492309570e+00 -1.917690157890319824e+00 6.484232425689697266e+00 6.977891176939010620e-02 3.367484509944915771e-01 -4.967845082283020020e-01 -7.998785376548767090e-01 1.622571796178817749e-01
1.747078180313110352e+00 -2.153416395187377930e+00 6.354712486267089844e+00 7.402949780225753784e-02 -8.826458454132080078e-01 -4.687221944332122803e-01 3.515489399433135986e-02 4.361164271831512451e-01
2.035758256912231445e+00 -2.129985094070434570e+00 6.308276176452636719e+00 4.752746596932411194e-02 2.552730143070220947e-01 -8.753520846366882324e-01 4.106025099754333496e-01 4.812345206737518311e-01
1.747147440910339355e+00 -1.482231736183166504e+00 6.247303962707519531e+00 5.584215745329856873e-03 1.630371063947677612e-02 -9.460113048553466797e-01 3.237234055995941162e-01 1.902423202991485596e-01
1.855400085449218750e+00 -1.945675373077392578e+00 6.325572013854980469e+00 5.584215745329856873e-03 -6.408780068159103394e-02 -8.230050653219223022e-02 -9.945448040962219238e-01 4.444008171558380127e-01
1.766850352287292480e+00 -1.463779211044311523e+00 6.286690711975097656e+00 5.557956174015998840e-02 4.006645977497100830e-01 -6.231738328933715820e-01 6.716563105583190918e-01 4.215358197689056396e-01
1.927564978599548340e+00 -1.741496205329895020e+00 6.552042484283447266e+00 4.562861844897270203e-02 -5.153577327728271484e-01 7.565970420837402344e-01 -4.024516344070434570e-01 1.353514939546585083e-01
1.841402649879455566e+00 -1.646535396575927734e+00 6.523722171783447266e+00 1.444613095372915268e-02 3.049301803112030029e-01 8.483321666717529297e-01 4.328395426273345947e-01 8.909609913825988770e-02
2.557322502136230469e+00 -8.982602953910827637e-01 6.711579799652099609e+00 6.533197313547134399e-02 -4.004666209220886230e-01 7.059258222579956055e-01 5.842047929763793945e-01 5.578818917274475098e-01
2.333909511566162109e+00 -5.044370889663696289e-01 7.037497520446777344e+00 6.360929459333419800e-02 -6.488686800003051758e-01 1.046547740697860718e-01 7.536689043045043945e-01 1.198988705873489380e-01
2.255264759063720703e+00 -4.958171546459197998e-01 7.141301155090332031e+00 5.189694464206695557e-02 -5.484370589256286621e-01 8.112809658050537109e-01 2.025833129882812500e-01 1.619283407926559448e-01
2.149191856384277344e+00 -3.672385215759277344e-01 7.178226470947265625e+00 5.189694464206695557e-02 6.075385492295026779e-03 8.160123229026794434e-01 5.780025720596313477e-01 9.841608256101608276e-02
2.084567785263061523e+00 -2.695246338844299316e-01 7.274044036865234375e+00 5.189694464206695557e-02 4.638364315032958984e-01 7.740028500556945801e-01 4.310166537761688232e-01 1.887343078851699829e-01
2.172851562500000000e+00 -1.640412926673889160e+00 6.204526901245117188e+00 4.874615743756294250e-02 1.373093873262405396e-01 -5.770229697227478027e-01 -8.051028251647949219e-01 3.322260081768035889e-01
2.034277439117431641e+00 -1.149962067604064941e+00 6.561706066131591797e+00 3.913525491952896118e-02 8.075186014175415039e-01 -5.898382663726806641e-01 2.136890310794115067e-03 2.899471521377563477e-01
2.284589290618896484e+00 -1.307957172393798828e+00 6.556716918945312500e+00 3.907278180122375488e-02 2.401066869497299194e-01 1.168062388896942139e-01 9.636934399604797363e-01 2.786162495613098145e-01
2.351486921310424805e+00 -1.275413155555725098e+00 6.825217723846435547e+00 3.979253768920898438e-02 -8.470341563224792480e-01 -4.795679152011871338e-01 2.292329072952270508e-01 3.293580412864685059e-01
2.131155252456665039e+00 -1.510671973228454590e+00 6.893820285797119141e+00 6.037836894392967224e-02 2.217364311218261719e-01 8.151641488075256348e-02 9.716933965682983398e-01 5.591473579406738281e-01
2.252422332763671875e+00 -1.451095461845397949e+00 7.420469760894775391e+00 7.327638566493988037e-02 -2.139393240213394165e-01 7.306675314903259277e-01 6.483478546142578125e-01 2.808471024036407471e-01
2.243295192718505859e+00 -1.251989841461181641e+00 7.539247035980224609e+00 6.093315780162811279e-02 3.853025436401367188e-01 8.952236175537109375e-01 2.238673269748687744e-01 2.964102029800415039e-01
2.406357049942016602e+00 -1.021766901016235352e+00 7.574755668640136719e+00 6.538707017898559570e-02 6.503223776817321777e-01 2.866099178791046143e-01 7.035165429115295410e-01 2.042816132307052612e-01
2.618535757064819336e+00 -9.512315392494201660e-01 7.697833538055419922e+00 6.334678083658218384e-02 2.772035896778106689e-01 -2.272990942001342773e-01 9.335380196571350098e-01 2.921099662780761719e-01
2.703242063522338867e+00 -9.661996960639953613e-01 7.950092792510986328e+00 3.616514056921005249e-02 7.166601419448852539e-01 2.120143324136734009e-01 6.644156575202941895e-01 2.229322940111160278e-01
1.868704915046691895e+00 -1.291577100753784180e+00 6.240194320678710938e+00 5.930054187774658203e-02 -9.595815539360046387e-01 2.480020076036453247e-01 -1.330346167087554932e-01 1.552104651927947998e-01
1.749284982681274414e+00 -1.293848514556884766e+00 6.221418857574462891e+00 5.387400090694427490e-02 4.599520862102508545e-01 8.705191612243652344e-01 1.750440746545791626e-01 2.541750371456146240e-01
1.866193413734436035e+00 -1.072584271430969238e+00 6.265910625457763672e+00 5.355595424771308899e-02 3.999519944190979004e-01 7.577230334281921387e-01 5.156492590904235840e-01 1.071240082383155823e-01
1.910681486129760742e+00 -9.922140836715698242e-01 6.322911739349365234e+00 5.455850437283515930e-02 1.828345656394958496e-01 9.481623172760009766e-01 2.599225640296936035e-01 6.829654574394226074e-01
2.146159887313842773e+00 -9.491051435470581055e-01 6.718413352966308594e+00 4.026465862989425659e-02 -8.819506764411926270e-01 -4.376944005489349365e-01 -1.748903840780258179e-01 2.862246930599212646e-01
1.799955248832702637e+00 -1.376276373863220215e+00 6.331913948059082031e+00 3.109566122293472290e-02 5.699293613433837891e-01 9.769475460052490234e-02 8.158653378486633301e-01 5.473158955574035645e-01
2.146933078765869141e+00 -1.306689262390136719e+00 6.742753028869628906e+00 3.109566122293472290e-02 -6.095919609069824219e-01 -2.997976243495941162e-01 -7.338385581970214844e-01 3.373813927173614502e-01
2.669335365295410156e+00 -9.339478611946105957e-01 6.786756038665771484e+00 3.219841420650482178e-02 -9.478558301925659180e-01 3.045198023319244385e-01 -9.400551021099090576e-02 8.818452954292297363e-01
2.766236543655395508e+00 -9.840154647827148438e-01 6.825226306915283203e+00 5.143831297755241394e-02 -2.882041633129119873e-01 -6.908302903175354004e-01 -6.630926728248596191e-01 3.037704229354858398e-01
2.701837301254272461e+00 -1.163790702819824219e+00 6.560504436492919922e+00 5.044130980968475342e-02 9.485513567924499512e-01 -1.756060570478439331e-01 2.634630501270294189e-01 2.171271741390228271e-01
2.893670797348022461e+00 -1.241283655166625977e+00 6.718769550323486328e+00 5.269170179963111877e-02 9.916070103645324707e-01 -4.077522456645965576e-02 1.226904392242431641e-01 2.018619477748870850e-01
3.165904760360717773e+00 -1.267963051795959473e+00 6.869472980499267578e+00 3.861535340547561646e-02 -9.739381074905395508e-02 -9.912161827087402344e-01 -8.947018533945083618e-02 2.841114997863769531e-01
3.718688011169433594e+00 -1.247499465942382812e+00 6.933421134948730469e+00 3.571710363030433655e-02 -3.523160517215728760e-01 9.337837100028991699e-01 -6.262134760618209839e-02 2.387478500604629517e-01
3.649370431900024414e+00 -9.991797208786010742e-01 6.922233104705810547e+00 3.571710363030433655e-02 -8.476380109786987305e-01 5.137968063354492188e-01 -1.323730498552322388e-01 6.742710471153259277e-01
3.107379674911499023e+00 -6.745581626892089844e-01 6.800445079803466797e+00 3.678971156477928162e-02 -4.966139495372772217e-01 4.416448175907135010e-01 -7.472110986709594727e-01 1.632091216742992401e-02
2.906679153442382812e+00 -9.471595287322998047e-01 6.808651924133300781e+00 1.162856630980968475e-02 7.358258366584777832e-01 -1.432533934712409973e-02 -6.770192384719848633e-01 4.118516445159912109e-01
3.118098497390747070e+00 -9.311423897743225098e-01 6.943967342376708984e+00 2.462249994277954102e-02 5.957933664321899414e-01 7.577301263809204102e-01 2.662240862846374512e-01 1.507620811462402344e-01
3.207921504974365234e+00 -8.169054388999938965e-01 6.984103679656982422e+00 2.462249994277954102e-02 7.745103836059570312e-01 5.047504901885986328e-01 -3.812618255615234375e-01 1.033013090491294861e-01
3.288579463958740234e+00 -9.999867081642150879e-01 6.960141181945800781e+00 6.163216009736061096e-02 1.215410307049751282e-01 5.112190246582031250e-01 8.508130908012390137e-01 8.938535302877426147e-02
3.299443483352661133e+00 -9.542912244796752930e-01 7.036191463470458984e+00 6.163216009736061096e-02 -5.628297924995422363e-01 -3.169136345386505127e-01 7.634057402610778809e-01 1.859114319086074829e-01
3.210255861282348633e+00 -1.086517810821533203e+00 7.296291828155517578e+00 5.910712108016014099e-02 -5.351220369338989258e-01 6.847490072250366211e-01 4.947354793548583984e-01 1.287818402051925659e-01
3.126522541046142578e+00 -1.007514953613281250e+00 7.406205177307128906e+00 5.910712108016014099e-02 -6.244515180587768555e-01 7.797452211380004883e-01 -4.536196961998939514e-02 2.127403318881988525e-01
2.988454580307006836e+00 -8.402948379516601562e-01 7.378060817718505859e+00 5.910712108016014099e-02 -1.320730298757553101e-01 9.852824807167053223e-01 1.085135713219642639e-01 8.188975602388381958e-02
3.139401197433471680e+00 -9.475562572479248047e-01 6.789062500000000000e+00 3.757340088486671448e-02 5.203039646148681641e-01 -4.098660871386528015e-02 -8.529970049858093262e-01 1.683854013681411743e-01
3.210964202880859375e+00 -9.612644910812377930e-01 6.567252159118652344e+00 3.034196048974990845e-02 9.659112095832824707e-01 1.495500057935714722e-01 -2.113063484430313110e-01 1.892292946577072144e-01
3.401332616806030273e+00 -9.400363564491271973e-01 6.537982463836669922e+00 4.094692692160606384e-02 8.540306687355041504e-01 3.827134668827056885e-01 -3.523663878440856934e-01 1.316475123167037964e-01
3.496015310287475586e+00 -8.924549818038940430e-01 6.484676361083984375e+00 3.784583508968353271e-02 3.320126533508300781e-01 1.820564121007919312e-01 -9.255393147468566895e-01 1.678703874349594116e-01
3.577509880065917969e+00 -8.691970109939575195e-01 6.347493648529052734e+00 3.022698499262332916e-02 5.589984059333801270e-01 6.304993033409118652e-01 -5.385084748268127441e-01 9.020972251892089844e-02
3.637452840805053711e+00 -8.424311876296997070e-01 6.264786243438720703e+00 3.844523429870605469e-02 5.182911753654479980e-01 7.078081369400024414e-01 -4.799811840057373047e-01 2.601079940795898438e-01
3.786071538925170898e+00 -6.342026591300964355e-01 6.158818244934082031e+00 4.109119251370429993e-02 5.023739933967590332e-01 3.359872102737426758e-01 -7.967013120651245117e-01 1.452679783105850220e-01
3.740462303161621094e+00 -8.316854834556579590e-01 5.720098018646240234e+00 3.930504992604255676e-02 5.912925004959106445e-01 5.217379927635192871e-01 -6.149492859840393066e-01 1.502241134643554688e+00
4.631390571594238281e+00 -5.862568691372871399e-02 4.816926002502441406e+00 3.022698499262332916e-02 8.735120892524719238e-01 4.689105153083801270e-01 1.307654529809951782e-01 7.332198321819305420e-02
4.695899963378906250e+00 -2.519552037119865417e-02 4.829508781433105469e+00 3.146243467926979065e-02 8.671807646751403809e-01 4.973998069763183594e-01 2.430989779531955719e-02 2.031435221433639526e-01
3.336789369583129883e+00 -1.026591062545776367e+00 6.854712009429931641e+00 1.440697722136974335e-02 3.161945194005966187e-02 8.766530752182006836e-01 -4.800829589366912842e-01 2.230713814496994019e-01
3.454737424850463867e+00 -1.305637121200561523e+00 7.001494407653808594e+00 1.145183015614748001e-02 -7.117486596107482910e-01 -6.476223468780517578e-01 2.720278501510620117e-01 1.040208339691162109e-01
3.380700826644897461e+00 -1.373003363609313965e+00 7.029791355133056641e+00 1.145183015614748001e-02 4.736301600933074951e-01 -2.783060371875762939e-01 -8.355957269668579102e-01 1.801865845918655396e-01
3.977098464965820312e+00 -1.894648432731628418e+00 7.440883159637451172e+00 1.424898672848939896e-02 -4.198189675807952881e-01 -7.275105919688940048e-03 -9.075787067413330078e-01 4.983533918857574463e-01
4.026896476745605469e+00 -1.880198955535888672e+00 7.499665737152099609e+00 1.573072001338005066e-02 3.152138292789459229e-01 -9.090002179145812988e-01 -2.726880908012390137e-01 1.500660926103591919e-01
4.041328907012939453e+00 -2.000247478485107422e+00 7.441158294677734375e+00 1.573072001338005066e-02 -5.668763518333435059e-01 -3.254150152206420898e-01 7.568066716194152832e-01 4.008193314075469971e-01
3.743585109710693359e+00 -2.085967540740966797e+00 7.639698028564453125e+00 2.426215261220932007e-02 -7.055884003639221191e-01 -6.846542954444885254e-01 1.827388405799865723e-01 1.580103635787963867e-01
3.862199306488037109e+00 -1.917083024978637695e+00 7.470311164855957031e+00 5.779394879937171936e-02 -5.879857540130615234e-01 -7.971260547637939453e-01 -1.373417079448699951e-01 4.513549059629440308e-02
3.835660457611083984e+00 -1.953061699867248535e+00 7.464112281799316406e+00 5.728637427091598511e-02 1.597159728407859802e-02 -5.234591364860534668e-01 -8.519010543823242188e-01 1.009861826896667480e-01
3.835084915161132812e+00 -2.000357151031494141e+00 7.336268424987792969e+00 7.543385028839111328e-02 -6.811195015907287598e-01 -7.295864820480346680e-01 -6.147990003228187561e-02 1.678347289562225342e-01
3.613521575927734375e+00 -2.091773033142089844e+00 7.328907489776611328e+00 6.402944773435592651e-02 -2.664968967437744141e-01 -9.408866763114929199e-01 2.090733498334884644e-01 2.623868286609649658e-01
3.457968235015869141e+00 -2.344790220260620117e+00 7.378506183624267578e+00 5.536931008100509644e-02 6.493490189313888550e-02 -9.926810860633850098e-01 1.018222644925117493e-01 5.477904155850410461e-02
3.374207973480224609e+00 -2.781398057937622070e+00 7.543933391571044922e+00 2.932249940931797028e-02 9.443015456199645996e-01 -2.847236990928649902e-01 -1.650060415267944336e-01 3.691829144954681396e-01
4.134919643402099609e+00 -1.853660464286804199e+00 7.700290203094482422e+00 3.936323896050453186e-02 -7.341670244932174683e-02 9.952809810638427734e-01 -6.344848126173019409e-02 2.223541587591171265e-01
4.118595123291015625e+00 -1.632355570793151855e+00 7.686182498931884766e+00 3.900641575455665588e-02 6.402088701725006104e-02 1.399497836828231812e-01 -9.880867004394531250e-01 3.794765844941139221e-02
4.195013523101806641e+00 -1.624909758567810059e+00 7.610431194305419922e+00 4.141658172011375427e-02 -4.598107337951660156e-01 6.200407445430755615e-02 -8.858496546745300293e-01 2.933996319770812988e-01
4.534707546234130859e+00 -2.616013050079345703e+00 8.259927749633789062e+00 6.217246875166893005e-02 2.315137833356857300e-01 -3.692385852336883545e-01 -9.000356793403625488e-01 4.507404267787933350e-01
4.634519577026367188e+00 -2.782731056213378906e+00 7.834172248840332031e+00 4.316104203462600708e-02 9.737107753753662109e-01 5.499648302793502808e-02 -2.210491448640823364e-01 1.192916557192802429e-01
4.753873348236083984e+00 -2.780994892120361328e+00 7.820626258850097656e+00 5.062852427363395691e-02 -2.317164093255996704e-02 -9.375939965248107910e-01 -3.469589948654174805e-01 2.653381824493408203e-01
4.921357631683349609e+00 -2.973032236099243164e+00 7.584700584411621094e+00 4.811844229698181152e-02 -3.924572467803955078e-01 -5.893768072128295898e-01 -7.061248421669006348e-01 9.895272850990295410e-01
4.708746910095214844e+00 -3.854833602905273438e+00 6.836179256439208984e+00 3.558903932571411133e-02 -8.392404913902282715e-01 -4.408457577228546143e-01 -3.183244764804840088e-01 8.267618417739868164e-01
3.970453023910522461e+00 -4.227644920349121094e+00 6.637995719909667969e+00 2.542261779308319092e-02 -7.217411398887634277e-01 -4.231136143207550049e-01 -5.477815270423889160e-01 6.781493425369262695e-01
3.546203613281250000e+00 -4.469321727752685547e+00 6.286217212677001953e+00 1.599297299981117249e-02 4.582874774932861328e-01 -2.953304052352905273e-01 -8.383033871650695801e-01 1.392036825418472290e-01
4.296912193298339844e+00 -1.966590285301208496e+00 8.115039825439453125e+00 2.742284163832664490e-02 5.255295429378747940e-03 -4.761049151420593262e-01 8.793727755546569824e-01 2.840496003627777100e-01
4.298405170440673828e+00 -2.101827621459960938e+00 8.364825248718261719e+00 2.742284163832664490e-02 -4.688391387462615967e-01 3.729635477066040039e-01 -8.006797432899475098e-01 2.914884686470031738e-01
4.435225486755371094e+00 -2.082072019577026367e+00 8.303399085998535156e+00 5.194193124771118164e-02 9.782246947288513184e-01 -8.410456776618957520e-02 1.897440999746322632e-01 2.945179939270019531e-01
4.729086875915527344e+00 -2.087337493896484375e+00 8.385011672973632812e+00 4.480379819869995117e-02 7.059267759323120117e-01 -6.314828991889953613e-01 3.207751214504241943e-01 2.271483987569808960e-01
4.890735149383544922e+00 -2.067324876785278320e+00 8.679835319519042969e+00 6.172541156411170959e-02 -1.262401044368743896e-01 -7.984296083450317383e-01 5.887050032615661621e-01 3.960641026496887207e-01
5.012539863586425781e+00 -2.495664834976196289e+00 8.931864738464355469e+00 5.975812673568725586e-02 -5.247369408607482910e-01 -7.306245565414428711e-01 4.368511140346527100e-01 6.596391797065734863e-01
4.542768955230712891e+00 -2.921281099319458008e+00 9.122475624084472656e+00 5.812015011906623840e-02 3.410444557666778564e-01 -5.595830678939819336e-01 -7.553512454032897949e-01 3.345847129821777344e-01
4.630621910095214844e+00 -3.137582063674926758e+00 8.892208099365234375e+00 5.850909277796745300e-02 8.135796189308166504e-01 -4.641535878181457520e-01 3.502136766910552979e-01 1.110760569572448730e-01
4.728545665740966797e+00 -3.166759967803955078e+00 9.198459625244140625e+00 5.628423392772674561e-02 8.334063887596130371e-01 -5.521953701972961426e-01 2.267322503030300140e-02 2.790587842464447021e-01
4.990012168884277344e+00 -3.482533931732177734e+00 9.005751609802246094e+00 5.757695063948631287e-02 -1.828540265560150146e-01 -7.759230136871337891e-01 6.037448644638061523e-01 6.151918172836303711e-01
4.869906902313232422e+00 -3.932894468307495117e+00 9.381588935852050781e+00 5.161857232451438904e-02 -3.943722844123840332e-01 -2.558474838733673096e-01 8.826168775558471680e-01 3.489135205745697021e-02
4.855464935302734375e+00 -3.934283256530761719e+00 9.420607566833496094e+00 4.319259896874427795e-02 4.355358779430389404e-01 -6.452595591545104980e-01 6.276532411575317383e-01 2.533453404903411865e-01
4.511413574218750000e+00 -2.545489549636840820e+00 8.385421752929687500e+00 7.572899572551250458e-03 -3.731822073459625244e-01 4.424188137054443359e-01 8.154757022857666016e-01 3.928883373737335205e-01
4.524905681610107422e+00 -2.451981067657470703e+00 8.188063621520996094e+00 1.127655804157257080e-02 -6.765095144510269165e-02 5.668348670005798340e-01 -8.210490345954895020e-01 4.901321232318878174e-02
4.544877052307128906e+00 -2.612997531890869141e+00 7.926316738128662109e+00 4.940381273627281189e-02 -7.051686048507690430e-01 -5.989397168159484863e-01 3.794843852519989014e-01 1.998697072267532349e-01
4.403934955596923828e+00 -2.732707500457763672e+00 8.002164840698242188e+00 4.940381273627281189e-02 4.530904889106750488e-01 7.454866170883178711e-01 -4.888340532779693604e-01 2.650916278362274170e-01
4.425569534301757812e+00 -2.203840017318725586e+00 7.993882656097412109e+00 5.910706892609596252e-02 8.041662573814392090e-01 -2.442205250263214111e-01 5.419160127639770508e-01 1.031773984432220459e-01
4.598464965820312500e+00 -2.567296266555786133e+00 8.152500152587890625e+00 2.232535928487777710e-02 8.185713887214660645e-01 -5.207017660140991211e-01 2.425088733434677124e-01 1.345742344856262207e-01
1.384660482406616211e+00 -4.355452537536621094e+00 5.860405921936035156e+00 1.549724861979484558e-02 -3.996448218822479248e-01 -7.070968151092529297e-01 5.833507776260375977e-01 6.305560469627380371e-02
1.359460711479187012e+00 -4.400039196014404297e+00 5.897189617156982422e+00 1.549724861979484558e-02 8.023417592048645020e-01 -5.949445366859436035e-01 -4.784031957387924194e-02 2.418025583028793335e-01
1.243912577629089355e+00 -3.941773891448974609e+00 5.717931747436523438e+00 2.402299828827381134e-02 -7.442353963851928711e-01 2.729925811290740967e-01 -6.095807552337646484e-01 3.994015455245971680e-01
1.407123684883117676e+00 -4.231190204620361328e+00 5.791492462158203125e+00 1.060358434915542603e-02 -4.109406471252441406e-01 -4.309633076190948486e-01 -8.033668994903564453e-01 2.477880865335464478e-01
1.207832813262939453e+00 -3.709812164306640625e+00 5.259000778198242188e+00 5.394222214818000793e-02 4.643796682357788086e-01 3.348054885864257812e-01 -8.199126720428466797e-01 1.436692029237747192e-01
1.275756835937500000e+00 -3.652611494064331055e+00 5.129608631134033203e+00 5.394222214818000793e-02 7.972627878189086914e-01 4.317969083786010742e-01 4.218097329139709473e-01 6.833599805831909180e-01
1.727742433547973633e+00 -3.345335245132446289e+00 5.457217693328857422e+00 5.394222214818000793e-02 4.043293893337249756e-01 3.491934537887573242e-01 8.453293442726135254e-01 5.801570415496826172e-02
1.739402055740356445e+00 -3.318304300308227539e+00 5.449996471405029297e+00 5.394222214818000793e-02 -4.153534770011901855e-01 8.887178301811218262e-01 1.940671652555465698e-01 3.721545934677124023e-01
1.012472271919250488e+00 -3.590157032012939453e+00 5.276243686676025391e+00 1.187397353351116180e-02 -2.145192474126815796e-01 9.389507174491882324e-01 -2.689851522445678711e-01 4.960659146308898926e-01
1.741036534309387207e+00 -4.235087871551513672e+00 5.446858882904052734e+00 6.734638661146163940e-02 -1.368094533681869507e-01 3.628149330615997314e-01 9.217637777328491211e-01 2.055562883615493774e-01
1.707419872283935547e+00 -4.164686203002929688e+00 5.634805202484130859e+00 6.734638661146163940e-02 -5.163221955299377441e-01 4.027389287948608398e-01 7.557861804962158203e-01 1.252346187829971313e-01
1.795670509338378906e+00 -4.232684135437011719e+00 5.460092544555664062e+00 1.435680314898490906e-02 3.007290661334991455e-01 -4.183498024940490723e-01 -8.570562601089477539e-01 1.490060985088348389e-01
1.826635122299194336e+00 -4.301098823547363281e+00 5.337403297424316406e+00 1.435680314898490906e-02 -1.033511608839035034e-01 -4.825242459774017334e-01 -8.697636723518371582e-01 1.831915676593780518e-01
1.463456273078918457e+00 -3.343546867370605469e+00 1.236289978027343750e+00 5.104781314730644226e-02 -9.835492372512817383e-01 -1.806209832429885864e-01 2.633193507790565491e-03 2.250953465700149536e-01
1.242063879966735840e+00 -3.384203910827636719e+00 1.236882686614990234e+00 5.104781314730644226e-02 -2.248470783233642578e-01 -3.979806005954742432e-01 8.894128799438476562e-01 3.444779813289642334e-01
1.155643939971923828e+00 -3.548493385314941406e+00 1.570215344429016113e+00 5.104781314730644226e-02 4.333882629871368408e-01 -7.024139165878295898e-01 -5.646142959594726562e-01 1.560277938842773438e-01
1.380678296089172363e+00 -3.287793636322021484e+00 1.676962256431579590e+00 3.315241634845733643e-02 -9.824440479278564453e-01 -5.884710699319839478e-02 -1.770331412553787231e-01 2.008033841848373413e-01
1.183400154113769531e+00 -3.299610376358032227e+00 1.641413331031799316e+00 3.081266768276691437e-02 5.312854051589965820e-01 6.039320230484008789e-01 5.941396355628967285e-01 2.979061305522918701e-01
1.348856925964355469e+00 -3.130057811737060547e+00 1.841293692588806152e+00 2.340078912675380707e-02 -9.181457161903381348e-01 1.620178371667861938e-01 3.616056442260742188e-01 2.138391882181167603e-01
1.498341083526611328e+00 -3.203764200210571289e+00 1.362590074539184570e+00 5.918309092521667480e-02 4.701097309589385986e-02 6.176400780677795410e-01 -7.850545644760131836e-01 4.975140690803527832e-01
1.501537561416625977e+00 -3.404603719711303711e+00 1.169297933578491211e+00 6.906680017709732056e-02 -5.832500457763671875e-01 -7.420302629470825195e-01 -3.304700851440429688e-01 1.578471660614013672e-01
1.409473180770874023e+00 -3.521731138229370117e+00 1.117134213447570801e+00 6.906680017709732056e-02 -8.644808530807495117e-01 -2.515572011470794678e-01 -4.351916611194610596e-01 2.179864048957824707e-01
1.396314978599548340e+00 -3.337947845458984375e+00 1.497601628303527832e+00 4.324437305331230164e-02 -4.528310000896453857e-01 -8.188049793243408203e-01 -3.528490960597991943e-01 1.457628756761550903e-01
1.330308914184570312e+00 -3.457299232482910156e+00 1.446169376373291016e+00 4.279914498329162598e-02 6.755358576774597168e-01 -3.697382509708404541e-01 6.379224061965942383e-01 6.348712742328643799e-02
1.387100458145141602e+00 -3.469006299972534180e+00 1.482940673828125000e+00 4.093555733561515808e-02 6.090838313102722168e-01 -5.338479280471801758e-01 5.865349173545837402e-01 2.359952777624130249e-01
1.536172509193420410e+00 -3.317648649215698242e+00 1.377321720123291016e+00 8.095663972198963165e-03 2.477833628654479980e-01 2.667323052883148193e-01 -9.313738346099853516e-01 5.120544433593750000e-01
1.476585268974304199e+00 -3.308443307876586914e+00 1.988801598548889160e+00 1.610179431736469269e-02 -6.867037415504455566e-01 -7.044151425361633301e-01 -1.795473694801330566e-01 1.705861985683441162e-01
1.359443068504333496e+00 -3.428606986999511719e+00 1.958173274993896484e+00 1.610179431736469269e-02 -4.325255453586578369e-01 -8.684684038162231445e-01 -2.422484010457992554e-01 2.265991121530532837e-01
1.545505166053771973e+00 -3.373675346374511719e+00 2.302199363708496094e+00 1.703410036861896515e-02 7.293959856033325195e-01 5.449406504631042480e-01 4.135469794273376465e-01 1.459242701530456543e-01
1.636676669120788574e+00 -3.280062198638916016e+00 2.340319633483886719e+00 1.703410036861896515e-02 2.405483573675155640e-01 -7.365120053291320801e-01 -6.322076916694641113e-01 3.518562018871307373e-01
1.843840360641479492e+00 -3.576972484588623047e+00 1.626578450202941895e+00 3.881151322275400162e-03 -6.405738592147827148e-01 -4.960255324840545654e-02 7.662928104400634766e-01 1.819130331277847290e-01
1.729385137557983398e+00 -3.585423231124877930e+00 1.768675565719604492e+00 3.881151322275400162e-03 -7.659685611724853516e-01 -1.602561622858047485e-01 6.225834488868713379e-01 3.136359155178070068e-01
2.232267141342163086e+00 -3.422700643539428711e+00 1.614739298820495605e+00 4.926256090402603149e-02 2.201292663812637329e-01 -1.257413178682327271e-01 -9.673325419425964355e-01 9.780176728963851929e-02
2.253796100616455078e+00 -3.434998512268066406e+00 1.520132422447204590e+00 4.926256090402603149e-02 -6.267141699790954590e-01 -6.796194314956665039e-01 3.812437355518341064e-01 1.887174695730209351e-01
2.148993492126464844e+00 -3.268043279647827148e+00 1.600044846534729004e+00 2.469586767256259918e-02 9.966488480567932129e-01 -8.073486387729644775e-02 1.314913108944892883e-02 2.183938026428222656e-01
2.721394538879394531e+00 -3.286525011062622070e+00 1.900092124938964844e+00 6.636866182088851929e-02 -3.395759761333465576e-01 9.331544041633605957e-01 -1.179449185729026794e-01 3.074306845664978027e-01
2.628211259841918945e+00 -2.994086503982543945e+00 1.868567109107971191e+00 6.186946481466293335e-02 2.846567630767822266e-01 -8.860174417495727539e-01 3.659830689430236816e-01 2.713636755943298340e-01
2.669377088546752930e+00 -3.215966701507568359e+00 2.059791564941406250e+00 4.338139295578002930e-02 -2.263730317354202271e-01 -9.681927561759948730e-01 1.065741032361984253e-01 1.391720622777938843e-01
2.598567485809326172e+00 -3.336750984191894531e+00 2.057859897613525391e+00 4.598235338926315308e-02 -3.385661244392395020e-01 1.601699292659759521e-01 9.272100925445556641e-01 1.385753750801086426e-01
2.514656782150268555e+00 -3.335807085037231445e+00 2.183529615402221680e+00 1.931173913180828094e-02 -1.151142120361328125e-01 6.894309073686599731e-02 9.909569025039672852e-01 4.503603875637054443e-01
2.432612180709838867e+00 -3.527365446090698242e+00 1.664869308471679688e+00 1.556512247771024704e-02 -2.956957519054412842e-01 -9.472491741180419922e-01 -1.236246004700660706e-01 5.130949616432189941e-01
2.831477403640747070e+00 -3.386522769927978516e+00 1.896088719367980957e+00 1.978692971169948578e-02 -1.384764676913619041e-03 6.527453660964965820e-01 7.575761079788208008e-01 6.221468448638916016e-01
2.925191402435302734e+00 -2.949414730072021484e+00 2.375885963439941406e+00 1.092488225549459457e-02 -2.364863157272338867e-01 4.924509525299072266e-01 8.375955224037170410e-01 2.591351866722106934e-01
2.745838403701782227e+00 -3.566277742385864258e+00 1.902731060981750488e+00 6.623054295778274536e-02 8.716903924942016602e-01 -1.663944125175476074e-01 4.609433412551879883e-01 7.592279314994812012e-01
3.393315553665161133e+00 -3.673432111740112305e+00 2.214772462844848633e+00 6.568293273448944092e-02 -9.016733169555664062e-01 1.370004266500473022e-01 4.101415276527404785e-01 9.472094476222991943e-02
3.342087745666503906e+00 -3.617158651351928711e+00 2.315865278244018555e+00 6.535650044679641724e-02 -8.094732165336608887e-01 -1.692525446414947510e-01 5.622336268424987793e-01 3.650904893875122070e-01
3.078875064849853516e+00 -3.578684091567993164e+00 2.540802955627441406e+00 6.439930945634841919e-02 -8.821687698364257812e-01 2.007660418748855591e-01 4.259943962097167969e-01 3.822866082191467285e-01
2.714661121368408203e+00 -3.414355278015136719e+00 2.761587142944335938e+00 6.266993284225463867e-02 -4.203602969646453857e-01 -5.870950222015380859e-01 6.918212175369262695e-01 1.957325637340545654e-01
2.392583370208740234e+00 -3.557868242263793945e+00 2.736658334732055664e+00 6.149137392640113831e-02 -3.441411852836608887e-01 -6.892111897468566895e-01 6.376164555549621582e-01 2.554907500743865967e-01
2.440553188323974609e+00 -3.729137897491455078e+00 2.945248842239379883e+00 4.456010088324546814e-02 -1.830679774284362793e-01 -7.591812014579772949e-01 6.246039271354675293e-01 2.172895669937133789e-01
2.406109809875488281e+00 -3.889498233795166016e+00 3.075962066650390625e+00 4.393659532070159912e-02 -3.148544132709503174e-01 8.418793678283691406e-01 4.382987320423126221e-01 4.842041432857513428e-02
2.406585454940795898e+00 -3.862263679504394531e+00 3.214083671569824219e+00 5.925978720188140869e-02 -5.756204724311828613e-01 7.998536229133605957e-01 1.699859946966171265e-01 7.707192301750183105e-01
1.957242608070373535e+00 -3.258197784423828125e+00 3.284278869628906250e+00 3.848496824502944946e-02 -7.482800483703613281e-01 6.602461338043212891e-01 -6.443633884191513062e-02 2.915586829185485840e-01
1.915715217590332031e+00 -3.229206800460815430e+00 3.405087709426879883e+00 6.280849128961563110e-02 -2.219229042530059814e-01 4.832735359668731689e-01 8.468747735023498535e-01 1.212962064892053604e-02
1.901859641075134277e+00 -3.243847846984863281e+00 3.425861835479736328e+00 5.370258167386054993e-02 -1.861057132482528687e-01 5.263036489486694336e-01 8.296801447868347168e-01 2.242706269025802612e-01
3.606515884399414062e+00 -4.230837345123291016e+00 1.633413314819335938e+00 1.003523636609315872e-02 3.743456602096557617e-01 8.293076753616333008e-01 4.148663580417633057e-01 3.248579502105712891e-01
3.676349639892578125e+00 -3.893201112747192383e+00 1.803130149841308594e+00 1.850470528006553650e-02 -2.844357788562774658e-01 -5.991485118865966797e-01 7.484098672866821289e-01 2.516432702541351318e-01
3.570403814315795898e+00 -4.276098728179931641e+00 1.829037904739379883e+00 6.821646541357040405e-02 -8.832511901855468750e-01 1.310717463493347168e-01 4.502083063125610352e-01 6.566624641418457031e-01
3.061628580093383789e+00 -4.157579898834228516e+00 2.081802606582641602e+00 6.821646541357040405e-02 1.387179084122180939e-02 -8.082258701324462891e-01 -5.887092351913452148e-01 1.710221022367477417e-01
3.068891048431396484e+00 -4.346076011657714844e+00 1.990567445755004883e+00 3.294920548796653748e-02 -2.938608825206756592e-01 -2.040705084800720215e-01 -9.338099360466003418e-01 4.397797584533691406e-01
2.968912363052368164e+00 -4.435904502868652344e+00 1.577308058738708496e+00 1.673657633364200592e-02 -7.956044375896453857e-02 -4.597630202770233154e-01 -8.844705224037170410e-01 1.424983143806457520e-01
3.156462192535400391e+00 -3.933222055435180664e+00 1.958386182785034180e+00 3.602064773440361023e-02 5.820133257657289505e-03 -4.098144471645355225e-01 -9.121503233909606934e-01 1.275068819522857666e-01
3.208260297775268555e+00 -3.958639860153198242e+00 2.020807266235351562e+00 3.237832710146903992e-02 3.169483244419097900e-01 3.148546218872070312e-01 8.946565389633178711e-01 1.640907526016235352e-01
3.535844564437866211e+00 -4.152655124664306641e+00 1.668906450271606445e+00 6.380680482834577560e-03 -8.399465084075927734e-01 -4.556310474872589111e-01 2.947715222835540771e-01 8.977008610963821411e-02
3.441361427307128906e+00 -4.189426422119140625e+00 1.685253977775573730e+00 6.380680482834577560e-03 -4.855661392211914062e-01 -1.242063045501708984e-01 8.653313517570495605e-01 2.505752444267272949e-01
3.446918010711669922e+00 -3.974169254302978516e+00 1.575981736183166504e+00 5.245619639754295349e-02 1.880831122398376465e-01 -9.703119993209838867e-01 -1.520506590604782104e-01 3.194744884967803955e-01
3.507005691528320312e+00 -4.284159183502197266e+00 1.527405381202697754e+00 5.245619639754295349e-02 4.589034318923950195e-01 -8.453736305236816406e-01 2.734064757823944092e-01 1.406752616167068481e-01
3.619187831878662109e+00 -4.357897281646728516e+00 1.775971531867980957e+00 2.768525294959545135e-02 -6.037939339876174927e-02 -9.980766177177429199e-01 -1.404904294759035110e-02 6.944435834884643555e-02
3.618042707443237305e+00 -4.438711643218994141e+00 1.775533437728881836e+00 2.768525294959545135e-02 -1.254743933677673340e-01 1.311128586530685425e-02 9.920102357864379883e-01 3.162964284420013428e-01
3.580908298492431641e+00 -4.468002319335937500e+00 2.157679080963134766e+00 1.979364827275276184e-02 2.597686946392059326e-01 8.712884783744812012e-01 4.163852334022521973e-01 2.468756586313247681e-01
3.790367603302001953e+00 -4.288362503051757812e+00 1.950257658958435059e+00 1.042697299271821976e-02 -6.975724101066589355e-01 1.473186612129211426e-01 7.012060284614562988e-01 8.373649418354034424e-02
3.645520925521850586e+00 -4.335474491119384766e+00 2.018064737319946289e+00 1.042697299271821976e-02 5.654768943786621094e-01 -8.246109485626220703e-01 -1.589663326740264893e-02 2.644627988338470459e-01
3.904145956039428711e+00 -4.275319576263427734e+00 1.855267405509948730e+00 4.667020216584205627e-02 3.738774359226226807e-01 3.620437085628509521e-01 -8.538969755172729492e-01 1.684340387582778931e-01
3.967119693756103516e+00 -4.214339256286621094e+00 1.711441993713378906e+00 4.667020216584205627e-02 3.138298094272613525e-01 6.910901665687561035e-01 6.510800719261169434e-01 2.102015763521194458e-01
4.064072608947753906e+00 -4.059685230255126953e+00 1.860620617866516113e+00 6.570143997669219971e-02 -4.378204345703125000e-01 3.694493770599365234e-01 8.196465373039245605e-01 8.765345066785812378e-02
4.063591003417968750e+00 -3.974220037460327148e+00 1.926800608634948730e+00 5.657726898789405823e-02 -7.300237417221069336e-01 5.625774264335632324e-01 3.880360722541809082e-01 2.463628798723220825e-01
3.945822954177856445e+00 -3.783075094223022461e+00 2.028156042098999023e+00 6.035754084587097168e-02 -6.425104141235351562e-01 7.646229267120361328e-01 -5.032048001885414124e-02 1.620537340641021729e-01
3.847021818161010742e+00 -3.658076047897338867e+00 2.026561498641967773e+00 5.325582623481750488e-02 -6.213039159774780273e-01 6.789831519126892090e-01 3.911053240299224854e-01 2.222487926483154297e-01
4.019232749938964844e+00 -4.186425685882568359e+00 2.091896057128906250e+00 4.768751934170722961e-02 -5.269730091094970703e-01 -2.488832026720046997e-01 8.126232624053955078e-01 5.134186148643493652e-01
4.076974868774414062e+00 -4.204995632171630859e+00 2.132870435714721680e+00 3.676549345254898071e-02 -4.404020607471466064e-01 -3.109956681728363037e-01 8.422159552574157715e-01 1.297484934329986572e-01
4.017599582672119141e+00 -4.295283794403076172e+00 2.163402080535888672e+00 2.894070930778980255e-02 1.094464808702468872e-01 -8.408298492431640625e-01 5.301194190979003906e-01 2.242829799652099609e-01
4.084421634674072266e+00 -4.517612457275390625e+00 2.356744766235351562e+00 8.373360149562358856e-03 -3.493113219738006592e-01 7.628238201141357422e-01 5.441336035728454590e-01 4.823025465011596680e-01
4.369264602661132812e+00 -3.902602672576904297e+00 2.346443653106689453e+00 3.050530515611171722e-02 -5.582745075225830078e-01 -8.004416227340698242e-01 2.182264775037765503e-01 4.884450733661651611e-01
4.096578121185302734e+00 -4.293574333190917969e+00 2.453035354614257812e+00 3.050530515611171722e-02 1.434005647897720337e-01 9.855484962463378906e-01 -9.016906470060348511e-02 3.724291920661926270e-01
2.142035007476806641e+00 -2.545838117599487305e+00 1.919164180755615234e+00 2.492532879114151001e-02 -9.131649732589721680e-01 -1.675137877464294434e-01 -3.715761899948120117e-01 2.438765168190002441e-01
1.919335365295410156e+00 -2.586690664291381836e+00 1.828545451164245605e+00 2.492532879114151001e-02 -5.629814863204956055e-01 -7.060112953186035156e-01 4.296509027481079102e-01 1.814760565757751465e-01
2.394411325454711914e+00 -2.654142141342163086e+00 1.683969616889953613e+00 5.440784152597188950e-03 3.783792853355407715e-01 -1.970050632953643799e-01 -9.044435620307922363e-01 7.947061210870742798e-02
2.437988042831420898e+00 -2.656162977218627930e+00 1.629750370979309082e+00 5.440784152597188950e-03 6.876464486122131348e-01 -7.252469658851623535e-01 3.404716402292251587e-02 2.470483183860778809e-01
2.396220445632934570e+00 -2.653175354003906250e+00 1.716270565986633301e+00 3.271992318332195282e-03 3.374776542186737061e-01 -4.903848767280578613e-01 8.035119771957397461e-01 2.227437198162078857e-01
2.502818107604980469e+00 -2.764956235885620117e+00 1.961979508399963379e+00 3.271992318332195282e-03 4.710576534271240234e-01 -8.447027206420898438e-01 -2.541298270225524902e-01 2.031410336494445801e-01
2.695684671401977539e+00 -2.851275444030761719e+00 1.920342803001403809e+00 9.539037011563777924e-03 1.685785651206970215e-01 -7.701365649700164795e-02 -9.826750159263610840e-01 2.451022863388061523e-01
3.573149919509887695e+00 -2.147804737091064453e+00 2.688948869705200195e+00 5.423787049949169159e-03 6.437390446662902832e-01 -7.390022277832031250e-01 -1.986850500106811523e-01 3.064946830272674561e-01
3.784781694412231445e+00 -2.380639314651489258e+00 2.703593492507934570e+00 5.423787049949169159e-03 -6.944593191146850586e-01 6.940125823020935059e-01 1.899285763502120972e-01 7.429433465003967285e-01
3.165606260299682617e+00 -2.244678974151611328e+00 1.702537775039672852e+00 3.790000081062316895e-02 -4.236089587211608887e-01 -7.523406147956848145e-01 5.045186281204223633e-01 3.481824696063995361e-01
3.018112897872924805e+00 -2.506630659103393555e+00 1.878202199935913086e+00 3.790000081062316895e-02 7.275362312793731689e-02 7.785987854003906250e-01 -6.232903003692626953e-01 2.609331905841827393e-01
2.931898832321166992e+00 -2.783828735351562500e+00 1.972595691680908203e+00 4.801879078149795532e-02 -3.766618371009826660e-01 -3.757560849189758301e-01 8.467190861701965332e-01 1.751200854778289795e-01
2.971500158309936523e+00 -2.918269634246826172e+00 1.853087425231933594e+00 2.352486923336982727e-02 -5.873412489891052246e-01 -3.619497120380401611e-01 -7.238941192626953125e-01 1.179483085870742798e-01
2.897351264953613281e+00 -2.956486940383911133e+00 1.761299252510070801e+00 2.352486923336982727e-02 8.307124972343444824e-01 4.636892080307006836e-01 -3.080731332302093506e-01 2.005318850278854370e-01
3.338895082473754883e+00 -2.800536394119262695e+00 1.881397247314453125e+00 3.149912506341934204e-02 -4.896277189254760742e-01 -1.669024676084518433e-02 8.717718124389648438e-01 2.783642709255218506e-01
3.437555551528930664e+00 -2.781294345855712891e+00 1.809986829757690430e+00 2.186071127653121948e-02 -1.668407320976257324e-01 -8.192093968391418457e-01 -5.486894845962524414e-01 3.858869969844818115e-01
3.380227565765380859e+00 -3.085021495819091797e+00 1.586422562599182129e+00 2.186071127653121948e-02 -3.202310800552368164e-01 -5.524106621742248535e-01 -7.696067094802856445e-01 1.264992058277130127e-01
2.927148103713989258e+00 -2.812788009643554688e+00 1.846166372299194336e+00 9.719070978462696075e-03 4.195148050785064697e-01 -1.669397950172424316e-01 -8.922659158706665039e-01 4.186550676822662354e-01
3.247446537017822266e+00 -2.938652515411376953e+00 1.541878461837768555e+00 9.719070978462696075e-03 2.904582917690277100e-01 -3.508940339088439941e-01 -8.902288079261779785e-01 1.295982301235198975e-01
3.311392068862915039e+00 -2.719609975814819336e+00 1.852466940879821777e+00 1.331588067114353180e-02 -1.163875982165336609e-01 8.437713384628295898e-01 5.239311456680297852e-01 2.244033813476562500e-01
3.285274267196655273e+00 -2.530264854431152344e+00 1.970038890838623047e+00 1.331588067114353180e-02 -3.204754889011383057e-01 -3.374103605747222900e-01 -8.851269483566284180e-01 2.190244793891906738e-01
3.489500045776367188e+00 -2.693682432174682617e+00 1.805142521858215332e+00 4.224634543061256409e-02 -2.876563072204589844e-01 7.782204747200012207e-01 -5.582353472709655762e-01 4.014582931995391846e-01
3.573450565338134766e+00 -2.465296745300292969e+00 2.026067733764648438e+00 4.234200716018676758e-02 -5.728063359856605530e-02 6.772222518920898438e-01 -7.335454225540161133e-01 3.397599458694458008e-01
3.553988933563232422e+00 -2.235203742980957031e+00 1.776838421821594238e+00 4.234200716018676758e-02 -4.274258911609649658e-01 -3.983545601367950439e-01 8.115545511245727539e-01 2.887437939643859863e-01
3.122280836105346680e+00 -1.853823900222778320e+00 2.145481109619140625e+00 2.538693509995937347e-02 -2.127098888158798218e-01 9.768360853195190430e-01 -2.336096763610839844e-02 2.461330592632293701e-01
3.531298875808715820e+00 -2.164576292037963867e+00 1.862352848052978516e+00 1.764427311718463898e-02 -7.925967574119567871e-01 -3.986262083053588867e-01 4.613973498344421387e-01 3.290075659751892090e-01
3.406661033630371094e+00 -2.803023815155029297e+00 2.443499326705932617e+00 1.195189636200666428e-02 -8.529301881790161133e-01 5.076166391372680664e-01 1.218008026480674744e-01 5.819709897041320801e-01
3.558331727981567383e+00 -2.909144163131713867e+00 2.066012859344482422e+00 4.663839563727378845e-02 7.979932427406311035e-01 -5.575507283210754395e-01 2.287879586219787598e-01 4.549267143011093140e-02
3.594634771347045898e+00 -2.934508562088012695e+00 2.076421260833740234e+00 4.663839563727378845e-02 -2.833715975284576416e-01 -4.096184074878692627e-01 -8.671293258666992188e-01 2.188871353864669800e-01
7.051410079002380371e-01 -3.468688726425170898e+00 1.765815734863281250e+00 6.668273825198411942e-03 -4.955204427242279053e-01 7.932577729225158691e-01 -3.538383841514587402e-01 4.177575409412384033e-01
8.075430393218994141e-01 -3.260169982910156250e+00 1.536452531814575195e+00 1.693243160843849182e-02 -7.085056900978088379e-01 4.420049488544464111e-01 -5.501375794410705566e-01 2.391890287399291992e-01
6.471961736679077148e-01 -3.170049667358398438e+00 1.416761636734008789e+00 1.693243160843849182e-02 -8.959364295005798340e-01 -2.375143468379974365e-01 3.753462731838226318e-01 1.996348500251770020e-01
6.422415375709533691e-01 -3.427080869674682617e+00 1.717336416244506836e+00 1.378372032195329666e-02 -9.336166381835937500e-01 2.786161601543426514e-01 -2.252400070428848267e-01 2.300423681735992432e-01
7.253311872482299805e-01 -3.521154880523681641e+00 1.694599151611328125e+00 6.426614243537187576e-03 8.053432106971740723e-01 -3.406976461410522461e-01 -4.851261973381042480e-01 2.504995763301849365e-01
9.224775433540344238e-01 -3.597586393356323242e+00 1.545308709144592285e+00 6.426614243537187576e-03 -8.948413133621215820e-01 -4.463596343994140625e-01 4.696137737482786179e-03 2.358886152505874634e-01
1.702542781829833984e+00 -4.382091522216796875e+00 2.771829366683959961e+00 3.497527912259101868e-03 -2.420174628496170044e-01 1.642866581678390503e-01 -9.562622308731079102e-01 4.921540915966033936e-01
1.617095589637756348e+00 -4.310531139373779297e+00 2.290492296218872070e+00 3.497527912259101868e-03 -3.869225382804870605e-01 -5.412358641624450684e-01 -7.465618848800659180e-01 2.211149185895919800e-01
1.472539305686950684e+00 -4.410167217254638672e+00 2.032570123672485352e+00 2.499999944120645523e-03 7.333199381828308105e-01 5.894635915756225586e-01 -3.387838304042816162e-01 4.827264249324798584e-01
1.820260524749755859e+00 -4.347804546356201172e+00 2.671837329864501953e+00 6.979879923164844513e-03 -2.396523654460906982e-01 5.183462500572204590e-01 8.209043145179748535e-01 2.696568369865417480e-01
1.062390357255935669e-01 -3.614243507385253906e+00 1.690664887428283691e+00 1.905767060816287994e-02 3.404167592525482178e-01 -9.047132134437561035e-01 2.561453878879547119e-01 1.992512792348861694e-01
9.366834908723831177e-02 -3.429480075836181641e+00 1.808465957641601562e+00 5.199065804481506348e-02 3.460434079170227051e-01 -7.899273037910461426e-01 5.062299966812133789e-01 3.937131166458129883e-01
-2.524825930595397949e-02 -3.522584199905395508e+00 1.781371593475341797e+00 3.713899478316307068e-02 -9.254603385925292969e-01 -2.610849142074584961e-01 2.745139002799987793e-01 3.027616739273071289e-01
5.497399345040321350e-02 -3.386546850204467773e+00 1.828285813331604004e+00 2.351858653128147125e-02 -4.338105916976928711e-01 -9.010019898414611816e-01 -1.932328683324158192e-03 3.920867741107940674e-01
-4.085117876529693604e-01 -4.505175590515136719e+00 2.252379179000854492e+00 4.459916800260543823e-02 -1.323888152837753296e-01 7.365659475326538086e-01 -6.632825732231140137e-01 4.405946135520935059e-01
-4.015898406505584717e-01 -4.093358516693115234e+00 1.925794482231140137e+00 4.459916800260543823e-02 5.073713064193725586e-01 -6.162685155868530273e-01 -6.023184657096862793e-01 1.697943955659866333e-01
-3.490792214870452881e-01 -4.207156658172607422e+00 1.743104696273803711e+00 4.459916800260543823e-02 6.149110794067382812e-01 -7.701668143272399902e-01 -1.694916635751724243e-01 2.316691279411315918e-01
-2.011959701776504517e-01 -4.375109195709228516e+00 1.715905070304870605e+00 4.459916800260543823e-02 8.463997244834899902e-01 -5.270055532455444336e-01 7.663335651159286499e-02 1.822132170200347900e-01
-4.054905474185943604e-02 -4.459958076477050781e+00 1.739290714263916016e+00 4.459916800260543823e-02 9.132959246635437012e-01 -2.613564133644104004e-01 -3.123833835124969482e-01 2.479791045188903809e-01
1.817023754119873047e-01 -4.507586956024169922e+00 1.699460864067077637e+00 4.459916800260543823e-02 9.877218008041381836e-01 -6.657289713621139526e-02 1.413282006978988647e-01 3.528839945793151855e-01
-3.361738026142120361e-01 -3.549433946609497070e+00 2.128680706024169922e+00 2.537325583398342133e-02 8.298882842063903809e-02 -7.588449716567993164e-01 6.459621787071228027e-01 4.434298574924468994e-01
-4.018001556396484375e-01 -3.949122905731201172e+00 2.365333080291748047e+00 9.162564761936664581e-03 2.873808145523071289e-01 -8.351965546607971191e-01 4.688912630081176758e-01 2.685290277004241943e-01
-3.730769157409667969e-01 -4.231064319610595703e+00 2.288500070571899414e+00 2.499999944120645523e-03 -2.998482584953308105e-01 -4.396760761737823486e-01 8.466262221336364746e-01 2.724263966083526611e-01
-2.651589512825012207e-01 -4.037260055541992188e+00 2.119675397872924805e+00 2.858979441225528717e-02 -1.183285415172576904e-01 -2.235036790370941162e-01 -9.674938917160034180e-01 9.435126930475234985e-02
-2.867067456245422363e-01 -4.046363830566406250e+00 2.012451887130737305e+00 2.824785932898521423e-02 8.587772846221923828e-01 4.686298966407775879e-01 -2.070931345224380493e-01 1.356340348720550537e-01
-1.667996048927307129e-01 -4.035611629486083984e+00 1.976766705513000488e+00 4.155678302049636841e-02 9.915233850479125977e-01 4.692859202623367310e-02 1.211572587490081787e-01 2.868308424949645996e-01
1.077432408928871155e-01 -4.043828964233398438e+00 1.976514697074890137e+00 3.925342857837677002e-02 2.037983201444149017e-02 -8.525460958480834961e-01 5.222545266151428223e-01 1.561820507049560547e-01
3.088240697979927063e-02 -4.202839851379394531e+00 2.026542663574218750e+00 4.059003666043281555e-02 -6.973487883806228638e-02 -6.773542165756225586e-01 7.323443889617919922e-01 2.247620224952697754e-01
2.428425289690494537e-02 -4.353516578674316406e+00 2.207510709762573242e+00 3.317528218030929565e-02 -4.139742553234100342e-01 -8.553416132926940918e-01 3.114739060401916504e-01 2.280259281396865845e-01
7.011803984642028809e-01 -3.108742475509643555e+00 2.712214469909667969e+00 6.009170040488243103e-02 6.946882605552673340e-01 -7.132211327552795410e-01 9.340165555477142334e-02 3.830598890781402588e-01
9.672876000404357910e-01 -3.381948709487915039e+00 2.747992753982543945e+00 6.009170040488243103e-02 -4.984869360923767090e-01 -4.241864383220672607e-01 7.560268640518188477e-01 2.063680142164230347e-01
7.459270358085632324e-01 -3.159795999526977539e+00 2.558037042617797852e+00 1.149760745465755463e-02 4.734342917799949646e-02 -7.611518502235412598e-01 6.468434333801269531e-01 1.049774140119552612e-01
7.884361147880554199e-01 -3.205817461013793945e+00 2.627476215362548828e+00 1.149760745465755463e-02 -1.438553184270858765e-01 1.148429661989212036e-01 9.829123616218566895e-01 3.151593208312988281e-01
6.978103518486022949e-01 -3.065441370010375977e+00 2.678444147109985352e+00 1.029901485890150070e-02 1.297871470451354980e-01 -7.454026490449905396e-02 -9.887360930442810059e-01 6.861367225646972656e-01
7.922341823577880859e-01 -2.949819087982177734e+00 2.434788465499877930e+00 1.075350120663642883e-02 -4.561175704002380371e-01 8.495009541511535645e-01 2.651507854461669922e-01 4.261467233300209045e-02
7.727969288825988770e-01 -2.913617849349975586e+00 2.446087837219238281e+00 1.075350120663642883e-02 -9.564211964607238770e-01 -1.260721683502197266e-01 -2.633711099624633789e-01 1.989259719848632812e-01
7.901226282119750977e-01 -3.055122137069702148e+00 2.483424425125122070e+00 2.836884371936321259e-02 -2.357271267101168633e-03 -9.980549216270446777e-01 -6.229632347822189331e-02 2.356421202421188354e-01
7.895671725273132324e-01 -3.290305852890014648e+00 2.468744754791259766e+00 2.836884371936321259e-02 -6.034068465232849121e-01 -4.096845388412475586e-01 6.841481924057006836e-01 1.098929420113563538e-01
5.387974977493286133e-01 -3.571439504623413086e+00 2.950632810592651367e+00 3.399879671633243561e-03 4.371024966239929199e-01 8.726623058319091797e-01 2.177198529243469238e-01 3.868949413299560547e-01
-1.750414222478866577e-01 -3.288059234619140625e+00 3.248837709426879883e+00 2.575729507952928543e-03 -1.320914328098297119e-01 -8.789082169532775879e-01 -4.583362936973571777e-01 1.803882271051406860e-01
-2.190765589475631714e-01 -3.455219507217407227e+00 3.149921417236328125e+00 2.575729507952928543e-03 2.822546064853668213e-01 -9.473223090171813965e-01 1.513696163892745972e-01 2.025427818298339844e-01
-2.404258251190185547e-01 -3.423742294311523438e+00 3.407005071640014648e+00 7.384092081338167191e-03 4.917115569114685059e-01 -2.529424428939819336e-01 -8.332105875015258789e-01 2.999758720397949219e-01
-9.292422980070114136e-02 -3.499619007110595703e+00 3.157061815261840820e+00 7.384092081338167191e-03 8.655544519424438477e-01 1.583610773086547852e-01 -4.751181006431579590e-01 2.674103975296020508e-01
-4.735158085823059082e-01 -3.565587282180786133e+00 3.515515565872192383e+00 2.499999944120645523e-03 1.249985769391059875e-01 -9.426201581954956055e-01 -3.095844686031341553e-01 4.044129550457000732e-01
-4.162056446075439453e-01 -3.961493492126464844e+00 3.210926055908203125e+00 2.499999944120645523e-03 9.894027709960937500e-01 -1.368598639965057373e-01 4.849286377429962158e-02 1.422668546438217163e-01
-6.978609561920166016e-01 -3.349148273468017578e+00 3.428112506866455078e+00 2.499999944120645523e-03 4.661354720592498779e-01 -2.985943555831909180e-01 8.328019976615905762e-01 1.299042999744415283e-01
-6.202916502952575684e-01 -3.383678913116455078e+00 3.530295848846435547e+00 2.499999944120645523e-03 3.548806533217430115e-02 7.648130059242248535e-01 6.432741880416870117e-01 2.267373204231262207e-01
2.456844300031661987e-01 -3.168018341064453125e+00 3.005778789520263672e+00 1.153894606977701187e-02 -2.230824828147888184e-01 -9.742785096168518066e-01 3.186891973018646240e-02 2.732051610946655273e-01
1.832536935806274414e+00 -4.528997421264648438e+00 4.566290378570556641e+00 4.045867174863815308e-02 -4.292498230934143066e-01 2.350294888019561768e-01 8.720697760581970215e-01 5.264195203781127930e-01
1.646939396858215332e+00 -4.495725154876708984e+00 5.095802783966064453e+00 3.782431036233901978e-02 -4.343787431716918945e-01 4.247048795223236084e-01 7.943179011344909668e-01 1.342432200908660889e-01
1.536972761154174805e+00 -4.397539138793945312e+00 5.158839702606201172e+00 3.222128748893737793e-02 2.356220781803131104e-01 8.303339481353759766e-01 5.050027966499328613e-01 1.525151133537292480e-01
1.648031592369079590e+00 -4.405088424682617188e+00 4.737963676452636719e+00 4.073184728622436523e-02 4.706110358238220215e-01 2.689149677753448486e-01 8.403630256652832031e-01 2.116026729345321655e-01
1.747614145278930664e+00 -4.348185539245605469e+00 4.915786743164062500e+00 4.073184728622436523e-02 -3.195152878761291504e-01 -7.981289625167846680e-01 -5.107838511466979980e-01 9.348718822002410889e-02
1.857651829719543457e+00 -4.555085182189941406e+00 4.371991157531738281e+00 2.066295407712459564e-02 -4.918408393859863281e-01 -1.658608950674533844e-02 -8.705271482467651367e-01 4.283590018749237061e-01
9.744857549667358398e-01 -4.408649921417236328e+00 4.924993038177490234e+00 2.499999944120645523e-03 8.526218533515930176e-01 3.575685918331146240e-01 -3.810258507728576660e-01 4.695977568626403809e-01
9.601362943649291992e-01 -3.467550039291381836e+00 4.649339199066162109e+00 6.327781360596418381e-03 1.467087268829345703e-01 3.577365577220916748e-01 -9.222261905670166016e-01 1.860006153583526611e-01
9.103229641914367676e-01 -3.400025129318237305e+00 4.462933540344238281e+00 2.749520540237426758e-02 1.585450172424316406e-01 6.027255654335021973e-01 -7.820392251014709473e-01 2.876492738723754883e-01
9.131171107292175293e-01 -3.229197263717651367e+00 4.154276847839355469e+00 9.096185676753520966e-03 5.763263106346130371e-01 7.529504299163818359e-01 -3.176690638065338135e-01 3.679400384426116943e-01
-4.029890894889831543e-02 -3.990312576293945312e+00 4.048824310302734375e+00 2.890123985707759857e-03 -1.353653669357299805e-01 -7.415593266487121582e-01 6.570889949798583984e-01 3.216546773910522461e-01
9.829168207943439484e-03 -4.171547889709472656e+00 4.174098014831542969e+00 2.890123985707759857e-03 2.412020042538642883e-02 8.199386000633239746e-01 5.719430446624755859e-01 3.014725744724273682e-01
9.235815703868865967e-02 -3.872848987579345703e+00 4.133162498474121094e+00 2.270617708563804626e-02 3.313066661357879639e-01 -8.855032920837402344e-01 -3.257603049278259277e-01 1.396030187606811523e-01
1.386095583438873291e-01 -3.996468067169189453e+00 4.087685108184814453e+00 2.193019539117813110e-02 -1.248827055096626282e-01 -9.814271926879882812e-01 1.456192433834075928e-01 3.865146338939666748e-01
1.254234611988067627e-01 -4.399774551391601562e+00 4.175779819488525391e+00 3.158272057771682739e-02 -7.421575188636779785e-01 -2.752156257629394531e-01 6.111125946044921875e-01 1.422822773456573486e-01
-1.815865561366081238e-02 -4.384725570678710938e+00 4.238009929656982422e+00 3.158272057771682739e-02 -7.797580361366271973e-01 -2.944540083408355713e-01 5.525162816047668457e-01 3.205868005752563477e-01
-9.230421483516693115e-02 -3.982448816299438477e+00 3.850385427474975586e+00 3.135784715414047241e-02 9.211902022361755371e-01 -1.022635176777839661e-01 -3.754341006278991699e-01 1.273920238018035889e-01
2.918658964335918427e-02 -3.995862245559692383e+00 3.798165798187255859e+00 3.135784715414047241e-02 -3.212282359600067139e-01 8.678968548774719238e-01 -3.789029717445373535e-01 1.347720474004745483e-01
1.891847816295921803e-03 -3.828404188156127930e+00 3.717251300811767578e+00 3.135784715414047241e-02 -8.430182933807373047e-01 4.453962445259094238e-01 3.015665113925933838e-01 1.386287212371826172e-01
-1.075068935751914978e-01 -3.771891593933105469e+00 3.769128322601318359e+00 3.135784715414047241e-02 -7.779129743576049805e-01 8.745536208152770996e-02 6.222563385963439941e-01 1.838140487670898438e-01
-1.812556833028793335e-01 -4.123600959777832031e+00 3.610525131225585938e+00 1.284379977732896805e-02 2.764187157154083252e-01 9.595403075218200684e-01 -5.361981317400932312e-02 1.244215220212936401e-01
-1.468632519245147705e-01 -4.004213809967041016e+00 3.603853702545166016e+00 1.284379977732896805e-02 -6.525533795356750488e-01 6.208675503730773926e-01 -4.343932867050170898e-01 1.646699309349060059e-01
-5.803115665912628174e-02 -4.019746780395507812e+00 3.994596004486083984e+00 4.819762706756591797e-02 -1.750841438770294189e-01 -7.728994488716125488e-01 -6.098951101303100586e-01 2.480731904506683350e-01
-1.014648377895355225e-01 -4.211482524871826172e+00 3.843297243118286133e+00 4.819762706756591797e-02 -4.411501809954643250e-02 -6.552851200103759766e-01 -7.540923357009887695e-01 1.598263531923294067e-01
-1.124536991119384766e-01 -4.324999809265136719e+00 3.726063489913940430e+00 4.819762706756591797e-02 3.575485572218894958e-02 -3.644713163375854492e-01 -9.305279254913330078e-01 3.998567759990692139e-01
-2.503376901149749756e-01 -4.080656051635742188e+00 3.693651914596557617e+00 1.527849212288856506e-02 -3.745322823524475098e-01 8.703818321228027344e-01 3.196263611316680908e-01 1.566713601350784302e-01
-4.449587166309356689e-01 -3.916953325271606445e+00 3.798033475875854492e+00 7.880485616624355316e-03 3.230606317520141602e-01 -2.213184833526611328e-01 9.201358556747436523e-01 3.163895308971405029e-01
-1.158282719552516937e-02 -4.275042057037353516e+00 3.350449085235595703e+00 1.213106140494346619e-02 -6.754390597343444824e-01 6.046379208564758301e-01 -4.221315979957580566e-01 1.276202648878097534e-01
-8.626718074083328247e-02 -4.189070701599121094e+00 3.315698385238647461e+00 1.213106140494346619e-02 8.665571212768554688e-01 -5.637432634830474854e-02 -4.958837032318115234e-01 2.340925633907318115e-01
-3.534010797739028931e-02 -4.332871437072753906e+00 3.404843330383300781e+00 1.312982849776744843e-02 -9.447478652000427246e-01 -3.135395646095275879e-01 -9.562648832798004150e-02 1.741660535335540771e-01
5.209395885467529297e-01 -4.513717651367187500e+00 3.244652271270751953e+00 2.043725177645683289e-02 -6.376751661300659180e-01 3.265986219048500061e-02 7.696126699447631836e-01 4.542446434497833252e-01
2.496005296707153320e-01 -4.468149185180664062e+00 3.586867570877075195e+00 2.043725177645683289e-02 4.086270332336425781e-01 -4.360615015029907227e-01 -8.017944097518920898e-01 2.423585802316665649e-01
-3.927175402641296387e-01 -3.147758007049560547e+00 4.015565872192382812e+00 2.499999944120645523e-03 -8.662076592445373535e-01 2.778062522411346436e-01 4.153408408164978027e-01 8.890905231237411499e-02
-4.462113976478576660e-01 -3.098433494567871094e+00 4.041710853576660156e+00 2.499999944120645523e-03 5.186237096786499023e-01 -7.063167691230773926e-01 -4.818154275417327881e-01 4.255405366420745850e-01
5.588775128126144409e-02 -3.611709117889404297e+00 4.914250850677490234e+00 2.499999944120645523e-03 -5.702098608016967773e-01 2.666635513305664062e-01 7.770143151283264160e-01 1.310656219720840454e-01
-2.665109559893608093e-02 -3.574794292449951172e+00 5.023838043212890625e+00 2.499999944120645523e-03 -8.161041885614395142e-02 -9.825829863548278809e-01 1.669444590806961060e-01 4.858940243721008301e-01
4.866457581520080566e-01 -3.423303842544555664e+00 4.082716464996337891e+00 2.499999944120645523e-03 1.840619444847106934e-01 -9.802191853523254395e-01 7.274325191974639893e-02 7.194218784570693970e-02
5.145936012268066406e-01 -3.518691778182983398e+00 4.088787078857421875e+00 2.499999944120645523e-03 3.935188651084899902e-01 2.623607516288757324e-01 8.810844421386718750e-01 2.459744215011596680e-01
-6.820030510425567627e-02 -3.316392421722412109e+00 4.601678371429443359e+00 2.499999944120645523e-03 2.912859320640563965e-01 1.828724443912506104e-01 -9.389942288398742676e-01 5.371776819229125977e-01
1.583714246749877930e+00 -2.644164562225341797e+00 5.365460872650146484e+00 1.242922432720661163e-02 -1.589761674404144287e-01 9.837397336959838867e-01 8.356258273124694824e-02 2.470795363187789917e-01
1.796055197715759277e+00 -2.570228338241577148e+00 5.238238811492919922e+00 4.074596986174583435e-02 3.311606645584106445e-01 9.191032052040100098e-01 -2.134992778301239014e-01 3.346081376075744629e-01
1.386055469512939453e+00 -3.574639320373535156e+00 4.134195327758789062e+00 8.140958845615386963e-03 2.534717619419097900e-01 6.169239878654479980e-01 7.450884580612182617e-01 5.149967074394226074e-01
1.944939374923706055e+00 -2.643910884857177734e+00 4.433952808380126953e+00 5.348707363009452820e-02 1.926298588514328003e-01 2.473123967647552490e-01 -9.495947957038879395e-01 1.420281529426574707e-01
1.972298264503479004e+00 -2.608785629272460938e+00 4.299083709716796875e+00 5.348707363009452820e-02 -1.169603168964385986e-01 7.269839942455291748e-02 -9.904721975326538086e-01 2.390846312046051025e-01
1.757283926010131836e+00 -2.881172657012939453e+00 4.801659107208251953e+00 1.525667030364274979e-02 6.684802174568176270e-01 2.396686673164367676e-01 7.040547728538513184e-01 1.641660034656524658e-01
1.549304962158203125e+00 -3.521506309509277344e+00 4.547872066497802734e+00 9.688214398920536041e-03 3.799874484539031982e-01 -2.430127412080764771e-01 8.924989104270935059e-01 2.226866185665130615e-01
2.021154165267944336e+00 -2.969012737274169922e+00 5.012012958526611328e+00 1.929105445742607117e-02 -3.110775053501129150e-01 -4.133031964302062988e-01 8.558102846145629883e-01 2.704791426658630371e-01
2.170749425888061523e+00 -3.586406469345092773e+00 4.871543884277343750e+00 5.216366145759820938e-03 8.037059754133224487e-02 1.276903301477432251e-01 -9.885523319244384766e-01 4.414578974246978760e-01
2.304141998291015625e+00 -3.734895706176757812e+00 4.778654098510742188e+00 8.520064875483512878e-03 -3.141473829746246338e-01 -6.057404279708862305e-01 7.310197949409484863e-01 2.316426932811737061e-01
1.934262394905090332e+00 -2.860104799270629883e+00 5.315142631530761719e+00 4.475161805748939514e-02 2.115310914814472198e-02 2.442438304424285889e-01 -9.694831371307373047e-01 2.138706892728805542e-01
1.805357336997985840e+00 -2.366229534149169922e+00 5.604530811309814453e+00 4.963072016835212708e-02 -7.255653142929077148e-01 4.898206293582916260e-01 -4.833536148071289062e-01 9.574320167303085327e-02
1.735889315605163574e+00 -2.319332599639892578e+00 5.558253288269042969e+00 4.963072016835212708e-02 9.477500915527343750e-01 1.640822291374206543e-01 2.735813558101654053e-01 3.105920553207397461e-01
1.812333345413208008e+00 -2.482475519180297852e+00 5.619819641113281250e+00 2.873629704117774963e-02 -8.163590431213378906e-01 -5.759764313697814941e-01 4.253342002630233765e-02 2.397662401199340820e-01
1.600509166717529297e+00 -2.624945163726806641e+00 5.604019165039062500e+00 2.873629704117774963e-02 -4.013715982437133789e-01 -8.297414779663085938e-01 3.878530263900756836e-01 3.740187585353851318e-01
1.829502820968627930e+00 -2.631050348281860352e+00 5.518243789672851562e+00 2.950054407119750977e-02 3.567635118961334229e-01 -9.054994583129882812e-01 -2.297619283199310303e-01 4.933859109878540039e-01
1.970447659492492676e+00 -3.118421077728271484e+00 5.427787303924560547e+00 2.390239946544170380e-02 5.246967077255249023e-01 -7.143589258193969727e-01 -4.630168974399566650e-01 2.281687855720520020e-01
1.801648139953613281e+00 -2.795779705047607422e+00 5.537143230438232422e+00 7.160619646310806274e-02 -2.101405262947082520e-01 2.209645062685012817e-01 9.523736834526062012e-01 3.183385431766510010e-01
1.588546037673950195e+00 -1.707372903823852539e+00 6.201043128967285156e+00 3.031412325799465179e-02 1.912918984889984131e-01 -1.321499794721603394e-01 9.725964069366455078e-01 2.002303302288055420e-01
1.915207147598266602e+00 -2.629300594329833984e+00 5.539707183837890625e+00 1.647634617984294891e-02 -1.710462868213653564e-01 3.105977773666381836e-01 9.350252151489257812e-01 5.754480361938476562e-01
1.556403636932373047e+00 -1.862908720970153809e+00 6.099219799041748047e+00 4.391894116997718811e-02 -3.933779895305633545e-02 8.994576334953308105e-01 -4.352338016033172607e-01 2.970185577869415283e-01
1.688466191291809082e+00 -1.819626331329345703e+00 6.028814792633056641e+00 3.721542656421661377e-02 7.460738718509674072e-02 8.661857247352600098e-01 -4.941214323043823242e-01 6.649490445852279663e-02
1.693427205085754395e+00 -1.762029409408569336e+00 5.995958328247070312e+00 3.721542656421661377e-02 -3.242364227771759033e-01 -7.845385074615478516e-01 -5.285547375679016113e-01 3.053150773048400879e-01
1.774024605751037598e+00 -1.792562842369079590e+00 6.257760524749755859e+00 2.122427709400653839e-02 3.259063065052032471e-01 1.648339480161666870e-01 9.309214949607849121e-01 1.953792721033096313e-01
1.821777820587158203e+00 -1.740271568298339844e+00 6.419633388519287109e+00 2.122427709400653839e-02 -4.149166345596313477e-01 -7.858026623725891113e-01 -4.586484432220458984e-01 2.038592994213104248e-01
1.819891571998596191e+00 -1.714427232742309570e+00 6.260886192321777344e+00 3.153211250901222229e-02 6.750789284706115723e-01 6.329494714736938477e-01 -3.790031671524047852e-01 2.768434286117553711e-01
1.404629826545715332e+00 -1.478012681007385254e+00 6.300853252410888672e+00 1.530774775892496109e-02 4.033605754375457764e-01 9.063227176666259766e-01 1.260131746530532837e-01 2.058314979076385498e-01
1.479212045669555664e+00 -1.299056291580200195e+00 6.331915855407714844e+00 1.530774775892496109e-02 3.835008144378662109e-01 1.844239532947540283e-01 9.049391746520996094e-01 1.139759793877601624e-01
1.355015516281127930e+00 -1.433317303657531738e+00 6.412531375885009766e+00 9.958703070878982544e-03 8.363487124443054199e-01 4.211143776774406433e-02 5.465779900550842285e-01 4.695815742015838623e-01
1.207120180130004883e+00 -1.411357283592224121e+00 6.665483951568603516e+00 1.232389453798532486e-02 6.633715331554412842e-02 -6.229405403137207031e-01 7.794513702392578125e-01 3.098517954349517822e-01
1.195623993873596191e+00 -1.627016067504882812e+00 6.853575706481933594e+00 1.232389453798532486e-02 -5.062249302864074707e-01 -6.420274376869201660e-01 5.757925510406494141e-01 1.377501040697097778e-01
1.404962658882141113e+00 -2.919386625289916992e+00 4.976195812225341797e+00 8.493819274008274078e-03 -5.869948491454124451e-02 -1.968123763799667358e-01 -9.786823987960815430e-01 5.831809043884277344e-01
1.297255873680114746e+00 -2.892716407775878906e+00 5.064728736877441406e+00 5.803331360220909119e-02 -9.847924113273620605e-01 1.062759831547737122e-01 1.374384015798568726e-01 1.402874588966369629e-01
1.159101843833923340e+00 -2.877807140350341797e+00 5.084009647369384766e+00 5.803331360220909119e-02 -2.710516154766082764e-01 -2.488858550786972046e-01 9.298316240310668945e-01 3.417336642742156982e-01
1.387989521026611328e+00 -2.927091836929321289e+00 5.128061294555664062e+00 8.599654771387577057e-03 -4.770288467407226562e-01 -8.530444502830505371e-01 -2.115623801946640015e-01 4.468598067760467529e-01
1.167239785194396973e+00 -2.661011219024658203e+00 6.097232341766357422e+00 4.923935979604721069e-02 -1.333255320787429810e-01 2.462574243545532227e-01 9.599903821945190430e-01 2.300705313682556152e-01
3.917828202247619629e-01 -2.708624124526977539e+00 5.925596237182617188e+00 1.235648989677429199e-02 7.483536601066589355e-01 -6.286305785179138184e-01 2.116374373435974121e-01 3.263466060161590576e-01
9.990975260734558105e-01 -2.587016105651855469e+00 6.015789985656738281e+00 2.967539802193641663e-02 -4.039042294025421143e-01 4.689871147274971008e-02 9.135982990264892578e-01 2.150781899690628052e-01
9.122265577316284180e-01 -2.576929092407226562e+00 6.212285041809082031e+00 2.967539802193641663e-02 -6.435145139694213867e-01 -6.906603574752807617e-01 -3.299656808376312256e-01 1.088308393955230713e-01
8.348231315612792969e-01 -2.270975112915039062e+00 5.912318229675292969e+00 3.243643417954444885e-02 5.197812318801879883e-01 -2.158213108777999878e-01 8.265885114669799805e-01 2.243211865425109863e-01
9.514210820198059082e-01 -2.319388389587402344e+00 6.097739696502685547e+00 3.243643417954444885e-02 -3.234679698944091797e-01 8.480259180068969727e-01 -4.197862744331359863e-01 1.701215654611587524e-01
1.025383472442626953e+00 -2.471978664398193359e+00 5.894699573516845703e+00 5.804550275206565857e-02 2.591811120510101318e-01 9.583084583282470703e-01 -1.202917620539665222e-01 1.264970898628234863e-01
1.058169126510620117e+00 -2.350755453109741211e+00 5.879483222961425781e+00 5.804550275206565857e-02 -1.619813144207000732e-01 8.917267322540283203e-01 4.225937426090240479e-01 2.046296149492263794e-01
8.521721959114074707e-01 -2.365075349807739258e+00 5.681520938873291016e+00 6.518681999295949936e-03 -1.521661877632141113e-01 -6.574175357818603516e-01 -7.380024790763854980e-01 5.912069082260131836e-01
6.432741880416870117e-01 -2.225471258163452148e+00 5.997887134552001953e+00 4.689802974462509155e-02 -1.851915270090103149e-01 -1.820561736822128296e-01 9.656912684440612793e-01 1.274799406528472900e-01
5.773306488990783691e-01 -2.208873510360717773e+00 6.087892532348632812e+00 1.048710010945796967e-02 -6.086028218269348145e-01 1.246034912765026093e-02 7.933771610260009766e-01 4.671732187271118164e-01
6.235461235046386719e-01 -2.273078918457031250e+00 5.988713264465332031e+00 4.297131672501564026e-02 2.422407716512680054e-01 -5.497159957885742188e-01 7.994571328163146973e-01 7.873959094285964966e-02
6.426200866699218750e-01 -2.316363334655761719e+00 6.051661968231201172e+00 4.297131672501564026e-02 -4.194019436836242676e-01 -8.541609644889831543e-01 -3.074263930320739746e-01 3.280136883258819580e-01
7.059224247932434082e-01 -2.367948293685913086e+00 5.733362674713134766e+00 1.274104323238134384e-02 -5.646799877285957336e-02 4.329977631568908691e-01 -8.996245265007019043e-01 2.230043262243270874e-01
5.607628822326660156e-01 -2.233747959136962891e+00 5.824787139892578125e+00 3.344069793820381165e-02 -3.780403733253479004e-01 -1.465433984994888306e-01 -9.141173362731933594e-01 1.137605905532836914e-01
5.177568197250366211e-01 -2.250418901443481445e+00 5.720796585083007812e+00 3.344069793820381165e-02 -4.339611530303955078e-01 -8.022830486297607422e-01 4.099019467830657959e-01 1.824848353862762451e-01
2.730053663253784180e-01 -2.513825893402099609e+00 6.021600246429443359e+00 1.882585324347019196e-02 4.294665157794952393e-01 6.897360086441040039e-01 -5.829432010650634766e-01 1.817827969789505005e-01
3.510749936103820801e-01 -2.388443708419799805e+00 5.915631294250488281e+00 1.882585324347019196e-02 7.589247226715087891e-01 -5.958983302116394043e-01 2.625612318515777588e-01 1.318331509828567505e-01
4.593479633331298828e-01 -2.240095376968383789e+00 5.923525810241699219e+00 7.448256760835647583e-02 -1.260243356227874756e-01 6.373454332351684570e-01 -7.602030634880065918e-01 5.160996913909912109e-01
4.072646498680114746e-01 -1.915430426597595215e+00 5.545349597930908203e+00 4.524897411465644836e-02 3.711791038513183594e-01 9.266011118888854980e-01 -6.030262634158134460e-02 2.841970622539520264e-01
5.050912499427795410e-01 -1.606781840324401855e+00 5.483835220336914062e+00 5.601401254534721375e-02 -6.964925527572631836e-01 4.385063648223876953e-01 5.679879784584045410e-01 8.268760889768600464e-02
4.162282645702362061e-01 -1.588128924369812012e+00 5.570324897766113281e+00 5.784402415156364441e-02 -7.018108963966369629e-01 -2.505063116550445557e-01 -6.668643355369567871e-01 7.759185135364532471e-02
3.678900599479675293e-01 -1.657848238945007324e+00 5.500343799591064453e+00 5.555383116006851196e-02 -9.853646755218505859e-01 -6.231658160686492920e-02 -1.586601883172988892e-01 2.864300012588500977e-01
8.146361261606216431e-02 -1.673729777336120605e+00 5.441873073577880859e+00 4.593113437294960022e-02 -4.258281886577606201e-01 -9.048039913177490234e-01 2.415728813502937555e-04 1.356206089258193970e-01
-7.086779922246932983e-03 -1.804876446723937988e+00 5.513107299804687500e+00 4.411436989903450012e-02 -8.775497674942016602e-01 -2.499085664749145508e-01 -4.092090725898742676e-01 3.659977018833160400e-01
3.507694900035858154e-01 -2.428349733352661133e+00 6.233524322509765625e+00 6.276657432317733765e-02 -6.651512980461120605e-01 -4.829063415527343750e-01 -5.695394873619079590e-01 4.400469362735748291e-01
4.291417822241783142e-02 -2.538819551467895508e+00 5.936389923095703125e+00 7.376854866743087769e-02 -3.054786324501037598e-01 -4.321561753749847412e-01 -8.484832644462585449e-01 2.101169526576995850e-01
-8.744496852159500122e-02 -2.610260725021362305e+00 5.738921642303466797e+00 8.022289723157882690e-02 -1.249942854046821594e-01 -8.804429769515991211e-01 -4.573801159858703613e-01 1.195715293288230896e-01
-1.300985068082809448e-01 -2.721129179000854492e+00 5.625250339508056641e+00 7.243214547634124756e-02 -2.579162418842315674e-01 -9.429420232772827148e-01 2.105695009231567383e-01 1.994089484214782715e-01
-5.119287967681884766e-01 -2.873048067092895508e+00 5.612778663635253906e+00 5.850450694561004639e-02 1.020293589681386948e-02 -8.037662506103515625e-01 -5.948576927185058594e-01 5.769583582878112793e-01
-7.372765541076660156e-01 -3.354290485382080078e+00 5.185553550720214844e+00 3.205926343798637390e-02 2.621510326862335205e-01 -7.877782583236694336e-01 -5.573887825012207031e-01 1.326469890773296356e-02
2.100598365068435669e-01 -2.459116458892822266e+00 6.100079059600830078e+00 2.912019938230514526e-02 -1.296852994710206985e-02 9.425109624862670898e-01 -3.339235484600067139e-01 2.760563492774963379e-01
1.945031881332397461e-01 -2.379757642745971680e+00 6.338937282562255859e+00 7.881369441747665405e-03 3.722505271434783936e-01 -9.273084998130798340e-01 -3.909534215927124023e-02 1.319270133972167969e-01
3.548267781734466553e-01 -3.070465326309204102e+00 6.139977931976318359e+00 1.018548384308815002e-02 5.361071228981018066e-01 -7.360871434211730957e-01 -4.132370352745056152e-01 2.688682377338409424e-01
5.117667913436889648e-01 -3.258753538131713867e+00 6.013166904449462891e+00 1.018548384308815002e-02 1.152897700667381287e-01 8.023869991302490234e-01 5.855624675750732422e-01 4.774366021156311035e-01
2.278883606195449829e-01 -4.067595481872558594e+00 6.198453426361083984e+00 1.318879798054695129e-02 -9.689436554908752441e-01 -5.888286605477333069e-02 -2.401686310768127441e-01 1.989975124597549438e-01
-1.055428199470043182e-02 -4.104869365692138672e+00 6.074942111968994141e+00 1.811497099697589874e-02 -7.260994911193847656e-01 -3.871901631355285645e-01 5.682106018066406250e-01 3.605083227157592773e-01
2.240859568119049072e-01 -3.735479116439819336e+00 6.163928985595703125e+00 2.332608960568904877e-02 2.656911909580230713e-01 2.179550379514694214e-01 -9.390973448753356934e-01 4.304005205631256104e-01
3.288381695747375488e-01 -3.733369827270507812e+00 5.741698741912841797e+00 2.332608960568904877e-02 -9.522486329078674316e-01 1.518267989158630371e-01 -2.648984193801879883e-01 7.246678322553634644e-02
1.210809499025344849e-01 -3.834567546844482422e+00 5.758326530456542969e+00 2.499999944120645523e-03 -6.301985383033752441e-01 7.763791084289550781e-01 -9.233475662767887115e-03 3.751699328422546387e-01
7.203327119350433350e-02 -4.422834396362304688e+00 6.466720581054687500e+00 5.211972072720527649e-02 -6.539389491081237793e-01 -1.257260702550411224e-02 -7.564428448677062988e-01 5.227755308151245117e-01
-2.698299884796142578e-01 -4.429407119750976562e+00 6.071270942687988281e+00 5.211972072720527649e-02 3.559277355670928955e-01 1.751811504364013672e-01 9.179471731185913086e-01 2.855232357978820801e-01
-3.142447769641876221e-01 -4.453307151794433594e+00 6.361278533935546875e+00 6.232111528515815735e-02 -1.445492953062057495e-01 5.865184068679809570e-01 7.969326376914978027e-01 3.092552721500396729e-01
-3.031712174415588379e-01 -4.223169803619384766e+00 6.591348171234130859e+00 5.858634412288665771e-02 -2.188401967287063599e-01 5.264809727668762207e-01 8.215392827987670898e-01 1.407078057527542114e-01
-1.373835057020187378e-01 -4.241421222686767578e+00 7.253482341766357422e+00 4.693730920553207397e-02 -8.492556214332580566e-01 3.774116933345794678e-01 3.692226111888885498e-01 5.142090916633605957e-01
-3.517132103443145752e-01 -4.022417068481445312e+00 7.654613494873046875e+00 3.455075994133949280e-02 -3.206286430358886719e-01 -8.405468463897705078e-01 4.366672635078430176e-01 2.137650996446609497e-01
-3.330185711383819580e-01 -4.260523319244384766e+00 7.737080574035644531e+00 3.341136872768402100e-02 -5.501967072486877441e-01 -8.328104019165039062e-01 6.091335043311119080e-02 1.632133722305297852e-01
2.112869620323181152e-01 -4.405348300933837891e+00 6.121685028076171875e+00 7.758311927318572998e-03 8.226659893989562988e-01 -1.197772696614265442e-01 -5.557644367218017578e-01 2.591096758842468262e-01
4.063089191913604736e-01 -4.462604045867919922e+00 5.888839244842529297e+00 1.755659468472003937e-02 6.915475130081176758e-01 -7.188369631767272949e-01 7.096140086650848389e-02 1.798839867115020752e-01
1.529590338468551636e-01 -4.466453552246093750e+00 7.455206871032714844e+00 6.945334374904632568e-02 -2.695948183536529541e-01 5.052905678749084473e-01 8.197561502456665039e-01 5.977755784988403320e-01
-9.883668273687362671e-02 -4.094818115234375000e+00 7.852899074554443359e+00 6.945334374904632568e-02 3.114410042762756348e-01 8.803623914718627930e-01 3.577241599559783936e-01 3.699216991662979126e-02
-1.183520630002021790e-01 -4.054029464721679688e+00 7.797238826751708984e+00 6.945334374904632568e-02 1.878208667039871216e-01 9.816638231277465820e-01 3.254943341016769409e-02 3.231655955314636230e-01
-1.504210382699966431e-01 -3.705897331237792969e+00 7.837346553802490234e+00 4.713798686861991882e-02 -2.943203449249267578e-01 3.108509816229343414e-02 -9.552011489868164062e-01 2.891461253166198730e-01
2.358840256929397583e-01 -4.484237194061279297e+00 6.860272407531738281e+00 3.343734890222549438e-02 3.318653702735900879e-01 -1.124357506632804871e-01 -9.366021156311035156e-01 4.936152994632720947e-01
1.175188794732093811e-01 -4.471745967864990234e+00 6.669898033142089844e+00 2.740506315603852272e-03 6.267917752265930176e-01 6.511374115943908691e-01 4.279628098011016846e-01 7.865100502967834473e-01
2.543015778064727783e-02 -4.460146427154541016e+00 7.299831867218017578e+00 3.589971736073493958e-02 7.034322619438171387e-01 -6.887686848640441895e-01 -1.754445582628250122e-01 1.103539913892745972e-01
-3.685287013649940491e-02 -4.492834568023681641e+00 7.265935420989990234e+00 2.353952825069427490e-02 -9.669972062110900879e-01 -1.796075403690338135e-01 1.807138025760650635e-01 2.377472221851348877e-01
1.910635679960250854e-01 -4.401417732238769531e+00 7.564313888549804688e+00 6.756399571895599365e-02 6.216274499893188477e-01 -7.331279516220092773e-01 -2.758672237396240234e-01 1.277236193418502808e-01
2.704600691795349121e-01 -4.495055675506591797e+00 7.529078960418701172e+00 6.756399571895599365e-02 -8.281692862510681152e-01 -4.031263664364814758e-02 5.590263605117797852e-01 2.504602372646331787e-01
4.846039414405822754e-02 -4.550782203674316406e+00 7.711566448211669922e+00 3.740350902080535889e-02 -9.623948931694030762e-01 2.683983743190765381e-01 -4.193351045250892639e-02 1.169900670647621155e-01
-1.209987923502922058e-01 -4.495886325836181641e+00 7.734384059906005859e+00 4.674893990159034729e-02 -5.421825870871543884e-02 7.041414976119995117e-01 -7.079866528511047363e-01 1.259363293647766113e-01
3.899384140968322754e-01 -4.234798431396484375e+00 7.659015655517578125e+00 6.053512915968894958e-02 -4.876134991645812988e-01 8.690688610076904297e-01 -8.338109403848648071e-02 9.887515008449554443e-02
3.884939253330230713e-01 -4.143153190612792969e+00 7.629872798919677734e+00 5.939202383160591125e-02 3.945719599723815918e-01 -5.572862029075622559e-01 7.305786013603210449e-01 4.790004491806030273e-01
6.284964680671691895e-01 -4.477725028991699219e+00 7.955863475799560547e+00 3.932259604334831238e-02 -8.058020472526550293e-01 -5.901035666465759277e-01 -4.960639029741287231e-02 1.069530695676803589e-01
5.089913606643676758e-01 -4.471424102783203125e+00 7.943039894104003906e+00 5.321528762578964233e-02 5.543642640113830566e-01 3.480021655559539795e-01 7.560256123542785645e-01 3.423083722591400146e-01
6.415893435478210449e-01 -4.376828670501708984e+00 8.279701232910156250e+00 4.480776190757751465e-02 8.085376024246215820e-01 -3.231163322925567627e-01 4.917954802513122559e-01 2.703240141272544861e-02
6.587242484092712402e-01 -4.379639625549316406e+00 8.269623756408691406e+00 4.127342998981475830e-02 4.511144161224365234e-01 8.825671076774597168e-01 1.325559616088867188e-01 2.118594199419021606e-01
9.791019558906555176e-01 -4.163820266723632812e+00 7.952986240386962891e+00 1.794181205332279205e-02 8.775873184204101562e-01 4.643581807613372803e-01 1.192139089107513428e-01 4.871357381343841553e-01
1.400703907012939453e+00 -3.947583198547363281e+00 8.043733596801757812e+00 1.794181205332279205e-02 9.047408699989318848e-01 3.333815038204193115e-01 2.651429176330566406e-01 2.497457116842269897e-01
1.674160361289978027e+00 -3.885290622711181641e+00 8.012446403503417969e+00 1.465302240103483200e-02 7.389607429504394531e-01 6.356681585311889648e-01 2.233003526926040649e-01 3.643527626991271973e-01
8.485507220029830933e-02 -4.317497730255126953e+00 7.635450363159179688e+00 4.944362863898277283e-02 4.577535092830657959e-01 4.219012856483459473e-01 7.825989127159118652e-01 6.681540012359619141e-01
3.907049298286437988e-01 -4.035603046417236328e+00 8.158347129821777344e+00 4.944362863898277283e-02 9.267224073410034180e-01 -3.090991079807281494e-01 2.136428654193878174e-01 2.272680550813674927e-01
6.040582060813903809e-01 -4.127675056457519531e+00 8.233356475830078125e+00 5.465136840939521790e-02 9.548392295837402344e-01 -1.729956716299057007e-01 -2.415669560432434082e-01 1.639040708541870117e-01
7.719314098358154297e-01 -4.178953647613525391e+00 8.160087585449218750e+00 4.944362863898277283e-02 9.400469660758972168e-01 -3.242465108633041382e-02 3.395000696182250977e-01 1.431692987680435181e-01
9.338745474815368652e-01 -4.153410434722900391e+00 8.175588607788085938e+00 5.430048704147338867e-02 8.443548083305358887e-01 -2.397770434617996216e-01 4.791366755962371826e-01 5.059048533439636230e-01
5.147139430046081543e-01 -4.334876537322998047e+00 7.632078647613525391e+00 4.736375808715820312e-02 3.144363462924957275e-01 -6.136838793754577637e-01 -7.242388129234313965e-01 9.075935184955596924e-02
5.482113957405090332e-01 -4.391756057739257812e+00 7.563335418701171875e+00 4.704768583178520203e-02 -1.988104879856109619e-01 7.557033896446228027e-01 -6.240086555480957031e-01 9.623924642801284790e-02
5.719975233078002930e-01 -4.295198917388916016e+00 7.359876155853271484e+00 3.145727142691612244e-02 -1.278525143861770630e-01 9.838567376136779785e-01 1.252185851335525513e-01 3.427153527736663818e-01
5.151866078376770020e-01 -3.959868669509887695e+00 7.403167724609375000e+00 2.905344218015670776e-02 -1.226284280419349670e-01 9.304310083389282227e-01 3.453409671783447266e-01 9.550638496875762939e-02
5.228281021118164062e-01 -3.845189332962036133e+00 7.460497379302978516e+00 4.245339334011077881e-02 -8.102523088455200195e-01 5.732613056898117065e-02 5.832709074020385742e-01 6.185112521052360535e-02
4.019785225391387939e-01 -3.884206295013427734e+00 7.572796344757080078e+00 3.938883915543556213e-02 -4.610374867916107178e-01 8.849014043807983398e-01 6.628691405057907104e-02 4.282845929265022278e-02
2.946788966655731201e-01 -3.913047552108764648e+00 7.635984420776367188e+00 3.651413694024085999e-02 -6.096953749656677246e-01 7.925953865051269531e-01 -8.010272867977619171e-03 8.208325505256652832e-02
2.508370876312255859e-01 -3.841272592544555664e+00 7.648071765899658203e+00 3.510786965489387512e-02 -6.260560154914855957e-01 7.729988098144531250e-01 -1.025995090603828430e-01 5.926651358604431152e-01
1.309795379638671875e+00 -4.331681251525878906e+00 7.894635200500488281e+00 4.075047001242637634e-02 -3.527038991451263428e-01 8.901822566986083984e-01 -2.884017229080200195e-01 1.757554709911346436e-01
1.247805714607238770e+00 -4.175226688385009766e+00 7.843946933746337891e+00 3.974377363920211792e-02 -3.078423440456390381e-01 7.593701481819152832e-01 5.732277631759643555e-01 2.847864329814910889e-01
1.107421040534973145e+00 -3.970947265625000000e+00 8.043316841125488281e+00 5.184010416269302368e-02 7.293996959924697876e-02 9.099684953689575195e-01 4.082121253013610840e-01 1.907774955034255981e-01
1.055838227272033691e+00 -3.849645376205444336e+00 8.063744544982910156e+00 4.946460947394371033e-02 -5.955059528350830078e-01 8.017349839210510254e-01 -5.092768371105194092e-02 2.126700431108474731e-01
8.605917692184448242e-01 -3.548164129257202148e+00 7.996235847473144531e+00 4.318783432245254517e-02 9.008692502975463867e-01 4.094388484954833984e-01 -1.442026048898696899e-01 2.044952660799026489e-01
9.744560718536376953e-01 -3.476513147354125977e+00 8.011693000793457031e+00 3.954260796308517456e-02 -3.533803820610046387e-01 8.802564144134521484e-01 -3.166559338569641113e-01 1.364750862121582031e-01
8.956624269485473633e-01 -3.311730384826660156e+00 7.981424808502197266e+00 3.701649233698844910e-02 -3.440144658088684082e-01 3.656814619898796082e-02 -9.382520318031311035e-01 1.040920838713645935e-01
8.664140701293945312e-01 -3.321818590164184570e+00 7.894475936889648438e+00 2.849853411316871643e-02 5.412843078374862671e-03 -6.090891361236572266e-01 -7.930833101272583008e-01 2.862766981124877930e-01
1.740065932273864746e+00 -4.516754627227783203e+00 7.786507606506347656e+00 1.746448688209056854e-02 8.475185930728912354e-02 7.527344673871994019e-02 9.935547709465026855e-01 4.362783133983612061e-01
1.786203384399414062e+00 -4.346636772155761719e+00 7.690664768218994141e+00 2.028487995266914368e-02 -8.626206517219543457e-01 2.172025442123413086e-01 4.568463861942291260e-01 8.894364833831787109e-01
1.306401848793029785e+00 -4.346853733062744141e+00 7.876104354858398438e+00 5.233150720596313477e-02 -1.758993268013000488e-01 6.451052427291870117e-01 -7.435715198516845703e-01 1.622124314308166504e-01
1.277868866920471191e+00 -4.242209434509277344e+00 7.755487918853759766e+00 5.175895243883132935e-02 -4.589917361736297607e-01 -4.009037911891937256e-01 -7.928447127342224121e-01 8.669430762529373169e-02
1.218356013298034668e+00 -4.275363445281982422e+00 7.684234142303466797e+00 5.433395877480506897e-02 -1.152333151549100876e-02 -8.821666240692138672e-01 -4.707964062690734863e-01 1.009092256426811218e-01
1.217958450317382812e+00 -4.318264484405517578e+00 7.634153366088867188e+00 4.878107085824012756e-02 -8.086935281753540039e-01 4.613526910543441772e-02 5.864182114601135254e-01 1.898793578147888184e-01
1.328127503395080566e+00 -4.439459800720214844e+00 7.935384273529052734e+00 4.602550342679023743e-02 4.865772128105163574e-01 2.586025185883045197e-02 8.732547760009765625e-01 2.201418727636337280e-01
2.563774347305297852e+00 -4.483801841735839844e+00 7.287060737609863281e+00 4.462673515081405640e-02 -1.456981152296066284e-01 7.867932915687561035e-01 5.997736454010009766e-01 5.001985430717468262e-01
2.497877597808837891e+00 -4.118760108947753906e+00 7.595050811767578125e+00 4.322924464941024780e-02 9.562113881111145020e-01 1.667808294296264648e-01 -2.405075728893280029e-01 1.995892375707626343e-01
2.773223400115966797e+00 -3.970351696014404297e+00 7.634469985961914062e+00 3.574158251285552979e-02 6.477207541465759277e-01 9.831342101097106934e-02 -7.555079460144042969e-01 7.664976119995117188e-01
3.174206495285034180e+00 -3.892913579940795898e+00 7.093180179595947266e+00 3.580357506871223450e-02 -3.678815066814422607e-01 -1.123575046658515930e-01 -9.230595827102661133e-01 1.956920027732849121e-01
3.152052879333496094e+00 -3.926296949386596680e+00 6.922249794006347656e+00 3.445392847061157227e-02 1.827115118503570557e-01 9.639172554016113281e-01 1.935977041721343994e-01 1.447998285293579102e-01
3.235296010971069336e+00 -3.740623712539672852e+00 6.893403530120849609e+00 3.022933937609195709e-02 1.376045942306518555e-01 6.978171467781066895e-01 7.029339671134948730e-01 1.634438484907150269e-01
1.744539976119995117e+00 -4.377271175384521484e+00 7.612675666809082031e+00 8.173394948244094849e-03 4.390160441398620605e-01 -4.052414298057556152e-01 -8.019004464149475098e-01 3.237593770027160645e-01
1.883594512939453125e+00 -4.498389244079589844e+00 7.331707000732421875e+00 8.173394948244094849e-03 7.690501809120178223e-01 -5.279163122177124023e-01 -3.603695034980773926e-01 1.714635789394378662e-01
2.225456953048706055e+00 -1.916463732719421387e+00 6.602243900299072266e+00 5.649363249540328979e-02 -8.148058317601680756e-03 -7.793779969215393066e-01 6.265010237693786621e-01 1.721030026674270630e-01
2.245624542236328125e+00 -2.085668325424194336e+00 6.715032577514648438e+00 5.649363249540328979e-02 -4.853872060775756836e-01 -1.773015260696411133e-01 8.561328649520874023e-01 2.029175162315368652e-01
2.157027006149291992e+00 -2.129509449005126953e+00 6.888629436492919922e+00 5.649363249540328979e-02 -1.357194185256958008e-01 -1.865693926811218262e-01 9.730221629142761230e-01 2.758259475231170654e-01
1.510231137275695801e+00 -2.268452644348144531e+00 6.437433242797851562e+00 3.062029927968978882e-02 4.839600920677185059e-01 7.689590454101562500e-01 4.177135229110717773e-01 2.135888189077377319e-01
1.845789670944213867e+00 -1.948955535888671875e+00 6.240428447723388672e+00 2.499999944120645523e-03 -7.343531250953674316e-01 6.771639585494995117e-01 4.663113504648208618e-02 1.606758236885070801e-01
1.834486961364746094e+00 -1.914963722229003906e+00 6.240673542022705078e+00 2.499999944120645523e-03 5.518711805343627930e-01 7.521347403526306152e-01 3.601827025413513184e-01 1.910784393548965454e-01
2.494034528732299805e+00 -8.688799738883972168e-01 6.689337253570556641e+00 1.101388223469257355e-02 -8.102209568023681641e-01 5.860709547996520996e-01 7.927364669740200043e-03 5.391210317611694336e-01
2.057227373123168945e+00 -5.529168248176574707e-01 6.693611145019531250e+00 1.101388223469257355e-02 -8.781423568725585938e-01 4.560256600379943848e-01 1.445912569761276245e-01 3.001214265823364258e-01
2.436561822891235352e+00 -8.069611191749572754e-01 6.843520641326904297e+00 1.602187566459178925e-02 9.065765738487243652e-01 -2.379061281681060791e-01 -3.485966026782989502e-01 1.264840811491012573e-01
2.339706659317016602e+00 -5.520825386047363281e-01 6.928393363952636719e+00 2.414149418473243713e-02 -4.312374293804168701e-01 1.989846229553222656e-01 -8.800224065780639648e-01 2.961963117122650146e-01
2.211975574493408203e+00 -4.931440055370330811e-01 6.667734146118164062e+00 2.414149418473243713e-02 7.198977470397949219e-01 6.337472796440124512e-02 -6.911807656288146973e-01 1.904847919940948486e-01
2.516172647476196289e+00 -6.933180093765258789e-01 6.854664802551269531e+00 4.257692769169807434e-02 -2.262513637542724609e-01 2.094373852014541626e-01 -9.512866735458374023e-01 2.014899104833602905e-01
2.320761919021606445e+00 -4.751016497611999512e-01 6.970014572143554688e+00 1.216424535959959030e-02 -8.150678277015686035e-01 4.738033115863800049e-01 -3.334288895130157471e-01 6.532374024391174316e-01
2.214680194854736328e+00 -5.171907544136047363e-01 7.117024421691894531e+00 4.707911610603332520e-02 4.272986948490142822e-01 -8.831162452697753906e-01 -1.937047541141510010e-01 3.019821047782897949e-01
2.336090087890625000e+00 -7.869202494621276855e-01 7.013110160827636719e+00 4.707911610603332520e-02 9.065063595771789551e-01 3.828878402709960938e-01 -1.778851598501205444e-01 1.249894723296165466e-01
2.470570325851440430e+00 -7.684992551803588867e-01 6.917573451995849609e+00 4.707911610603332520e-02 5.723294019699096680e-01 8.046979308128356934e-01 -1.577982753515243530e-01 2.570693194866180420e-01
2.149563550949096680e+00 -1.722041368484497070e+00 6.101710319519042969e+00 2.066235430538654327e-02 -4.370311200618743896e-01 -5.553407669067382812e-01 -7.075312137603759766e-01 3.508254587650299072e-01
2.128946065902709961e+00 -1.217009782791137695e+00 6.522855281829833984e+00 2.987628430128097534e-02 9.930354952812194824e-01 4.501709714531898499e-02 -1.088757291436195374e-01 5.631166100502014160e-01
2.366144657135009766e+00 -1.301445007324218750e+00 6.745771408081054688e+00 3.711914271116256714e-02 3.120874464511871338e-01 -9.023714661598205566e-01 -2.971989214420318604e-01 2.694832682609558105e-01
2.281588077545166016e+00 -1.497681498527526855e+00 7.300489425659179688e+00 7.125397678464651108e-03 1.317670047283172607e-01 4.708768129348754883e-01 -8.723029494285583496e-01 8.352501988410949707e-01
2.197283744812011719e+00 -1.324488997459411621e+00 6.884944438934326172e+00 3.780291229486465454e-02 -3.181754648685455322e-01 7.804192304611206055e-01 5.382472872734069824e-01 4.686300456523895264e-02
2.183207988739013672e+00 -1.290454864501953125e+00 6.901610851287841797e+00 3.780291229486465454e-02 -5.545908808708190918e-01 7.814529538154602051e-01 -2.859375476837158203e-01 4.232513904571533203e-02
2.162909507751464844e+00 -1.217668056488037109e+00 6.898960113525390625e+00 3.780291229486465454e-02 -9.944350123405456543e-01 9.180044382810592651e-02 -5.168835073709487915e-02 1.797036230564117432e-01
1.969951033592224121e+00 -1.236619114875793457e+00 6.821906089782714844e+00 3.780291229486465454e-02 -9.824100136756896973e-01 5.245061591267585754e-02 1.792190074920654297e-01 5.975165963172912598e-01
2.405165195465087891e+00 -1.091947793960571289e+00 7.566179275512695312e+00 6.211771816015243530e-02 8.658435195684432983e-02 -9.961384534835815430e-01 -1.453540567308664322e-02 5.570554733276367188e-01
2.453397512435913086e+00 -1.646852135658264160e+00 7.558082103729248047e+00 6.211771816015243530e-02 4.006551504135131836e-01 8.631528615951538086e-01 -3.073152005672454834e-01 3.680310547351837158e-01
2.642707109451293945e+00 -1.263641119003295898e+00 7.495521068572998047e+00 6.211771816015243530e-02 -7.185676097869873047e-01 -7.431724667549133301e-02 6.914749145507812500e-01 3.576569557189941406e-01
2.383503198623657227e+00 -1.270358324050903320e+00 7.741489887237548828e+00 6.211771816015243530e-02 -7.789257764816284180e-01 -4.412781074643135071e-02 6.255616545677185059e-01 1.986172944307327271e-01
2.219605922698974609e+00 -1.272861599922180176e+00 6.599997997283935547e+00 3.717849403619766235e-02 1.162041574716567993e-01 2.334931492805480957e-01 9.653898477554321289e-01 2.604930400848388672e-01
2.248386144638061523e+00 -1.196195006370544434e+00 6.851713180541992188e+00 3.717849403619766235e-02 -7.315520942211151123e-02 -2.182278595864772797e-02 9.970817565917968750e-01 3.301212489604949951e-01
2.224327087402343750e+00 -1.220104575157165527e+00 7.141910552978515625e+00 3.717849403619766235e-02 -9.984735846519470215e-01 -5.156867206096649170e-02 1.977791637182235718e-02 2.409119307994842529e-01
1.967935800552368164e+00 -1.235494017601013184e+00 7.110486984252929688e+00 2.117956615984439850e-02 -6.673026680946350098e-01 7.069805264472961426e-01 2.342768460512161255e-01 2.567442059516906738e-01
2.145800828933715820e+00 -1.240041494369506836e+00 7.540557861328125000e+00 2.499999944120645523e-03 -5.823713541030883789e-01 4.622608795762062073e-02 -8.116074800491333008e-01 5.668252706527709961e-01
2.013452768325805664e+00 -1.430576324462890625e+00 6.911684513092041016e+00 2.499999944120645523e-03 -7.225213646888732910e-01 -1.303563117980957031e-01 -6.789478063583374023e-01 2.447893619537353516e-01
2.079643011093139648e+00 -1.536536097526550293e+00 6.912341117858886719e+00 2.027025446295738220e-02 -6.774037480354309082e-01 -3.143554329872131348e-01 -6.650600433349609375e-01 9.785652160644531250e-02
2.013354778289794922e+00 -1.567297816276550293e+00 6.847260475158691406e+00 2.027025446295738220e-02 -6.490922570228576660e-01 3.363374993205070496e-02 -7.599658370018005371e-01 1.921935975551605225e-01
2.315648317337036133e+00 -1.335856676101684570e+00 6.634289741516113281e+00 4.744552075862884521e-03 -6.791301965713500977e-01 -5.562056899070739746e-01 4.789754152297973633e-01 5.322372913360595703e-01
1.839738965034484863e+00 -1.561656951904296875e+00 6.793220520019531250e+00 4.744552075862884521e-03 -7.155311107635498047e-01 -5.020182132720947266e-01 4.857910573482513428e-01 4.077567756175994873e-01
2.160799741744995117e+00 -1.534033775329589844e+00 7.022120475769042969e+00 3.111257962882518768e-02 -3.275143355131149292e-02 -8.990755677223205566e-01 4.365666806697845459e-01 2.945855557918548584e-01
2.138780832290649414e+00 -1.786143898963928223e+00 7.162555217742919922e+00 3.518889844417572021e-02 -2.366153895854949951e-01 -7.743445634841918945e-01 5.868591070175170898e-01 2.673463821411132812e-01
2.078447103500366211e+00 -1.993263840675354004e+00 7.321807384490966797e+00 3.186931088566780090e-02 -2.673570215702056885e-01 -9.182751774787902832e-01 2.920460700988769531e-01 3.153080046176910400e-01
2.241547346115112305e+00 -1.532865405082702637e+00 7.344299793243408203e+00 3.452883660793304443e-02 2.092021852731704712e-01 -8.905873894691467285e-01 4.038422107696533203e-01 2.100193798542022705e-01
2.285483837127685547e+00 -1.719905972480773926e+00 7.429114341735839844e+00 3.452883660793304443e-02 5.162267088890075684e-01 -7.832233309745788574e-01 3.465129137039184570e-01 1.123096495866775513e-01
2.299368143081665039e+00 -1.275801897048950195e+00 7.537961006164550781e+00 1.550531201064586639e-02 4.080749675631523132e-02 -9.765672087669372559e-01 -2.113083600997924805e-01 6.285977363586425781e-01
2.807631492614746094e+00 -9.124984145164489746e-01 8.091155052185058594e+00 3.435688465833663940e-02 4.896585643291473389e-01 -3.594638407230377197e-01 -7.943678498268127441e-01 2.164591550827026367e-01
3.041514158248901367e+00 -9.459028840065002441e-01 7.705389022827148438e+00 3.435688465833663940e-02 -7.192678283900022507e-03 -9.782181978225708008e-01 -2.074546664953231812e-01 3.649552464485168457e-01
3.005312204360961914e+00 -1.285401701927185059e+00 7.607465744018554688e+00 3.435688465833663940e-02 -5.441095829010009766e-01 -8.203649520874023438e-01 1.759150028228759766e-01 4.042582809925079346e-01
2.778228282928466797e+00 -1.631970524787902832e+00 7.723337173461914062e+00 3.435688465833663940e-02 -8.825221061706542969e-01 -3.856634199619293213e-01 -2.691068351268768311e-01 9.988958388566970825e-02
2.323285818099975586e+00 -1.451533555984497070e+00 7.439388751983642578e+00 4.828296974301338196e-02 9.549365639686584473e-01 3.520795330405235291e-02 2.947144210338592529e-01 1.018172353506088257e-01
2.419846057891845703e+00 -1.443419575691223145e+00 7.472870826721191406e+00 4.231151193380355835e-02 -4.383503273129463196e-02 -6.122379302978515625e-01 7.894575595855712891e-01 2.090017795562744141e-01
2.449296712875366211e+00 -1.610206604003906250e+00 7.657022476196289062e+00 3.580822423100471497e-02 -6.456947326660156250e-01 -2.945944964885711670e-01 7.044802308082580566e-01 1.149741858243942261e-01
2.372604608535766602e+00 -1.636930942535400391e+00 7.738370418548583984e+00 1.779834181070327759e-02 -7.400564551353454590e-01 -2.840373814105987549e-01 6.096221804618835449e-01 4.583567380905151367e-01
2.290351390838623047e+00 -1.262959122657775879e+00 7.502122402191162109e+00 2.503569051623344421e-02 6.436952948570251465e-01 -3.609740436077117920e-01 -6.747993230819702148e-01 1.642527282238006592e-01
2.175814867019653320e+00 -1.445362210273742676e+00 7.461988925933837891e+00 2.132755331695079803e-02 -6.741703152656555176e-01 -6.953288316726684570e-01 2.490224540233612061e-01 2.696557641029357910e-01
1.990237236022949219e+00 -1.622022747993469238e+00 7.586415290832519531e+00 1.046805549412965775e-02 -8.283367156982421875e-01 -5.579171776771545410e-01 5.085907131433486938e-02 3.638962507247924805e-01
2.198135375976562500e+00 -1.217747449874877930e+00 7.515500068664550781e+00 1.287346053868532181e-02 -8.578267097473144531e-01 2.320436239242553711e-01 -4.585729241371154785e-01 1.065995469689369202e-01
2.106926202774047852e+00 -1.192603230476379395e+00 7.477806568145751953e+00 1.287346053868532181e-02 -9.908179044723510742e-01 1.342651098966598511e-01 1.589969918131828308e-02 2.038174420595169067e-01
2.152369022369384766e+00 -1.358799457550048828e+00 7.547930717468261719e+00 1.967523060739040375e-02 -8.282866477966308594e-01 -4.174289107322692871e-01 3.737570941448211670e-01 3.281779587268829346e-01
2.165173530578613281e+00 -1.205343246459960938e+00 7.547898292541503906e+00 1.911088265478610992e-02 -3.091242015361785889e-01 4.798033237457275391e-01 8.211156725883483887e-01 2.536051571369171143e-01
2.074476003646850586e+00 -1.081676363945007324e+00 7.784582614898681641e+00 1.911088265478610992e-02 -6.521632075309753418e-01 -7.218186855316162109e-01 -2.316483557224273682e-01 4.215973615646362305e-01
2.559982299804687500e+00 -9.784570932388305664e-01 7.694779872894287109e+00 1.719412580132484436e-02 -8.939493298530578613e-01 -4.468809366226196289e-01 3.394164517521858215e-02 6.032375693321228027e-01
2.050688743591308594e+00 -1.234127521514892578e+00 7.683557987213134766e+00 1.719412580132484436e-02 6.102404594421386719e-01 -7.528067827224731445e-01 2.467559427022933960e-01 1.484310775995254517e-01
2.646718740463256836e+00 -1.023221254348754883e+00 8.015263557434082031e+00 3.835007548332214355e-02 -8.758783340454101562e-01 -1.905063539743423462e-01 -4.433333873748779297e-01 5.395978093147277832e-01
2.689796447753906250e+00 -9.385561943054199219e-01 7.971974849700927734e+00 1.761891506612300873e-02 -7.906698584556579590e-01 1.963560134172439575e-01 -5.799012780189514160e-01 6.299735307693481445e-01
2.321707487106323242e+00 -9.685724377632141113e-01 7.653308868408203125e+00 2.067374996840953827e-02 -6.432763934135437012e-01 1.631692051887512207e-01 7.480450272560119629e-01 2.244107276201248169e-01
2.204054355621337891e+00 -8.939091563224792480e-01 7.787084102630615234e+00 2.067374996840953827e-02 6.853886842727661133e-01 1.562526971101760864e-01 7.112154960632324219e-01 2.377923578023910522e-01
2.821600675582885742e+00 -9.688903689384460449e-01 8.051371574401855469e+00 2.233734354376792908e-02 -9.564509987831115723e-02 -1.581216752529144287e-01 -9.827764630317687988e-01 8.762359023094177246e-01
2.756417751312255859e+00 -9.428082704544067383e-01 8.048706054687500000e+00 1.594092324376106262e-02 -9.727952480316162109e-01 -1.165990978479385376e-01 2.001851946115493774e-01 1.866598725318908691e-01
2.563392877578735352e+00 -9.498447775840759277e-01 8.080433845520019531e+00 1.594092324376106262e-02 -7.858710885047912598e-01 -6.180810928344726562e-01 -1.955501362681388855e-02 3.615394234657287598e-01
3.081768035888671875e+00 -1.208630919456481934e+00 6.775978088378906250e+00 1.396682951599359512e-02 2.091650217771530151e-01 7.321195006370544434e-01 6.482676863670349121e-01 1.445184648036956787e-01
3.160958290100097656e+00 -1.102083802223205566e+00 6.853003025054931641e+00 1.396682951599359512e-02 -3.213764727115631104e-01 1.230880320072174072e-01 -9.389176964759826660e-01 2.337188720703125000e-01
2.738080978393554688e+00 -1.164707899093627930e+00 6.622237682342529297e+00 1.893680915236473083e-02 1.638789921998977661e-01 -8.499290943145751953e-01 5.007635951042175293e-01 2.619813978672027588e-01
2.774230480194091797e+00 -1.391664147377014160e+00 6.756357669830322266e+00 1.893680915236473083e-02 -2.395226359367370605e-01 -2.599555850028991699e-01 -9.354421496391296387e-01 2.949444949626922607e-01
3.472180366516113281e+00 -8.908204436302185059e-01 6.930175304412841797e+00 5.930986627936363220e-02 2.008829712867736816e-01 -2.325552552938461304e-01 9.516112804412841797e-01 4.257677793502807617e-01
3.529738426208496094e+00 -1.007883787155151367e+00 7.335834026336669922e+00 5.930986627936363220e-02 5.265612602233886719e-01 -8.088958263397216797e-01 2.615737318992614746e-01 1.214585602283477783e-01
3.615043878555297852e+00 -9.474667906761169434e-01 6.938971042633056641e+00 5.603960528969764709e-02 -2.719911634922027588e-01 8.514254093170166016e-01 4.484367966651916504e-01 2.171427607536315918e-01
3.555982828140258789e+00 -7.625858783721923828e-01 7.036345958709716797e+00 5.603960528969764709e-02 -6.411134004592895508e-01 4.838149845600128174e-01 5.957320332527160645e-01 3.826433122158050537e-01
3.180683612823486328e+00 -9.628633856773376465e-01 6.549203872680664062e+00 3.024811623618006706e-03 -9.701960682868957520e-01 -2.267895191907882690e-01 8.535882830619812012e-02 3.009119629859924316e-01
2.859228610992431641e+00 -1.018840670585632324e+00 6.523577213287353516e+00 3.443263703957200050e-03 2.600104808807373047e-01 -8.946126699447631836e-01 -3.634043931961059570e-01 1.570389419794082642e-01
4.700388908386230469e+00 -2.783710956573486328e+00 7.865386962890625000e+00 5.906384438276290894e-02 9.846482276916503906e-01 -1.331910938024520874e-01 -1.128185167908668518e-01 2.348534762859344482e-01
4.928772449493408203e+00 -2.812063932418823242e+00 7.834436416625976562e+00 5.855031311511993408e-02 -2.546330988407135010e-01 7.248497009277343750e-01 6.401209831237792969e-01 7.474481463432312012e-01
4.887317657470703125e+00 -2.346401929855346680e+00 8.271547317504882812e+00 5.724812671542167664e-02 3.124842941761016846e-01 9.789367765188217163e-02 9.448652863502502441e-01 2.461033612489700317e-01
4.948057174682617188e+00 -2.303022146224975586e+00 8.494296073913574219e+00 4.639402404427528381e-02 2.529619634151458740e-01 5.978787541389465332e-01 7.606255412101745605e-01 3.571547195315361023e-02
4.954900264739990234e+00 -2.278379440307617188e+00 8.561368942260742188e+00 5.511245131492614746e-02 -9.759666323661804199e-01 -2.149470448493957520e-01 -3.587281703948974609e-02 1.495581716299057007e-01
4.775001525878906250e+00 -2.379534006118774414e+00 8.533401489257812500e+00 4.639402404427528381e-02 -6.926182508468627930e-01 5.082467794418334961e-01 -5.118253827095031738e-01 1.473145633935928345e-01
4.626229286193847656e+00 -2.340031862258911133e+00 8.485536575317382812e+00 5.533932521939277649e-02 -6.798445582389831543e-01 4.439855515956878662e-01 -5.836850404739379883e-01 1.444988399744033813e-01
4.563436985015869141e+00 -2.778845787048339844e+00 7.946461200714111328e+00 4.813014715909957886e-02 1.295994222164154053e-01 -9.709056615829467773e-01 2.013607770204544067e-01 1.930870115756988525e-01
4.949997901916503906e+00 -3.176802396774291992e+00 7.770635128021240234e+00 5.530466884374618530e-02 -4.304762482643127441e-01 -8.903819322586059570e-01 1.480208337306976318e-01 7.593345642089843750e-01
4.816948890686035156e+00 -3.795495748519897461e+00 7.670567512512207031e+00 5.527409538626670837e-02 -4.072696268558502197e-01 -7.172982692718505859e-01 -5.653446912765502930e-01 2.585548460483551025e-01
4.731175899505615234e+00 -3.964120626449584961e+00 7.484653472900390625e+00 4.813014715909957886e-02 -3.521476089954376221e-01 -7.870690822601318359e-01 -5.064724087715148926e-01 1.415292173624038696e-01
4.762258052825927734e+00 -4.087684154510498047e+00 7.358729839324951172e+00 5.491278693079948425e-02 -3.178265094757080078e-01 -9.088231325149536133e-01 -2.702348232269287109e-01 4.562843143939971924e-01
4.603846549987792969e+00 -4.464888095855712891e+00 7.230108737945556641e+00 5.504849925637245178e-02 -5.127997994422912598e-01 -2.974962294101715088e-01 -8.053150773048400879e-01 2.124712169170379639e-01
4.499262332916259766e+00 -4.521178722381591797e+00 7.049636840820312500e+00 4.937688261270523071e-02 -7.405766844749450684e-01 -3.268619477748870850e-01 -5.871179103851318359e-01 2.800608575344085693e-01
4.626090049743652344e+00 -2.690941810607910156e+00 7.926073074340820312e+00 2.272015810012817383e-02 7.222812175750732422e-01 2.138993442058563232e-01 -6.576905846595764160e-01 4.440669715404510498e-01
4.931605815887451172e+00 -2.603466987609863281e+00 7.657814502716064453e+00 3.313373029232025146e-02 -8.212009072303771973e-01 -1.097329333424568176e-01 -5.599890947341918945e-01 1.145057976245880127e-01
4.850645065307617188e+00 -2.617954730987548828e+00 7.571872234344482422e+00 2.198777161538600922e-02 -8.538505434989929199e-01 6.125736236572265625e-02 -5.169011354446411133e-01 1.262548714876174927e-01
4.739263057708740234e+00 -2.556823492050170898e+00 7.495772361755371094e+00 3.377300873398780823e-02 -9.902387261390686035e-01 -8.826499432325363159e-02 -1.078730523586273193e-01 2.524144351482391357e-01
4.467590808868408203e+00 -2.547372341156005859e+00 7.480612754821777344e+00 2.978261001408100128e-02 -7.783574461936950684e-01 -3.295962214469909668e-01 -5.343463420867919922e-01 3.274980187416076660e-01
4.185834884643554688e+00 -2.568118810653686523e+00 7.287045955657958984e+00 2.634079381823539734e-02 9.089708924293518066e-01 2.022202610969543457e-01 -3.645254969596862793e-01 2.603301703929901123e-01
4.432008266448974609e+00 -2.422984361648559570e+00 7.148157596588134766e+00 2.641953527927398682e-02 9.606724977493286133e-01 -1.937225610017776489e-01 -1.989469677209854126e-01 6.101778745651245117e-01
4.776790142059326172e+00 -3.275443077087402344e+00 7.266409873962402344e+00 4.571251943707466125e-02 -2.877179980278015137e-01 4.877386987209320068e-01 -8.242143392562866211e-01 8.725913763046264648e-01
4.602111816406250000e+00 -2.808424234390258789e+00 6.705128192901611328e+00 3.893900290131568909e-02 -3.130925819277763367e-02 9.704173803329467773e-01 -2.393947988748550415e-01 3.626799955964088440e-02
4.598361015319824219e+00 -2.782465457916259766e+00 6.707254409790039062e+00 3.705721348524093628e-02 -7.255657315254211426e-01 5.999408960342407227e-01 3.370834589004516602e-01 1.662961542606353760e-01
4.199706554412841797e+00 -2.557319402694702148e+00 6.743383884429931641e+00 2.887343242764472961e-02 3.686475753784179688e-01 7.249052524566650391e-01 -5.819032192230224609e-01 8.352385461330413818e-02
4.136651039123535156e+00 -2.475966930389404297e+00 6.736045360565185547e+00 2.184311673045158386e-02 2.840494513511657715e-01 9.435726404190063477e-01 1.702543795108795166e-01 2.539900541305541992e-01
4.200897216796875000e+00 -2.198293924331665039e+00 6.794818878173828125e+00 1.642987690865993500e-02 -9.411870241165161133e-01 -5.970522016286849976e-02 -3.325691223144531250e-01 2.512789964675903320e-01
4.768958091735839844e+00 -3.223566770553588867e+00 7.226707935333251953e+00 1.924123987555503845e-02 5.113121271133422852e-01 3.241527974605560303e-01 -7.959176301956176758e-01 1.152706444263458252e-01
4.846879482269287109e+00 -3.178876876831054688e+00 7.157087326049804688e+00 1.924123987555503845e-02 -6.912208795547485352e-01 6.070439815521240234e-01 3.920603394508361816e-01 2.222254872322082520e-01
4.349641799926757812e+00 -4.011953353881835938e+00 6.728198528289794922e+00 3.380958735942840576e-02 1.929123885929584503e-02 7.456212043762207031e-01 6.660907864570617676e-01 1.855950057506561279e-01
4.353268623352050781e+00 -3.873686313629150391e+00 6.852405548095703125e+00 3.380958735942840576e-02 2.264848053455352783e-01 9.585742950439453125e-01 1.727424114942550659e-01 3.233023360371589661e-02
4.377246379852294922e+00 -3.676799774169921875e+00 6.790246009826660156e+00 3.380958735942840576e-02 5.810453891754150391e-01 2.570090889930725098e-01 7.722257375717163086e-01 1.509928256273269653e-01
4.539404869079589844e+00 -3.653961896896362305e+00 6.944929122924804688e+00 3.380958735942840576e-02 -2.498252242803573608e-01 6.164450645446777344e-01 7.467147111892700195e-01 2.640720903873443604e-01
4.512369155883789062e+00 -3.962575912475585938e+00 6.798273563385009766e+00 1.252206973731517792e-02 -3.105240166187286377e-01 -2.913315892219543457e-01 9.048208594322204590e-01 3.990636765956878662e-01
4.393130302429199219e+00 -4.068922042846679688e+00 7.152324199676513672e+00 1.252206973731517792e-02 -8.868984580039978027e-01 4.585343599319458008e-01 5.619025230407714844e-02 1.552549600601196289e-01
4.292599678039550781e+00 -4.022714614868164062e+00 7.140500068664550781e+00 1.448982302099466324e-02 -1.809678673744201660e-01 -7.712075114250183105e-01 6.103192567825317383e-01 1.380643099546432495e-01
4.286048412322998047e+00 -4.106037616729736328e+00 6.697133541107177734e+00 2.841141773387789726e-03 1.524902880191802979e-01 -7.393264174461364746e-01 6.558529734611511230e-01 4.102548360824584961e-01
4.360681533813476562e+00 -4.400636196136474609e+00 6.969684600830078125e+00 2.841141773387789726e-03 4.144457280635833740e-01 -2.212526053190231323e-01 -8.827695250511169434e-01 4.567839503288269043e-01
4.243896484375000000e+00 -4.110990524291992188e+00 6.622153759002685547e+00 8.049901574850082397e-03 -4.082692265510559082e-01 -4.223004281520843506e-01 -8.093074560165405273e-01 1.777367144823074341e-01
4.200373172760009766e+00 -4.186168670654296875e+00 6.462357997894287109e+00 8.049901574850082397e-03 3.776346147060394287e-01 6.254312396049499512e-01 6.828088164329528809e-01 2.538353204727172852e-01
4.503736972808837891e+00 -2.045340299606323242e+00 8.346446990966796875e+00 1.790609955787658691e-02 7.774791121482849121e-01 5.330179929733276367e-01 3.337934315204620361e-01 2.266832292079925537e-01
4.901954650878906250e+00 -2.302865982055664062e+00 8.896206855773925781e+00 1.997308619320392609e-02 3.514078855514526367e-01 5.779204964637756348e-01 7.365598082542419434e-01 2.490298002958297729e-01
4.936098575592041016e+00 -2.184383153915405273e+00 9.033047676086425781e+00 1.997308619320392609e-02 -6.629685163497924805e-01 6.185501813888549805e-01 4.217444956302642822e-01 3.168418109416961670e-01
4.721313953399658203e+00 -1.992271065711975098e+00 9.167493820190429688e+00 1.871675997972488403e-02 -2.334095835685729980e-01 4.658183157444000244e-01 8.535416126251220703e-01 1.389284282922744751e-01
4.839112281799316406e+00 -2.081737518310546875e+00 8.649218559265136719e+00 5.863914266228675842e-02 3.470696210861206055e-01 6.602956652641296387e-01 -6.659972667694091797e-01 3.183485567569732666e-01
4.882884025573730469e+00 -1.841656327247619629e+00 8.585108757019042969e+00 4.302838072180747986e-02 -9.143795371055603027e-01 -1.011641323566436768e-01 -3.920151293277740479e-01 1.690051108598709106e-01
4.734076499938964844e+00 -1.915319919586181641e+00 8.580220222473144531e+00 5.863914266228675842e-02 -9.859989881515502930e-01 -1.579200327396392822e-01 -5.354712530970573425e-02 2.795262038707733154e-01
4.456840038299560547e+00 -1.963832139968872070e+00 8.574259757995605469e+00 4.244961962103843689e-02 -9.859183430671691895e-01 2.576369792222976685e-02 -1.652308404445648193e-01 2.092404812574386597e-01
4.828699588775634766e+00 -2.129487037658691406e+00 8.689639091491699219e+00 3.102600015699863434e-02 -8.838450312614440918e-01 -3.353525102138519287e-01 -3.261237144470214844e-01 1.878651976585388184e-01
4.654604434967041016e+00 -2.203233242034912109e+00 8.645670890808105469e+00 3.102600015699863434e-02 1.039237082004547119e-01 8.224771618843078613e-01 5.592237710952758789e-01 2.676008939743041992e-01
4.892235755920410156e+00 -2.281380176544189453e+00 8.498382568359375000e+00 3.918951377272605896e-02 -7.031599879264831543e-01 -1.746256798505783081e-01 6.892545819282531738e-01 5.203991532325744629e-01
4.594614028930664062e+00 -2.379726648330688477e+00 8.944492340087890625e+00 4.256360977888107300e-02 -5.401152968406677246e-01 6.905866265296936035e-01 4.810047447681427002e-01 3.346918895840644836e-02
4.284821987152099609e+00 -2.170487165451049805e+00 8.913654327392578125e+00 4.256360977888107300e-02 -2.101741284132003784e-01 -8.376684039831161499e-02 9.740687608718872070e-01 4.327290654182434082e-01
4.495833873748779297e+00 -2.278608322143554688e+00 9.400864601135253906e+00 4.256360977888107300e-02 -2.251011133193969727e-01 -9.738494157791137695e-01 -3.076977655291557312e-02 1.259556263685226440e-01
4.834063529968261719e+00 -2.812871694564819336e+00 9.156826019287109375e+00 3.103328403085470200e-03 4.163822233676910400e-01 4.460425674915313721e-01 7.922574281692504883e-01 4.851013123989105225e-01
5.006116867065429688e+00 -2.574801683425903320e+00 9.393114089965820312e+00 3.103328403085470200e-03 -3.172684907913208008e-01 9.270061254501342773e-01 2.000007927417755127e-01 5.173798203468322754e-01
4.834384918212890625e+00 -2.104113340377807617e+00 9.494157791137695312e+00 1.351671945303678513e-02 -7.573659420013427734e-01 5.458238720893859863e-01 3.584314584732055664e-01 1.729708760976791382e-01
4.910499095916748047e+00 -2.654560089111328125e+00 8.957917213439941406e+00 2.344763651490211487e-02 4.245072007179260254e-01 4.712222218513488770e-01 -7.731385827064514160e-01 1.307176947593688965e-01
4.965989589691162109e+00 -2.592962980270385742e+00 8.856854438781738281e+00 2.344763651490211487e-02 2.850467860698699951e-01 7.144780755043029785e-01 -6.389596462249755859e-01 1.793081611394882202e-01
4.789198398590087891e+00 -2.852239131927490234e+00 9.195274353027343750e+00 9.541213512420654297e-03 5.284004211425781250e-01 -2.275009825825691223e-02 8.486903905868530273e-01 7.037417590618133545e-02
4.873267650604248047e+00 -2.817209243774414062e+00 9.241981506347656250e+00 9.541213512420654297e-03 -6.262453794479370117e-01 7.764192819595336914e-01 -7.063886523246765137e-02 2.131625413894653320e-01
4.654032230377197266e+00 -2.902925968170166016e+00 9.164736747741699219e+00 3.994440659880638123e-02 -9.907356500625610352e-01 -4.332030564546585083e-02 -1.287100166082382202e-01 3.161578774452209473e-01
4.340803623199462891e+00 -2.916621923446655273e+00 9.124044418334960938e+00 3.930810466408729553e-02 -5.367333292961120605e-01 -8.386606574058532715e-01 -9.255082160234451294e-02 1.911042183637619019e-01
4.221827030181884766e+00 -3.068273782730102539e+00 9.086457252502441406e+00 4.620932787656784058e-02 -5.231770277023315430e-01 -8.498810529708862305e-01 6.315094977617263794e-02 3.560117483139038086e-01
4.010506153106689453e+00 -3.350095748901367188e+00 9.126502990722656250e+00 4.757113382220268250e-02 -1.533779054880142212e-01 5.239779353141784668e-01 -8.378080725669860840e-01 7.145355641841888428e-02
4.071092128753662109e+00 -3.277684450149536133e+00 9.029693603515625000e+00 3.783629462122917175e-02 -5.723402500152587891e-01 4.396857917308807373e-01 -6.921727061271667480e-01 2.970863878726959229e-01
3.912574529647827148e+00 -3.147580146789550781e+00 8.832311630249023438e+00 4.409684985876083374e-02 1.519431173801422119e-01 9.768746495246887207e-01 -1.504299938678741455e-01 3.876245319843292236e-01
3.709482192993164062e+00 -2.685642719268798828e+00 8.414720535278320312e+00 4.139120876789093018e-02 3.376545608043670654e-01 9.408493041992187500e-01 -2.814171649515628815e-02 4.015203118324279785e-01
3.843298196792602539e+00 -2.409391403198242188e+00 8.345692634582519531e+00 4.410112649202346802e-02 -1.416084021329879761e-01 4.911848902702331543e-01 -8.594675660133361816e-01 8.637086302042007446e-02
3.815418720245361328e+00 -2.414118528366088867e+00 8.179938316345214844e+00 4.217151179909706116e-02 -1.128600537776947021e-01 -8.752932548522949219e-01 4.702385663986206055e-01 6.643105298280715942e-02
3.707738876342773438e+00 -2.509724140167236328e+00 8.198300361633300781e+00 3.452388942241668701e-02 2.780227363109588623e-01 -8.777160644531250000e-01 3.902792334556579590e-01 2.882693111896514893e-01
3.807585954666137695e+00 -2.750239372253417969e+00 8.322077751159667969e+00 2.983461692929267883e-02 3.673901855945587158e-01 2.328186929225921631e-01 -9.004553556442260742e-01 1.471347957849502563e-01
3.841617584228515625e+00 -2.739778518676757812e+00 8.208030700683593750e+00 2.635390684008598328e-02 8.321102857589721680e-01 -4.158284962177276611e-01 3.669865429401397705e-01 2.541588544845581055e-01
4.704317569732666016e+00 -2.860880613327026367e+00 9.111340522766113281e+00 1.417314074933528900e-02 -7.085939645767211914e-01 8.337457478046417236e-02 -7.006734013557434082e-01 4.443018138408660889e-01
4.389487743377685547e+00 -2.823837280273437500e+00 8.800029754638671875e+00 1.417314074933528900e-02 -6.420365571975708008e-01 6.634621024131774902e-01 3.841967284679412842e-01 3.190649151802062988e-01
4.577154159545898438e+00 -2.958626031875610352e+00 8.977705955505371094e+00 1.708183251321315765e-02 -2.428988367319107056e-01 7.267164587974548340e-01 -6.425600051879882812e-01 2.550696432590484619e-01
4.523522853851318359e+00 -2.777627706527709961e+00 8.808358192443847656e+00 1.708183251321315765e-02 -5.086907744407653809e-02 -8.160125017166137695e-01 5.757915973663330078e-01 2.664836347103118896e-01
4.706743717193603516e+00 -3.116822481155395508e+00 8.898419380187988281e+00 3.696079552173614502e-02 4.513248503208160400e-01 -4.977846443653106689e-01 -7.406188845634460449e-01 3.376117348670959473e-01
4.704004764556884766e+00 -3.158779859542846680e+00 8.860514640808105469e+00 1.323419995605945587e-02 6.584527492523193359e-01 -3.758127987384796143e-02 -7.516832351684570312e-01 2.003283202648162842e-01
4.772970676422119141e+00 -3.204668045043945312e+00 8.776250839233398438e+00 1.323419995605945587e-02 -6.554048061370849609e-01 7.280694246292114258e-01 -2.008966654539108276e-01 2.265295982360839844e-01
4.783592224121093750e+00 -3.268583536148071289e+00 8.716321945190429688e+00 1.809396035969257355e-02 4.042440354824066162e-01 3.422889709472656250e-01 8.481892347335815430e-01 4.559264183044433594e-01
4.974270343780517578e+00 -3.117348432540893555e+00 9.103834152221679688e+00 1.947470195591449738e-02 -8.222351316362619400e-04 1.626640409231185913e-01 9.866811633110046387e-01 3.643669784069061279e-01
4.872492790222167969e+00 -3.279937505722045898e+00 9.148291587829589844e+00 2.434687502682209015e-02 -1.357120927423238754e-02 -3.043819665908813477e-01 -9.524533748626708984e-01 2.995952069759368896e-01
4.861731052398681641e+00 -3.345431089401245117e+00 8.872072219848632812e+00 2.434687502682209015e-02 -5.870051383972167969e-01 -4.025430381298065186e-01 7.024130225181579590e-01 6.434004008769989014e-02
4.804194927215576172e+00 -3.323189258575439453e+00 9.014178276062011719e+00 4.583144560456275940e-03 -4.710954725742340088e-01 -8.245008587837219238e-01 3.134762942790985107e-01 4.721378684043884277e-01
4.911005496978759766e+00 -3.942766666412353516e+00 9.296103477478027344e+00 8.318144828081130981e-03 4.003852009773254395e-01 -3.906279802322387695e-01 -8.289158344268798828e-01 1.696743071079254150e-01
4.884362220764160156e+00 -3.965970993041992188e+00 9.219035148620605469e+00 8.318144828081130981e-03 2.520951032638549805e-01 -5.846400260925292969e-01 7.711316943168640137e-01 2.944875359535217285e-01
4.945460796356201172e+00 -3.619170904159545898e+00 9.043580055236816406e+00 4.539517313241958618e-02 -3.707012236118316650e-01 -9.178326129913330078e-01 -1.419998109340667725e-01 1.425785571336746216e-01
4.892606735229492188e+00 -3.750034093856811523e+00 9.023333549499511719e+00 4.430282115936279297e-02 -6.628914475440979004e-01 -7.401511669158935547e-01 1.129211634397506714e-01 1.106558218598365784e-01
4.795466899871826172e+00 -3.862819910049438477e+00 9.071294784545898438e+00 5.469810217618942261e-02 -8.185600042343139648e-01 -2.837005071341991425e-02 -5.737200379371643066e-01 1.033184230327606201e-01
4.718644618988037109e+00 -3.871010541915893555e+00 9.014039039611816406e+00 4.500635340809822083e-02 -5.863291621208190918e-01 -7.256025075912475586e-01 3.601654767990112305e-01 2.281851470470428467e-01
4.955426216125488281e+00 -3.771877050399780273e+00 9.284495353698730469e+00 3.327767923474311829e-02 6.415202021598815918e-01 2.621755599975585938e-01 7.209132313728332520e-01 1.092994585633277893e-01
5.025544166564941406e+00 -3.743221282958984375e+00 9.363290786743164062e+00 3.083344921469688416e-02 -7.258771657943725586e-01 6.878243088722229004e-01 -2.289052645210176706e-04 2.028868645429611206e-01
4.928898811340332031e+00 -3.592938423156738281e+00 9.446574211120605469e+00 5.469810217618942261e-02 2.742693126201629639e-01 9.184746742248535156e-01 -2.849220633506774902e-01 2.051350474357604980e-01
4.988713741302490234e+00 -3.416580200195312500e+00 9.389072418212890625e+00 3.508007526397705078e-02 3.264395892620086670e-01 2.210223115980625153e-02 -9.449596405029296875e-01 7.211003452539443970e-02
4.856413364410400391e+00 -3.808263778686523438e+00 9.289091110229492188e+00 1.836649142205715179e-02 -9.311390519142150879e-01 -3.189716041088104248e-01 1.767404973506927490e-01 1.838517338037490845e-01
4.508671760559082031e+00 -2.253230333328247070e+00 7.989678859710693359e+00 2.869925834238529205e-02 -5.067924857139587402e-01 5.989701151847839355e-01 -6.199969649314880371e-01 1.932503730058670044e-01
4.411014080047607422e+00 -2.138005733489990234e+00 7.872237682342529297e+00 2.506772987544536591e-02 -8.693867325782775879e-01 -4.940837025642395020e-01 -6.925263442099094391e-03 1.110696792602539062e-01
4.324262619018554688e+00 -2.233801841735839844e+00 7.816519737243652344e+00 1.878598891198635101e-02 8.939328193664550781e-01 -2.680436074733734131e-01 3.592168390750885010e-01 1.449563950300216675e-01
1.117124199867248535e+00 -3.887526750564575195e+00 5.583148956298828125e+00 4.138027317821979523e-03 6.036727428436279297e-01 3.798498511314392090e-01 7.009232044219970703e-01 3.125495612621307373e-01
1.337290167808532715e+00 -3.704055309295654297e+00 5.846594810485839844e+00 5.433773621916770935e-03 -2.711054384708404541e-01 6.303490400314331055e-01 -7.274351716041564941e-01 2.145513892173767090e-01
1.711238980293273926e+00 -3.389533758163452148e+00 5.483369350433349609e+00 1.259480416774749756e-02 -4.364660084247589111e-01 -6.928163766860961914e-01 -5.740234255790710449e-01 1.985852867364883423e-01
1.641091108322143555e+00 -3.484466075897216797e+00 5.489269256591796875e+00 2.241798490285873413e-02 -4.721964299678802490e-01 8.490504622459411621e-01 -2.369470149278640747e-01 2.521800696849822998e-01
1.656537532806396484e+00 -3.390578508377075195e+00 5.318719387054443359e+00 3.059747861698269844e-03 -3.603978157043457031e-01 8.337073922157287598e-01 -4.183842241764068604e-01 1.340186595916748047e-01
1.463628292083740234e+00 -3.301726818084716797e+00 5.260581016540527344e+00 3.059747861698269844e-03 -9.043963253498077393e-02 6.404916644096374512e-01 -7.626211643218994141e-01 5.580282807350158691e-01
1.386632680892944336e+00 -3.562121391296386719e+00 5.143361091613769531e+00 1.464146003127098083e-02 9.294272661209106445e-01 9.141937643289566040e-02 -3.575017452239990234e-01 2.104922235012054443e-01
1.558051466941833496e+00 -3.628580570220947266e+00 5.172910213470458984e+00 1.464146003127098083e-02 9.741547107696533203e-01 -2.215694636106491089e-01 4.392645135521888733e-02 7.355649024248123169e-02
1.626309394836425781e+00 -3.667109489440917969e+00 5.168200969696044922e+00 5.981371272355318069e-03 9.605260491371154785e-01 -4.898370057344436646e-02 -2.738435864448547363e-01 3.465719819068908691e-01
1.566082596778869629e+00 -3.466096162796020508e+00 5.341980457305908203e+00 1.001125480979681015e-02 -4.524819552898406982e-01 2.936456799507141113e-01 8.420405387878417969e-01 1.059101596474647522e-01
1.530251622200012207e+00 -3.448031187057495117e+00 5.428900241851806641e+00 1.001125480979681015e-02 -1.425998657941818237e-01 -2.960616946220397949e-01 9.444642663002014160e-01 2.445627301931381226e-01
1.519879102706909180e+00 -3.519406318664550781e+00 5.661390781402587891e+00 2.061549015343189240e-02 -3.818010166287422180e-02 -4.201788604259490967e-01 9.066377282142639160e-01 1.501527577638626099e-01
9.730683565139770508e-01 -3.379270553588867188e+00 5.207828044891357422e+00 3.043883712962269783e-03 6.534479856491088867e-01 2.674610018730163574e-01 7.081456780433654785e-01 2.343791127204895020e-01
1.189862012863159180e+00 -3.445998191833496094e+00 1.498239994049072266e+00 2.324592135846614838e-02 1.565300524234771729e-01 8.764290809631347656e-01 4.553794264793395996e-01 5.306565761566162109e-02
1.198168396949768066e+00 -3.399489879608154297e+00 1.522405028343200684e+00 2.324592135846614838e-02 9.047721028327941895e-01 -2.313313186168670654e-01 3.575936853885650635e-01 1.302542686462402344e-01
1.220996022224426270e+00 -3.261309623718261719e+00 1.642863512039184570e+00 1.568144746124744415e-02 5.442736148834228516e-01 4.767574965953826904e-01 -6.902670264244079590e-01 2.209010422229766846e-01
1.351194977760314941e+00 -3.134845495223999023e+00 1.511650443077087402e+00 1.568144746124744415e-02 -9.313644766807556152e-01 8.235651999711990356e-02 3.546513617038726807e-01 2.302812933921813965e-01
1.381694316864013672e+00 -3.468892812728881836e+00 1.070591092109680176e+00 1.759590953588485718e-02 3.275891542434692383e-01 9.059248566627502441e-01 -2.683011591434478760e-01 1.626266986131668091e-01
1.434969067573547363e+00 -3.321565151214599609e+00 1.026958107948303223e+00 1.759590953588485718e-02 -1.321023553609848022e-01 -9.247402548789978027e-01 -3.569375872611999512e-01 2.753080725669860840e-01
2.596863508224487305e+00 -3.342382907867431641e+00 2.063184499740600586e+00 1.716819591820240021e-02 -3.211438655853271484e-01 -9.459605216979980469e-01 -4.500286281108856201e-02 1.888814568519592285e-01
2.519195556640625000e+00 -3.519695520401000977e+00 2.085403442382812500e+00 3.705403767526149750e-03 -5.762362480163574219e-01 -7.659385800361633301e-01 -2.851137518882751465e-01 3.656092286109924316e-01
2.476240634918212891e+00 -3.331849575042724609e+00 2.365274190902709961e+00 3.276098519563674927e-03 -8.851044774055480957e-01 -4.561442732810974121e-01 -9.231708943843841553e-02 1.717516481876373291e-01
2.316540956497192383e+00 -3.418797254562377930e+00 2.345573663711547852e+00 3.276098519563674927e-03 6.856323480606079102e-01 -7.005388140678405762e-01 1.978728622198104858e-01 3.491099774837493896e-01
2.403759479522705078e+00 -3.876562118530273438e+00 3.009734392166137695e+00 3.569670720025897026e-03 1.243710070848464966e-01 -8.535252213478088379e-01 -5.059906244277954102e-01 1.322352141141891479e-01
2.253981113433837891e+00 -3.989501714706420898e+00 2.795141935348510742e+00 9.620930999517440796e-03 -2.407511621713638306e-01 -9.318574666976928711e-01 2.714415788650512695e-01 8.517497032880783081e-02
2.865678548812866211e+00 -3.521748781204223633e+00 1.961417794227600098e+00 2.118701487779617310e-02 8.010529279708862305e-01 -1.032801195979118347e-01 -5.896162986755371094e-01 5.699104070663452148e-01
3.441178083419799805e+00 -3.709893941879272461e+00 2.197828531265258789e+00 3.128610178828239441e-02 2.995164096355438232e-01 -2.201233059167861938e-01 -9.283510446548461914e-01 1.488538682460784912e-01
3.485762357711791992e+00 -3.742660284042358398e+00 2.059639930725097656e+00 3.128610178828239441e-02 2.767360806465148926e-01 6.069735288619995117e-01 -7.449833750724792480e-01 2.783146202564239502e-01
3.254060268402099609e+00 -3.717774629592895508e+00 2.132814407348632812e+00 1.307813636958599091e-02 3.145746588706970215e-01 -8.601806759834289551e-01 -4.014124870300292969e-01 1.576194018125534058e-01
3.313496112823486328e+00 -3.851154088973999023e+00 2.080115556716918945e+00 1.307813636958599091e-02 6.291653215885162354e-02 -9.871416091918945312e-01 1.469452381134033203e-01 3.370199799537658691e-01
3.395304203033447266e+00 -3.730192899703979492e+00 2.248014211654663086e+00 2.611424401402473450e-02 -1.362939327955245972e-01 -9.752829670906066895e-01 -1.739170104265213013e-01 1.884447783231735229e-01
3.426781415939331055e+00 -3.925928354263305664e+00 2.229320287704467773e+00 2.658703736960887909e-02 -1.639968752861022949e-01 -9.733604788780212402e-01 -1.602322459220886230e-01 4.786003530025482178e-01
3.297010421752929688e+00 -3.663436412811279297e+00 2.286399602890014648e+00 4.475757107138633728e-02 -1.555254906415939331e-01 -9.820976853370666504e-01 1.062822118401527405e-01 4.515425562858581543e-01
2.674365758895874023e+00 -3.576201200485229492e+00 2.893151998519897461e+00 1.488410867750644684e-02 8.276665210723876953e-01 -3.805406391620635986e-01 -4.125008881092071533e-01 7.200365066528320312e-01
3.265387535095214844e+00 -3.834198713302612305e+00 2.585271596908569336e+00 1.488410867750644684e-02 -9.603693485260009766e-01 -2.774264812469482422e-01 2.693131193518638611e-02 2.901759743690490723e-01
2.360267400741577148e+00 -3.697811603546142578e+00 3.251590013504028320e+00 9.494499303400516510e-03 8.130449056625366211e-01 5.592114329338073730e-01 1.619894504547119141e-01 1.444015651941299438e-01
2.426158666610717773e+00 -3.636176586151123047e+00 3.268111467361450195e+00 9.494499303400516510e-03 1.095388978719711304e-01 6.135970726609230042e-02 -9.920868277549743652e-01 2.513903677463531494e-01
2.241581439971923828e+00 -3.542078256607055664e+00 3.248839616775512695e+00 3.769255429506301880e-02 6.872090101242065430e-01 5.790426135063171387e-01 -4.386951625347137451e-01 8.622445166110992432e-02
2.300835847854614258e+00 -3.492150783538818359e+00 3.211013317108154297e+00 3.766833245754241943e-02 2.618871927261352539e-01 3.670102357864379883e-01 -8.925909399986267090e-01 1.695989668369293213e-01
2.349971771240234375e+00 -3.424451589584350586e+00 3.024148702621459961e+00 3.754424303770065308e-02 2.589814662933349609e-01 9.489002227783203125e-01 1.803246587514877319e-01 2.931003570556640625e-01
2.247085809707641602e+00 -3.741423368453979492e+00 3.253916025161743164e+00 7.659428287297487259e-03 -6.451193094253540039e-01 -7.607770562171936035e-01 7.098823785781860352e-02 1.341242641210556030e-01
2.102471828460693359e+00 -3.834100484848022461e+00 3.253998517990112305e+00 7.659428287297487259e-03 -3.833408281207084656e-02 5.815017223358154297e-01 8.126415014266967773e-01 3.982784152030944824e-01
1.958023667335510254e+00 -3.242333650588989258e+00 3.390942811965942383e+00 4.417003691196441650e-02 8.490207791328430176e-01 2.288822084665298462e-02 -5.278635025024414062e-01 3.142481148242950439e-01
2.224826812744140625e+00 -3.235141277313232422e+00 3.225062847137451172e+00 4.417003691196441650e-02 -1.244392246007919312e-02 -1.421462744474411011e-01 -9.897674322128295898e-01 7.804797589778900146e-02
2.227269172668457031e+00 -3.204717159271240234e+00 3.124337196350097656e+00 4.972255602478981018e-02 -1.115592047572135925e-01 -4.821700751781463623e-01 -8.689456582069396973e-01 1.825968921184539795e-01
2.148959875106811523e+00 -3.305263757705688477e+00 2.985100746154785156e+00 4.878940060734748840e-02 -3.242266178131103516e-01 3.326256573200225830e-02 -9.453944563865661621e-01 1.485933363437652588e-01
2.060018777847290039e+00 -3.246295452117919922e+00 2.722538232803344727e+00 3.362342342734336853e-02 -9.323042631149291992e-01 8.882018923759460449e-02 3.505990505218505859e-01 1.940128207206726074e-01
1.949902415275573730e+00 -3.253640413284301758e+00 3.245190620422363281e+00 2.518573589622974396e-02 5.220422148704528809e-01 -4.974471330642700195e-01 -6.928334832191467285e-01 1.966977119445800781e-01
2.052587032318115234e+00 -3.351487159729003906e+00 3.108911991119384766e+00 2.518573589622974396e-02 -3.126437067985534668e-01 8.330606222152709961e-01 4.563593566417694092e-01 2.014743685722351074e-01
1.883897900581359863e+00 -3.288310050964355469e+00 3.450037240982055664e+00 2.767757512629032135e-02 3.116930127143859863e-01 -2.869119942188262939e-01 -9.058305621147155762e-01 3.753970861434936523e-01
3.419998884201049805e+00 -4.305516242980957031e+00 1.851359486579895020e+00 6.429131142795085907e-03 -6.065850257873535156e-01 -6.457985639572143555e-01 -4.636795818805694580e-01 4.667929112911224365e-01
3.029483079910278320e+00 -4.499927043914794922e+00 1.708737850189208984e+00 6.429131142795085907e-03 6.933746933937072754e-01 2.229048907756805420e-01 6.852334737777709961e-01 2.101141512393951416e-01
2.986726760864257812e+00 -4.186966419219970703e+00 2.050388574600219727e+00 1.863613165915012360e-02 -1.263534873723983765e-01 5.360622331500053406e-02 -9.905357956886291504e-01 5.601223707199096680e-01
2.906689405441284180e+00 -4.177538394927978516e+00 1.516223430633544922e+00 1.863613165915012360e-02 -3.315109014511108398e-01 7.382274866104125977e-01 5.874697566032409668e-01 3.209501206874847412e-01
3.582312345504760742e+00 -4.462234020233154297e+00 1.991170644760131836e+00 5.635926499962806702e-03 -3.270145058631896973e-01 -8.622758984565734863e-01 3.867062926292419434e-01 8.196223527193069458e-02
3.564754486083984375e+00 -4.540744304656982422e+00 2.027576684951782227e+00 5.635926499962806702e-03 -4.111573994159698486e-01 6.164849922060966492e-02 9.094773530960083008e-01 2.736340463161468506e-01
3.831045389175415039e+00 -3.704976081848144531e+00 2.068674564361572266e+00 3.667504340410232544e-02 -5.625740811228752136e-02 -9.433367848396301270e-02 9.939498305320739746e-01 2.307762950658798218e-01
3.827984809875488281e+00 -4.243952274322509766e+00 2.303202867507934570e+00 1.348307821899652481e-02 -7.071657776832580566e-01 3.583708405494689941e-01 -6.094972491264343262e-01 3.147000372409820557e-01
3.859315633773803711e+00 -4.314576148986816406e+00 2.364434719085693359e+00 1.582014560699462891e-02 -4.068620502948760986e-01 -8.636327981948852539e-01 2.976603507995605469e-01 9.131834656000137329e-02
3.805572509765625000e+00 -4.507507801055908203e+00 2.331096649169921875e+00 7.550524082034826279e-03 1.097062253393232822e-03 4.685599803924560547e-01 -8.834310173988342285e-01 9.212321043014526367e-02
4.312834739685058594e+00 -4.022004604339599609e+00 2.397193670272827148e+00 5.405965447425842285e-02 7.807143926620483398e-01 -5.158982872962951660e-01 3.526102602481842041e-01 2.774121053516864777e-02
4.406664371490478516e+00 -4.094001770019531250e+00 2.431504249572753906e+00 5.405965447425842285e-02 -6.413019299507141113e-01 -5.978403091430664062e-01 4.809561073780059814e-01 9.375990182161331177e-02
4.291844367980957031e+00 -4.264935493469238281e+00 2.508356332778930664e+00 5.405965447425842285e-02 -6.701204776763916016e-01 4.763827621936798096e-01 5.692082047462463379e-01 2.398131787776947021e-01
3.459878206253051758e+00 -2.055848360061645508e+00 2.797988891601562500e+00 1.577409170567989349e-02 8.782840520143508911e-02 -7.002245634794235229e-02 9.936714768409729004e-01 1.161627247929573059e-01
3.470080614089965820e+00 -2.063982248306274414e+00 2.913416624069213867e+00 1.577409170567989349e-02 -6.655077636241912842e-02 -2.164585292339324951e-01 9.740208983421325684e-01 1.178477033972740173e-01
8.718163967132568359e-01 -3.628222942352294922e+00 1.541314721107482910e+00 3.270687535405158997e-03 1.101323869079351425e-02 -7.810126543045043945e-01 -6.244180798530578613e-01 8.081030100584030151e-02
8.732504248619079590e-01 -3.691592454910278320e+00 1.489863514900207520e+00 3.270687535405158997e-03 1.005225032567977905e-01 9.753898978233337402e-01 -1.962390094995498657e-01 2.635035216808319092e-01
-5.840237438678741455e-02 -4.445577144622802734e+00 1.769968867301940918e+00 3.436457365751266479e-02 -5.937290787696838379e-01 6.277037858963012695e-01 5.034617781639099121e-01 6.198720335960388184e-01
-1.813364326953887939e-01 -4.359113693237304688e+00 1.678897619247436523e+00 2.789116278290748596e-02 3.548659980297088623e-01 4.148608148097991943e-01 -8.378309011459350586e-01 2.339203059673309326e-01
-9.832606464624404907e-02 -4.262069225311279297e+00 1.482912063598632812e+00 2.391007915139198303e-02 -5.529502034187316895e-01 -8.131842613220214844e-01 1.815967708826065063e-01 3.585823476314544678e-01
-3.130517899990081787e-01 -4.535876274108886719e+00 1.521360635757446289e+00 1.076043397188186646e-02 -8.083407282829284668e-01 1.174689605832099915e-01 5.768763422966003418e-01 2.562505006790161133e-01
-4.022671878337860107e-01 -3.937877893447875977e+00 2.369320869445800781e+00 4.263397306203842163e-03 -3.911409527063369751e-02 9.417712092399597168e-01 3.339716494083404541e-01 4.732945859432220459e-01
-4.072491228580474854e-01 -3.504348278045654297e+00 2.513058662414550781e+00 4.263397306203842163e-03 -2.879052460193634033e-01 5.775960087776184082e-01 -7.638674378395080566e-01 1.935368180274963379e-01
-3.235751986503601074e-01 -3.827308416366577148e+00 2.387417793273925781e+00 2.499999944120645523e-03 -7.279466390609741211e-01 6.171006560325622559e-01 2.987984716892242432e-01 1.935398429632186890e-01
-4.865465164184570312e-01 -3.705246448516845703e+00 2.460151433944702148e+00 2.499999944120645523e-03 -1.788426935672760010e-01 -9.795425534248352051e-01 -9.225844591856002808e-02 4.388964772224426270e-01
-2.773209810256958008e-01 -3.862921714782714844e+00 2.388786792755126953e+00 2.227575145661830902e-02 9.706451296806335449e-01 -3.204359486699104309e-02 -2.383720278739929199e-01 1.568594425916671753e-01
-1.250661164522171021e-01 -3.867948055267333984e+00 2.351395845413208008e+00 2.227575145661830902e-02 -1.524680256843566895e-01 -1.293263286352157593e-01 -9.798102974891662598e-01 1.530167013406753540e-01
7.334896177053451538e-02 -4.148310184478759766e+00 2.055736541748046875e+00 1.002392638474702835e-02 -6.146718263626098633e-01 1.891767978668212891e-01 7.657614946365356445e-01 2.736095488071441650e-01
-2.787369303405284882e-02 -4.399320125579833984e+00 2.248767375946044922e+00 6.253277417272329330e-03 -5.318770408630371094e-01 7.116352915763854980e-01 4.590010643005371094e-01 9.720642119646072388e-02
4.530273005366325378e-02 -4.297616481781005859e+00 2.275525808334350586e+00 6.253277417272329330e-03 -5.982922762632369995e-02 6.470274925231933594e-01 7.601156830787658691e-01 2.621684670448303223e-01
9.868283271789550781e-01 -3.414261102676391602e+00 4.519151687622070312e+00 2.499999944120645523e-03 3.253016173839569092e-01 4.178017079830169678e-01 -8.483045101165771484e-01 6.477630883455276489e-02
1.008030295372009277e+00 -3.347578525543212891e+00 4.477565288543701172e+00 2.499999944120645523e-03 2.909182906150817871e-01 3.049221038818359375e-01 -9.068567156791687012e-01 1.820460706949234009e-01
1.073141932487487793e+00 -3.261344432830810547e+00 4.221432685852050781e+00 2.499999944120645523e-03 9.179565906524658203e-01 3.222838938236236572e-01 2.312763333320617676e-01 2.861122488975524902e-01
9.720332026481628418e-01 -3.239077329635620117e+00 4.280207633972167969e+00 6.425863597542047501e-03 1.062239632010459900e-01 -4.489634335041046143e-01 -8.872137665748596191e-01 3.355951309204101562e-01
9.188724756240844727e-01 -3.387258529663085938e+00 4.401336193084716797e+00 6.092232186347246170e-03 8.631464838981628418e-02 -2.252444773912429810e-01 -9.704713821411132812e-01 1.880600899457931519e-01
9.160622358322143555e-01 -3.387667894363403320e+00 4.205102920532226562e+00 6.092232186347246170e-03 -5.246027708053588867e-01 4.011941701173782349e-02 8.504012823104858398e-01 2.089305669069290161e-01
-2.213958092033863068e-02 -4.409694671630859375e+00 4.219084739685058594e+00 3.428981173783540726e-03 -3.798982799053192139e-01 -9.017716646194458008e-01 2.061192542314529419e-01 1.457327008247375488e-01
1.400342732667922974e-01 -4.020936489105224609e+00 4.069536685943603516e+00 7.440601941198110580e-03 6.406537443399429321e-02 -7.525956034660339355e-01 -6.553590893745422363e-01 1.585349589586257935e-01
1.546161919832229614e-01 -4.137891292572021484e+00 3.965355157852172852e+00 7.440601941198110580e-03 4.250585436820983887e-01 -8.388029932975769043e-01 -3.401981592178344727e-01 1.609008461236953735e-01
1.360597908496856689e-01 -4.184573173522949219e+00 4.120813369750976562e+00 6.419342942535877228e-03 6.986140012741088867e-01 -4.399240612983703613e-01 5.642741322517395020e-01 2.085179686546325684e-01
3.062084615230560303e-01 -4.266153335571289062e+00 4.223969459533691406e+00 2.499999944120645523e-03 5.842421054840087891e-01 -3.976913988590240479e-01 7.074621915817260742e-01 4.694354236125946045e-01
-9.330579638481140137e-02 -4.183209419250488281e+00 3.805125713348388672e+00 1.006324123591184616e-02 -1.006729453802108765e-01 -8.834465742111206055e-01 -4.575884044170379639e-01 4.104600250720977783e-01
-1.566405445337295532e-01 -4.313631057739257812e+00 3.723343610763549805e+00 2.084528468549251556e-02 9.020976722240447998e-03 6.712925154715776443e-03 9.999367594718933105e-01 3.730350136756896973e-01
1.921055793762207031e+00 -2.806478738784790039e+00 5.493208885192871094e+00 1.514199189841747284e-02 6.175366640090942383e-01 3.119636774063110352e-01 7.220298647880554199e-01 1.951834261417388916e-01
2.027512073516845703e+00 -2.749775886535644531e+00 5.628045082092285156e+00 1.514199189841747284e-02 4.384363889694213867e-01 -1.987105011940002441e-01 -8.765202164649963379e-01 3.703267872333526611e-01
2.030377864837646484e+00 -3.175654888153076172e+00 5.363650798797607422e+00 1.081299036741256714e-02 1.761349290609359741e-01 7.649700641632080078e-01 -6.195137500762939453e-01 1.664755195379257202e-01
2.055048465728759766e+00 -3.045328855514526367e+00 5.266695022583007812e+00 1.081299036741256714e-02 6.333718895912170410e-01 7.663312554359436035e-01 1.075936183333396912e-01 1.585521250963211060e-01
1.635219216346740723e+00 -1.744641304016113281e+00 6.321129798889160156e+00 1.142794359475374222e-02 -8.201684355735778809e-01 -5.385501980781555176e-01 -1.930995732545852661e-01 1.804938465356826782e-01
1.559232115745544434e+00 -1.713290929794311523e+00 6.206004619598388672e+00 1.234217919409275055e-02 -9.561932086944580078e-01 -1.311060637235641479e-01 2.617360949516296387e-01 3.583775162696838379e-01
1.176150441169738770e+00 -1.733879208564758301e+00 6.307413101196289062e+00 1.285643596202135086e-02 1.469050049781799316e-01 -5.971359089016914368e-02 9.873465299606323242e-01 2.246877998113632202e-01
1.524179816246032715e+00 -1.877036809921264648e+00 6.072935104370117188e+00 1.080545410513877869e-02 -8.603346943855285645e-01 -3.434939682483673096e-01 -3.766113221645355225e-01 3.135536015033721924e-01
1.378308773040771484e+00 -2.996590614318847656e+00 4.625079631805419922e+00 2.499999944120645523e-03 -5.700233578681945801e-01 -4.725536108016967773e-01 6.721357107162475586e-01 3.574439287185668945e-01
1.376013278961181641e+00 -3.018808126449584961e+00 4.523990154266357422e+00 2.499999944120645523e-03 -2.470080852508544922e-01 -8.868650197982788086e-01 3.904579579830169678e-01 2.270817905664443970e-01
5.914658904075622559e-01 -2.327378511428833008e+00 6.054492473602294922e+00 1.691118814051151276e-02 -5.836312770843505859e-01 -4.292817115783691406e-01 6.892690062522888184e-01 1.668694615364074707e-01
2.485961914062500000e-01 -1.690408110618591309e+00 5.531146526336669922e+00 1.413646619766950607e-02 2.538556754589080811e-01 -4.032607376575469971e-01 8.791689872741699219e-01 4.764842987060546875e-01
4.023386240005493164e-01 -1.913368701934814453e+00 5.934388160705566406e+00 1.413646619766950607e-02 -2.389073073863983154e-01 2.260266691446304321e-01 -9.443702697753906250e-01 1.380984336137771606e-01
2.921471595764160156e-01 -1.805500149726867676e+00 5.815564155578613281e+00 1.309483125805854797e-02 6.430640816688537598e-01 6.959535479545593262e-01 -3.195578753948211670e-01 3.067046105861663818e-01
3.431966006755828857e-01 -2.026812553405761719e+00 5.626545906066894531e+00 5.111093446612358093e-02 -9.310794472694396973e-01 -2.801263630390167236e-01 -2.337097823619842529e-01 1.132714748382568359e-01
2.377318739891052246e-01 -2.058542728424072266e+00 5.600073337554931641e+00 5.111093446612358093e-02 -7.198021560907363892e-02 3.684497177600860596e-01 9.268568754196166992e-01 3.402771949768066406e-01
1.504069268703460693e-01 -1.632736682891845703e+00 5.432291984558105469e+00 4.363457858562469482e-02 8.534697890281677246e-01 5.074660778045654297e-01 -1.186063960194587708e-01 3.645393550395965576e-01
4.519481956958770752e-01 -1.401979804039001465e+00 5.387032985687255859e+00 4.363457858562469482e-02 -1.133257225155830383e-01 2.017126977443695068e-02 9.933531284332275391e-01 1.775308102369308472e-01
4.145924448966979980e-01 -1.391675472259521484e+00 5.698206901550292969e+00 4.363457858562469482e-02 -9.786891937255859375e-01 -1.689644604921340942e-01 -1.166980713605880737e-01 3.226870298385620117e-01
1.032111570239067078e-01 -1.530154466629028320e+00 5.637638092041015625e+00 4.363457858562469482e-02 -8.909348249435424805e-01 7.522103190422058105e-02 -4.478581547737121582e-01 1.424261629581451416e-01
-1.524699479341506958e-01 -1.870514154434204102e+00 5.401288986206054688e+00 1.415458042174577713e-02 9.409890174865722656e-01 -1.425524950027465820e-01 -3.069502413272857666e-01 1.960361748933792114e-01
2.756653912365436554e-02 -1.885522961616516113e+00 5.342955589294433594e+00 1.415458042174577713e-02 8.944988846778869629e-01 3.465770483016967773e-01 -2.824112772941589355e-01 1.241800561547279358e-01
1.372094154357910156e-01 -1.844325065612792969e+00 5.256597042083740234e+00 4.989125300198793411e-03 2.050875723361968994e-01 -9.783032536506652832e-01 2.935692854225635529e-02 4.523493349552154541e-01
-1.035631000995635986e-01 -2.713435173034667969e+00 5.692206382751464844e+00 3.611682355403900146e-02 4.512906074523925781e-01 7.496844530105590820e-01 4.840557873249053955e-01 3.578318059444427490e-01
1.094928681850433350e-01 -2.416858673095703125e+00 5.888936519622802734e+00 3.656329587101936340e-02 9.658852219581604004e-02 5.259680151939392090e-01 -8.450019359588623047e-01 1.930627673864364624e-01
2.866887114942073822e-02 -2.664558887481689453e+00 5.837119579315185547e+00 4.960545897483825684e-02 9.399635195732116699e-01 1.140330582857131958e-01 3.216598331928253174e-01 3.827437758445739746e-01
1.974199861288070679e-01 -2.544881582260131836e+00 6.064064025878906250e+00 1.334699243307113647e-02 -1.727503538131713867e-01 -2.839204482734203339e-02 -9.845563769340515137e-01 3.920958936214447021e-01
2.119059711694717407e-01 -2.569118261337280273e+00 5.657162189483642578e+00 1.466750539839267731e-02 -2.427806407213211060e-01 2.067532576620578766e-02 -9.698608517646789551e-01 1.856703907251358032e-01
1.197435259819030762e-01 -2.620380401611328125e+00 5.478938102722167969e+00 3.447891678661108017e-03 -1.738274246454238892e-01 1.157045140862464905e-01 -9.779552817344665527e-01 5.828022360801696777e-01
-5.433384180068969727e-01 -3.249737977981567383e+00 5.277147293090820312e+00 5.274128168821334839e-03 -6.245096921920776367e-01 4.673306643962860107e-01 -6.257712841033935547e-01 3.198386728763580322e-01
-7.295624017715454102e-01 -3.020044326782226562e+00 5.092247962951660156e+00 5.274128168821334839e-03 9.356613755226135254e-01 -2.113742828369140625e-01 2.825928628444671631e-01 4.335544407367706299e-01
1.970890909433364868e-01 -2.379031896591186523e+00 6.346346855163574219e+00 2.499999944120645523e-03 9.073768258094787598e-01 -3.109915554523468018e-01 2.827569544315338135e-01 3.937352895736694336e-01
-1.632524579763412476e-01 -4.432960510253906250e+00 6.115204811096191406e+00 4.446131177246570587e-03 1.252300739288330078e-01 7.110419273376464844e-01 6.919081211090087891e-01 5.353065133094787598e-01
-5.228819847106933594e-01 -4.046496868133544922e+00 7.380035400390625000e+00 3.317741444334387779e-03 1.391036361455917358e-01 4.193627536296844482e-01 -8.970981240272521973e-01 4.912776052951812744e-01
-4.265506863594055176e-01 -3.839746236801147461e+00 6.937022209167480469e+00 3.317741444334387779e-03 -7.027277350425720215e-02 -2.947272360324859619e-01 -9.529939889907836914e-01 3.455914855003356934e-01
-3.838897943496704102e-01 -4.198662757873535156e+00 7.752343654632568359e+00 1.130386348813772202e-02 9.841558933258056641e-01 -6.742458324879407883e-03 1.771770268678665161e-01 1.114307716488838196e-01
-2.742245495319366455e-01 -4.199414253234863281e+00 7.772086620330810547e+00 1.130386348813772202e-02 9.837695360183715820e-01 -1.413584500551223755e-01 -1.105228811502456665e-01 1.006522849202156067e-01
-4.957409109920263290e-03 -4.266518592834472656e+00 7.722036361694335938e+00 1.309140399098396301e-02 -8.271816372871398926e-01 1.781803071498870850e-01 -5.329374074935913086e-01 9.634067118167877197e-02
-5.164076015353202820e-02 -4.266484737396240234e+00 7.660227298736572266e+00 1.309140399098396301e-02 1.130879148840904236e-01 6.674857139587402344e-01 -7.359850406646728516e-01 2.525306940078735352e-01
1.571390219032764435e-02 -4.344321250915527344e+00 7.750657558441162109e+00 3.638140857219696045e-02 -7.050557732582092285e-01 -5.166442990303039551e-01 4.857725799083709717e-01 6.453882157802581787e-02
-2.978956513106822968e-02 -4.377665042877197266e+00 7.782009124755859375e+00 3.638140857219696045e-02 1.197293773293495178e-01 -1.644761711359024048e-01 9.790875911712646484e-01 1.847779750823974609e-01
3.990669548511505127e-02 -4.438965320587158203e+00 7.274720668792724609e+00 1.233165059238672256e-02 -1.365308556705713272e-02 9.759338498115539551e-01 -2.176388651132583618e-01 1.835537701845169067e-01
2.611666917800903320e-01 -4.428740024566650391e+00 7.520093441009521484e+00 4.061489552259445190e-02 4.891303777694702148e-01 5.085962414741516113e-01 -7.085769772529602051e-01 1.010440289974212646e-01
5.117126107215881348e-01 -4.372940063476562500e+00 7.833638668060302734e+00 2.100936137139797211e-02 -7.375146746635437012e-01 1.185312643647193909e-01 -6.648476719856262207e-01 3.683268427848815918e-01
5.232791304588317871e-01 -4.429647922515869141e+00 7.913333415985107422e+00 1.179114263504743576e-02 -6.557384133338928223e-01 3.588562607765197754e-01 -6.642509698867797852e-01 2.011452168226242065e-01
5.730779767036437988e-01 -4.415491580963134766e+00 7.961360454559326172e+00 2.879332005977630615e-02 6.204760074615478516e-01 6.732574105262756348e-01 -4.021615684032440186e-01 1.668208539485931396e-01
6.765863299369812012e-01 -4.303178310394287109e+00 7.894271373748779297e+00 2.879332005977630615e-02 9.923532009124755859e-01 -1.221641302108764648e-01 1.763795875012874603e-02 1.770183145999908447e-01
7.051593661308288574e-01 -4.338235855102539062e+00 8.136480331420898438e+00 1.705212146043777466e-02 5.025578737258911133e-01 5.036568045616149902e-01 -7.026844024658203125e-01 1.025078073143959045e-01
7.508236169815063477e-01 -4.278311729431152344e+00 8.093255996704101562e+00 1.705212146043777466e-02 3.930510282516479492e-01 -8.592944145202636719e-01 3.272979557514190674e-01 3.523553907871246338e-01
7.230293154716491699e-01 -4.395598888397216797e+00 8.228531837463378906e+00 1.844679377973079681e-02 4.681365191936492920e-01 -6.993690729141235352e-01 5.401213169097900391e-01 1.897280663251876831e-01
1.712298631668090820e+00 -3.833235502243041992e+00 8.028220176696777344e+00 1.392037142068147659e-02 -7.957535982131958008e-01 6.040218472480773926e-01 4.397587850689888000e-02 2.390781044960021973e-01
1.515951991081237793e+00 -3.703573942184448242e+00 8.039014816284179688e+00 1.392037142068147659e-02 -7.652728557586669922e-01 3.271037936210632324e-01 5.544010400772094727e-01 2.790637314319610596e-01
1.318590879440307617e+00 -3.559364557266235352e+00 8.182512283325195312e+00 1.392037142068147659e-02 -6.716285943984985352e-01 3.445585668087005615e-01 6.558920741081237793e-01 1.126964613795280457e-01
1.237217187881469727e+00 -3.486740112304687500e+00 8.282733917236328125e+00 1.392037142068147659e-02 -8.052668571472167969e-01 -4.425605535507202148e-01 3.945699930191040039e-01 3.517769277095794678e-01
1.582496643066406250e+00 -3.898792028427124023e+00 8.089563369750976562e+00 4.634195566177368164e-02 5.598201751708984375e-01 -7.917500138282775879e-01 -2.444039285182952881e-01 2.771604359149932861e-01
1.737656593322753906e+00 -4.118233680725097656e+00 8.021823883056640625e+00 4.634195566177368164e-02 6.703768372535705566e-01 2.428864687681198120e-01 -7.011427283287048340e-01 1.560323834419250488e-01
9.288892149925231934e-01 -4.109085083007812500e+00 8.206556320190429688e+00 1.772096380591392517e-02 -9.476918578147888184e-01 2.675328254699707031e-01 -1.740870177745819092e-01 3.870138227939605713e-01
4.126892685890197754e-01 -4.093732833862304688e+00 8.176335334777832031e+00 1.426010672003030777e-02 -3.983959555625915527e-01 -7.553778290748596191e-01 5.202739238739013672e-01 2.341225147247314453e-01
5.649384856224060059e-01 -4.146085262298583984e+00 7.349435329437255859e+00 2.541624195873737335e-02 3.498325049877166748e-01 -5.903468132019042969e-01 -7.273979783058166504e-01 1.028290539979934692e-01
6.009114384651184082e-01 -4.206790447235107422e+00 7.274637699127197266e+00 2.541624195873737335e-02 6.079328656196594238e-01 -6.451433300971984863e-01 -4.628257751464843750e-01 2.223782539367675781e-01
7.603365182876586914e-01 -4.385774135589599609e+00 7.128864765167236328e+00 2.737469039857387543e-02 8.663738965988159180e-01 -1.121545117348432541e-02 4.992699325084686279e-01 1.636908352375030518e-01
8.793728351593017578e-01 -4.395051956176757812e+00 7.234906196594238281e+00 1.772077567875385284e-02 1.143625900149345398e-01 9.148955941200256348e-01 3.871528208255767822e-01 1.803036481142044067e-01
8.852883577346801758e-01 -4.230015754699707031e+00 7.321763038635253906e+00 1.696877554059028625e-02 2.227293103933334351e-01 9.566296339035034180e-01 1.877535730600357056e-01 1.084654629230499268e-01
9.188970327377319336e-01 -4.127213478088378906e+00 7.349429607391357422e+00 1.618205383419990540e-02 4.820684343576431274e-02 9.964895248413085938e-01 6.844501197338104248e-02 1.513292342424392700e-01
9.556802511215209961e-01 -3.958400964736938477e+00 7.349887847900390625e+00 2.339663729071617126e-02 -2.898628115653991699e-01 7.795727252960205078e-01 5.551989674568176270e-01 6.389883160591125488e-02
9.488416910171508789e-01 -3.903012275695800781e+00 7.381206512451171875e+00 1.975130848586559296e-02 -7.170129567384719849e-02 6.885263919830322266e-01 7.216580510139465332e-01 1.084047257900238037e-01
9.368605017662048340e-01 -3.826148271560668945e+00 7.458441257476806641e+00 2.171072363853454590e-02 1.423928886651992798e-01 6.162621378898620605e-01 7.745613455772399902e-01 8.640191704034805298e-02
9.330484271049499512e-01 -3.762603759765625000e+00 7.513528823852539062e+00 1.076539419591426849e-02 4.064396023750305176e-02 7.805454730987548828e-01 6.237762570381164551e-01 2.122719734907150269e-01
9.017103910446166992e-01 -3.721415758132934570e+00 8.039216995239257812e+00 2.348303981125354767e-02 1.218925565481185913e-01 -9.607995748519897461e-01 2.490108907222747803e-01 2.191417217254638672e-01
9.838351607322692871e-01 -4.001628875732421875e+00 8.133625030517578125e+00 4.699137806892395020e-02 -6.870694756507873535e-01 -6.850404739379882812e-01 -2.421880811452865601e-01 1.436011493206024170e-01
8.720397949218750000e-01 -4.122452259063720703e+00 8.099075317382812500e+00 4.699137806892395020e-02 2.566046118736267090e-01 -1.597897857427597046e-01 -9.532163143157958984e-01 1.063665375113487244e-01
8.646554946899414062e-01 -4.167027473449707031e+00 7.981364250183105469e+00 1.089891418814659119e-02 6.625605821609497070e-01 -5.066821575164794922e-01 -5.516219139099121094e-01 2.127314060926437378e-01
1.772726774215698242e+00 -4.490529060363769531e+00 8.000224113464355469e+00 8.295631036162376404e-03 9.506291151046752930e-01 3.603282198309898376e-02 3.082303106784820557e-01 1.280527412891387939e-01
1.767129778861999512e+00 -4.516062259674072266e+00 7.973106861114501953e+00 3.369373967871069908e-03 -9.849702715873718262e-01 1.008572727441787720e-01 -1.402188092470169067e-01 3.147191405296325684e-01
2.536768913269042969e+00 -4.315361499786376953e+00 7.359357833862304688e+00 3.605050966143608093e-03 -6.287947893142700195e-01 -3.959212899208068848e-01 -6.692259907722473145e-01 5.203499794006347656e-01
2.534779071807861328e+00 -4.135950088500976562e+00 7.544197559356689453e+00 2.220711298286914825e-02 8.900942206382751465e-01 -4.507364630699157715e-01 6.759355217218399048e-02 2.651700675487518311e-01
2.489506006240844727e+00 -4.129809379577636719e+00 7.554104328155517578e+00 4.273222759366035461e-02 -9.896226525306701660e-01 -1.431543827056884766e-01 -1.240199245512485504e-02 1.831125020980834961e-01
2.291449546813964844e+00 -4.140223503112792969e+00 7.533277034759521484e+00 4.273222759366035461e-02 4.717257991433143616e-02 7.812967300415039062e-01 6.223745942115783691e-01 1.810560226440429688e-01
2.473790645599365234e+00 -4.217220306396484375e+00 7.470937728881835938e+00 2.129233255982398987e-02 -4.696747362613677979e-01 9.977759420871734619e-02 -8.771830201148986816e-01 2.635312378406524658e-01
2.518257856369018555e+00 -4.177368640899658203e+00 7.573160648345947266e+00 1.580091379582881927e-02 1.077017039060592651e-01 -5.220188498497009277e-01 8.461067676544189453e-01 3.669190779328346252e-02
3.310233831405639648e+00 -3.864664316177368164e+00 6.963352680206298828e+00 1.414771005511283875e-02 -7.053165435791015625e-01 5.672461986541748047e-01 -4.251592457294464111e-01 1.930742263793945312e-01
3.181184053421020508e+00 -3.744971990585327148e+00 6.857707023620605469e+00 1.414771005511283875e-02 1.787694916129112244e-02 -9.198901057243347168e-01 -3.917685151100158691e-01 2.528075277805328369e-01
3.161294937133789062e+00 -3.936428308486938477e+00 6.887333393096923828e+00 1.375791151076555252e-02 3.847424089908599854e-01 3.923175036907196045e-01 -8.355000019073486328e-01 7.591947913169860840e-02
3.175157785415649414e+00 -3.911062240600585938e+00 6.833402633666992188e+00 1.375791151076555252e-02 4.271704554557800293e-01 -8.556984066963195801e-01 2.920712530612945557e-01 1.345971822738647461e-01
3.298162937164306641e+00 -3.854557275772094727e+00 7.018282890319824219e+00 5.330777168273925781e-02 -3.168983161449432373e-01 9.102946519851684570e-01 2.663438916206359863e-01 2.519516944885253906e-01
3.218319892883300781e+00 -3.625207185745239258e+00 7.085388660430908203e+00 5.330777168273925781e-02 -5.626854896545410156e-01 8.238587379455566406e-01 6.813061982393264771e-02 1.282320171594619751e-01
2.147396087646484375e+00 -3.842765390872955322e-01 6.909982681274414062e+00 2.499999944120645523e-03 -7.646892666816711426e-01 -4.854346811771392822e-01 4.237965047359466553e-01 3.855539858341217041e-01
2.141387224197387695e+00 -3.603879511356353760e-01 6.903427600860595703e+00 3.668581834062933922e-03 -7.131728529930114746e-02 7.891382575035095215e-01 6.100611686706542969e-01 3.822545707225799561e-01
2.577327489852905273e+00 -1.351039886474609375e+00 7.390562057495117188e+00 4.133158549666404724e-02 -1.593181192874908447e-01 9.620205312967300415e-02 -9.825288057327270508e-01 7.242126017808914185e-02
2.565789461135864258e+00 -1.344072818756103516e+00 7.319406032562255859e+00 4.133158549666404724e-02 -4.638374149799346924e-01 8.044793009757995605e-01 -3.710362613201141357e-01 1.693475842475891113e-01
2.667084217071533203e+00 -1.317322254180908203e+00 7.515083789825439453e+00 1.750324666500091553e-02 8.045092225074768066e-01 -9.477180987596511841e-02 -5.863302946090698242e-01 1.675811111927032471e-01
2.798696756362915039e+00 -1.325029015541076660e+00 7.433205604553222656e+00 1.185601856559514999e-02 -3.831162154674530029e-01 -8.542708158493041992e-01 3.513450920581817627e-01 2.047065943479537964e-01
2.689019203186035156e+00 -1.207544684410095215e+00 7.396881580352783203e+00 5.901183187961578369e-02 -9.269744157791137695e-01 3.670221865177154541e-01 -7.754472643136978149e-02 1.163689792156219482e-02
2.569232463836669922e+00 -1.287243723869323730e+00 7.650918006896972656e+00 9.396085515618324280e-03 2.487826347351074219e-01 -3.424663245677947998e-01 9.059934020042419434e-01 2.088904678821563721e-01
2.110425472259521484e+00 -1.768765211105346680e+00 7.174053192138671875e+00 7.132443599402904510e-03 -6.996617913246154785e-01 -6.449872255325317383e-01 3.073512911796569824e-01 1.666190177202224731e-01
1.935428380966186523e+00 -1.837149381637573242e+00 7.219083309173583984e+00 4.263960756361484528e-03 -5.535356402397155762e-01 -7.821842432022094727e-01 2.859826982021331787e-01 1.501339524984359741e-01
1.825309157371520996e+00 -1.889873266220092773e+00 7.229437828063964844e+00 1.209827885031700134e-02 -2.431155927479267120e-02 4.414712786674499512e-01 8.969459533691406250e-01 2.819738686084747314e-01
3.017339229583740234e+00 -1.010938763618469238e+00 7.666129112243652344e+00 9.326023980975151062e-03 -6.108567714691162109e-01 -3.236215114593505859e-01 -7.225808501243591309e-01 2.311765998601913452e-01
2.886283159255981445e+00 -1.091300368309020996e+00 7.488795757293701172e+00 9.326023980975151062e-03 7.527580857276916504e-01 3.748357594013214111e-01 5.411593317985534668e-01 3.103987574577331543e-01
3.021127223968505859e+00 -1.096898913383483887e+00 7.675112247467041016e+00 3.263904154300689697e-02 -8.066903352737426758e-01 -4.382402598857879639e-01 -3.964796662330627441e-01 2.401062101125717163e-01
2.826490640640258789e+00 -1.175440669059753418e+00 7.615820884704589844e+00 3.095313161611557007e-02 4.635525941848754883e-01 -7.053118348121643066e-01 5.363340377807617188e-01 1.351913362741470337e-01
2.889088153839111328e+00 -1.227199912071228027e+00 7.708755016326904297e+00 3.263904154300689697e-02 -4.769762456417083740e-01 -3.735566437244415283e-01 7.955809831619262695e-01 3.223367631435394287e-01
2.747474431991577148e+00 -1.364030718803405762e+00 7.973829746246337891e+00 3.263904154300689697e-02 -8.046672344207763672e-01 -5.937237143516540527e-01 1.662545488215982914e-03 1.894437521696090698e-01
2.410635471343994141e+00 -1.662778258323669434e+00 7.736841678619384766e+00 1.734092086553573608e-02 5.793972015380859375e-01 -7.038246393203735352e-01 4.110106825828552246e-01 7.964134216308593750e-02
2.456779479980468750e+00 -1.718831896781921387e+00 7.769575119018554688e+00 1.734092086553573608e-02 -6.306617259979248047e-01 -7.757961750030517578e-01 2.014980837702751160e-02 2.552468180656433105e-01
4.966066360473632812e+00 -2.318856954574584961e+00 8.547709465026855469e+00 1.408888399600982666e-02 2.346022576093673706e-01 5.516201853752136230e-01 8.004229664802551270e-01 1.995944231748580933e-01
4.564307689666748047e+00 -2.921796321868896484e+00 7.930063247680664062e+00 4.572363942861557007e-02 -3.702783286571502686e-01 8.957269787788391113e-02 -9.245921969413757324e-01 1.058472692966461182e-01
4.537631511688232422e+00 -2.901290655136108398e+00 7.848594665527343750e+00 4.555504396557807922e-02 -4.597180485725402832e-01 -5.337350368499755859e-01 7.097790241241455078e-01 2.390348464250564575e-01
4.394945144653320312e+00 -3.101755857467651367e+00 7.982573986053466797e+00 3.281021863222122192e-02 -7.757828235626220703e-01 5.223847627639770508e-01 -3.539422750473022461e-01 2.542057037353515625e-01
4.180172443389892578e+00 -3.001302719116210938e+00 7.882033824920654297e+00 3.996950015425682068e-02 -7.132740020751953125e-01 5.352367162704467773e-01 -4.525061547756195068e-01 1.008795276284217834e-01
4.069396018981933594e+00 -2.949526548385620117e+00 7.838112831115722656e+00 3.970975056290626526e-02 -7.197183370590209961e-02 8.362364768981933594e-01 -5.436254143714904785e-01 2.982335388660430908e-01
4.049044132232666016e+00 -2.692318201065063477e+00 7.684360027313232422e+00 2.880775928497314453e-02 9.838682413101196289e-01 -1.757685840129852295e-01 3.329607471823692322e-02 2.387488819658756256e-02
4.063500404357910156e+00 -2.661461591720581055e+00 7.702280998229980469e+00 3.222328424453735352e-02 9.347597956657409668e-01 3.181532621383666992e-01 -1.581220477819442749e-01 1.611237376928329468e-01
4.377719402313232422e+00 -2.483185768127441406e+00 7.731280326843261719e+00 3.112554550170898438e-02 -2.518224716186523438e-01 6.368988752365112305e-01 -7.286599278450012207e-01 4.011918604373931885e-01
4.216914653778076172e+00 -2.238828897476196289e+00 7.443771839141845703e+00 1.524497661739587784e-02 -1.257998943328857422e-01 2.599520087242126465e-01 -9.573919773101806641e-01 3.008608818054199219e-01
4.766570568084716797e+00 -3.780046463012695312e+00 7.687257766723632812e+00 2.980351448059082031e-02 3.179126977920532227e-01 7.647001743316650391e-01 5.605043768882751465e-01 8.304953575134277344e-01
4.798463344573974609e+00 -3.617283821105957031e+00 7.839350223541259766e+00 5.909081548452377319e-02 -7.264505624771118164e-01 1.809857599437236786e-02 -6.869803667068481445e-01 7.063841819763183594e-02
4.752570152282714844e+00 -3.628780841827392578e+00 7.776325225830078125e+00 5.909081548452377319e-02 -8.947810530662536621e-01 1.110387369990348816e-01 -4.324780404567718506e-01 1.314358562231063843e-01
4.604002952575683594e+00 -3.593284130096435547e+00 7.692137241363525391e+00 5.909081548452377319e-02 -6.575824618339538574e-01 -7.299082875251770020e-01 1.865988522768020630e-01 3.158867657184600830e-01
4.952323913574218750e+00 -3.573277473449707031e+00 7.732068061828613281e+00 9.331354871392250061e-03 -5.451900362968444824e-01 -6.738252043724060059e-01 -4.987258315086364746e-01 1.846857815980911255e-01
4.822194576263427734e+00 -3.741721391677856445e+00 7.749040603637695312e+00 1.527451537549495697e-02 -1.688072979450225830e-01 -9.205585122108459473e-01 3.522444069385528564e-01 1.461347639560699463e-01
4.686282157897949219e+00 -3.960941791534423828e+00 7.448910236358642578e+00 8.830662816762924194e-03 -8.374813199043273926e-01 -3.213198781013488770e-01 -4.420165121555328369e-01 2.764155566692352295e-01
4.678756713867187500e+00 -3.927688360214233398e+00 7.537263393402099609e+00 8.085584267973899841e-03 -9.054107069969177246e-01 -1.292795687913894653e-02 -4.243398606777191162e-01 1.346343308687210083e-01
4.556857109069824219e+00 -3.929428815841674805e+00 7.480132579803466797e+00 8.085584267973899841e-03 3.538784682750701904e-01 3.731088042259216309e-01 8.576478362083435059e-01 2.674076557159423828e-01
4.705755710601806641e+00 -4.135396003723144531e+00 7.382435798645019531e+00 5.216714739799499512e-02 -7.355402708053588867e-01 -3.735052421689033508e-02 6.764506101608276367e-01 1.706359982490539551e-01
4.581189632415771484e+00 -4.143672466278076172e+00 7.490555763244628906e+00 5.140794068574905396e-02 -9.570062756538391113e-01 2.255838811397552490e-01 -1.823482662439346313e-01 1.244859322905540466e-01
4.421314239501953125e+00 -4.146525859832763672e+00 7.462572574615478516e+00 4.969285055994987488e-02 -5.565516948699951172e-01 7.812395691871643066e-01 -2.826923429965972900e-01 2.647016048431396484e-01
4.191478252410888672e+00 -3.932682514190673828e+00 7.271761894226074219e+00 3.393132612109184265e-02 -2.062354534864425659e-01 -9.745820164680480957e-01 8.750337362289428711e-02 6.666607260704040527e-01
4.071353435516357422e+00 -4.545146942138671875e+00 7.324475288391113281e+00 1.382386870682239532e-02 3.996099233627319336e-01 -4.812132194638252258e-02 9.154213666915893555e-01 2.644768953323364258e-01
4.779096603393554688e+00 -4.071257591247558594e+00 7.308654308319091797e+00 4.719255864620208740e-02 2.703881263732910156e-01 1.954917460680007935e-01 -9.426946640014648438e-01 3.382874652743339539e-02
4.787960052490234375e+00 -4.067316055297851562e+00 7.272707462310791016e+00 4.407644644379615784e-02 -8.468291163444519043e-01 4.694408774375915527e-01 -2.500114738941192627e-01 1.420382261276245117e-01
4.698208808898925781e+00 -3.987160921096801758e+00 7.209717750549316406e+00 3.188014030456542969e-02 -2.251240015029907227e-01 9.501209855079650879e-01 2.158454209566116333e-01 1.742292046546936035e-01
4.634017467498779297e+00 -3.820419073104858398e+00 7.247278213500976562e+00 5.216714739799499512e-02 4.811558127403259277e-02 9.954507350921630859e-01 -8.223596215248107910e-02 3.404531180858612061e-01
4.777493476867675781e+00 -4.164599418640136719e+00 7.300436973571777344e+00 8.029075339436531067e-03 7.882493734359741211e-01 -6.081690192222595215e-01 9.377278387546539307e-02 2.728665173053741455e-01
4.960840702056884766e+00 -4.265591144561767578e+00 7.398057460784912109e+00 8.029075339436531067e-03 -1.037735268473625183e-01 7.154592275619506836e-01 -6.909045577049255371e-01 3.676434159278869629e-01
4.528084754943847656e+00 -4.528234481811523438e+00 7.123449325561523438e+00 1.284386776387691498e-02 3.623024225234985352e-01 -8.869069069623947144e-02 9.278312921524047852e-01 3.839426636695861816e-01
4.670465946197509766e+00 -4.545827388763427734e+00 7.464371681213378906e+00 1.284386776387691498e-02 -1.937137730419635773e-02 6.830671429634094238e-01 7.300986647605895996e-01 2.126950621604919434e-01
4.751152515411376953e+00 -4.369062900543212891e+00 7.376894474029541016e+00 6.848295219242572784e-03 1.985156387090682983e-01 -2.081306427717208862e-01 -9.577438235282897949e-01 5.430611968040466309e-01
4.523321628570556641e+00 -4.488545417785644531e+00 7.197335720062255859e+00 1.267379336059093475e-02 -2.449192851781845093e-02 8.409857749938964844e-02 9.961563944816589355e-01 3.828976750373840332e-01
4.446965694427490234e+00 -4.495154857635498047e+00 7.048262596130371094e+00 1.757875457406044006e-02 -7.745429128408432007e-02 9.524381160736083984e-01 -2.947244048118591309e-01 1.775537133216857910e-01
4.432336807250976562e+00 -4.303307533264160156e+00 7.056407928466796875e+00 4.690803959965705872e-02 -1.579977124929428101e-01 9.235090017318725586e-01 -3.495252430438995361e-01 2.937331199645996094e-01
4.392313003540039062e+00 -4.098847866058349609e+00 6.969578742980957031e+00 2.411258406937122345e-02 -8.996643424034118652e-01 1.742238737642765045e-02 4.362344741821289062e-01 1.164418458938598633e-01
4.181365013122558594e+00 -4.018867969512939453e+00 6.998907089233398438e+00 4.690803959965705872e-02 -2.006075829267501831e-01 -3.482316853478550911e-03 9.796655178070068359e-01 2.365201413631439209e-01
4.997569084167480469e+00 -2.601520061492919922e+00 7.607846736907958984e+00 5.852845031768083572e-03 6.240439414978027344e-01 -7.174398899078369141e-01 3.095952272415161133e-01 2.157020717859268188e-01
4.965771198272705078e+00 -2.816235065460205078e+00 7.670866966247558594e+00 5.852845031768083572e-03 -1.777851730585098267e-01 4.381375312805175781e-01 8.811514973640441895e-01 1.742098182439804077e-01
4.961083412170410156e+00 -2.834871530532836914e+00 7.912484169006347656e+00 2.499999944120645523e-03 -2.451561391353607178e-02 6.763055920600891113e-01 7.362131476402282715e-01 4.256726801395416260e-01
4.677924633026123047e+00 -3.106233358383178711e+00 6.907886028289794922e+00 1.861152611672878265e-02 4.306156337261199951e-01 1.490155011415481567e-01 -8.901486396789550781e-01 3.898066580295562744e-01
4.468658447265625000e+00 -2.719774961471557617e+00 6.772147178649902344e+00 3.520435094833374023e-02 -2.677703499794006348e-01 -9.319726228713989258e-01 2.443891167640686035e-01 3.738881647586822510e-01
4.570371627807617188e+00 -3.146298885345458984e+00 6.934895038604736328e+00 3.216074034571647644e-02 -3.636195659637451172e-01 -9.315007328987121582e-01 9.338139556348323822e-03 1.872468292713165283e-01
4.517214298248291016e+00 -3.298584699630737305e+00 6.900005340576171875e+00 2.842780388891696930e-02 -9.358913302421569824e-01 2.822368443012237549e-01 -2.108311206102371216e-01 4.119359254837036133e-01
4.142190456390380859e+00 -3.208613634109497070e+00 6.836002349853515625e+00 2.430961094796657562e-02 -9.326660633087158203e-01 -3.604712188243865967e-01 1.394834555685520172e-02 4.590906202793121338e-02
4.036377429962158203e+00 -3.257137537002563477e+00 6.845132827758789062e+00 1.609152555465698242e-02 -4.509503543376922607e-01 7.674371004104614258e-01 -4.557237029075622559e-01 2.406820803880691528e-01
4.594771862030029297e+00 -2.803735971450805664e+00 6.737386226654052734e+00 1.077684294432401657e-02 6.613014340400695801e-01 -7.036956548690795898e-01 -2.597938179969787598e-01 5.296672582626342773e-01
4.603737354278564453e+00 -3.069176435470581055e+00 6.859597206115722656e+00 2.046406269073486328e-02 -7.547660470008850098e-01 -6.152683496475219727e-01 -2.275370806455612183e-01 3.682886064052581787e-01
4.367575645446777344e+00 -3.300245523452758789e+00 6.774915218353271484e+00 2.046406269073486328e-02 -9.683739393949508667e-02 -7.842236757278442383e-01 -6.128749251365661621e-01 4.791620075702667236e-01
4.305179119110107422e+00 -3.691915750503540039e+00 6.525334835052490234e+00 1.588783971965312958e-02 -4.340000152587890625e-01 -7.856910824775695801e-01 -4.408327341079711914e-01 1.579763740301132202e-01
4.516919612884521484e+00 -2.673909664154052734e+00 6.774767875671386719e+00 8.546341210603713989e-03 1.553329676389694214e-01 8.045150637626647949e-01 5.732601284980773926e-01 3.131705820560455322e-01
4.542237758636474609e+00 -2.496544837951660156e+00 6.920018196105957031e+00 6.053658667951822281e-03 -9.462302923202514648e-01 1.692437231540679932e-01 2.756897211074829102e-01 2.201595157384872437e-01
4.013630867004394531e+00 -2.226583957672119141e+00 6.726894855499267578e+00 4.545481503009796143e-02 -1.009839847683906555e-01 -9.849553108215332031e-01 -1.402327120304107666e-01 3.214974999427795410e-01
3.981164932250976562e+00 -2.543244600296020508e+00 6.681810379028320312e+00 4.545481503009796143e-02 -7.542078197002410889e-02 -9.733273386955261230e-01 -2.166692763566970825e-01 8.315945416688919067e-02
3.917330503463745117e+00 -2.590799093246459961e+00 6.702161788940429688e+00 4.545481503009796143e-02 -5.635360479354858398e-01 -8.147383332252502441e-01 -1.364865303039550781e-01 2.690520286560058594e-01
4.371968269348144531e+00 -3.889490842819213867e+00 6.800685882568359375e+00 1.674631983041763306e-02 5.793749094009399414e-01 6.077641844749450684e-01 -5.430905818939208984e-01 1.788264364004135132e-01
4.475575923919677734e+00 -3.780806541442871094e+00 6.703566551208496094e+00 1.674631983041763306e-02 3.347863256931304932e-01 6.989395618438720703e-01 -6.319822669029235840e-01 1.468724757432937622e-01
4.345139026641845703e+00 -3.704952955245971680e+00 6.789994239807128906e+00 4.779628943651914597e-03 -6.405508518218994141e-01 -6.804066896438598633e-01 3.560074567794799805e-01 1.644033640623092651e-01
4.254825592041015625e+00 -3.839679241180419922e+00 6.849561691284179688e+00 4.779628943651914597e-03 7.787879705429077148e-01 4.931347072124481201e-01 -3.876950442790985107e-01 4.589515626430511475e-01
4.749602317810058594e+00 -2.003222465515136719e+00 9.175216674804687500e+00 5.437089130282402039e-02 1.774850785732269287e-01 -9.178565144538879395e-01 3.550189435482025146e-01 1.422004550695419312e-01
4.778261661529541016e+00 -2.145062923431396484e+00 9.283557891845703125e+00 5.437089130282402039e-02 -3.364691436290740967e-01 -9.277197122573852539e-01 -1.616313308477401733e-01 3.323342502117156982e-01
4.717855453491210938e+00 -1.864625334739685059e+00 8.553879737854003906e+00 1.812733337283134460e-02 1.816237866878509521e-01 9.754521250724792480e-01 1.245227754116058350e-01 2.801669836044311523e-01
4.600494861602783203e+00 -2.335142850875854492e+00 8.828017234802246094e+00 4.432147368788719177e-03 6.040126085281372070e-01 6.185470223426818848e-01 5.025618076324462891e-01 5.564695224165916443e-02
4.659381389617919922e+00 -2.360450506210327148e+00 8.779302597045898438e+00 4.432147368788719177e-03 -8.834224343299865723e-01 1.810273826122283936e-01 -4.321966171264648438e-01 1.695038825273513794e-01
4.982930660247802734e+00 -2.515594720840454102e+00 9.404643058776855469e+00 2.948161913082003593e-03 -6.707113385200500488e-01 -5.588046312332153320e-01 -4.877332448959350586e-01 6.771390140056610107e-02
4.944217205047607422e+00 -2.544432401657104492e+00 9.367572784423828125e+00 2.920751692727208138e-03 1.595974415540695190e-01 -5.010371804237365723e-01 -8.505823612213134766e-01 3.155879378318786621e-01
4.967724323272705078e+00 -2.861011266708374023e+00 9.081550598144531250e+00 2.758410526439547539e-03 -4.836170971393585205e-01 1.771208494901657104e-01 -8.571713566780090332e-01 3.126888275146484375e-01
4.794766426086425781e+00 -2.750324487686157227e+00 8.929633140563964844e+00 2.607813104987144470e-03 -6.028181314468383789e-01 6.706357002258300781e-01 -4.322708547115325928e-01 1.120612621307373047e-01
4.716440200805664062e+00 -2.688863277435302734e+00 8.883250236511230469e+00 2.665118081495165825e-03 -3.941128551959991455e-01 1.744806617498397827e-01 -9.023478031158447266e-01 2.164538353681564331e-01
4.965704917907714844e+00 -2.667310237884521484e+00 9.411847114562988281e+00 4.940986633300781250e-02 -7.786033153533935547e-01 6.272150874137878418e-01 -1.944541744887828827e-02 3.003144860267639160e-01
4.731878757476806641e+00 -2.478948593139648438e+00 9.406006813049316406e+00 4.940986633300781250e-02 3.851616978645324707e-01 -8.476571440696716309e-01 3.648669123649597168e-01 1.295518875122070312e-01
4.760862827301025391e+00 -2.583469390869140625e+00 9.462654113769531250e+00 4.940986633300781250e-02 1.257126480340957642e-01 -7.172899246215820312e-01 6.853404045104980469e-01 1.472968161106109619e-01
4.781851768493652344e+00 -2.684588670730590820e+00 9.521782875061035156e+00 4.940986633300781250e-02 -9.960083365440368652e-01 -6.069255992770195007e-02 -6.545060127973556519e-02 1.023677587509155273e-01
4.656524181365966797e+00 -2.595230340957641602e+00 9.531447410583496094e+00 4.940986633300781250e-02 -9.135426282882690430e-01 -2.747308611869812012e-01 2.999380230903625488e-01 1.694497168064117432e-01
4.923930168151855469e+00 -2.341115713119506836e+00 9.446020126342773438e+00 2.499999944120645523e-03 -6.120769977569580078e-01 -2.835915982723236084e-01 7.381988763809204102e-01 2.026713192462921143e-01
4.794483184814453125e+00 -2.252698659896850586e+00 9.505654335021972656e+00 2.499999944120645523e-03 4.222154617309570312e-01 4.871108233928680420e-01 7.644979953765869141e-01 2.611191272735595703e-01
4.069440364837646484e+00 -3.246410608291625977e+00 9.050925254821777344e+00 1.509975176304578781e-02 5.372673273086547852e-01 -1.320708096027374268e-01 8.330072760581970215e-01 2.937683761119842529e-01
3.953870296478271484e+00 -3.151708126068115234e+00 8.847216606140136719e+00 2.169558592140674591e-02 5.879009142518043518e-02 -9.894870519638061523e-01 1.321327984333038330e-01 1.486164480447769165e-01
4.076459407806396484e+00 -3.243403196334838867e+00 9.067299842834472656e+00 4.728335421532392502e-03 -6.645838618278503418e-01 2.336075305938720703e-01 -7.097575664520263672e-01 3.341967463493347168e-01
3.813352823257446289e+00 -3.142196416854858398e+00 8.810225486755371094e+00 4.728335421532392502e-03 -1.584694534540176392e-01 4.666344821453094482e-01 8.701377511024475098e-01 4.138799905776977539e-01
3.885061264038085938e+00 -3.138538837432861328e+00 8.797624588012695312e+00 1.050417404621839523e-02 -6.627538204193115234e-01 -4.706171900033950806e-02 -7.473570704460144043e-01 1.676370203495025635e-01
3.772860765457153320e+00 -3.159213304519653320e+00 8.677444458007812500e+00 1.050417404621839523e-02 9.931948184967041016e-01 -1.052476614713668823e-01 -4.986993223428726196e-02 2.769742608070373535e-01
3.750208377838134766e+00 -2.724482297897338867e+00 8.317089080810546875e+00 1.321911625564098358e-02 -6.921625137329101562e-01 -1.119048222899436951e-01 7.130135297775268555e-01 1.843456327915191650e-01
3.630236864089965820e+00 -2.751323223114013672e+00 8.448016166687011719e+00 1.321911625564098358e-02 1.638923138380050659e-01 1.201904639601707458e-01 9.791289567947387695e-01 1.781649738550186157e-01
3.728414058685302734e+00 -2.677763462066650391e+00 8.252421379089355469e+00 9.544302709400653839e-03 -8.797778934240341187e-02 -6.190107464790344238e-01 -7.804393768310546875e-01 3.285977542400360107e-01
4.888116836547851562e+00 -3.662634611129760742e+00 9.061437606811523438e+00 2.766669355332851410e-02 2.543218135833740234e-01 5.642170906066894531e-01 7.854803800582885742e-01 2.162135541439056396e-01
1.657216906547546387e+00 -3.664324045181274414e+00 5.163714408874511719e+00 2.499999944120645523e-03 1.742905229330062866e-01 7.193480134010314941e-01 6.724293231964111328e-01 1.412958949804306030e-01
1.697128057479858398e+00 -3.572685480117797852e+00 5.257093906402587891e+00 2.499999944120645523e-03 -2.602488994598388672e-01 -5.294404029846191406e-01 8.074424862861633301e-01 2.133396565914154053e-01
2.085048437118530273e+00 -3.215190887451171875e+00 2.709648847579956055e+00 1.445006672292947769e-02 5.966007709503173828e-01 7.414036989212036133e-01 -3.072265088558197021e-01 7.425612956285476685e-02
2.121387720108032227e+00 -3.175658226013183594e+00 2.680951595306396484e+00 1.445006672292947769e-02 8.593471646308898926e-01 -2.781389355659484863e-01 -4.291400611400604248e-01 1.671264171600341797e-01
2.174687862396240234e+00 -3.211650609970092773e+00 3.086846351623535156e+00 5.226885899901390076e-02 -9.449276924133300781e-01 8.764060586690902710e-02 -3.153264224529266357e-01 1.127953454852104187e-01
2.080303907394409180e+00 -3.216887712478637695e+00 3.073370933532714844e+00 5.226885899901390076e-02 -6.441965699195861816e-01 -7.486307621002197266e-01 -1.567250043153762817e-01 1.885203123092651367e-01
1.926758646965026855e+00 -3.346548795700073242e+00 3.002669572830200195e+00 5.226885899901390076e-02 4.183555543422698975e-01 -7.364725470542907715e-01 -5.315889716148376465e-01 2.171723544597625732e-01
1.106100678443908691e+00 -3.247296094894409180e+00 4.229019165039062500e+00 2.499999944120645523e-03 -6.839003562927246094e-01 5.997321009635925293e-01 -4.154536128044128418e-01 1.150155514478683472e-01
1.028344273567199707e+00 -3.174820423126220703e+00 4.176342487335205078e+00 2.499999944120645523e-03 8.964207172393798828e-01 -4.217952489852905273e-01 -1.360834538936614990e-01 7.869628816843032837e-02
1.104094624519348145e+00 -3.277827024459838867e+00 4.098980903625488281e+00 2.499999944120645523e-03 9.649545550346374512e-01 -1.399726420640945435e-01 2.219692468643188477e-01 2.374699115753173828e-01
1.309977173805236816e+00 -3.368177413940429688e+00 4.173194408416748047e+00 2.499999944120645523e-03 4.452973008155822754e-01 1.508983969688415527e-01 8.825757503509521484e-01 2.018546462059020996e-01
6.143612265586853027e-01 -4.478919982910156250e+00 4.599174976348876953e+00 2.499999944120645523e-03 -8.483936190605163574e-01 -2.166041731834411621e-01 -4.830226898193359375e-01 1.720862388610839844e-01
4.586711823940277100e-01 -4.489523887634277344e+00 4.564766883850097656e+00 2.499999944120645523e-03 -9.177290797233581543e-01 2.418973445892333984e-01 -3.150540292263031006e-01 3.233668506145477295e-01
2.215994894504547119e-01 -4.231621742248535156e+00 4.190833568572998047e+00 2.499999944120645523e-03 1.782852858304977417e-01 9.410155415534973145e-01 2.875832319259643555e-01 8.687695860862731934e-02
1.824325025081634521e-01 -4.296786308288574219e+00 4.177000045776367188e+00 2.499999944120645523e-03 9.402362108230590820e-01 -3.371460735797882080e-01 -4.783704504370689392e-02 3.267465531826019287e-01
4.863201677799224854e-01 -4.378238677978515625e+00 4.095677852630615234e+00 2.499999944120645523e-03 9.691858291625976562e-01 -2.038784027099609375e-01 -1.382476389408111572e-01 1.705029159784317017e-01
3.740655779838562012e-01 -4.311574935913085938e+00 4.302284240722656250e+00 2.499999944120645523e-03 9.182774424552917480e-01 -3.846054375171661377e-01 -9.404898434877395630e-02 1.972736716270446777e-01
5.703560113906860352e-01 -4.365875720977783203e+00 4.257723808288574219e+00 2.499999944120645523e-03 -7.721334099769592285e-01 6.311321854591369629e-01 7.404159009456634521e-02 3.017436265945434570e-01
2.806127071380615234e-01 -4.210963249206542969e+00 4.269089221954345703e+00 2.499999944120645523e-03 6.441799551248550415e-02 -3.870730698108673096e-01 9.197960495948791504e-01 1.176171302795410156e-01
2.165043950080871582e-01 -2.066530704498291016e+00 5.713184833526611328e+00 1.784026622772216797e-02 -2.786025106906890869e-01 -8.104097843170166016e-01 5.153801441192626953e-01 5.124765634536743164e-02
2.203178405761718750e-01 -2.106625080108642578e+00 5.729151248931884766e+00 1.784026622772216797e-02 3.972514569759368896e-01 -7.016911506652832031e-01 5.914565324783325195e-01 1.391984820365905762e-01
2.548102736473083496e-01 -1.461868047714233398e+00 5.690265178680419922e+00 4.511874634772539139e-03 2.893438339233398438e-01 -9.135752916336059570e-01 2.857626378536224365e-01 1.911725848913192749e-01
3.014369904994964600e-01 -1.613951802253723145e+00 5.724790573120117188e+00 4.511874634772539139e-03 -6.760613322257995605e-01 3.276934623718261719e-01 6.599681973457336426e-01 2.044973522424697876e-01
1.390507817268371582e-01 -1.839151740074157715e+00 5.257870674133300781e+00 2.499999944120645523e-03 6.139511615037918091e-02 -7.210824489593505859e-01 -6.901237368583679199e-01 2.294840663671493530e-01
4.701646417379379272e-02 -2.443387508392333984e+00 5.823579788208007812e+00 6.832490209490060806e-03 -9.308204054832458496e-02 3.856712877750396729e-01 -9.179288744926452637e-01 3.933167159557342529e-01
2.759401127696037292e-02 -2.276810169219970703e+00 5.470331668853759766e+00 6.832490209490060806e-03 -3.479135632514953613e-01 -8.670973032712936401e-02 9.335082173347473145e-01 3.018696606159210205e-01
-1.155615150928497314e-01 -2.355543851852416992e+00 5.725298404693603516e+00 1.838088408112525940e-02 1.707491576671600342e-01 -5.434536933898925781e-01 8.218897581100463867e-01 9.453596174716949463e-02
1.521753072738647461e-01 -2.697351217269897461e+00 5.860210895538330078e+00 1.144926808774471283e-02 3.241173326969146729e-01 -9.435755610466003418e-01 6.792005151510238647e-02 2.630807161331176758e-01
1.853301078081130981e-01 -3.001613378524780273e+00 5.955219268798828125e+00 4.451021086424589157e-03 -8.553028106689453125e-01 4.554389119148254395e-01 -2.470476180315017700e-01 3.067267239093780518e-01
1.844772323966026306e-02 -2.555430173873901367e+00 4.928709030151367188e+00 2.499999944120645523e-03 -9.645068645477294922e-01 -7.831005379557609558e-03 -2.639415264129638672e-01 3.076335787773132324e-01
-2.875970602035522461e-01 -2.551159381866455078e+00 4.850310802459716797e+00 2.499999944120645523e-03 5.847020745277404785e-01 5.782294273376464844e-01 5.690116286277770996e-01 4.892538785934448242e-01
-4.418422877788543701e-01 -3.806895256042480469e+00 6.873197555541992188e+00 2.499999944120645523e-03 6.733580231666564941e-01 6.100007295608520508e-01 4.177177250385284424e-01 1.265169382095336914e-01
-3.580419421195983887e-01 -3.730554580688476562e+00 6.947540283203125000e+00 2.499999944120645523e-03 -9.366127252578735352e-01 3.471830189228057861e-01 -4.712333902716636658e-02 2.325354814529418945e-01
3.848211765289306641e-01 -4.363181591033935547e+00 7.788430213928222656e+00 3.102479968219995499e-03 -6.637284755706787109e-01 2.308490276336669922e-01 7.114585041999816895e-01 2.753134667873382568e-01
1.319810986518859863e+00 -3.546813488006591797e+00 8.176605224609375000e+00 4.630375653505325317e-03 5.325055122375488281e-02 9.189981222152709961e-01 -3.906492888927459717e-01 1.372716426849365234e-01
1.286951303482055664e+00 -3.398063659667968750e+00 8.110713958740234375e+00 4.630375653505325317e-03 -4.729012846946716309e-01 -8.783695697784423828e-01 -6.950744986534118652e-02 3.411645591259002686e-01
1.311320662498474121e+00 -3.614419937133789062e+00 8.204323768615722656e+00 1.322435308247804642e-02 4.665971100330352783e-01 -7.888507843017578125e-02 8.809450864791870117e-01 1.338832676410675049e-01
1.480731248855590820e+00 -3.541394948959350586e+00 8.293685913085937500e+00 1.322435308247804642e-02 4.084512591361999512e-01 -2.196327000856399536e-01 8.859621882438659668e-01 8.727915585041046143e-02
1.589669227600097656e+00 -3.567157745361328125e+00 8.436718940734863281e+00 1.322435308247804642e-02 -1.380746960639953613e-01 -9.889059662818908691e-01 5.477572605013847351e-02 2.097139656543731689e-01
1.570249676704406738e+00 -3.785654783248901367e+00 8.420478820800781250e+00 1.322435308247804642e-02 -5.561265349388122559e-01 -8.197008371353149414e-01 1.371635049581527710e-01 2.606862783432006836e-01
5.849282741546630859e-01 -3.994182586669921875e+00 8.147113800048828125e+00 5.648077931255102158e-03 5.349812284111976624e-02 -8.434215784072875977e-01 -5.345820188522338867e-01 1.828904896974563599e-01
3.743158578872680664e-01 -4.191027164459228516e+00 8.229711532592773438e+00 1.354710105806589127e-02 -2.617147862911224365e-01 -8.142162561416625977e-01 -5.182251334190368652e-01 2.229887992143630981e-01
9.026779532432556152e-01 -4.410129070281982422e+00 7.193081855773925781e+00 9.287841618061065674e-03 1.565900444984436035e-02 -8.851511478424072266e-01 4.650400578975677490e-01 2.363426387310028076e-01
8.839655518531799316e-01 -4.552630901336669922e+00 7.294129848480224609e+00 9.287841618061065674e-03 -3.866773471236228943e-02 1.188153028488159180e-01 9.921631813049316406e-01 1.757868230342864990e-01
8.682681322097778320e-01 -4.539762973785400391e+00 7.476018905639648438e+00 6.097913254052400589e-03 -9.512717276811599731e-02 7.334565520286560059e-01 6.730470657348632812e-01 3.145937323570251465e-01
2.025465011596679688e+00 -1.848649024963378906e+00 7.204319953918457031e+00 4.370602592825889587e-02 -2.532865703105926514e-01 -4.480269849300384521e-01 -8.573901057243347168e-01 1.049274280667304993e-01
1.998888373374938965e+00 -1.895659327507019043e+00 7.114356040954589844e+00 4.370602592825889587e-02 -9.004414081573486328e-01 1.597569137811660767e-01 -4.045775234699249268e-01 8.204615116119384766e-02
1.917754888534545898e+00 -1.915632486343383789e+00 7.047838687896728516e+00 4.370602592825889587e-02 -4.826127886772155762e-01 6.718513965606689453e-01 -5.618724226951599121e-01 2.546677589416503906e-01
4.372566699981689453e+00 -3.125941991806030273e+00 7.976347446441650391e+00 8.481552824378013611e-03 -2.786136269569396973e-01 -9.603444933891296387e-01 -1.062463503330945969e-02 1.065754070878028870e-01
4.365721702575683594e+00 -3.212510585784912109e+00 7.979310035705566406e+00 8.481552824378013611e-03 5.464998483657836914e-01 -6.563144326210021973e-01 -5.201819539070129395e-01 2.052900940179824829e-01
4.327889919281005859e+00 -2.437837839126586914e+00 7.653161525726318359e+00 1.345354784280061722e-02 -3.448569178581237793e-01 -8.451455235481262207e-01 4.084149301052093506e-01 1.948108375072479248e-01
4.225445270538330078e+00 -2.599403619766235352e+00 7.748325824737548828e+00 1.345354784280061722e-02 -3.799085319042205811e-02 9.605850577354431152e-01 -2.753780782222747803e-01 1.389492601156234741e-01
4.217449188232421875e+00 -2.451379776000976562e+00 7.715478420257568359e+00 1.144049037247896194e-02 9.184206128120422363e-01 2.454309910535812378e-02 3.948432803153991699e-01 1.563401073217391968e-01
4.285083293914794922e+00 -2.999694585800170898e+00 7.951218605041503906e+00 3.116970695555210114e-02 5.631086602807044983e-02 -6.210585832595825195e-01 7.817386388778686523e-01 2.644988000392913818e-01
4.273564338684082031e+00 -3.163894176483154297e+00 8.240166664123535156e+00 3.116970695555210114e-02 -5.088372230529785156e-01 -8.453229665756225586e-01 -1.628305315971374512e-01 1.553171873092651367e-01
4.138607978820800781e+00 -3.300869703292846680e+00 8.191653251647949219e+00 3.116970695555210114e-02 1.226240992546081543e-01 -9.910475611686706543e-01 -5.280194804072380066e-02 1.688354909420013428e-01
4.197664737701416016e+00 -3.439286947250366211e+00 8.177714347839355469e+00 3.116970695555210114e-02 5.865424275398254395e-01 -8.000838756561279297e-01 -1.258323788642883301e-01 2.396532446146011353e-01
4.453979015350341797e+00 -2.971419334411621094e+00 7.897502422332763672e+00 5.620427429676055908e-03 -8.401849269866943359e-01 -4.264408648014068604e-01 -3.350186347961425781e-01 2.381097823381423950e-01
4.211856365203857422e+00 -3.053438186645507812e+00 7.873683929443359375e+00 5.620427429676055908e-03 -7.448465824127197266e-01 -5.584424138069152832e-01 -3.651652634143829346e-01 3.008991777896881104e-01
4.045335769653320312e+00 -2.929544687271118164e+00 7.863062381744384766e+00 1.928539015352725983e-02 -4.982597827911376953e-01 -2.569449506700038910e-02 8.666470050811767578e-01 1.615034788846969604e-01
3.964865207672119141e+00 -2.933694362640380859e+00 8.003028869628906250e+00 1.928539015352725983e-02 -6.435493230819702148e-01 -6.812381148338317871e-01 3.489396572113037109e-01 1.221561580896377563e-01
3.993490457534790039e+00 -2.660033464431762695e+00 7.663754463195800781e+00 2.736737206578254700e-02 -8.233013153076171875e-01 4.784578382968902588e-01 -3.053735792636871338e-01 2.788289487361907959e-01
3.782564640045166016e+00 -2.488659143447875977e+00 7.571945190429687500e+00 2.736737206578254700e-02 -7.518424391746520996e-01 4.530743062496185303e-01 4.790163338184356689e-01 2.391877025365829468e-01
3.628758907318115234e+00 -2.376839876174926758e+00 7.706249237060546875e+00 2.736737206578254700e-02 -4.020667374134063721e-01 -6.507039666175842285e-01 6.441479921340942383e-01 1.296115368604660034e-01
3.627053499221801758e+00 -2.437456846237182617e+00 7.846120834350585938e+00 2.736737206578254700e-02 -3.295736610889434814e-01 -7.281390428543090820e-01 6.009948253631591797e-01 3.616285622119903564e-01
4.052672386169433594e+00 -2.689185142517089844e+00 7.682248115539550781e+00 4.262952134013175964e-02 -3.018113672733306885e-01 -7.727361917495727539e-01 -5.583803653717041016e-01 2.996397614479064941e-01
3.962237596511840820e+00 -2.920727729797363281e+00 7.514935016632080078e+00 4.262952134013175964e-02 -2.013093084096908569e-01 -8.260849118232727051e-01 5.263632535934448242e-01 1.055236458778381348e-01
3.900604486465454102e+00 -3.061684131622314453e+00 7.527595043182373047e+00 4.262952134013175964e-02 -3.035676479339599609e-01 -4.441390633583068848e-01 8.429633378982543945e-01 3.326265811920166016e-01
4.053385734558105469e+00 -2.692632913589477539e+00 7.655683994293212891e+00 9.774060919880867004e-03 -3.879901766777038574e-01 8.378196507692337036e-02 -9.178475737571716309e-01 4.180038869380950928e-01
3.846547842025756836e+00 -2.709253787994384766e+00 7.282541275024414062e+00 9.774060919880867004e-03 -7.626197338104248047e-01 6.273304820060729980e-01 -1.576946973800659180e-01 1.463619023561477661e-01
4.911365032196044922e+00 -3.355420351028442383e+00 7.996801376342773438e+00 9.192642755806446075e-03 -6.499717831611633301e-01 4.385504722595214844e-01 6.206530332565307617e-01 2.270678281784057617e-01
4.571904182434082031e+00 -3.555999040603637695e+00 7.724866867065429688e+00 6.813927087932825089e-03 6.729878187179565430e-01 7.110679149627685547e-01 -2.036414444446563721e-01 4.251314103603363037e-01
4.716722488403320312e+00 -3.627750635147094727e+00 7.693772315979003906e+00 4.267159849405288696e-02 8.206154406070709229e-02 -4.038511216640472412e-01 -9.111367464065551758e-01 2.503737509250640869e-01
4.790008544921875000e+00 -3.879774093627929688e+00 7.787695407867431641e+00 5.700667388737201691e-03 1.975171118974685669e-01 -5.784803628921508789e-01 -7.914211750030517578e-01 2.383442968130111694e-01
4.366843700408935547e+00 -4.045053005218505859e+00 7.478448867797851562e+00 3.084412775933742523e-02 4.116256535053253174e-01 9.325408190488815308e-02 9.065693616867065430e-01 1.932637095451354980e-01
4.096365928649902344e+00 -4.449779033660888672e+00 7.286902904510498047e+00 1.197291072458028793e-02 3.871645927429199219e-01 -1.637333929538726807e-01 -9.073560237884521484e-01 1.911837607622146606e-01
4.162587642669677734e+00 -4.492395877838134766e+00 7.127271652221679688e+00 1.197291072458028793e-02 9.025582671165466309e-01 -1.142528876662254333e-01 4.151323437690734863e-01 2.749533951282501221e-01
4.938727855682373047e+00 -2.761851549148559570e+00 7.776100635528564453e+00 2.499999944120645523e-03 -7.546747326850891113e-01 -1.205086242407560349e-02 -6.559884548187255859e-01 2.333836108446121216e-01
4.768338203430175781e+00 -2.809629678726196289e+00 7.609461307525634766e+00 2.499999944120645523e-03 -6.824040412902832031e-01 1.295644342899322510e-01 -7.194010019302368164e-01 9.889019280672073364e-02
4.395983695983886719e+00 -3.021677970886230469e+00 6.883856773376464844e+00 3.719137609004974365e-02 3.738427460193634033e-01 -6.512653082609176636e-02 9.252027273178100586e-01 2.010025233030319214e-01
4.471127033233642578e+00 -3.034768342971801758e+00 7.069825172424316406e+00 3.719137609004974365e-02 7.739123888313770294e-03 4.304235801100730896e-02 9.990432858467102051e-01 5.893180519342422485e-02
4.465927600860595703e+00 -3.038714408874511719e+00 7.163644790649414062e+00 3.719137609004974365e-02 1.836030632257461548e-01 9.607551097869873047e-01 2.079411894083023071e-01 1.789147704839706421e-01
4.589885711669921875e+00 -3.342578649520874023e+00 6.937196731567382812e+00 1.442284695804119110e-02 -1.242171674966812134e-01 -7.182187438011169434e-01 6.846399903297424316e-01 1.291828453540802002e-01
4.573869705200195312e+00 -3.431715488433837891e+00 7.024873256683349609e+00 1.442284695804119110e-02 6.551664471626281738e-01 1.503287106752395630e-01 7.403770685195922852e-01 1.638808548450469971e-01
3.994742155075073242e+00 -3.166905879974365234e+00 6.808828830718994141e+00 5.800851155072450638e-03 3.061767518520355225e-01 6.792669892311096191e-01 6.669723391532897949e-01 1.326673030853271484e-01
4.031398773193359375e+00 -3.070692300796508789e+00 6.900216579437255859e+00 5.800851155072450638e-03 8.031183481216430664e-01 5.822428464889526367e-01 -1.264680474996566772e-01 2.147749811410903931e-01
4.354125022888183594e+00 -3.500037193298339844e+00 6.598114967346191406e+00 1.079273223876953125e-02 5.620216131210327148e-01 7.930802702903747559e-01 -2.348518073558807373e-01 1.044866219162940979e-01
4.412848472595214844e+00 -3.417171001434326172e+00 6.573575973510742188e+00 1.075426768511533737e-02 7.616317272186279297e-01 6.471658945083618164e-01 -3.306750208139419556e-02 8.467988669872283936e-02
4.485972404479980469e+00 -3.370443582534790039e+00 6.576184272766113281e+00 1.944085955619812012e-02 7.405308485031127930e-01 6.236295104026794434e-01 -2.504002153873443604e-01 1.942133754491806030e-01
4.613183498382568359e+00 -3.219774484634399414e+00 6.526424407958984375e+00 1.944085955619812012e-02 7.135757803916931152e-01 3.785544037818908691e-01 -5.894965529441833496e-01 2.125209420919418335e-01
4.354265213012695312e+00 -3.382865667343139648e+00 6.735653877258300781e+00 6.665437482297420502e-03 -2.368397712707519531e-01 -7.049446105957031250e-01 6.685506701469421387e-01 1.263264715671539307e-01
4.319591522216796875e+00 -3.464588403701782227e+00 6.810819149017333984e+00 6.665437482297420502e-03 -9.109379649162292480e-01 -3.761867582798004150e-01 1.693384200334548950e-01 1.484885811805725098e-01
4.194543838500976562e+00 -3.554775476455688477e+00 6.831816196441650391e+00 1.041474658995866776e-02 -9.589712023735046387e-01 -2.824815213680267334e-01 -2.405085600912570953e-02 2.028235197067260742e-01
4.332453250885009766e+00 -3.615774869918823242e+00 6.503247261047363281e+00 5.785970017313957214e-03 2.564243078231811523e-01 9.529628753662109375e-01 -1.615808010101318359e-01 1.481051594018936157e-01
4.389177322387695312e+00 -3.485410690307617188e+00 6.468342781066894531e+00 5.785970017313957214e-03 4.647902548313140869e-01 8.824518918991088867e-01 -7.244755327701568604e-02 2.587726712226867676e-01
3.968133687973022461e+00 -2.411962509155273438e+00 6.737524509429931641e+00 1.044464390724897385e-02 -5.354234576225280762e-01 -6.229181885719299316e-01 5.703461170196533203e-01 4.486021101474761963e-01
3.703476905822753906e+00 -2.657442092895507812e+00 6.920135498046875000e+00 1.044464390724897385e-02 7.191602587699890137e-01 6.902415156364440918e-01 7.984489947557449341e-02 2.440105378627777100e-01
4.764805316925048828e+00 -2.228577852249145508e+00 9.322658538818359375e+00 1.608223281800746918e-02 2.213902920484542847e-01 -2.432045936584472656e-01 9.443717002868652344e-01 8.317584544420242310e-02
4.780978202819824219e+00 -2.230511426925659180e+00 9.376529693603515625e+00 1.608223281800746918e-02 8.893982172012329102e-01 -3.248544037342071533e-01 -3.216215372085571289e-01 1.789303123950958252e-01
4.889358997344970703e+00 -2.835001945495605469e+00 8.942047119140625000e+00 2.499999944120645523e-03 2.292207926511764526e-01 -9.502256512641906738e-01 2.110191881656646729e-01 1.992349475622177124e-01
4.934294223785400391e+00 -2.985881805419921875e+00 9.000080108642578125e+00 2.499999944120645523e-03 4.452471062541007996e-02 3.844356834888458252e-01 -9.220774173736572266e-01 3.423396348953247070e-01
3.978059530258178711e+00 -3.271808624267578125e+00 8.849820137023925781e+00 2.704041777178645134e-03 9.650311470031738281e-01 -2.026619464159011841e-01 1.662618070840835571e-01 5.029437541961669922e-01
1.474046468734741211e+00 -3.904671669006347656e+00 8.444988250732421875e+00 4.248403478413820267e-03 -7.698367238044738770e-01 5.876735448837280273e-01 2.489802986383438110e-01 1.634219288825988770e-01
1.351312756538391113e+00 -3.784590482711791992e+00 8.480987548828125000e+00 4.248403478413820267e-03 -2.301906198263168335e-01 -1.578550338745117188e-01 -9.602572917938232422e-01 2.402888983488082886e-01
1.307781934738159180e+00 -3.817916154861450195e+00 8.313639640808105469e+00 3.589467378333210945e-03 9.626537561416625977e-01 -2.160015404224395752e-01 -1.632209420204162598e-01 1.418662220239639282e-01
4.448941230773925781e+00 -3.304909706115722656e+00 7.911795139312744141e+00 2.499999944120645523e-03 7.666186690330505371e-01 -3.676973283290863037e-02 6.410489678382873535e-01 1.715878993272781372e-01
4.584216117858886719e+00 -3.331767559051513672e+00 8.003878593444824219e+00 2.499999944120645523e-03 -2.703157365322113037e-01 6.042611002922058105e-01 -7.495318055152893066e-01 1.487985402345657349e-01
4.521897792816162109e+00 -3.217610359191894531e+00 7.915527343750000000e+00 3.924095071852207184e-03 -4.926015138626098633e-01 3.234244883060455322e-01 -8.079234957695007324e-01 1.128794923424720764e-01
4.290294170379638672e+00 -3.149203538894653320e+00 8.090290069580078125e+00 2.961122244596481323e-02 -2.827764451503753662e-01 -8.059033155441284180e-01 -5.201513171195983887e-01 1.414857208728790283e-01
4.231859207153320312e+00 -3.264948129653930664e+00 8.016930580139160156e+00 2.961122244596481323e-02 6.447909027338027954e-02 -7.760709524154663086e-01 -6.273406744003295898e-01 1.069425418972969055e-01
4.200656414031982422e+00 -3.431686639785766602e+00 8.017101287841796875e+00 2.961122244596481323e-02 5.175772681832313538e-02 -6.395642161369323730e-01 -7.669933438301086426e-01 1.838349699974060059e-01
4.167288303375244141e+00 -3.541912555694580078e+00 7.885480880737304688e+00 2.961122244596481323e-02 2.558045983314514160e-01 3.354943394660949707e-01 9.066463112831115723e-01 1.977891772985458374e-01
3.999429464340209961e+00 -2.713452100753784180e+00 7.669023513793945312e+00 1.309335324913263321e-02 -5.156377553939819336e-01 -6.559493541717529297e-01 -5.512242317199707031e-01 5.100585818290710449e-01
3.971367359161376953e+00 -2.803320646286010742e+00 7.621440887451171875e+00 3.214130643755197525e-03 -9.138194918632507324e-01 -1.879373192787170410e-01 3.600187301635742188e-01 1.990991681814193726e-01
4.018756389617919922e+00 -2.917377948760986328e+00 7.514186859130859375e+00 3.214130643755197525e-03 9.039207547903060913e-02 9.521481394767761230e-01 -2.919644415378570557e-01 1.804047822952270508e-01
4.607991695404052734e+00 -3.207575798034667969e+00 6.543257713317871094e+00 4.416706785559654236e-02 2.156318575143814087e-01 8.655453324317932129e-01 4.520334303379058838e-01 1.221924200654029846e-01
4.634340286254882812e+00 -3.101812601089477539e+00 6.598492622375488281e+00 4.416706785559654236e-02 -9.075664281845092773e-01 -1.125985980033874512e-01 -4.045303165912628174e-01 1.467028856277465820e-01
-1.525239109992980957e+00 2.781148910522460938e+00 1.475132405757904053e-01 1.042735427618026733e-01 8.120363950729370117e-02 -2.928510308265686035e-03 9.966932535171508789e-01 5.405622124671936035e-01
-1.479925513267517090e+00 2.778176546096801758e+00 6.861869692802429199e-01 1.004322692751884460e-01 4.797716066241264343e-02 -2.359938248991966248e-02 9.985696077346801758e-01 3.637575805187225342e-01
-1.464937329292297363e+00 2.765865325927734375e+00 1.049561619758605957e+00 9.885910898447036743e-02 5.766409263014793396e-02 -1.311082043685019016e-03 9.983351826667785645e-01 3.090931773185729980e-01
-1.450191736221313477e+00 2.766184806823730469e+00 1.358344078063964844e+00 9.618487954139709473e-02 6.588290631771087646e-02 -8.335852180607616901e-04 9.978269934654235840e-01 3.799090087413787842e-01
-1.422801017761230469e+00 2.768073081970214844e+00 1.737298130989074707e+00 8.905181288719177246e-02 6.226516142487525940e-02 -8.116905577480792999e-03 9.980266094207763672e-01 3.010353744029998779e-01
-1.399769306182861328e+00 2.766777038574218750e+00 2.037500858306884766e+00 8.194465190172195435e-02 5.196063220500946045e-02 1.356641110032796860e-02 9.985569715499877930e-01 2.747595012187957764e-01
-1.389451622962951660e+00 2.777702569961547852e+00 2.311989068984985352e+00 7.102648168802261353e-02 6.425528973340988159e-02 1.798720285296440125e-02 9.977713823318481445e-01 2.515639066696166992e-01
-1.370672821998596191e+00 2.782938003540039062e+00 2.562802791595458984e+00 6.827407330274581909e-02 7.462172955274581909e-02 -8.750177919864654541e-03 9.971735477447509766e-01 4.099702537059783936e-01
-1.341106057167053223e+00 2.780200958251953125e+00 2.971698760986328125e+00 7.163051515817642212e-02 5.037646740674972534e-02 -3.830114379525184631e-02 9.979956150054931641e-01 2.205279767513275146e-01
-1.329750061035156250e+00 2.766216754913330078e+00 3.191686391830444336e+00 7.355333119630813599e-02 6.362481415271759033e-02 -1.488957460969686508e-02 9.978628158569335938e-01 1.640044301748275757e-01
-1.317500472068786621e+00 2.764215469360351562e+00 3.355242252349853516e+00 7.555622607469558716e-02 6.051374971866607666e-02 -2.712974883615970612e-02 9.977986216545104980e-01 1.577265858650207520e-01
-1.306856870651245117e+00 2.758810997009277344e+00 3.512517690658569336e+00 7.685833424329757690e-02 6.755977123975753784e-02 -2.612284757196903229e-02 9.973731637001037598e-01 1.594237685203552246e-01
-1.295116186141967773e+00 2.755738019943237305e+00 3.671489477157592773e+00 7.649694383144378662e-02 6.482672691345214844e-02 -2.732707187533378601e-02 9.975222945213317871e-01 1.582063734531402588e-01
-1.282044887542724609e+00 2.753292560577392578e+00 3.829295158386230469e+00 7.251375913619995117e-02 2.182529121637344360e-02 -2.804700285196304321e-02 9.993683099746704102e-01 2.176520973443984985e-01
-1.274809360504150391e+00 2.745785236358642578e+00 4.046687602996826172e+00 6.624568253755569458e-02 2.675943449139595032e-02 -3.937640413641929626e-02 9.988660812377929688e-01 1.536982059478759766e-01
-1.270684480667114258e+00 2.744046688079833984e+00 4.200234889984130859e+00 6.185230612754821777e-02 2.167453616857528687e-02 -5.441666580736637115e-03 9.997502565383911133e-01 2.278093248605728149e-01
-1.261638760566711426e+00 2.739727020263671875e+00 4.427919387817382812e+00 6.648966670036315918e-02 -3.002169728279113770e-02 -6.204927340149879456e-02 9.976214766502380371e-01 1.513430774211883545e-01
-1.276153087615966797e+00 2.718177795410156250e+00 4.577892303466796875e+00 8.042690902948379517e-02 -6.088653951883316040e-02 -3.296013548970222473e-02 9.976003766059875488e-01 1.310259252786636353e-01
-1.271067500114440918e+00 2.717258930206298828e+00 4.708633899688720703e+00 7.035483419895172119e-02 9.617058560252189636e-03 -4.573905467987060547e-02 9.989071488380432129e-01 2.188060730695724487e-01
-1.293045520782470703e+00 2.690861225128173828e+00 4.943212032318115234e+00 6.999476253986358643e-02 3.278150558471679688e-01 3.682583570480346680e-01 8.700132369995117188e-01 3.545643389225006104e-01
-1.185287237167358398e+00 2.890642881393432617e+00 5.351660251617431641e+00 8.818478882312774658e-02 3.548788428306579590e-01 -7.543369531631469727e-01 5.523013472557067871e-01 2.202018499374389648e-01
-1.179523468017578125e+00 2.863123416900634766e+00 5.432678222656250000e+00 6.826199591159820557e-02 -2.912135422229766846e-01 1.257297396659851074e-01 9.483600258827209473e-01 6.740875244140625000e-01
-1.388317346572875977e+00 2.963922023773193359e+00 6.040454387664794922e+00 6.243037059903144836e-02 -6.115130186080932617e-01 5.801901817321777344e-01 5.379880666732788086e-01 3.945498764514923096e-01
-1.391691207885742188e+00 2.751611709594726562e+00 3.360250711441040039e+00 4.352726414799690247e-02 -9.831086993217468262e-01 -1.655084043741226196e-01 7.812994718551635742e-02 2.296100705862045288e-01
-1.642986774444580078e+00 2.717534780502319336e+00 3.386010169982910156e+00 4.159620404243469238e-02 -1.355923712253570557e-01 -9.893266558647155762e-01 5.336160957813262939e-02 2.617946565151214600e-01
-1.688360929489135742e+00 2.444125175476074219e+00 3.392055034637451172e+00 4.978341236710548401e-02 -3.269824683666229248e-01 -2.734018862247467041e-01 9.046180844306945801e-01 1.603423655033111572e-01
-1.784103989601135254e+00 2.410013437271118164e+00 3.508675336837768555e+00 4.214069992303848267e-02 -2.500841319561004639e-01 -9.669206142425537109e-01 5.022406578063964844e-02 1.107382997870445251e-01
-1.790716052055358887e+00 2.279921531677246094e+00 3.516994237899780273e+00 5.224286392331123352e-02 -7.386061549186706543e-01 -6.601513028144836426e-01 1.366059184074401855e-01 1.222363561391830444e-01
-1.925040364265441895e+00 2.217763900756835938e+00 3.519189596176147461e+00 3.975730016827583313e-02 -4.146658480167388916e-01 -9.040488600730895996e-01 1.036722585558891296e-01 4.905017316341400146e-01
-2.130530834197998047e+00 1.776135206222534180e+00 3.618488788604736328e+00 3.094970248639583588e-02 6.056304574012756348e-01 -7.937842607498168945e-01 5.584150180220603943e-02 2.054213732481002808e-01
-1.273813605308532715e+00 2.746727943420410156e+00 3.026156902313232422e+00 6.804899126291275024e-02 7.250266671180725098e-01 -3.606470525264739990e-01 5.867452621459960938e-01 3.429673314094543457e-01
-9.822587370872497559e-01 2.632823467254638672e+00 3.223593950271606445e+00 6.804899126291275024e-02 7.699703425168991089e-02 4.892947152256965637e-02 9.958299994468688965e-01 9.229031801223754883e-01
-9.184491634368896484e-01 2.709617137908935547e+00 4.139437675476074219e+00 3.577240929007530212e-02 -5.330531671643257141e-02 8.872972428798675537e-02 9.946283698081970215e-01 1.478102151304483414e-02
-9.550682902336120605e-01 2.672405242919921875e+00 4.163438796997070312e+00 6.804899126291275024e-02 -3.026098906993865967e-01 4.802090525627136230e-01 8.233022093772888184e-01 1.908746808767318726e-01
-1.217935442924499512e+00 2.710489273071289062e+00 4.061117649078369141e+00 2.685043588280677795e-02 8.517836928367614746e-01 -5.229240655899047852e-01 -3.185880556702613831e-02 8.383466303348541260e-02
-1.146526455879211426e+00 2.666650295257568359e+00 4.058446407318115234e+00 2.685043588280677795e-02 7.486424446105957031e-01 6.613848209381103516e-01 4.587585851550102234e-02 1.962993890047073364e-01
-1.376966357231140137e+00 2.701803445816040039e+00 4.863736152648925781e+00 5.987998098134994507e-02 -7.228416800498962402e-01 9.424912184476852417e-02 -6.845560669898986816e-01 3.209047913551330566e-01
-1.608929634094238281e+00 2.732048511505126953e+00 4.644058704376220703e+00 5.987998098134994507e-02 5.301483273506164551e-01 -2.379973530769348145e-01 -8.138181567192077637e-01 2.624155580997467041e-01
-1.262978315353393555e+00 2.762862682342529297e+00 4.941112995147705078e+00 5.261259153485298157e-02 -5.284796953201293945e-01 8.308820128440856934e-01 -1.741962730884552002e-01 2.284196466207504272e-01
-1.603520631790161133e+00 3.090492725372314453e+00 5.062970638275146484e+00 6.050011515617370605e-02 -2.960756719112396240e-01 4.896057248115539551e-01 -8.201374411582946777e-01 3.334143161773681641e-01
-1.750385403633117676e+00 3.247859001159667969e+00 4.774225711822509766e+00 5.261259153485298157e-02 2.567038312554359436e-02 -9.575998783111572266e-01 2.869556248188018799e-01 3.945423290133476257e-02
-1.766884207725524902e+00 3.189295530319213867e+00 4.795650005340576172e+00 5.305455625057220459e-02 -5.672358870506286621e-01 7.949551194906234741e-02 -8.197096586227416992e-01 3.961579203605651855e-01
-1.983499169349670410e+00 3.214060306549072266e+00 4.448929309844970703e+00 5.834955349564552307e-02 -8.942784667015075684e-01 -3.961019217967987061e-01 -2.082529217004776001e-01 4.139742627739906311e-02
-2.456692695617675781e+00 2.724822521209716797e+00 4.197916507720947266e+00 5.706107616424560547e-02 -7.667587995529174805e-01 6.176616549491882324e-01 1.748571246862411499e-01 5.085688233375549316e-01
-2.821110010147094727e+00 3.093441724777221680e+00 4.183162212371826172e+00 5.660790577530860901e-02 -8.844247460365295410e-01 4.658962190151214600e-01 2.708426862955093384e-02 1.732360720634460449e+00
-4.290493965148925781e+00 3.991670370101928711e+00 4.215007781982421875e+00 5.622925609350204468e-02 -7.463532090187072754e-01 4.299704730510711670e-01 -5.080180168151855469e-01 6.131125092506408691e-01
-1.337441921234130859e+00 2.691483974456787109e+00 4.876741409301757812e+00 4.790828377008438110e-02 -8.684989213943481445e-01 -1.915712505578994751e-01 4.571762084960937500e-01 2.838049829006195068e-01
-1.582668304443359375e+00 2.633535146713256836e+00 5.012694835662841797e+00 3.709817305207252502e-02 -9.625327587127685547e-01 9.918594360351562500e-02 2.523744702339172363e-01 4.872018396854400635e-01
-2.052510738372802734e+00 2.705227136611938477e+00 5.123751640319824219e+00 2.980523183941841125e-02 -9.736313819885253906e-01 7.281965762376785278e-02 2.161925286054611206e-01 2.604116201400756836e-01
-2.312798500061035156e+00 2.701729059219360352e+00 5.191947937011718750e+00 2.556801773607730865e-02 -9.136332273483276367e-01 6.141097843647003174e-02 -4.018743634223937988e-01 2.299986928701400757e-01
-1.339080333709716797e+00 2.857730865478515625e+00 5.873737335205078125e+00 5.372955650091171265e-02 9.470957517623901367e-02 -5.400511026382446289e-01 -8.362863659858703613e-01 9.913914203643798828e-01
-1.245186090469360352e+00 2.322328805923461914e+00 5.044650077819824219e+00 5.372955650091171265e-02 -4.414539411664009094e-02 -3.407664299011230469e-01 -9.391109943389892578e-01 1.891232430934906006e-01
-1.249493360519409180e+00 2.269735574722290039e+00 4.853941917419433594e+00 5.372955650091171265e-02 3.586578741669654846e-02 -7.465214133262634277e-01 -6.643940210342407227e-01 3.638984560966491699e-01
-1.061137437820434570e+00 2.808870077133178711e+00 5.385287761688232422e+00 4.944099113345146179e-02 4.514371156692504883e-01 5.541874766349792480e-01 -6.993430852890014648e-01 2.795540690422058105e-01
-7.812086343765258789e-01 3.069492340087890625e+00 5.269259452819824219e+00 6.284409761428833008e-02 2.684254050254821777e-01 2.983156144618988037e-01 -9.159451723098754883e-01 1.186110258102416992e+00
-3.023286759853363037e-01 3.421580553054809570e+00 4.237129688262939453e+00 6.402916461229324341e-02 2.939748466014862061e-01 4.262825548648834229e-01 -8.554893136024475098e-01 3.124252259731292725e-01
-1.961738467216491699e-01 3.519196987152099609e+00 3.966874837875366211e+00 4.385212436318397522e-02 4.816537201404571533e-01 2.637796401977539062e-01 -8.357212543487548828e-01 1.574425995349884033e-01
-1.426829695701599121e-01 3.563447237014770508e+00 3.831112384796142578e+00 4.412931948900222778e-02 1.780691742897033691e-01 -4.921183735132217407e-02 -9.827866554260253906e-01 2.660675942897796631e-01
-7.699275761842727661e-02 3.594194889068603516e+00 3.579427003860473633e+00 4.718357697129249573e-02 4.801219999790191650e-01 -4.411761183291673660e-03 -8.771906495094299316e-01 2.006158232688903809e-01
-1.258508801460266113e+00 2.918076515197753906e+00 5.508043289184570312e+00 5.970292165875434875e-02 -7.180334925651550293e-01 6.153972148895263672e-01 -3.251371383666992188e-01 1.186399012804031372e-01
-1.343696236610412598e+00 2.991086959838867188e+00 5.469469070434570312e+00 5.944269523024559021e-02 -1.831333898007869720e-02 9.852027297019958496e-01 -1.704119592905044556e-01 2.122035622596740723e-01
-1.196946501731872559e+00 3.396605730056762695e+00 5.544559955596923828e+00 5.388161540031433105e-02 -6.070552468299865723e-01 6.893469691276550293e-01 -3.953285515308380127e-01 5.046136975288391113e-01
-1.414591550827026367e+00 3.789921283721923828e+00 5.370163440704345703e+00 3.576520830392837524e-02 -2.218277156352996826e-01 7.658449411392211914e-01 -6.035510897636413574e-01 1.484658271074295044e-01
-1.428209424018859863e+00 3.960660696029663086e+00 5.332468509674072266e+00 3.020517155528068542e-02 -2.487681806087493896e-01 6.966646313667297363e-01 -6.728839278221130371e-01 1.181400060653686523e+00
-1.217583775520324707e+00 2.738857507705688477e+00 5.228037834167480469e+00 6.010420247912406921e-02 -3.004600107669830322e-02 -4.554299414157867432e-01 8.897644877433776855e-01 5.251001715660095215e-01
-1.188834428787231445e+00 2.580961942672729492e+00 5.717746257781982422e+00 6.002379581332206726e-02 3.370115458965301514e-01 7.512082904577255249e-02 -9.384988546371459961e-01 8.030371665954589844e-01
-9.745639562606811523e-01 2.566217660903930664e+00 4.958644866943359375e+00 6.181971728801727295e-02 4.089825600385665894e-02 4.179399460554122925e-02 -9.982888102531433105e-01 5.862168669700622559e-01
-9.953448772430419922e-01 2.537076234817504883e+00 4.369741439819335938e+00 6.038734689354896545e-02 2.885598130524158478e-02 4.461206123232841492e-02 -9.985875487327575684e-01 7.061712145805358887e-01
-9.749178290367126465e-01 2.540728092193603516e+00 3.662298202514648438e+00 2.343847602605819702e-02 4.261375963687896729e-02 8.121792227029800415e-02 -9.957849979400634766e-01 5.493786334991455078e-01
-1.077402234077453613e+00 2.528134346008300781e+00 3.141996622085571289e+00 6.037770584225654602e-02 -1.802268922328948975e-01 -6.257479637861251831e-02 -9.816326498985290527e-01 1.665949076414108276e-01
-1.092616319656372070e+00 2.561938524246215820e+00 2.966111898422241211e+00 6.101493537425994873e-02 -3.121819794178009033e-01 -1.570774316787719727e-01 -9.369466900825500488e-01 2.272606939077377319e-01
-1.146729350090026855e+00 2.527330160140991211e+00 2.749115705490112305e+00 5.995603278279304504e-02 -2.344418019056320190e-01 -4.734455607831478119e-03 -9.721186161041259766e-01 8.758056163787841797e-02
-1.143015384674072266e+00 2.485445737838745117e+00 2.639777421951293945e+00 5.940132960677146912e-02 -8.768786191940307617e-01 -4.767503440380096436e-01 -6.158764287829399109e-02 1.125165522098541260e-01
-1.591072440147399902e+00 2.353215932846069336e+00 2.537165403366088867e+00 5.995966866612434387e-02 -1.305430233478546143e-01 -4.775003790855407715e-01 8.688796758651733398e-01 1.234220489859580994e-01
-1.647388696670532227e+00 2.370438337326049805e+00 2.704408168792724609e+00 5.165511369705200195e-02 -1.747736036777496338e-01 -6.646309494972229004e-01 7.264432907104492188e-01 5.194448232650756836e-01
-1.744232058525085449e+00 2.022715806961059570e+00 3.073526144027709961e+00 5.654647573828697205e-02 -1.151600256562232971e-01 -9.243519306182861328e-01 3.637466728687286377e-01 3.098176121711730957e-01
-1.738913059234619141e+00 1.579564929008483887e+00 3.144995927810668945e+00 5.621334537863731384e-02 5.804568901658058167e-02 -2.396667301654815674e-01 9.691184163093566895e-01 2.770358622074127197e-01
-1.811430454254150391e+00 1.526577353477478027e+00 3.485143184661865234e+00 5.562284961342811584e-02 5.659567713737487793e-01 -3.204305469989776611e-01 7.596164941787719727e-01 8.889327645301818848e-01
-1.302836298942565918e+00 1.300652384757995605e+00 4.171507358551025391e+00 4.060982912778854370e-02 9.072200655937194824e-01 -5.278748925775289536e-03 -4.206232726573944092e-01 8.071771264076232910e-02
-9.255803823471069336e-01 1.076128363609313965e+00 3.848194837570190430e+00 5.406362563371658325e-02 3.659707605838775635e-01 -5.092609524726867676e-01 7.789214849472045898e-01 6.374967694282531738e-01
-5.452333688735961914e-01 7.282927036285400391e-01 4.363294124603271484e+00 5.279999598860740662e-02 -1.740485727787017822e-01 -3.761496245861053467e-01 9.100651144981384277e-01 9.756210446357727051e-01
-7.325643301010131836e-01 2.864153385162353516e-01 5.220436573028564453e+00 5.036387220025062561e-02 1.042456477880477905e-01 -3.983617722988128662e-01 9.112852215766906738e-01 1.908145666122436523e+00
-5.035828948020935059e-01 -4.858058094978332520e-01 6.850275993347167969e+00 5.201817676424980164e-02 1.174041330814361572e-01 -9.829705357551574707e-01 1.413690745830535889e-01 3.397402763366699219e-01
-4.653265476226806641e-01 -7.931764721870422363e-01 6.917636871337890625e+00 5.515867099165916443e-02 7.862655520439147949e-01 -3.311284482479095459e-01 5.216708183288574219e-01 1.208456009626388550e-01
-2.697513401508331299e-01 -7.619038820266723633e-01 6.893139839172363281e+00 5.036397650837898254e-02 3.693114221096038818e-01 4.662092924118041992e-01 8.039017319679260254e-01 4.640613794326782227e-01
-2.335544824600219727e-01 -4.048936367034912109e-01 7.138615131378173828e+00 5.191940441727638245e-02 -4.941851496696472168e-01 2.735362648963928223e-01 8.252024054527282715e-01 1.848148107528686523e-01
-3.093106150627136230e-01 -3.504086136817932129e-01 7.289775371551513672e+00 5.667851865291595459e-02 2.574026882648468018e-01 -9.309203028678894043e-01 2.590969502925872803e-01 1.723389327526092529e-01
-1.094200253486633301e+00 2.889409065246582031e+00 5.417319297790527344e+00 6.284747272729873657e-02 7.222702503204345703e-01 4.494572579860687256e-01 5.256556868553161621e-01 1.957331597805023193e-01
-9.035807847976684570e-01 2.996523380279541016e+00 5.613668918609619141e+00 6.245530396699905396e-02 8.822619318962097168e-01 -2.080898135900497437e-01 -4.222706854343414307e-01 5.002509355545043945e-01
-4.709289669990539551e-01 2.926778793334960938e+00 5.474843025207519531e+00 4.441185295581817627e-02 9.187189936637878418e-01 3.879799842834472656e-01 -7.366792857646942139e-02 4.389630258083343506e-01
-6.247585639357566833e-02 3.099412679672241211e+00 5.464503288269042969e+00 4.302345961332321167e-02 9.210804104804992676e-01 3.000404834747314453e-01 -2.481663674116134644e-01 2.811999917030334473e-01
2.121789157390594482e-01 3.148334264755249023e+00 5.311244487762451172e+00 5.982679128646850586e-02 7.438269257545471191e-01 6.539126038551330566e-01 -1.382746100425720215e-01 3.037888407707214355e-01
4.387640058994293213e-01 3.424941778182983398e+00 5.160797595977783203e+00 4.202669113874435425e-02 -6.773787736892700195e-01 5.991353988647460938e-01 4.268428385257720947e-01 1.423859000205993652e-01
3.732053637504577637e-01 3.483045339584350586e+00 5.252995014190673828e+00 4.202669113874435425e-02 7.510823011398315430e-01 6.318832635879516602e-01 -1.913083493709564209e-01 2.182305753231048584e-01
-1.684810400009155273e+00 2.470281839370727539e+00 3.241573810577392578e+00 1.876755617558956146e-02 -4.758834540843963623e-01 -7.669459581375122070e-01 4.304983615875244141e-01 2.015324980020523071e-01
-1.829124927520751953e+00 2.395183086395263672e+00 3.353423357009887695e+00 8.812591433525085449e-03 -3.559941351413726807e-01 7.717886567115783691e-02 -9.312956333160400391e-01 2.013444602489471436e-01
-1.660830497741699219e+00 2.529380321502685547e+00 3.437004327774047852e+00 1.254488714039325714e-02 -8.114550709724426270e-01 1.599146574735641479e-01 5.621103048324584961e-01 2.058346718549728394e-01
-1.899385333061218262e+00 3.258941411972045898e+00 4.621975421905517578e+00 3.692936152219772339e-02 -5.120148658752441406e-01 6.368705630302429199e-01 -5.763997435569763184e-01 1.133430972695350647e-01
-1.932760834693908691e+00 3.364668846130371094e+00 4.569468498229980469e+00 4.933434352278709412e-02 -3.441924452781677246e-01 5.452513098716735840e-01 -7.643510699272155762e-01 4.339672923088073730e-01
-2.047583580017089844e+00 3.571277141571044922e+00 4.198729515075683594e+00 4.945259168744087219e-02 -4.945926070213317871e-01 4.202120602130889893e-01 -7.607890367507934570e-01 1.645235121250152588e-01
-2.162945032119750977e+00 3.583845376968383789e+00 4.061561107635498047e+00 4.849195107817649841e-02 1.698136627674102783e-01 1.058279648423194885e-01 -9.797773957252502441e-01 7.435805201530456543e-01
-2.042611837387084961e+00 3.659695863723754883e+00 3.335162878036499023e+00 4.757377132773399353e-02 -1.410125494003295898e-01 -3.917924463748931885e-01 -9.091832041740417480e-01 1.827969700098037720e-01
-2.067216634750366211e+00 3.615500450134277344e+00 3.094700574874877930e+00 4.659133404493331909e-02 9.933102130889892578e-01 -1.125385463237762451e-01 -2.588241547346115112e-02 1.694109141826629639e-01
-1.851971864700317383e+00 3.561636924743652344e+00 3.080310344696044922e+00 4.513814672827720642e-02 2.888042032718658447e-01 6.034965515136718750e-01 -7.432253956794738770e-01 2.164719402790069580e-01
-1.996495246887207031e+00 3.213495969772338867e+00 4.505810260772705078e+00 2.010613866150379181e-02 8.975033164024353027e-01 3.766098320484161377e-01 2.294621318578720093e-01 5.827671885490417480e-01
-1.360783338546752930e+00 2.720037460327148438e+00 4.846151351928710938e+00 3.278603777289390564e-02 -5.957552194595336914e-01 3.736652135848999023e-01 7.109501361846923828e-01 2.540517449378967285e-01
-1.553270578384399414e+00 2.678643941879272461e+00 4.948497772216796875e+00 2.353260852396488190e-02 -3.486359715461730957e-01 2.054382860660552979e-01 -9.144660234451293945e-01 2.273593246936798096e-01
-1.267800807952880859e+00 2.536645412445068359e+00 5.278350353240966797e+00 9.114835411310195923e-03 -5.592146515846252441e-01 -7.707691192626953125e-01 -3.052768111228942871e-01 1.249681860208511353e-01
-1.912553161382675171e-01 3.476908683776855469e+00 3.956362009048461914e+00 1.609644107520580292e-02 -6.457291543483734131e-02 -9.970840215682983398e-01 4.066614806652069092e-02 1.905279457569122314e-01
-2.193058729171752930e-01 3.234438180923461914e+00 3.922582864761352539e+00 4.856763873249292374e-03 8.154827952384948730e-01 1.883054524660110474e-01 -5.472922921180725098e-01 3.551131784915924072e-01
-1.516255084425210953e-02 3.607740879058837891e+00 3.560469865798950195e+00 4.482439905405044556e-02 6.487525105476379395e-01 2.783336043357849121e-01 7.082729935646057129e-01 1.119384244084358215e-01
4.995545744895935059e-02 3.638453245162963867e+00 3.635705947875976562e+00 4.436007887125015259e-02 -4.044795632362365723e-01 6.080309748649597168e-01 6.831504702568054199e-01 1.261053681373596191e-01
4.411275684833526611e-02 3.821617364883422852e+00 3.750293016433715820e+00 4.222367703914642334e-02 -2.954365313053131104e-01 -1.275468617677688599e-01 9.468099474906921387e-01 3.622866272926330566e-01
-6.577525287866592407e-02 3.772469043731689453e+00 4.091711044311523438e+00 3.799654170870780945e-02 -2.064428925514221191e-01 -3.049963414669036865e-01 9.297088384628295898e-01 1.475402116775512695e-01
-1.220060065388679504e-01 3.694418430328369141e+00 4.224870681762695312e+00 3.435677289962768555e-02 7.745031733065843582e-03 -1.263910531997680664e-01 9.919502735137939453e-01 1.497557014226913452e-01
-1.855939179658889771e-01 3.691303730010986328e+00 4.407857894897460938e+00 3.355425223708152771e-02 -2.753372490406036377e-01 5.655698776245117188e-01 -7.773802876472473145e-01 1.539669185876846313e-01
-2.228969633579254150e-01 3.827627420425415039e+00 4.310726165771484375e+00 1.794390566647052765e-02 5.475876480340957642e-02 4.111731648445129395e-01 -9.099110364913940430e-01 3.153910636901855469e-01
-1.365237951278686523e+00 3.199632167816162109e+00 5.477946758270263672e+00 5.647056177258491516e-02 5.445629358291625977e-01 6.644083261489868164e-01 5.118718743324279785e-01 4.872946441173553467e-01
-1.021626949310302734e+00 3.455116748809814453e+00 5.815513610839843750e+00 5.647056177258491516e-02 -1.047405600547790527e-02 7.859604954719543457e-01 6.181880235671997070e-01 1.643244326114654541e-01
-9.151370525360107422e-01 3.587470054626464844e+00 5.929101943969726562e+00 4.910660162568092346e-02 -7.983057945966720581e-02 8.693023324012756348e-01 4.877915084362030029e-01 2.758296132087707520e-01
-9.236339330673217773e-01 3.848208189010620117e+00 6.043543338775634766e+00 5.647056177258491516e-02 -4.364737868309020996e-01 7.534052729606628418e-01 4.918039441108703613e-01 1.797946542501449585e-01
-1.049666166305541992e+00 2.656079292297363281e+00 5.425288200378417969e+00 5.588536709547042847e-02 -4.037568271160125732e-01 -2.603612542152404785e-01 8.770361542701721191e-01 1.420347839593887329e-01
-1.073459148406982422e+00 2.531766414642333984e+00 5.537818908691406250e+00 5.460503324866294861e-02 3.551782667636871338e-02 -1.230716109275817871e-01 9.917619824409484863e-01 2.676513791084289551e-01
-1.000559210777282715e+00 2.498866796493530273e+00 5.776870727539062500e+00 5.242731049656867981e-02 3.843746185302734375e-01 -2.602156950160861015e-03 9.231735467910766602e-01 2.644971311092376709e-01
-9.073759913444519043e-01 2.509761810302734375e+00 6.031046390533447266e+00 3.520480170845985413e-02 4.336670339107513428e-01 -3.854546248912811279e-01 8.144677281379699707e-01 2.586153149604797363e-01
-8.057834506034851074e-01 2.411959409713745117e+00 6.299447059631347656e+00 2.704109437763690948e-02 9.720308184623718262e-01 -1.478011161088943481e-01 1.825129091739654541e-01 8.097308874130249023e-01
-1.271758794784545898e+00 2.552701234817504883e+00 5.502484798431396484e+00 1.673230528831481934e-02 -7.364248633384704590e-01 -5.982456207275390625e-01 -3.158806264400482178e-01 1.556648612022399902e-01
-1.370125174522399902e+00 2.464433908462524414e+00 5.436158180236816406e+00 1.673230528831481934e-02 -1.987727582454681396e-01 -8.772477507591247559e-01 -4.369504749774932861e-01 6.317518651485443115e-02
-1.496064424514770508e+00 2.480228185653686523e+00 5.414705276489257812e+00 2.499999944120645523e-03 -5.320560932159423828e-01 -8.349477648735046387e-01 -1.406362801790237427e-01 8.131629228591918945e-01
-1.736035466194152832e+00 1.634102702140808105e+00 3.158310890197753906e+00 1.017193868756294250e-02 -6.385220587253570557e-02 6.874607205390930176e-01 -7.234090566635131836e-01 4.436814486980438232e-01
-1.180745363235473633e+00 2.474053859710693359e+00 2.726543188095092773e+00 5.602638050913810730e-02 -5.068007111549377441e-01 -7.937581539154052734e-01 -3.363049030303955078e-01 3.538855314254760742e-01
-1.361970186233520508e+00 2.193139791488647461e+00 2.609271287918090820e+00 5.575481802225112915e-02 -6.595500707626342773e-01 2.518557310104370117e-01 -7.082107067108154297e-01 1.787705719470977783e-01
-1.485420703887939453e+00 2.197462081909179688e+00 2.415297508239746094e+00 5.373673141002655029e-02 -8.103275895118713379e-01 5.286657214164733887e-01 -2.527482807636260986e-01 3.814282715320587158e-01
-1.786379814147949219e+00 2.363693714141845703e+00 2.335706949234008789e+00 4.183877259492874146e-02 -5.860161781311035156e-01 2.339278757572174072e-01 7.757981419563293457e-01 2.930165529251098633e-01
-2.010615348815917969e+00 2.461301326751708984e+00 2.531068086624145508e+00 4.183877259492874146e-02 -4.320038557052612305e-01 1.890343427658081055e-01 8.818382620811462402e-01 7.795739173889160156e-02
-2.056619405746459961e+00 2.420168399810791016e+00 2.606971979141235352e+00 5.147562921047210693e-02 -2.825757563114166260e-01 1.829833686351776123e-01 9.416305422782897949e-01 5.399728417396545410e-01
-2.180545806884765625e+00 2.510020971298217773e+00 3.147246122360229492e+00 5.130417272448539734e-02 -5.180399417877197266e-01 -8.224029541015625000e-01 2.351341098546981812e-01 1.644943952560424805e-01
-2.268204450607299805e+00 2.372204065322875977e+00 3.177801370620727539e+00 4.959226027131080627e-02 -5.446558594703674316e-01 -7.398869991302490234e-01 3.948635756969451904e-01 2.209208905696868896e-01
-1.712871432304382324e+00 1.817869305610656738e+00 3.147754192352294922e+00 7.993921637535095215e-03 4.715945422649383545e-01 -7.608685493469238281e-01 -4.457327425479888916e-01 2.133036106824874878e-01
-1.694677352905273438e+00 1.983648896217346191e+00 3.068275213241577148e+00 6.673186551779508591e-03 9.412729740142822266e-01 -1.288196593523025513e-01 -3.121068179607391357e-01 1.494724303483963013e-01
-1.658733367919921875e+00 1.982043027877807617e+00 3.009207487106323242e+00 6.673186551779508591e-03 9.481505304574966431e-02 -1.314667165279388428e-01 -9.867758750915527344e-01 1.860928982496261597e-01
-1.701628446578979492e+00 1.908247947692871094e+00 3.111903190612792969e+00 2.566428668797016144e-02 1.794389337301254272e-01 -5.205054879188537598e-01 -8.347908258438110352e-01 2.329880297183990479e-01
-1.779084086418151855e+00 2.007457971572875977e+00 3.055681228637695312e+00 3.579397127032279968e-02 -1.774143427610397339e-01 -6.732794642448425293e-01 7.177875638008117676e-01 2.927317023277282715e-01
-2.133641719818115234e+00 1.694878220558166504e+00 2.896322965621948242e+00 4.686048626899719238e-02 -6.338832974433898926e-01 -4.189429581165313721e-01 6.501374840736389160e-01 4.233208596706390381e-01
-2.413318634033203125e+00 1.474819540977478027e+00 3.183397054672241211e+00 4.210774973034858704e-02 2.291892841458320618e-02 2.617751657962799072e-01 9.648567438125610352e-01 2.507678568363189697e-01
-2.431422472000122070e+00 1.525784015655517578e+00 3.465996503829956055e+00 4.147334024310112000e-02 8.279739022254943848e-01 -4.609150588512420654e-01 3.194002509117126465e-01 1.764352321624755859e-01
-2.132883548736572266e+00 1.383197307586669922e+00 3.580816507339477539e+00 3.443153202533721924e-02 7.663797587156295776e-02 -5.819286108016967773e-01 -8.096207380294799805e-01 4.613145291805267334e-01
-1.939815759658813477e+00 1.141662240028381348e+00 3.567933082580566406e+00 2.790644764900207520e-02 3.077310323715209961e-01 -9.493369460105895996e-01 -6.372620165348052979e-02 5.747569203376770020e-01
-1.811539530754089355e+00 6.064110398292541504e-01 3.539994478225708008e+00 2.170982398092746735e-02 -2.635038495063781738e-01 -8.477449417114257812e-01 -4.603196680545806885e-01 4.649420678615570068e-01
-1.670625448226928711e+00 1.433767318725585938e+00 3.597949266433715820e+00 2.499999944120645523e-03 2.277318835258483887e-01 -2.944442629814147949e-01 9.281383156776428223e-01 6.821161508560180664e-01
-9.113333225250244141e-01 1.038427591323852539e+00 3.981136798858642578e+00 3.195653855800628662e-02 -7.044451236724853516e-01 6.904380917549133301e-01 1.644760072231292725e-01 3.099820315837860107e-01
-1.129698634147644043e+00 1.252450942993164062e+00 4.032121181488037109e+00 3.195653855800628662e-02 -1.030902341008186340e-01 9.808223247528076172e-01 -1.654085665941238403e-01 1.435646414756774902e-01
-1.332055091857910156e+00 1.224089741706848145e+00 4.071699142456054688e+00 5.284170806407928467e-02 -6.508817076683044434e-01 6.255018115043640137e-01 -4.302330613136291504e-01 7.353574037551879883e-02
-1.380837798118591309e+00 1.269944310188293457e+00 4.005974292755126953e+00 5.248204991221427917e-02 -7.169514894485473633e-01 6.969292163848876953e-01 1.643719524145126343e-02 1.249713525176048279e-01
-1.527195334434509277e+00 1.412212014198303223e+00 3.968595743179321289e+00 5.101526156067848206e-02 -1.423851698637008667e-01 4.744131267070770264e-01 8.687109351158142090e-01 1.464330404996871948e-01
-1.479342937469482422e+00 1.447792172431945801e+00 4.111250877380371094e+00 4.633855447173118591e-02 -5.765223409980535507e-03 4.050450623035430908e-01 9.142785668373107910e-01 2.924485206604003906e-01
-1.487004756927490234e+00 1.558471560478210449e+00 4.390505313873291016e+00 2.626095339655876160e-02 8.481112122535705566e-01 -5.230695009231567383e-01 8.429531753063201904e-02 8.161593973636627197e-02
-1.258928775787353516e+00 1.335571050643920898e+00 4.173617839813232422e+00 2.826325129717588425e-03 3.225389719009399414e-01 8.580172657966613770e-01 3.997186720371246338e-01 1.620104312896728516e-01
-1.201694369316101074e+00 1.496759414672851562e+00 4.251278400421142578e+00 2.826325129717588425e-03 5.411663651466369629e-01 3.287302851676940918e-01 -7.739995718002319336e-01 3.846415877342224121e-01
-6.424868106842041016e-01 7.405106425285339355e-01 4.324917316436767578e+00 5.061050131916999817e-02 3.653790354728698730e-01 2.656022310256958008e-01 -8.921623229980468750e-01 2.345789670944213867e-01
-5.615062117576599121e-01 8.075472116470336914e-01 4.121861457824707031e+00 5.019529536366462708e-02 -1.649648398160934448e-01 7.208970785140991211e-01 -6.731225848197937012e-01 2.971425354480743408e-01
-5.907027721405029297e-01 1.008342862129211426e+00 3.911115646362304688e+00 3.803351894021034241e-02 -2.730063796043395996e-01 3.219243884086608887e-01 -9.065496325492858887e-01 1.173213049769401550e-01
-6.346532702445983887e-01 1.048990607261657715e+00 3.807050466537475586e+00 4.866457730531692505e-02 -3.018075600266456604e-02 5.431469678878784180e-01 -8.390950560569763184e-01 1.656291931867599487e-01
-6.362416148185729980e-01 1.146839618682861328e+00 3.674393892288208008e+00 4.774609208106994629e-02 2.950482964515686035e-01 5.166388750076293945e-01 -8.037604093551635742e-01 9.940774738788604736e-02
-6.191439628601074219e-01 1.146224260330200195e+00 3.537953376770019531e+00 4.375609010457992554e-02 2.107951343059539795e-01 6.965282559394836426e-01 -6.858671903610229492e-01 4.917109012603759766e-01
-5.757772326469421387e-01 1.516661882400512695e+00 3.158407688140869141e+00 3.862702101469039917e-02 5.678001642227172852e-01 -2.067354694008827209e-02 -8.229067921638488770e-01 1.470147967338562012e-01
-7.542232275009155273e-01 7.669453620910644531e-01 4.228576660156250000e+00 3.200954943895339966e-02 2.775264382362365723e-01 -7.622846961021423340e-01 5.847230553627014160e-01 5.596410110592842102e-02
-5.092074871063232422e-01 7.045816779136657715e-01 4.302235603332519531e+00 5.015999451279640198e-02 5.074537396430969238e-01 -8.269576430320739746e-01 -2.421399205923080444e-01 8.368116617202758789e-02
-4.196490943431854248e-01 6.220790147781372070e-01 4.231505393981933594e+00 5.011035501956939697e-02 6.142935752868652344e-01 6.843269467353820801e-01 3.928612768650054932e-01 1.198733076453208923e-01
-2.970570921897888184e-01 8.826423883438110352e-01 4.453553676605224609e+00 4.979109391570091248e-02 7.435525059700012207e-01 3.527794778347015381e-01 -5.680460333824157715e-01 2.950319647789001465e-01
-2.802797034382820129e-02 1.061791300773620605e+00 4.262165546417236328e+00 4.704012721776962280e-02 7.965954542160034180e-01 -5.804632902145385742e-01 -1.688136011362075806e-01 9.684813022613525391e-01
7.121136188507080078e-01 5.457091927528381348e-01 4.043578624725341797e+00 4.418566450476646423e-02 5.510251522064208984e-01 -4.586358666419982910e-01 -6.971545219421386719e-01 1.099069267511367798e-01
8.272164463996887207e-01 4.904696643352508545e-01 4.015080451965332031e+00 4.024489223957061768e-02 5.620757937431335449e-01 -4.653471112251281738e-01 -6.837564706802368164e-01 4.500685930252075195e-01
9.325099587440490723e-01 1.922225207090377808e-01 3.550722360610961914e+00 4.102959483861923218e-02 6.928936839103698730e-01 -6.663294434547424316e-01 -2.755056321620941162e-01 6.374309062957763672e-01
1.305392861366271973e+00 -2.999527752399444580e-01 3.329240083694458008e+00 4.075667634606361389e-02 7.577061653137207031e-01 -6.027225255966186523e-01 -2.502138316631317139e-01 7.610546052455902100e-02
1.337082386016845703e+00 -4.147057533264160156e-01 3.326187372207641602e+00 2.939845994114875793e-02 8.774878978729248047e-01 -3.942889571189880371e-01 -2.730407416820526123e-01 7.605262398719787598e-01
1.997335433959960938e+00 -7.163029909133911133e-01 3.099252700805664062e+00 2.727662399411201477e-02 9.387668371200561523e-01 -1.759938150644302368e-02 -3.441033661365509033e-01 8.775684982538223267e-02
2.065055608749389648e+00 -7.562807202339172363e-01 3.025423049926757812e+00 3.112161904573440552e-02 -5.011447668075561523e-01 7.259389162063598633e-01 -4.710271954536437988e-01 2.362445294857025146e-01
2.020011186599731445e+00 -6.436395049095153809e-01 2.867563247680664062e+00 2.493318729102611542e-02 -3.970141112804412842e-01 -8.204092383384704590e-01 4.114710986614227295e-01 1.937781721353530884e-01
-1.746602505445480347e-01 -6.176344156265258789e-01 7.044987678527832031e+00 2.499999944120645523e-03 -8.312236666679382324e-01 5.516442656517028809e-01 -6.896238774061203003e-02 1.023909568786621094e+00
-1.019193887710571289e+00 1.517306864261627197e-01 7.370962619781494141e+00 2.499999944120645523e-03 -5.059948563575744629e-01 7.699757814407348633e-01 -3.887242078781127930e-01 9.429780840873718262e-01
-7.485543489456176758e-01 4.118506908416748047e-01 5.207927703857421875e+00 3.453176468610763550e-02 -9.116333723068237305e-01 4.375012218952178955e-02 -4.086692035198211670e-01 1.265933662652969360e-01
-8.661463260650634766e-01 4.669398069381713867e-01 5.149315834045410156e+00 4.649902135133743286e-02 -6.148169636726379395e-01 8.175725489854812622e-02 7.844207286834716797e-01 1.199015900492668152e-01
-9.289458394050598145e-01 4.852542579174041748e-01 5.250711441040039062e+00 4.033584892749786377e-02 -6.049617528915405273e-01 9.393739700317382812e-02 7.906939983367919922e-01 4.523220658302307129e-01
-1.262996077537536621e+00 4.958453476428985596e-01 5.496329784393310547e+00 3.420295193791389465e-02 -4.567669034004211426e-01 -7.598093152046203613e-01 4.626594185829162598e-01 4.254677891731262207e-01
-1.494723200798034668e+00 1.407124102115631104e-01 5.690155029296875000e+00 2.021250687539577484e-02 2.887591347098350525e-02 -1.279195696115493774e-01 9.913641214370727539e-01 4.060871899127960205e-01
-6.279453039169311523e-01 2.460463345050811768e-02 5.751468658447265625e+00 3.680719807744026184e-02 9.830013513565063477e-01 1.255856305360794067e-01 -1.339274644851684570e-01 6.028153002262115479e-02
-5.235834717750549316e-01 1.480785198509693146e-02 5.782269477844238281e+00 4.784568026661872864e-02 5.715064406394958496e-01 -2.587862312793731689e-01 -7.787233591079711914e-01 4.046056866645812988e-01
-2.978390157222747803e-01 -9.409155696630477905e-02 5.445700168609619141e+00 4.784568026661872864e-02 7.811404466629028320e-01 -6.193746328353881836e-01 -7.870605587959289551e-02 7.903307676315307617e-02
-2.236619740724563599e-01 -1.323152631521224976e-01 5.452198982238769531e+00 3.547446429729461670e-02 3.103405833244323730e-01 -8.543003797531127930e-01 4.169647395610809326e-01 2.268477529287338257e-01
-7.377887368202209473e-01 1.867848783731460571e-01 5.528555870056152344e+00 4.784568026661872864e-02 -6.664085388183593750e-01 3.558526933193206787e-01 6.551858782768249512e-01 7.380582690238952637e-01
-1.109238743782043457e+00 3.856290280818939209e-01 6.013729095458984375e+00 3.578835725784301758e-02 2.116226404905319214e-01 4.216047227382659912e-01 8.817399144172668457e-01 1.149425283074378967e-01
-1.054727077484130859e+00 4.327042996883392334e-01 6.140604496002197266e+00 3.084485605359077454e-02 -6.305641531944274902e-01 -2.589971423149108887e-01 7.316483855247497559e-01 8.643887937068939209e-02
-1.320911288261413574e+00 4.606609940528869629e-01 6.264111995697021484e+00 2.587755583226680756e-02 2.120451033115386963e-01 -2.418633997440338135e-01 9.468573927879333496e-01 3.575600981712341309e-01
-1.200252652168273926e+00 4.462767541408538818e-01 6.639050483703613281e+00 1.440034247934818268e-02 4.354188144207000732e-01 -6.064955592155456543e-01 6.652621030807495117e-01 4.858429133892059326e-01
-5.001105070114135742e-01 -5.841871500015258789e-01 6.812398910522460938e+00 4.517784714698791504e-02 -1.155970022082328796e-01 -3.404881954193115234e-01 -9.331158399581909180e-01 1.706256568431854248e-01
-5.198343396186828613e-01 -6.422831416130065918e-01 6.653185367584228516e+00 4.511576145887374878e-02 8.203361630439758301e-01 -4.689845144748687744e-01 -3.272646069526672363e-01 9.359233081340789795e-02
-4.112088978290557861e-01 -6.845645904541015625e-01 6.627553462982177734e+00 4.941726848483085632e-02 1.491762977093458176e-02 -9.754841923713684082e-01 2.195633649826049805e-01 9.247215092182159424e-02
-4.165976941585540771e-01 -8.187153339385986328e-01 6.570659160614013672e+00 4.499159753322601318e-02 -9.922946691513061523e-01 -4.790028184652328491e-02 1.142664477229118347e-01 1.067325472831726074e-01
-1.032747626304626465e+00 2.594719171524047852e+00 5.458873748779296875e+00 5.702260509133338928e-02 9.879024624824523926e-01 -9.424477070569992065e-02 -1.231531426310539246e-01 1.493073463439941406e+00
-7.895491123199462891e-01 -2.157590538263320923e-01 6.800312042236328125e+00 4.983422160148620605e-02 -7.872896194458007812e-01 5.366820693016052246e-01 3.035579025745391846e-01 2.255292177200317383e+00
-2.443417787551879883e+00 8.875913023948669434e-01 7.105484485626220703e+00 4.277371615171432495e-02 -7.531210184097290039e-01 5.292132496833801270e-01 -3.908222913742065430e-01 9.705808162689208984e-01
-2.835217237472534180e+00 1.461190462112426758e+00 6.603532791137695312e+00 4.086586833000183105e-02 -2.875179946422576904e-01 8.868901729583740234e-01 -3.616065084934234619e-01 2.484409809112548828e-01
-2.686020135879516602e+00 2.452642440795898438e+00 6.224176406860351562e+00 2.894038707017898560e-02 -9.556830525398254395e-01 2.907598316669464111e-01 4.613680019974708557e-02 2.237340688705444336e+00
-4.794807434082031250e+00 3.242291927337646484e+00 6.212728977203369141e+00 1.625668071210384369e-02 -9.818739891052246094e-01 1.880611330270767212e-01 -2.358940243721008301e-02 4.777353256940841675e-02
-4.699979305267333984e+00 3.250571727752685547e+00 6.276808738708496094e+00 1.352320704609155655e-02 2.969788908958435059e-01 7.106014490127563477e-01 -6.378472447395324707e-01 1.464658826589584351e-01
-4.621659755706787109e+00 3.362870693206787109e+00 6.223952293395996094e+00 1.369272544980049133e-02 4.751005768775939941e-01 -8.476778864860534668e-01 -2.360542416572570801e-01 1.256480515003204346e-01
-2.621299028396606445e-01 -3.362746238708496094e-01 7.181739807128906250e+00 4.672781378030776978e-02 1.287920027971267700e-01 9.441365599632263184e-01 -3.033459484577178955e-01 1.639348715543746948e-01
-2.410164028406143188e-01 -1.814977377653121948e-01 7.132010936737060547e+00 4.520445317029953003e-02 -4.749793112277984619e-01 -8.763526082038879395e-01 8.000476658344268799e-02 1.447054892778396606e-01
-2.819950878620147705e-01 -4.475558400154113770e-01 7.026799678802490234e+00 4.932343587279319763e-02 -6.050962209701538086e-01 -5.789644718170166016e-01 5.464967489242553711e-01 3.260089159011840820e-01
-4.641478657722473145e-01 -7.290044426918029785e-01 7.147571563720703125e+00 4.033301770687103271e-02 -6.999202370643615723e-01 -4.549672901630401611e-01 5.505600571632385254e-01 8.299126029014587402e-01
-4.662488102912902832e-01 -8.053488135337829590e-01 6.843678474426269531e+00 2.730759978294372559e-02 -1.728241704404354095e-02 1.249211654067039490e-02 -9.997726082801818848e-01 1.223719343543052673e-01
-4.683636724948883057e-01 -8.038201332092285156e-01 6.721334457397460938e+00 2.730759978294372559e-02 5.236602425575256348e-01 8.285903930664062500e-01 -1.980351060628890991e-01 2.683469951152801514e-01
-3.180733621120452881e-01 -8.114023208618164062e-01 7.049018383026123047e+00 2.703212574124336243e-02 1.332843154668807983e-01 2.041648775339126587e-01 9.698206186294555664e-01 4.156378507614135742e-01
-2.612571418285369873e-01 -6.900635957717895508e-01 7.461498737335205078e+00 3.079368919134140015e-02 -7.733219265937805176e-01 -1.296212077140808105e-01 6.206219196319580078e-01 1.496143490076065063e-01
-3.769571781158447266e-01 -7.094567418098449707e-01 7.554352760314941406e+00 3.035603463649749756e-02 -1.604563295841217041e-01 6.996319890022277832e-01 6.962534189224243164e-01 9.331035614013671875e-02
-4.619507491588592529e-01 -6.858910918235778809e-01 6.928795814514160156e+00 1.863246224820613861e-02 8.025742769241333008e-01 -3.235203325748443604e-01 5.012076497077941895e-01 4.661447405815124512e-01
-2.922764420509338379e-01 -7.278693318367004395e-01 6.964303493499755859e+00 7.466928102076053619e-03 -8.226773738861083984e-01 1.735634058713912964e-01 5.413664579391479492e-01 4.669903591275215149e-02
-2.582806050777435303e-01 -6.158679127693176270e-01 6.919729709625244141e+00 7.466928102076053619e-03 7.037201523780822754e-01 -6.626992821693420410e-01 -2.561398446559906006e-01 2.060377448797225952e-01
-3.345431983470916748e-01 -4.025779366493225098e-01 7.229835510253906250e+00 8.388339541852474213e-03 -6.195528805255889893e-02 -7.607957124710083008e-01 -6.460274457931518555e-01 2.477116435766220093e-01
-2.660713791847229004e-01 3.020019054412841797e+00 5.449525356292724609e+00 7.001435849815607071e-03 1.789332032203674316e-01 -6.094260215759277344e-01 -7.723877429962158203e-01 5.244910717010498047e-01
-4.943075776100158691e-02 3.115587234497070312e+00 5.441413402557373047e+00 9.396185167133808136e-03 -2.515646219253540039e-01 -8.684701472520828247e-02 -9.639360904693603516e-01 3.818784952163696289e-01
2.153558433055877686e-01 3.182790517807006836e+00 5.252305507659912109e+00 1.423857733607292175e-02 -4.285344183444976807e-01 1.499948799610137939e-01 -8.909881114959716797e-01 4.056815803050994873e-02
1.979709863662719727e-01 3.188875436782836914e+00 5.216159343719482422e+00 1.423857733607292175e-02 9.473876953125000000e-01 -7.288552075624465942e-02 -3.116797804832458496e-01 1.671840846538543701e-01
4.187420606613159180e-01 3.255086421966552734e+00 5.259056568145751953e+00 1.353225018829107285e-02 -5.006743669509887695e-01 -5.021189525723457336e-02 8.641781806945800781e-01 1.093085184693336487e-01
-1.964348077774047852e+00 3.500673770904541016e+00 4.441243648529052734e+00 2.813419140875339508e-02 6.682927608489990234e-01 6.749037504196166992e-01 3.128733336925506592e-01 1.067756935954093933e-01
-1.892990589141845703e+00 3.572736978530883789e+00 4.474650859832763672e+00 2.741452865302562714e-02 2.544800639152526855e-01 -4.305227845907211304e-02 -9.661192297935485840e-01 3.486727178096771240e-01
-1.800266623497009277e+00 3.529593229293823242e+00 4.139799118041992188e+00 4.491925984621047974e-02 4.451404213905334473e-01 -7.025633822195231915e-04 -8.954604864120483398e-01 2.176162749528884888e-01
-1.812327861785888672e+00 3.470019578933715820e+00 3.940047264099121094e+00 3.583620861172676086e-02 -9.663737565279006958e-02 2.562229335308074951e-01 -9.617749452590942383e-01 4.186146855354309082e-01
-1.894253134727478027e+00 3.506323814392089844e+00 3.544622182846069336e+00 1.386173255741596222e-02 -2.278648167848587036e-01 3.460671752691268921e-02 -9.730775952339172363e-01 2.014716118574142456e-01
-2.029840946197509766e+00 3.640323400497436523e+00 3.576916933059692383e+00 8.483769372105598450e-03 9.162749648094177246e-01 3.983054310083389282e-02 3.985645771026611328e-01 2.365318089723587036e-01
-1.813112735748291016e+00 3.649744510650634766e+00 3.671190261840820312e+00 8.483769372105598450e-03 4.310581684112548828e-01 -7.935583591461181641e-01 4.294811189174652100e-01 1.790199577808380127e-01
-2.002445936203002930e+00 3.653561592102050781e+00 3.419465303421020508e+00 2.060726098716259003e-02 9.588515162467956543e-01 -2.314995042979717255e-02 2.829627096652984619e-01 2.349395751953125000e-01
-1.777173757553100586e+00 3.648122787475585938e+00 3.485944509506225586e+00 2.060726098716259003e-02 3.809225931763648987e-02 -6.329125165939331055e-01 -7.732856869697570801e-01 2.217985540628433228e-01
-2.027353763580322266e+00 3.609299182891845703e+00 3.157126903533935547e+00 2.626642771065235138e-02 8.548490405082702637e-01 4.249470233917236328e-01 -2.977466881275177002e-01 1.429987102746963501e-01
-1.905111312866210938e+00 3.670066118240356445e+00 3.114549636840820312e+00 2.626642771065235138e-02 -5.967149734497070312e-01 6.979057192802429199e-01 -3.960540890693664551e-01 1.595021486282348633e-01
-1.376832127571105957e+00 2.737507820129394531e+00 4.823520660400390625e+00 1.730529218912124634e-02 -6.228584647178649902e-01 2.502655088901519775e-01 -7.412250041961669922e-01 1.670559942722320557e-01
2.154953405261039734e-02 3.766438007354736328e+00 3.895869016647338867e+00 4.011249169707298279e-02 5.981761813163757324e-01 -7.401516437530517578e-01 -3.071820735931396484e-01 1.046414449810981750e-01
6.985443085432052612e-02 3.678948163986206055e+00 3.876142024993896484e+00 4.011249169707298279e-02 1.236990094184875488e-01 -8.364381790161132812e-01 -5.339192152023315430e-01 3.550586402416229248e-01
1.269537508487701416e-01 3.422697305679321289e+00 3.670900821685791016e+00 4.011249169707298279e-02 2.233566530048847198e-02 -3.652105629444122314e-01 -9.306569695472717285e-01 1.984286606311798096e-01
1.384150832891464233e-01 3.467822074890136719e+00 3.402305841445922852e+00 4.011249169707298279e-02 -1.739527285099029541e-01 -5.651549696922302246e-01 -8.064367771148681641e-01 1.327061802148818970e-01
-9.127065539360046387e-02 3.773096799850463867e+00 3.828621387481689453e+00 2.609995938837528229e-02 -4.899723231792449951e-01 8.004704117774963379e-01 -3.452162146568298340e-01 2.223995327949523926e-01
-1.077002286911010742e+00 3.488278388977050781e+00 5.825497627258300781e+00 3.424738720059394836e-02 -9.745361804962158203e-01 1.459100395441055298e-01 -1.702629178762435913e-01 2.096591740846633911e-01
-1.281322717666625977e+00 3.518869876861572266e+00 5.789800643920898438e+00 3.424738720059394836e-02 -8.570167422294616699e-01 3.276568055152893066e-01 -3.976974487304687500e-01 1.529342085123062134e-01
-8.955174088478088379e-01 2.455975055694580078e+00 6.117688179016113281e+00 3.344456106424331665e-02 -9.217980504035949707e-01 -3.832055032253265381e-01 5.866763368248939514e-02 4.691793620586395264e-01
-1.175329804420471191e+00 2.188454389572143555e+00 6.164813041687011719e+00 3.344456106424331665e-02 3.215172588825225830e-01 7.016108632087707520e-01 6.359000205993652344e-01 3.960933685302734375e-01
-1.238511919975280762e+00 2.753661632537841797e+00 6.533093929290771484e+00 3.344456106424331665e-02 8.488726019859313965e-01 4.517317712306976318e-01 2.745062410831451416e-01 9.204745888710021973e-01
-5.355532765388488770e-01 3.346255540847778320e+00 6.973356723785400391e+00 3.344456106424331665e-02 9.509688615798950195e-01 1.187305226922035217e-01 2.855893671512603760e-01 2.851738631725311279e-01
-1.582961916923522949e+00 2.325054407119750977e+00 2.371294975280761719e+00 3.213925287127494812e-02 7.007631063461303711e-01 7.127702832221984863e-01 -2.982560172677040100e-02 4.353265464305877686e-02
-1.552455782890319824e+00 2.356083154678344727e+00 2.369996547698974609e+00 3.213925287127494812e-02 -6.816941499710083008e-01 -1.233037840574979782e-02 7.315333485603332520e-01 1.231836080551147461e-01
-1.813665390014648438e+00 2.329877376556396484e+00 2.343307971954345703e+00 2.045792900025844574e-02 -3.836145102977752686e-01 -1.154258567839860916e-02 9.234212040901184082e-01 2.832527160644531250e-01
-1.471112370491027832e+00 2.194666147232055664e+00 2.363576173782348633e+00 5.104989558458328247e-02 -3.098294436931610107e-01 -8.837103843688964844e-01 3.508014380931854248e-01 6.465505063533782959e-02
-1.484947085380554199e+00 1.987587571144104004e+00 2.401334762573242188e+00 4.972309991717338562e-02 -6.252103447914123535e-01 5.246033519506454468e-02 7.786911725997924805e-01 2.852891981601715088e-01
-1.686725378036499023e+00 2.010011434555053711e+00 2.628444433212280273e+00 3.302654996514320374e-02 1.598993241786956787e-01 -1.468976140022277832e-01 9.761420488357543945e-01 9.561093896627426147e-02
-1.655808329582214355e+00 2.006550073623657227e+00 2.750474214553833008e+00 3.873483091592788696e-02 5.977469682693481445e-01 -8.011201024055480957e-01 -3.008532151579856873e-02 1.177350953221321106e-01
-1.571070909500122070e+00 1.911145567893981934e+00 2.805916309356689453e+00 2.232725359499454498e-02 2.396946214139461517e-02 -9.994195103645324707e-01 -2.421057783067226410e-02 2.286286354064941406e-01
-2.076920986175537109e+00 2.492314338684082031e+00 2.579274415969848633e+00 3.971109539270401001e-02 -2.776216566562652588e-01 -4.357751905918121338e-01 8.561695218086242676e-01 6.223441660404205322e-02
-2.142726659774780273e+00 2.449794292449951172e+00 2.652501583099365234e+00 3.342830762267112732e-02 4.606765210628509521e-01 -5.620123147964477539e-01 6.869637966156005859e-01 1.489625871181488037e-01
-2.061105012893676758e+00 2.379073143005371094e+00 2.757202386856079102e+00 3.572990745306015015e-02 5.703667998313903809e-01 -6.596050858497619629e-01 4.894924163818359375e-01 1.552450209856033325e-01
-1.920579314231872559e+00 2.251484394073486328e+00 2.803479433059692383e+00 3.864813223481178284e-02 5.287917852401733398e-01 9.645508974790573120e-02 8.432530164718627930e-01 3.722173273563385010e-01
-1.716783761978149414e+00 2.289994478225708008e+00 3.113018512725830078e+00 3.815179318189620972e-02 5.872792601585388184e-01 -4.037367701530456543e-01 7.014981508255004883e-01 8.765635639429092407e-02
-1.632029175758361816e+00 2.178287744522094727e+00 3.224745750427246094e+00 3.639569878578186035e-02 4.294692277908325195e-01 -3.583901226520538330e-01 -8.289226293563842773e-01 1.768899410963058472e-01
-2.114440441131591797e+00 2.462188959121704102e+00 2.959089756011962891e+00 1.913101226091384888e-02 9.777600765228271484e-01 1.379203051328659058e-01 1.579975038766860962e-01 2.233243733644485474e-01
-1.917647838592529297e+00 2.494211196899414062e+00 2.983971834182739258e+00 1.913101226091384888e-02 2.554290294647216797e-01 8.670735955238342285e-01 -4.277141392230987549e-01 3.480387926101684570e-01
-2.215284109115600586e+00 2.494589090347290039e+00 3.142907857894897461e+00 1.007760502398014069e-02 7.246828079223632812e-01 3.751444071531295776e-02 6.880607008934020996e-01 2.267298102378845215e-01
-2.315202951431274414e+00 2.390819787979125977e+00 3.174250841140747070e+00 1.175145432353019714e-02 -6.678456068038940430e-01 9.259364008903503418e-02 -7.385178804397583008e-01 2.125919014215469360e-01
-2.479636192321777344e+00 2.397968769073486328e+00 3.040316581726074219e+00 1.175145432353019714e-02 2.633167803287506104e-01 -9.317505955696105957e-01 -2.500102221965789795e-01 2.180843353271484375e-01
-2.364833116531372070e+00 2.144156694412231445e+00 2.929303407669067383e+00 1.346075627952814102e-02 -3.591436147689819336e-01 -8.462949395179748535e-01 3.934471905231475830e-01 2.303565740585327148e-01
-2.116223335266113281e+00 1.721688747406005859e+00 2.930582284927368164e+00 1.651547476649284363e-02 7.057488560676574707e-01 7.053321003913879395e-01 6.652217358350753784e-02 2.879962921142578125e-01
-1.917071461677551270e+00 1.941073417663574219e+00 2.949102401733398438e+00 5.355484317988157272e-03 3.767706453800201416e-01 5.878994986414909363e-02 -9.244390726089477539e-01 1.377391964197158813e-01
-1.879142284393310547e+00 1.966910958290100098e+00 2.793520927429199219e+00 1.349014043807983398e-02 7.899732589721679688e-01 -2.613241970539093018e-01 -5.546637773513793945e-01 4.035607576370239258e-01
-2.105186939239501953e+00 1.217578411102294922e+00 3.292078018188476562e+00 1.526624243706464767e-02 -3.755317628383636475e-01 9.196785092353820801e-01 1.147489026188850403e-01 2.357907742261886597e-01
-2.321071147918701172e+00 1.463554620742797852e+00 3.459604740142822266e+00 4.026793874800205231e-03 -6.159353256225585938e-01 4.443950355052947998e-01 -6.504895687103271484e-01 8.130150437355041504e-01
-2.400362253189086914e+00 1.528880238533020020e+00 3.542468786239624023e+00 4.000236093997955322e-02 4.022855162620544434e-01 -4.667041003704071045e-01 7.876253128051757812e-01 2.012585550546646118e-01
-2.324084281921386719e+00 1.545486092567443848e+00 3.825733184814453125e+00 4.000236093997955322e-02 -6.257107257843017578e-01 5.720272064208984375e-01 -5.303498506546020508e-01 3.452301919460296631e-01
-2.536987304687500000e+00 1.727222919464111328e+00 3.630550861358642578e+00 4.000236093997955322e-02 -9.801971316337585449e-01 -4.575902596116065979e-02 -1.926646679639816284e-01 2.451680600643157959e-01
-2.778360366821289062e+00 1.720459818840026855e+00 3.552443504333496094e+00 4.000236093997955322e-02 -9.945056438446044922e-01 9.323284029960632324e-02 4.760460555553436279e-02 2.376144230365753174e-01
-1.900016784667968750e+00 3.946709632873535156e-01 3.423479318618774414e+00 2.961922204121947289e-03 -5.432819724082946777e-01 7.588936686515808105e-01 3.590613603591918945e-01 1.601589918136596680e-01
-1.999887108802795410e+00 4.932386577129364014e-01 3.553779840469360352e+00 2.961922204121947289e-03 4.869169294834136963e-01 -8.539509177207946777e-01 -1.835204809904098511e-01 2.411122024059295654e-01
-1.629418611526489258e+00 1.380400776863098145e+00 3.772779941558837891e+00 2.499999944120645523e-03 4.906905889511108398e-01 6.044879555702209473e-01 6.275484561920166016e-01 9.564168751239776611e-02
-1.570581436157226562e+00 1.400991201400756836e+00 3.817937135696411133e+00 2.499999944120645523e-03 -3.964804410934448242e-01 2.282286882400512695e-01 -8.892215490341186523e-01 3.147159814834594727e-01
-1.452210307121276855e+00 1.286479592323303223e+00 4.043322086334228516e+00 2.195945568382740021e-02 -7.853071689605712891e-01 -2.674386203289031982e-01 -5.583630204200744629e-01 1.877128332853317261e-01
-5.651509761810302734e-01 9.228192567825317383e-01 4.079745769500732422e+00 3.552587330341339111e-02 9.441972374916076660e-01 2.473913580179214478e-01 2.174606025218963623e-01 3.163216412067413330e-01
-6.016955971717834473e-01 9.480794668197631836e-01 4.056055545806884766e+00 3.727522492408752441e-02 -9.787271171808242798e-02 9.511543512344360352e-01 2.927905619144439697e-01 1.796729415655136108e-01
-5.897616147994995117e-01 1.113364577293395996e+00 4.075141429901123047e+00 3.727522492408752441e-02 2.435076236724853516e-01 9.684875607490539551e-01 5.230586975812911987e-02 3.236059546470642090e-01
-4.984040558338165283e-01 1.411042571067810059e+00 4.066232204437255859e+00 3.727522492408752441e-02 -5.856955647468566895e-01 5.339710116386413574e-01 -6.097832918167114258e-01 1.715898364782333374e-01
-6.984294056892395020e-01 1.015364646911621094e+00 3.647788763046264648e+00 2.215933240950107574e-02 -9.424308538436889648e-01 -2.279494702816009521e-01 -2.446693181991577148e-01 3.025788962841033936e-01
-1.033791184425354004e+00 9.615977406501770020e-01 3.604120254516601562e+00 2.215933240950107574e-02 -2.035834044218063354e-01 -9.677965044975280762e-01 1.480664610862731934e-01 5.061461329460144043e-01
3.846498429775238037e-01 7.639058828353881836e-01 4.127327442169189453e+00 4.468812048435211182e-02 -3.535735011100769043e-01 3.146222829818725586e-01 -8.809078335762023926e-01 3.037125766277313232e-01
2.772651314735412598e-01 8.594605922698974609e-01 3.859784364700317383e+00 4.468812048435211182e-02 6.211754679679870605e-01 2.236321754753589630e-02 7.833523750305175781e-01 6.615946441888809204e-02
3.162846267223358154e-01 7.703831791877746582e-01 3.955412387847900391e+00 3.282797709107398987e-02 9.908754229545593262e-01 3.958861902356147766e-02 1.288355439901351929e-01 4.683787226676940918e-01
7.948662638664245605e-01 8.134201765060424805e-01 3.986203908920288086e+00 4.468812048435211182e-02 -9.284319877624511719e-01 3.189988136291503906e-01 -1.904042363166809082e-01 2.851492166519165039e-01
-2.857442200183868408e-01 9.307459592819213867e-01 4.470466613769531250e+00 3.304890543222427368e-02 2.165967524051666260e-01 9.209930896759033203e-01 3.238172531127929688e-01 2.642391920089721680e-01
-2.285108715295791626e-01 1.174108386039733887e+00 4.556031703948974609e+00 3.301879763603210449e-02 5.379340052604675293e-01 7.688022255897521973e-01 -3.457891643047332764e-01 7.738734781742095947e-02
-2.023704648017883301e-01 1.271424174308776855e+00 4.500657558441162109e+00 4.545222222805023193e-02 6.116589903831481934e-01 6.211708784103393555e-01 4.899183809757232666e-01 2.335035055875778198e-01
-4.412798583507537842e-02 1.407970786094665527e+00 4.597951889038085938e+00 4.519346728920936584e-02 7.037145495414733887e-01 6.349040269851684570e-01 3.188772797584533691e-01 1.398693621158599854e-01
7.067690789699554443e-02 1.523772597312927246e+00 4.581169605255126953e+00 4.495575651526451111e-02 6.529458761215209961e-01 6.135669946670532227e-01 4.440689384937286377e-01 4.604767262935638428e-02
4.242155328392982483e-02 1.744069337844848633e+00 4.839688777923583984e+00 4.353553056716918945e-02 9.621721506118774414e-01 2.719520926475524902e-01 1.633631251752376556e-02 8.265599608421325684e-01
8.466551303863525391e-01 1.981135010719299316e+00 4.837157726287841797e+00 4.405247792601585388e-02 1.187372505664825439e-01 -8.191303014755249023e-01 -5.611836314201354980e-01 7.714131474494934082e-01
8.540632724761962891e-01 1.342758178710937500e+00 4.365667819976806641e+00 4.501854628324508667e-02 -1.555482894182205200e-01 -8.610296249389648438e-01 4.841825067996978760e-01 6.247342750430107117e-02
8.147693276405334473e-01 1.194284081459045410e+00 4.374048709869384766e+00 4.226018488407135010e-02 5.990229845046997070e-01 -3.531019985675811768e-01 7.186726927757263184e-01 2.383646517992019653e-01
1.301478862762451172e+00 1.227826118469238281e+00 4.698391914367675781e+00 4.059462249279022217e-02 -1.433928757905960083e-01 -6.021536588668823242e-01 7.853976488113403320e-01 4.405136704444885254e-01
1.394485354423522949e+00 1.083117127418518066e+00 5.044397354125976562e+00 4.065409302711486816e-02 6.020622849464416504e-01 -7.799497842788696289e-01 -1.708780825138092041e-01 1.041968584060668945e+00
2.025821685791015625e+00 2.254966944456100464e-01 4.867363929748535156e+00 4.021617025136947632e-02 -7.441262006759643555e-01 -5.127459019422531128e-02 6.660684347152709961e-01 2.523542754352092743e-02
1.974402546882629395e+00 2.201149165630340576e-01 4.877858161926269531e+00 3.824843466281890869e-02 -3.760667145252227783e-02 9.162712693214416504e-01 -3.987890779972076416e-01 4.310974106192588806e-02
1.965611577033996582e+00 2.466669976711273193e-01 4.865272521972656250e+00 3.189314529299736023e-02 8.682892918586730957e-01 -4.945501983165740967e-01 -3.864927217364311218e-02 1.637185811996459961e-01
1.660374253988265991e-01 8.626385331153869629e-01 4.209208965301513672e+00 6.188588216900825500e-03 -9.979048967361450195e-01 8.214734494686126709e-03 6.417458504438400269e-02 1.888101249933242798e-01
-1.502392813563346863e-02 8.723326921463012695e-01 4.180095672607421875e+00 6.188588216900825500e-03 -9.791505336761474609e-01 1.402792781591415405e-01 -1.469215154647827148e-01 2.060456573963165283e-01
-2.245651632547378540e-01 8.301056027412414551e-01 4.192707538604736328e+00 1.080372184514999390e-02 -2.989825010299682617e-01 5.165019631385803223e-01 8.023933768272399902e-01 2.427338212728500366e-01
-6.859701126813888550e-02 9.407004117965698242e-01 4.269276142120361328e+00 4.730153828859329224e-02 7.120045423507690430e-01 4.060514867305755615e-01 -5.728627443313598633e-01 3.744579255580902100e-01
2.081159502267837524e-01 1.114867329597473145e+00 4.037257671356201172e+00 4.687252640724182129e-02 -8.690331876277923584e-02 6.423479914665222168e-01 7.614701986312866211e-01 1.640079766511917114e-01
2.077962458133697510e-01 1.285978674888610840e+00 4.178814411163330078e+00 4.576814919710159302e-02 1.448410600423812866e-01 -2.718471288681030273e-01 9.513780474662780762e-01 2.047047615051269531e-01
2.860048115253448486e-01 1.206652879714965820e+00 4.405826091766357422e+00 4.267771169543266296e-02 -5.913394689559936523e-01 -1.279214620590209961e-01 7.962121367454528809e-01 1.205020770430564880e-01
2.073573172092437744e-01 1.146137714385986328e+00 4.521573543548583984e+00 4.152797162532806396e-02 9.884068369865417480e-01 -1.226774528622627258e-01 8.945475518703460693e-02 6.929893046617507935e-02
2.823531925678253174e-01 1.141395449638366699e+00 4.535424709320068359e+00 2.982489019632339478e-02 7.650922536849975586e-01 -5.019553303718566895e-01 -4.033294320106506348e-01 1.328466981649398804e-01
3.735339939594268799e-01 1.052579998970031738e+00 4.471078395843505859e+00 2.974528260529041290e-02 9.192025661468505859e-01 -3.730377554893493652e-01 -1.261329650878906250e-01 1.703194230794906616e-01
5.276915431022644043e-01 9.362576603889465332e-01 4.396748065948486328e+00 2.349064499139785767e-02 8.213495016098022461e-01 -4.218033254146575928e-01 3.840142786502838135e-01 1.613888293504714966e-01
6.812726855278015137e-01 9.268062710762023926e-01 4.527249336242675781e+00 1.362111978232860565e-02 7.551971077919006348e-01 -5.942482352256774902e-01 2.766702473163604736e-01 3.040297925472259521e-01
1.973207741975784302e-01 8.795768022537231445e-01 4.167210102081298828e+00 8.181766606867313385e-03 -4.770062267780303955e-01 -2.614373899996280670e-02 -8.785110116004943848e-01 9.040184319019317627e-02
1.541985273361206055e-01 8.772133588790893555e-01 4.087790966033935547e+00 8.181766606867313385e-03 -8.874974846839904785e-01 -4.542632102966308594e-01 -7.741543650627136230e-02 9.900870174169540405e-02
5.193756222724914551e-01 6.297188997268676758e-01 4.103607654571533203e+00 4.361602291464805603e-02 -6.167819499969482422e-01 -2.377778589725494385e-01 -7.503610849380493164e-01 1.148912236094474792e-01
4.485128223896026611e-01 6.024003028869628906e-01 4.017397880554199219e+00 4.361602291464805603e-02 3.592733740806579590e-01 -2.320656627416610718e-01 9.039182066917419434e-01 9.351893514394760132e-02
5.617581009864807129e-01 1.937638074159622192e-01 4.307875156402587891e+00 4.460510239005088806e-02 7.381101846694946289e-01 4.290588796138763428e-01 5.206743478775024414e-01 5.535079240798950195e-01
1.023511052131652832e+00 3.280261456966400146e-01 4.641388416290283203e+00 4.450955241918563843e-02 2.313540577888488770e-01 4.885716140270233154e-01 8.412925004959106445e-01 2.295821011066436768e-01
1.015568971633911133e+00 4.636912345886230469e-01 4.798215389251708984e+00 4.441322758793830872e-02 -5.744603276252746582e-01 -3.464461266994476318e-01 7.415999174118041992e-01 2.018494457006454468e-01
9.696903228759765625e-01 3.861141204833984375e-01 4.947786808013916016e+00 4.434033855795860291e-02 -8.365204185247421265e-02 -7.763822078704833984e-01 6.246863007545471191e-01 1.173582598567008972e-01
9.319120645523071289e-01 2.845030725002288818e-01 5.108481407165527344e+00 4.420217126607894897e-02 9.525647163391113281e-01 -4.146969877183437347e-03 3.043078780174255371e-01 2.212271690368652344e-01
1.122873783111572266e+00 2.952880561351776123e-01 5.162007808685302734e+00 4.428941383957862854e-02 4.320691823959350586e-01 8.913859724998474121e-01 1.369205862283706665e-01 1.146713420748710632e-01
1.058989167213439941e+00 4.205580949783325195e-01 5.361704826354980469e+00 4.433543235063552856e-02 8.508036136627197266e-01 -7.382274605333805084e-03 5.254319310188293457e-01 9.340818226337432861e-02
1.152797579765319824e+00 4.017352759838104248e-01 5.393156051635742188e+00 4.405150562524795532e-02 8.604184389114379883e-01 2.468801736831665039e-01 4.457917213439941406e-01 2.326925694942474365e-01
1.394546151161193848e+00 -4.093025028705596924e-01 3.319514751434326172e+00 7.751082628965377808e-02 4.587217271327972412e-01 8.559734225273132324e-01 2.385034114122390747e-01 4.259282648563385010e-01
1.589928746223449707e+00 -4.471923410892486572e-02 3.421100139617919922e+00 7.751082628965377808e-02 -1.502205729484558105e-01 -7.668578028678894043e-01 6.239895224571228027e-01 2.499625980854034424e-01
1.538351416587829590e+00 -2.190721482038497925e-01 3.580626964569091797e+00 7.751082628965377808e-02 -6.808812022209167480e-01 -6.282231211662292480e-01 3.764790892601013184e-01 8.454851061105728149e-02
1.148542523384094238e+00 2.697019577026367188e-01 3.623685836791992188e+00 4.679643735289573669e-02 6.210129857063293457e-01 7.743891477584838867e-01 1.210963129997253418e-01 5.288228988647460938e-01
1.519397377967834473e+00 6.581252813339233398e-01 3.699073076248168945e+00 4.679643735289573669e-02 4.699758291244506836e-01 8.719059824943542480e-01 -1.374869793653488159e-01 2.560797929763793945e-01
1.637383103370666504e+00 8.823102712631225586e-01 3.662537813186645508e+00 4.679643735289573669e-02 4.005164802074432373e-01 9.118159413337707520e-01 -9.043362736701965332e-02 1.985453963279724121e-01
1.785061717033386230e+00 1.147874355316162109e+00 3.450578212738037109e+00 4.679643735289573669e-02 -1.932895332574844360e-01 9.225285053253173828e-01 3.340364396572113037e-01 5.252081155776977539e-01
1.932682871818542480e+00 1.654403090476989746e+00 3.676857471466064453e+00 4.679643735289573669e-02 -2.142565995454788208e-01 2.356507927179336548e-01 9.479255080223083496e-01 4.437665641307830811e-02
1.132209181785583496e+00 5.048665776848793030e-02 3.461341381072998047e+00 4.353343322873115540e-02 5.448877215385437012e-01 7.012880444526672363e-01 -4.596656560897827148e-01 3.433427512645721436e-01
1.319292426109313965e+00 2.912688255310058594e-01 3.303518533706665039e+00 4.353343322873115540e-02 2.505720555782318115e-01 1.693898439407348633e-01 9.531635046005249023e-01 1.855404078960418701e-01
1.369272470474243164e+00 3.824757635593414307e-01 3.493858098983764648e+00 4.353343322873115540e-02 7.922305911779403687e-02 -2.238254845142364502e-01 9.714040756225585938e-01 2.564487755298614502e-01
1.289735555648803711e+00 -1.758062243461608887e-01 3.442343235015869141e+00 7.628284860402345657e-03 -4.623497128486633301e-01 4.806349873542785645e-01 -7.451326847076416016e-01 2.144484817981719971e-01
1.384642839431762695e+00 -2.378908842802047729e-01 3.414414405822753906e+00 8.498987182974815369e-03 -6.331562995910644531e-01 -7.099382281303405762e-01 3.083842694759368896e-01 2.098845839500427246e-01
1.730082392692565918e+00 -6.235077977180480957e-01 3.201170206069946289e+00 8.549454621970653534e-03 -2.711994647979736328e-01 -7.254374027252197266e-01 6.326068639755249023e-01 2.065231800079345703e-01
1.577253937721252441e+00 -7.079743146896362305e-01 3.312886714935302734e+00 8.549454621970653534e-03 -6.596790254116058350e-02 -3.665669262409210205e-01 -9.280500411987304688e-01 1.511288285255432129e-01
1.601139068603515625e+00 -7.551283836364746094e-01 3.117254257202148438e+00 5.652203690260648727e-03 -7.211390137672424316e-01 -4.682579040527343750e-01 -5.105810761451721191e-01 2.683063149452209473e-01
1.959989905357360840e+00 -5.909603238105773926e-01 2.955156087875366211e+00 1.196700334548950195e-02 -3.212882950901985168e-02 4.675365984439849854e-01 8.833896517753601074e-01 6.700675189495086670e-02
1.965405583381652832e+00 -5.841876864433288574e-01 3.040041923522949219e+00 1.196700334548950195e-02 -8.964095115661621094e-01 -4.210737943649291992e-01 -1.383721828460693359e-01 1.846849918365478516e-01
-9.358836412429809570e-01 -1.094669178128242493e-01 6.982016563415527344e+00 2.499999944120645523e-03 -1.906803995370864868e-01 9.809553623199462891e-01 3.698066249489784241e-02 9.324202537536621094e-01
-1.152934670448303223e+00 7.924642562866210938e-01 7.009921550750732422e+00 2.499999944120645523e-03 2.514565885066986084e-01 -9.240611195564270020e-01 2.878900170326232910e-01 2.629914879798889160e-01
-1.053163766860961914e+00 5.862903594970703125e-01 7.072605133056640625e+00 2.499999944120645523e-03 5.593099594116210938e-01 -2.289038747549057007e-01 7.967279553413391113e-01 1.719678938388824463e-01
-9.644153118133544922e-01 5.147255063056945801e-01 5.248482704162597656e+00 1.133629400283098221e-02 -7.863014340400695801e-01 -4.084879755973815918e-01 -4.635381400585174561e-01 1.897929161787033081e-01
-1.174840092658996582e+00 4.100150763988494873e-01 5.307255744934082031e+00 1.133629400283098221e-02 -7.311627268791198730e-01 -5.479614734649658203e-01 -4.063733518123626709e-01 3.116693794727325439e-01
-1.353523015975952148e+00 2.778688967227935791e-01 5.212267875671386719e+00 1.133629400283098221e-02 5.063920021057128906e-01 -8.316318988800048828e-01 2.279373854398727417e-01 2.781386971473693848e-01
-8.867983222007751465e-01 4.998922944068908691e-01 5.238059043884277344e+00 1.320967916399240494e-02 -1.280522793531417847e-01 9.399780035018920898e-01 -3.162973225116729736e-01 3.086443543434143066e-01
-1.290825486183166504e+00 4.169741272926330566e-01 5.505474567413330078e+00 2.578794024884700775e-03 4.966562986373901367e-01 2.832441329956054688e-01 -8.204299211502075195e-01 1.629259586334228516e-01
-1.124275326728820801e+00 5.015987157821655273e-01 5.420443058013916016e+00 2.578794024884700775e-03 2.148455381393432617e-01 5.457101464271545410e-01 -8.099641203880310059e-01 2.469793558120727539e-01
-4.369337558746337891e-01 -1.125913229770958424e-03 5.607786178588867188e+00 4.139258340001106262e-02 -5.026133656501770020e-01 8.474922776222229004e-01 1.706946492195129395e-01 2.512173354625701904e-01
-5.913373231887817383e-01 2.630449533462524414e-01 5.708573341369628906e+00 4.139258340001106262e-02 -8.625050783157348633e-01 8.923152089118957520e-02 -4.981192052364349365e-01 2.739648222923278809e-01
-6.121823191642761230e-01 6.363083422183990479e-02 5.746045112609863281e+00 4.578990861773490906e-03 -7.288394868373870850e-02 5.596939921379089355e-01 -8.254880905151367188e-01 3.410183787345886230e-01
-5.773279666900634766e-01 2.610348165035247803e-01 5.447377681732177734e+00 6.660350132733583450e-03 1.128240302205085754e-01 -9.935157895088195801e-01 1.404153835028409958e-02 3.314616084098815918e-01
-3.706849813461303711e-01 -1.067673489451408386e-01 5.540796279907226562e+00 3.397104144096374512e-02 -2.578032016754150391e-01 -9.173280000686645508e-01 -3.033923208713531494e-01 8.041974157094955444e-02
-3.914174437522888184e-01 -1.805386394262313843e-01 5.516397476196289062e+00 3.397104144096374512e-02 1.409097760915756226e-01 -9.891303777694702148e-01 -4.201886802911758423e-02 1.329479664564132690e-01
-2.512077569961547852e+00 1.014158487319946289e+00 7.454407691955566406e+00 2.158772572875022888e-02 -1.171827986836433411e-01 6.898918151855468750e-01 7.143651247024536133e-01 3.014832735061645508e-01
-1.421835660934448242e+00 2.391490638256072998e-01 7.096415996551513672e+00 2.137287519872188568e-02 2.248534262180328369e-01 3.084124922752380371e-01 9.242957830429077148e-01 4.744106531143188477e-01
-1.315162777900695801e+00 3.854632377624511719e-01 7.534911632537841797e+00 2.041986025869846344e-02 1.485943198204040527e-01 -9.796348810195922852e-01 -1.350379437208175659e-01 1.378432661294937134e-01
-1.318119049072265625e+00 2.490925937891006470e-01 7.523547172546386719e+00 3.110194765031337738e-02 2.148361951112747192e-01 5.627804398536682129e-01 7.982001900672912598e-01 3.433839231729507446e-02
-1.342200875282287598e+00 2.480598688125610352e-01 7.535336494445800781e+00 3.110384382307529449e-02 -4.001336097717285156e-01 -8.201982080936431885e-02 9.127791523933410645e-01 1.533551216125488281e-01
-1.399050116539001465e+00 2.490231841802597046e-01 7.723983287811279297e+00 3.169338032603263855e-02 -8.073963522911071777e-01 -5.448156595230102539e-01 2.264663428068161011e-01 8.977776765823364258e-02
-1.455834031105041504e+00 1.743161082267761230e-01 7.762239933013916016e+00 2.619017660617828369e-02 -7.826315164566040039e-01 -5.975723266601562500e-01 -1.743423640727996826e-01 4.329775571823120117e-01
-1.618706583976745605e+00 3.748097121715545654e-01 7.172020912170410156e+00 4.295950382947921753e-02 5.309239625930786133e-01 1.447631418704986572e-01 8.349630832672119141e-01 4.158337712287902832e-01
-1.397930502891540527e+00 4.350071251392364502e-01 7.519226551055908203e+00 4.295950382947921753e-02 2.114219404757022858e-02 8.227642774581909180e-01 -5.679894089698791504e-01 1.271565109491348267e-01
-1.409018158912658691e+00 6.061107516288757324e-01 7.460633277893066406e+00 4.674823954701423645e-02 -5.454722642898559570e-01 5.838337540626525879e-02 -8.360929489135742188e-01 9.520201385021209717e-02
-1.468035459518432617e+00 6.308469772338867188e-01 7.364631652832031250e+00 4.626091197133064270e-02 -9.627513289451599121e-01 -2.075407654047012329e-01 1.733110100030899048e-01 8.111131191253662109e-02
-1.587673306465148926e+00 6.359071135520935059e-01 7.415290832519531250e+00 4.499567300081253052e-02 -5.791993141174316406e-01 2.152858972549438477e-01 -7.862443327903747559e-01 6.800890564918518066e-01
-1.587705731391906738e+00 3.490932881832122803e-01 7.160891056060791016e+00 3.165441751480102539e-02 -6.428473442792892456e-02 3.943451046943664551e-01 9.167112112045288086e-01 5.609411597251892090e-01
-1.623765707015991211e+00 5.702977180480957031e-01 7.675112247467041016e+00 3.165441751480102539e-02 -1.500716805458068848e-02 -6.548675894737243652e-01 -7.555946111679077148e-01 1.848222017288208008e-01
-2.326444625854492188e+00 7.716060280799865723e-01 7.382380008697509766e+00 4.734250903129577637e-02 -6.393188834190368652e-01 -7.680724263191223145e-01 3.655233979225158691e-02 9.599068015813827515e-02
-2.305695533752441406e+00 6.527910232543945312e-01 7.395390510559082031e+00 4.734250903129577637e-02 -1.965163052082061768e-01 -1.538485735654830933e-01 9.683552980422973633e-01 4.579329118132591248e-02
-2.411841154098510742e+00 5.716134309768676758e-01 7.828233242034912109e+00 4.734250903129577637e-02 -9.555351138114929199e-01 -1.313588172197341919e-01 -2.640027701854705811e-01 3.091419935226440430e-01
-2.662431716918945312e+00 4.585500955581665039e-01 7.924008369445800781e+00 4.734250903129577637e-02 -8.128403425216674805e-01 -5.815934538841247559e-01 -3.224329277873039246e-02 1.195714950561523438e+00
-2.931178569793701172e+00 1.637067556381225586e+00 6.545668601989746094e+00 3.882257640361785889e-02 -7.721657752990722656e-01 -4.074388444423675537e-01 4.875998198986053467e-01 8.794249892234802246e-01
-3.615037441253662109e+00 1.271352887153625488e+00 6.972433567047119141e+00 3.357891738414764404e-02 -1.162226721644401550e-01 -1.934921294450759888e-01 9.741935729980468750e-01 1.145795136690139771e-01
-3.569167852401733398e+00 1.193890690803527832e+00 7.154500007629394531e+00 2.560009434819221497e-02 -7.935937643051147461e-01 -8.124247938394546509e-02 6.029996871948242188e-01 2.643897235393524170e-01
-3.613177299499511719e+00 9.943912625312805176e-01 7.403713703155517578e+00 1.806853339076042175e-02 -7.683500051498413086e-01 -5.539653897285461426e-01 3.205628991127014160e-01 6.054715514183044434e-01
-4.265166759490966797e+00 6.004182696342468262e-01 7.722047328948974609e+00 9.341354481875896454e-03 -1.972430199384689331e-01 -7.385858297348022461e-01 -6.446597576141357422e-01 5.173017382621765137e-01
-2.509895801544189453e+00 9.289804100990295410e-01 7.412281036376953125e+00 2.224624715745449066e-02 -4.358456432819366455e-01 -2.635983824729919434e-01 -8.605547547340393066e-01 1.468340903520584106e-01
-2.566666603088378906e+00 8.898422122001647949e-01 7.300813674926757812e+00 2.224624715745449066e-02 -3.182331621646881104e-01 -9.394518136978149414e-01 1.271137446165084839e-01 1.497220396995544434e-01
-3.104253768920898438e+00 1.301868796348571777e+00 6.788089752197265625e+00 2.499999944120645523e-03 -4.037052392959594727e-01 -8.396819829940795898e-01 3.632578551769256592e-01 4.074499309062957764e-01
-3.265511274337768555e+00 9.597982764244079590e-01 6.959323406219482422e+00 2.499999944120645523e-03 -2.930773496627807617e-01 -9.551137089729309082e-01 4.316752776503562927e-02 5.071371793746948242e-01
-4.616299152374267578e+00 3.341751337051391602e+00 6.231676101684570312e+00 1.300808880478143692e-02 2.318805903196334839e-01 -9.135672450065612793e-01 3.341051340103149414e-01 1.216023683547973633e+00
-4.574007511138916016e+00 2.349839687347412109e+00 6.182716369628906250e+00 1.012045238167047501e-02 4.826651513576507568e-02 -9.598489403724670410e-01 -2.763338387012481689e-01 7.233505845069885254e-01
-4.303634643554687500e+00 1.774565219879150391e+00 5.871933460235595703e+00 9.319226257503032684e-03 4.524191021919250488e-01 -8.917990922927856445e-01 3.364122239872813225e-03 1.247560009360313416e-01
-4.191587448120117188e+00 1.660943627357482910e+00 5.707907199859619141e+00 6.683526560664176941e-03 4.329015314579010010e-01 -8.872833251953125000e-01 1.591368764638900757e-01 3.999260067939758301e-01
-4.118644237518310547e+00 1.296105980873107910e+00 5.766182422637939453e+00 4.289690870791673660e-03 -3.477158024907112122e-03 -4.460297524929046631e-01 8.950113654136657715e-01 4.765113890171051025e-01
-2.429954290390014648e+00 9.021939039230346680e-01 7.065342426300048828e+00 4.063503071665763855e-02 -1.484538316726684570e-01 5.004776120185852051e-01 -8.529264926910400391e-01 1.818746685981750488e+00
-2.712932109832763672e+00 1.826296091079711914e+00 5.534343719482421875e+00 4.063503071665763855e-02 1.433571130037307739e-01 -7.716003656387329102e-01 6.197432279586791992e-01 8.316028863191604614e-02
-2.573914527893066406e+00 1.637789726257324219e+00 5.807847976684570312e+00 4.063503071665763855e-02 -3.903412818908691406e-01 -8.803062438964843750e-01 -2.696193158626556396e-01 3.592807948589324951e-01
-2.708916664123535156e+00 1.324229240417480469e+00 5.666306495666503906e+00 4.063503071665763855e-02 -5.141636133193969727e-01 -8.503449559211730957e-01 -1.120234206318855286e-01 4.834340512752532959e-01
-2.968258619308471680e+00 2.508765220642089844e+00 6.242668151855468750e+00 5.779780913144350052e-03 2.056792527437210083e-01 -9.687940478324890137e-01 1.383261829614639282e-01 4.577474594116210938e-01
-2.924559116363525391e+00 2.015743732452392578e+00 6.356385231018066406e+00 5.779780913144350052e-03 8.097714781761169434e-01 -3.331728279590606689e-01 4.829762279987335205e-01 2.557899951934814453e-01
-3.002680778503417969e+00 2.531424760818481445e+00 6.262817859649658203e+00 5.218521226197481155e-03 4.718669354915618896e-01 -6.268469095230102539e-01 6.200036406517028809e-01 2.685206532478332520e-01
-2.894128084182739258e+00 2.350506067276000977e+00 6.417919158935546875e+00 5.218521226197481155e-03 4.561410546302795410e-01 -8.609094023704528809e-01 2.253227233886718750e-01 3.120657205581665039e-01
-3.112771511077880859e+00 2.582599878311157227e+00 6.273750782012939453e+00 2.749336697161197662e-02 -7.879095673561096191e-01 2.419276833534240723e-01 5.662769079208374023e-01 7.471458911895751953e-01
-3.698508024215698242e+00 2.840757608413696289e+00 6.635456562042236328e+00 2.244054526090621948e-02 7.528067231178283691e-01 -4.263748824596405029e-01 -5.014843344688415527e-01 2.310520410537719727e-01
-3.369539499282836914e+00 2.632816314697265625e+00 6.484629631042480469e+00 1.758983731269836426e-02 4.070125520229339600e-01 7.453283071517944336e-01 -5.280402302742004395e-01 6.981869786977767944e-02
-3.366777181625366211e+00 2.656929254531860352e+00 6.439252376556396484e+00 1.883560791611671448e-02 -3.989733457565307617e-01 5.823894739151000977e-01 -7.082674503326416016e-01 6.920578330755233765e-02
-3.411820173263549805e+00 2.744974136352539062e+00 6.344712257385253906e+00 1.373486779630184174e-02 -7.984794378280639648e-01 -5.418097376823425293e-01 -2.624361813068389893e-01 1.601278036832809448e-01
-3.895646810531616211e+00 2.804833412170410156e+00 6.307047843933105469e+00 1.586568914353847504e-02 7.174637317657470703e-01 -5.317321419715881348e-01 4.500074684619903564e-01 1.846497952938079834e-01
-3.763167381286621094e+00 2.706649065017700195e+00 6.390141487121582031e+00 1.586568914353847504e-02 -8.218781948089599609e-01 5.656092762947082520e-01 6.784047186374664307e-02 1.353443861007690430e-01
-3.082555055618286133e+00 2.575359106063842773e+00 6.272250652313232422e+00 2.605056622996926308e-03 -9.289742112159729004e-01 -3.552720248699188232e-01 -1.038684248924255371e-01 6.358411908149719238e-01
-3.677009344100952148e+00 2.249650716781616211e+00 6.121750354766845703e+00 2.605056622996926308e-03 9.555982947349548340e-01 1.684482395648956299e-01 -2.417791187763214111e-01 3.000538349151611328e-01
-3.886863231658935547e+00 2.794428110122680664e+00 6.300000190734863281e+00 2.749336697161197662e-02 -7.883995771408081055e-01 -3.642322719097137451e-01 4.957428276538848877e-01 2.729355394840240479e-01
-4.169637680053710938e+00 2.700507402420043945e+00 6.358056068420410156e+00 2.605700492858886719e-02 -7.413297891616821289e-01 1.319890171289443970e-01 6.580342054367065430e-01 2.711753845214843750e-01
-4.261519908905029297e+00 2.783540010452270508e+00 6.588319301605224609e+00 2.363446913659572601e-02 -3.636968433856964111e-01 -1.652949303388595581e-01 9.167345166206359863e-01 5.094348192214965820e-01
-4.469315052032470703e+00 2.672923803329467773e+00 7.030554771423339844e+00 1.912598870694637299e-02 3.270043134689331055e-01 -7.797624468803405762e-01 5.338901281356811523e-01 2.001873850822448730e-01
-4.408694267272949219e+00 2.444700002670288086e+00 7.138519287109375000e+00 1.131499744951725006e-02 -9.521638751029968262e-01 6.840318441390991211e-02 2.978338599205017090e-01 2.900301218032836914e-01
-2.942296504974365234e+00 1.677991628646850586e+00 6.533359527587890625e+00 2.520946320146322250e-03 -8.397009968757629395e-01 5.317299365997314453e-01 1.102970466017723083e-01 1.489777445793151855e+00
-4.568680286407470703e+00 3.046452283859252930e+00 6.336177349090576172e+00 8.514429442584514618e-03 2.734615206718444824e-01 6.426278352737426758e-01 7.157152295112609863e-01 3.290109336376190186e-01
-4.474338054656982422e+00 3.271170616149902344e+00 6.585712432861328125e+00 8.514429442584514618e-03 -9.392458200454711914e-01 -5.028614029288291931e-02 3.395417928695678711e-01 3.088453710079193115e-01
-3.446751832962036133e-01 -4.395572245121002197e-01 7.058190822601318359e+00 3.304396197199821472e-02 -6.946471333503723145e-01 7.096945047378540039e-01 1.174695268273353577e-01 1.205730959773063660e-01
-4.284309446811676025e-01 -3.539871573448181152e-01 7.072354316711425781e+00 3.220586478710174561e-02 1.030056923627853394e-02 -5.440889596939086914e-01 -8.389642834663391113e-01 1.326137334108352661e-01
-4.466750323772430420e-01 -4.387177228927612305e-01 6.926862239837646484e+00 4.310466721653938293e-02 5.024682879447937012e-01 6.777566671371459961e-01 -5.368161201477050781e-01 1.132284104824066162e-01
-4.065727591514587402e-01 -3.320391774177551270e-01 6.828264236450195312e+00 4.126919806003570557e-02 5.819411873817443848e-01 7.432588338851928711e-01 3.300161957740783691e-01 1.604302525520324707e-01
-3.014730811119079590e-01 -1.461255252361297607e-01 6.872561931610107422e+00 3.723359480500221252e-02 -7.155909538269042969e-01 3.551522269845008850e-02 -6.976161003112792969e-01 1.216833293437957764e-01
-4.882271289825439453e-01 -1.663418710231781006e-01 6.741741657257080078e+00 2.265864051878452301e-02 -3.513381183147430420e-01 8.914218544960021973e-01 2.862316966056823730e-01 2.951417565345764160e-01
-3.476112484931945801e-01 -2.983391880989074707e-01 7.119831562042236328e+00 2.196011878550052643e-02 -8.301004767417907715e-01 2.086911052465438843e-01 -5.170892477035522461e-01 1.935600042343139648e-01
-4.933925569057464600e-01 -2.367773652076721191e-01 6.995572090148925781e+00 2.196011878550052643e-02 8.540257811546325684e-02 7.228943705558776855e-01 6.856603622436523438e-01 3.146783411502838135e-01
-5.421025156974792480e-01 -8.259692192077636719e-01 7.238669872283935547e+00 3.831636533141136169e-02 8.563748002052307129e-01 -5.160925984382629395e-01 1.645058579742908478e-02 2.694468498229980469e-01
-3.247421383857727051e-01 -9.168964028358459473e-01 7.230235576629638672e+00 3.831636533141136169e-02 -8.882659077644348145e-01 -3.319277167320251465e-01 -3.175022900104522705e-01 3.406320512294769287e-02
-3.858816325664520264e-01 -8.948357105255126953e-01 7.165974140167236328e+00 3.831636533141136169e-02 -8.039679527282714844e-01 -5.864742398262023926e-01 9.840469062328338623e-02 2.192834913730621338e-01
-5.733759999275207520e-01 -1.019375324249267578e+00 7.272414684295654297e+00 3.690320998430252075e-02 -9.192628264427185059e-01 -3.799026906490325928e-01 -1.031009703874588013e-01 3.784074783325195312e-01
-2.976034283638000488e-01 -7.713086605072021484e-01 7.117942810058593750e+00 2.499999944120645523e-03 2.363684773445129395e-01 7.166436314582824707e-01 6.561645269393920898e-01 2.205336987972259521e-01
-3.090743422508239746e-01 -7.589772939682006836e-01 7.312383651733398438e+00 2.499999944120645523e-03 -9.043315052986145020e-01 -1.708425581455230713e-02 4.264887273311614990e-01 4.145414829254150391e-01
-6.233085989952087402e-01 -7.508254051208496094e-01 7.557735443115234375e+00 2.499999944120645523e-03 5.278900861740112305e-01 6.006270051002502441e-01 -6.004825234413146973e-01 3.736101388931274414e-01
-1.915481448173522949e+00 2.333833217620849609e+00 2.537815093994140625e+00 9.420040994882583618e-03 -3.041086196899414062e-01 4.991683661937713623e-01 -8.113870024681091309e-01 2.491040229797363281e-01
-1.592944622039794922e+00 1.970836877822875977e+00 2.798379182815551758e+00 8.224630728363990784e-03 -3.416807353496551514e-01 9.324122071266174316e-01 -1.177359223365783691e-01 1.900407969951629639e-01
-1.652558922767639160e+00 2.120683431625366211e+00 2.748656749725341797e+00 8.224630728363990784e-03 -5.208893418312072754e-01 5.507946014404296875e-01 -6.521500349044799805e-01 1.310769617557525635e-01
-1.525572657585144043e+00 2.188505649566650391e+00 2.358573198318481445e+00 5.608920380473136902e-02 -9.910211563110351562e-01 -8.514777570962905884e-02 -1.030869632959365845e-01 2.140957117080688477e-01
-1.737746000289916992e+00 2.170275926589965820e+00 2.336502790451049805e+00 5.608920380473136902e-02 -2.901287376880645752e-01 -9.562553763389587402e-01 3.742901608347892761e-02 2.247228622436523438e-01
-1.718046545982360840e+00 2.000642776489257812e+00 2.633248805999755859e+00 1.710886508226394653e-02 -5.390194654464721680e-01 3.597837388515472412e-01 -7.615863084793090820e-01 2.087879180908203125e-01
-1.615924239158630371e+00 1.995929956436157227e+00 2.722202301025390625e+00 1.209179963916540146e-02 8.725957274436950684e-01 -4.835872352123260498e-02 -4.860433936119079590e-01 1.367527097463607788e-01
-1.811099171638488770e+00 2.233608722686767578e+00 2.986700534820556641e+00 2.525420393794775009e-03 -1.112453565001487732e-01 -9.927958846092224121e-01 4.450596868991851807e-02 9.257815778255462646e-02
-1.885756850242614746e+00 2.244328498840332031e+00 2.944310903549194336e+00 2.525420393794775009e-03 -8.621239066123962402e-01 -3.992247879505157471e-01 3.120287060737609863e-01 2.508758008480072021e-01
-1.927448153495788574e+00 2.289517164230346680e+00 2.803436517715454102e+00 1.210408564656972885e-02 -5.645084381103515625e-01 1.398158073425292969e-01 -8.134996891021728516e-01 4.007542431354522705e-01
-1.868731498718261719e+00 2.723333120346069336e+00 2.865741968154907227e+00 5.006037652492523193e-03 -6.568357944488525391e-01 5.590369701385498047e-01 -5.060083270072937012e-01 1.945229321718215942e-01
-1.977555513381958008e+00 2.837120771408081055e+00 2.804397106170654297e+00 5.006037652492523193e-03 2.956945002079010010e-01 -9.550469517707824707e-01 -2.121417410671710968e-02 4.917007386684417725e-01
-1.943789243698120117e+00 2.479137420654296875e+00 3.004515886306762695e+00 4.743334837257862091e-03 4.493309557437896729e-01 -2.499081790447235107e-01 8.576990365982055664e-01 1.089683398604393005e-01
-1.913691759109497070e+00 2.439587593078613281e+00 3.114965438842773438e+00 4.743334837257862091e-03 -7.196670174598693848e-01 5.837227702140808105e-01 -3.759615123271942139e-01 3.629500269889831543e-01
-2.440032243728637695e+00 2.240490913391113281e+00 2.987288713455200195e+00 2.499999944120645523e-03 -4.412182569503784180e-01 8.631064742803573608e-02 -8.932395577430725098e-01 8.523679524660110474e-02
-2.500436305999755859e+00 2.292939186096191406e+00 2.907543182373046875e+00 2.499999944120645523e-03 8.853907585144042969e-01 4.343566298484802246e-01 -1.655824929475784302e-01 2.545486688613891602e-01
-1.963622808456420898e+00 1.887377023696899414e+00 2.959080934524536133e+00 5.292160902172327042e-03 1.037562787532806396e-01 6.410177350044250488e-01 7.604807019233703613e-01 3.815555870532989502e-01
-1.976002573966979980e+00 1.871286273002624512e+00 2.959378004074096680e+00 2.674380782991647720e-03 -3.099061846733093262e-01 2.628288567066192627e-01 9.137172102928161621e-01 2.215374410152435303e-01
-2.031272888183593750e+00 1.920949101448059082e+00 3.122735023498535156e+00 2.674380782991647720e-03 -2.285004109144210815e-01 9.316493868827819824e-01 -2.825190126895904541e-01 3.048994541168212891e-01
-1.665293097496032715e+00 1.883140206336975098e+00 2.634175062179565430e+00 3.814176656305789948e-03 -7.237465977668762207e-01 -6.761204004287719727e-01 -1.380292177200317383e-01 1.085299625992774963e-01
-1.754563570022583008e+00 1.809646129608154297e+00 2.613509654998779297e+00 3.814176656305789948e-03 -3.962857127189636230e-01 -5.182824730873107910e-01 7.578527927398681641e-01 2.306101769208908081e-01
-2.687961339950561523e+00 1.725524187088012695e+00 3.077926397323608398e+00 2.499999944120645523e-03 -6.365713477134704590e-01 -2.096316963434219360e-01 7.421801686286926270e-01 2.249786406755447388e-01
-2.819308757781982422e+00 1.674166560173034668e+00 3.245365142822265625e+00 2.499999944120645523e-03 -3.335560262203216553e-01 -9.217434525489807129e-01 1.978116035461425781e-01 1.735907942056655884e-01
-2.333902120590209961e+00 1.402640223503112793e+00 3.758946657180786133e+00 8.671146817505359650e-03 -8.828617334365844727e-01 -3.758443892002105713e-01 -2.815956473350524902e-01 4.763868153095245361e-01
-2.722068548202514648e+00 1.340775847434997559e+00 3.645340204238891602e+00 9.651362895965576172e-03 -4.760056734085083008e-01 2.779441475868225098e-01 -8.343654274940490723e-01 2.356670200824737549e-01
-2.372992515563964844e+00 1.550468325614929199e+00 3.768953561782836914e+00 2.855044417083263397e-02 -3.057773597538471222e-02 -9.196888208389282227e-01 -3.914555311203002930e-01 3.356722891330718994e-01
-2.383256673812866211e+00 1.241754174232482910e+00 3.637552976608276367e+00 2.855044417083263397e-02 7.487275004386901855e-01 -4.802459478378295898e-01 -4.569145739078521729e-01 1.472455710172653198e-01
-2.340528488159179688e+00 1.512699246406555176e+00 3.809770584106445312e+00 1.428655721247196198e-02 3.175268769264221191e-01 -8.734827041625976562e-01 -3.690592050552368164e-01 1.278080344200134277e-01
-2.302491426467895508e+00 1.517011642456054688e+00 3.781317472457885742e+00 1.428655721247196198e-02 -9.170411825180053711e-01 -8.308936655521392822e-02 3.900405466556549072e-01 1.254461705684661865e-01
-2.538787126541137695e+00 1.453926205635070801e+00 3.827107906341552734e+00 6.032102275639772415e-03 1.600600332021713257e-01 -4.217361807823181152e-01 8.924793601036071777e-01 6.264105439186096191e-02
-2.555533170700073242e+00 1.753679752349853516e+00 3.597352027893066406e+00 2.499999944120645523e-03 1.613385528326034546e-01 6.895734071731567383e-01 -7.060158848762512207e-01 2.133173793554306030e-01
-2.493099689483642578e+00 1.826050877571105957e+00 3.345508575439453125e+00 2.499999944120645523e-03 -1.289140880107879639e-01 -8.145588040351867676e-01 5.655750632286071777e-01 5.727223157882690430e-01
-2.363804578781127930e+00 1.425449490547180176e+00 3.667264938354492188e+00 1.971290819346904755e-02 -3.775159716606140137e-01 -8.446397781372070312e-01 3.795593976974487305e-01 2.126136273145675659e-01
-2.444069623947143555e+00 1.245867490768432617e+00 3.747964620590209961e+00 1.971290819346904755e-02 -3.849545419216156006e-01 -3.859454393386840820e-01 8.383651375770568848e-01 8.947397023439407349e-02
-1.983057379722595215e+00 4.664143025875091553e-01 3.550563812255859375e+00 2.499999944120645523e-03 3.035473525524139404e-01 3.341063857078552246e-01 8.923183083534240723e-01 8.009976148605346680e-02
-1.973319172859191895e+00 4.964164495468139648e-01 3.655338764190673828e+00 2.499999944120645523e-03 -3.172810077667236328e-01 -9.471805691719055176e-01 -4.670960083603858948e-02 2.400963306427001953e-01
-1.592727303504943848e+00 1.415125489234924316e+00 3.771716594696044922e+00 2.499999944120645523e-03 -3.740229308605194092e-01 7.639881372451782227e-01 5.257651209831237793e-01 3.321289420127868652e-01
-1.722448945045471191e+00 1.673072576522827148e+00 3.938472509384155273e+00 2.499999944120645523e-03 7.828531861305236816e-01 -1.189282014966011047e-01 -6.107347607612609863e-01 6.608662009239196777e-02
-1.585754513740539551e+00 1.678134918212890625e+00 3.925532341003417969e+00 2.499999944120645523e-03 3.352432250976562500e-01 -3.377424478530883789e-01 -8.795123696327209473e-01 1.403446942567825317e-01
-1.591916322708129883e+00 1.603894114494323730e+00 3.742185115814208984e+00 2.499999944120645523e-03 6.021704673767089844e-01 -7.761295437812805176e-01 -1.871194243431091309e-01 2.706508338451385498e-01
-1.029938697814941406e+00 8.962335586547851562e-01 3.627673387527465820e+00 4.594543948769569397e-03 7.881193757057189941e-01 3.736705482006072998e-01 4.891197681427001953e-01 3.712134361267089844e-01
-7.421703338623046875e-01 1.064639806747436523e+00 3.790747404098510742e+00 4.594543948769569397e-03 -8.908249735832214355e-01 -3.349487483501434326e-01 -3.069856464862823486e-01 2.470826208591461182e-01
-1.059405207633972168e+00 9.461504220962524414e-01 3.603661775588989258e+00 2.499999944120645523e-03 -8.776729106903076172e-01 4.595195651054382324e-01 -1.361322849988937378e-01 7.202663421630859375e-01
-5.949993059039115906e-02 1.360461950302124023e+00 4.618780612945556641e+00 1.321824826300144196e-02 -8.954484462738037109e-01 -1.885162144899368286e-01 4.032786786556243896e-01 2.560311555862426758e-01
1.011253893375396729e-01 1.490710854530334473e+00 4.582080364227294922e+00 5.334802344441413879e-02 -3.796377480030059814e-01 -7.240020036697387695e-01 -5.759308338165283203e-01 4.805667400360107422e-01
-7.345096021890640259e-02 1.151917099952697754e+00 4.296855449676513672e+00 5.334802344441413879e-02 -6.881370544433593750e-01 -7.520173490047454834e-02 -7.216731309890747070e-01 6.744023412466049194e-02
-1.325613111257553101e-01 1.147981762886047363e+00 4.260230064392089844e+00 5.334802344441413879e-02 -6.733942627906799316e-01 -2.814132869243621826e-01 -6.836276054382324219e-01 1.044945791363716125e-01
-2.221477776765823364e-01 1.215716600418090820e+00 4.093928337097167969e+00 5.334802344441413879e-02 -3.441043794155120850e-01 -6.899789571762084961e-01 -6.368054747581481934e-01 2.250571995973587036e-01
-3.873226642608642578e-01 1.046762466430664062e+00 4.003615379333496094e+00 5.334802344441413879e-02 -1.640424132347106934e-01 -8.549923300743103027e-01 -4.920144677162170410e-01 1.295901834964752197e-01
-3.470566272735595703e-01 9.012857675552368164e-01 3.943441152572631836e+00 5.334802344441413879e-02 -3.439021408557891846e-01 -6.773881912231445312e-01 -6.502895951271057129e-01 2.317085862159729004e-01
-4.605224430561065674e-01 7.545084953308105469e-01 3.715702772140502930e+00 5.334802344441413879e-02 1.800871193408966064e-01 -9.618385434150695801e-01 -2.059983015060424805e-01 1.514496356248855591e-01
-2.693034112453460693e-01 7.608530521392822266e-01 3.591779708862304688e+00 5.334802344441413879e-02 2.446829974651336670e-01 -6.834226846694946289e-01 -6.877962350845336914e-01 3.908942043781280518e-01
1.131112128496170044e-01 6.272274851799011230e-01 3.286043643951416016e+00 5.334802344441413879e-02 2.614109516143798828e-01 -7.344428300857543945e-01 -6.263050436973571777e-01 9.135219454765319824e-02
1.054435893893241882e-01 5.560390353202819824e-01 3.210102081298828125e+00 5.334802344441413879e-02 4.457739293575286865e-01 -6.578152775764465332e-01 -6.070953011512756348e-01 4.928686618804931641e-01
3.078953921794891357e-01 2.424109131097793579e-01 2.902719020843505859e+00 5.334802344441413879e-02 -3.622630238533020020e-01 -8.626278042793273926e-01 -3.530422151088714600e-01 8.789578080177307129e-02
2.209067195653915405e-01 1.619434505701065063e-01 2.873892068862915039e+00 5.334802344441413879e-02 5.418159440159797668e-02 -8.730216026306152344e-01 -4.846624135971069336e-01 2.784164547920227051e-01
-1.371932681649923325e-02 1.467216372489929199e+00 4.578247070312500000e+00 4.293379560112953186e-02 -7.716963887214660645e-01 5.267390012741088867e-01 -3.564136326313018799e-01 2.098432481288909912e-01
-1.957923471927642822e-01 1.573050141334533691e+00 4.518049716949462891e+00 4.193305224180221558e-02 4.566011726856231689e-01 4.416845738887786865e-01 7.722888588905334473e-01 1.632797867059707642e-01
-1.369187831878662109e-01 1.621914505958557129e+00 4.667201995849609375e+00 4.083846881985664368e-02 4.313401579856872559e-01 4.716171324253082275e-01 7.691053152084350586e-01 1.071418523788452148e-01
-1.072018407285213470e-02 1.767966747283935547e+00 4.726684093475341797e+00 3.796013817191123962e-02 -7.622631788253784180e-01 6.463832259178161621e-01 3.381757438182830811e-02 1.759644895792007446e-01
-2.051353752613067627e-01 1.720883488655090332e+00 4.727385044097900391e+00 3.524933382868766785e-02 -8.648260831832885742e-01 3.113175332546234131e-01 3.939000666141510010e-01 1.378980427980422974e-01
-3.912960290908813477e-01 1.782755613327026367e+00 4.748905658721923828e+00 3.198969364166259766e-02 -3.596625328063964844e-01 2.740344703197479248e-01 8.919349908828735352e-01 1.436761617660522461e-01
-4.414373934268951416e-01 1.814727902412414551e+00 4.879753112792968750e+00 2.133813872933387756e-02 -4.569580852985382080e-01 2.195512503385543823e-01 8.619666695594787598e-01 4.371035993099212646e-01
3.074674606323242188e-01 1.788838624954223633e+00 4.811586856842041016e+00 1.107823755592107773e-02 -2.925837934017181396e-01 -6.901187896728515625e-01 -6.619144678115844727e-01 3.738596439361572266e-01
1.818713843822479248e-01 1.538594961166381836e+00 4.546463012695312500e+00 1.107823755592107773e-02 -3.612388074398040771e-01 -9.292931556701660156e-01 -7.694616913795471191e-02 2.390058338642120361e-01
1.708216816186904907e-01 1.757279634475708008e+00 4.804317951202392578e+00 1.337822712957859039e-02 -2.345133274793624878e-01 1.714038662612438202e-02 -9.719617962837219238e-01 4.484914839267730713e-01
3.189522027969360352e-02 1.781774759292602539e+00 4.392924308776855469e+00 1.337822712957859039e-02 -3.859423696994781494e-01 4.219789803028106689e-01 -8.203549385070800781e-01 2.015069574117660522e-01
8.706098794937133789e-01 1.209306001663208008e+00 4.428784847259521484e+00 3.674814850091934204e-02 2.131389379501342773e-01 9.766715168952941895e-01 -2.616403810679912567e-02 2.921760082244873047e-01
9.328839182853698730e-01 1.494665980339050293e+00 4.421140193939208984e+00 3.662749379873275757e-02 -2.963171899318695068e-01 9.093531370162963867e-01 2.920154631137847900e-01 9.056168049573898315e-02
9.033207297325134277e-01 1.581623911857604980e+00 4.461615085601806641e+00 4.014717414975166321e-02 1.394281089305877686e-01 9.485528469085693359e-01 -2.842662334442138672e-01 1.296187639236450195e-01
9.159317612648010254e-01 1.702043890953063965e+00 4.428516387939453125e+00 4.014717414975166321e-02 -6.210885047912597656e-01 6.078137159347534180e-01 -4.947843253612518311e-01 2.979854643344879150e-01
1.503108441829681396e-01 1.764066100120544434e+00 4.799120903015136719e+00 2.932616136968135834e-02 6.369200944900512695e-01 -1.349866390228271484e-02 -7.708116173744201660e-01 1.167938783764839172e-01
2.246992141008377075e-01 1.762489438056945801e+00 4.709094524383544922e+00 2.932616136968135834e-02 6.197311282157897949e-01 5.688174366950988770e-01 -5.407217741012573242e-01 1.579378992319107056e-01
5.532810688018798828e-01 1.931706786155700684e+00 4.861341953277587891e+00 2.794615738093852997e-02 -6.386485099792480469e-01 7.528211474418640137e-01 -1.593373715877532959e-01 1.591697633266448975e-01
5.950609445571899414e-01 1.890722870826721191e+00 4.806468486785888672e+00 1.793619431555271149e-02 4.907588064670562744e-01 -5.796684697270393372e-02 -8.693650960922241211e-01 1.416650861501693726e-01
6.682281494140625000e-01 1.848773121833801270e+00 4.642175197601318359e+00 1.793619431555271149e-02 5.101962685585021973e-01 6.866054534912109375e-01 -5.179504752159118652e-01 1.920825690031051636e-01
8.445469737052917480e-01 1.690251588821411133e+00 4.647696018218994141e+00 1.577673107385635376e-02 -9.550734758377075195e-01 1.017929464578628540e-01 2.783394753932952881e-01 2.217830121517181396e-01
6.320233941078186035e-01 1.712008714675903320e+00 4.710371017456054688e+00 1.577673107385635376e-02 -8.334262967109680176e-01 5.276711583137512207e-01 -1.642063856124877930e-01 2.135392278432846069e-01
9.034621119499206543e-01 1.891977548599243164e+00 4.762887001037597656e+00 4.184985533356666565e-02 9.320878982543945312e-01 -1.041282042860984802e-01 -3.469430804252624512e-01 4.880488812923431396e-01
1.372043013572692871e+00 1.847262382507324219e+00 4.561089992523193359e+00 4.184985533356666565e-02 4.526548683643341064e-01 -8.913872241973876953e-01 2.307342365384101868e-02 1.233760714530944824e+00
1.963294982910156250e+00 7.695009708404541016e-01 4.393472194671630859e+00 4.184985533356666565e-02 6.267091035842895508e-01 -7.790592908859252930e-01 1.738573983311653137e-02 1.640765666961669922e-01
2.074975728988647461e+00 6.500591635704040527e-01 4.421384334564208984e+00 1.037075649946928024e-02 8.246254324913024902e-01 -5.557787418365478516e-01 -1.053702458739280701e-01 1.821021288633346558e-01
8.919416666030883789e-01 1.735584855079650879e+00 4.616043090820312500e+00 2.511977590620517731e-02 1.389656662940979004e-01 5.589881539344787598e-01 -8.174477219581604004e-01 1.266818940639495850e-01
9.095460772514343262e-01 1.806398510932922363e+00 4.512487411499023438e+00 2.511977590620517731e-02 7.703711986541748047e-01 4.146560132503509521e-01 -4.843435287475585938e-01 3.084741830825805664e-01
8.944905400276184082e-01 1.713423252105712891e+00 4.600754261016845703e+00 4.636697843670845032e-02 5.670788288116455078e-01 -3.950085341930389404e-01 -7.227653861045837402e-01 2.374049872159957886e-01
1.046452283859252930e+00 1.532039165496826172e+00 4.396567344665527344e+00 4.636697843670845032e-02 -8.259559422731399536e-02 3.331527113914489746e-01 -9.392482042312622070e-01 2.447190433740615845e-01
9.137737154960632324e-01 1.683352947235107422e+00 4.624650001525878906e+00 4.184985533356666565e-02 -7.133288979530334473e-01 -1.839970611035823822e-02 7.005878090858459473e-01 6.037069559097290039e-01
4.719479084014892578e-01 1.712466835975646973e+00 5.026426315307617188e+00 3.848110511898994446e-02 -4.920958280563354492e-01 2.944259941577911377e-01 8.192405104637145996e-01 1.348689049482345581e-01
3.971218168735504150e-01 1.743633627891540527e+00 5.145116329193115234e+00 3.466498479247093201e-02 -8.135757446289062500e-01 4.329242706298828125e-01 -3.881636857986450195e-01 1.988752633333206177e-01
1.569309085607528687e-01 1.888253211975097656e+00 5.097771167755126953e+00 3.264829143881797791e-02 -6.397829651832580566e-01 -7.203559279441833496e-01 -2.678900063037872314e-01 1.738596260547637939e-01
5.105456802994012833e-03 1.659891605377197266e+00 5.043953418731689453e+00 2.334322594106197357e-02 -8.044928908348083496e-01 3.503706157207489014e-01 -4.796161055564880371e-01 1.817201972007751465e-01
-1.320080012083053589e-01 1.654820561408996582e+00 4.961008548736572266e+00 2.468512766063213348e-02 -9.773362874984741211e-01 -1.388739198446273804e-01 -1.597742289304733276e-01 1.225462183356285095e-01
9.059324860572814941e-01 1.172499418258666992e+00 4.512765884399414062e+00 3.002283908426761627e-02 -1.738948971033096313e-01 8.572957515716552734e-01 4.845663309097290039e-01 4.016767442226409912e-01
8.360829353332519531e-01 1.516855120658874512e+00 4.707405090332031250e+00 3.002283908426761627e-02 2.678113579750061035e-01 -8.014165759086608887e-01 -5.347976684570312500e-01 3.322410285472869873e-01
1.542555451393127441e+00 8.632605075836181641e-01 4.961104869842529297e+00 2.109571546316146851e-02 -6.637958288192749023e-01 2.539863884449005127e-01 -7.034671902656555176e-01 9.306759238243103027e-01
9.137457013130187988e-01 1.087893128395080566e+00 4.329358577728271484e+00 2.109571546316146851e-02 -9.114505648612976074e-01 6.084016337990760803e-02 -4.068861305713653564e-01 4.117404520511627197e-01
8.914661407470703125e-01 1.311592578887939453e+00 4.361500740051269531e+00 1.555207557976245880e-02 8.461353182792663574e-01 -4.970786869525909424e-01 -1.922702342271804810e-01 1.126978397369384766e-01
9.770465493202209473e-01 1.270669341087341309e+00 4.375608921051025391e+00 1.555207557976245880e-02 9.010565876960754395e-01 -2.523475885391235352e-01 3.527289330959320068e-01 3.974279388785362244e-02
1.066762328147888184e+00 1.261680841445922852e+00 4.368179321289062500e+00 1.544529199600219727e-02 3.340163528919219971e-01 -4.706380963325500488e-01 8.166595697402954102e-01 1.454950869083404541e-01
2.023203134536743164e+00 1.858139634132385254e-01 4.861383438110351562e+00 6.443364545702934265e-03 -7.735896706581115723e-01 3.622667491436004639e-02 -6.326504945755004883e-01 4.492630362510681152e-01
8.304571509361267090e-01 1.344145536422729492e+00 4.411136150360107422e+00 5.844022613018751144e-03 -8.887355923652648926e-01 2.614466547966003418e-01 -3.765563368797302246e-01 5.069702267646789551e-01
1.263397097587585449e+00 1.231984019279479980e+00 4.681422233581542969e+00 3.856489062309265137e-02 -9.089066982269287109e-01 9.923832863569259644e-02 -4.050190150737762451e-01 6.123806238174438477e-01
7.068002223968505859e-01 1.292755722999572754e+00 4.433396339416503906e+00 3.856489062309265137e-02 9.854210168123245239e-02 8.091322183609008789e-01 -5.793051719665527344e-01 7.503867149353027344e-02
6.795697808265686035e-01 1.371039390563964844e+00 4.383858680725097656e+00 3.856489062309265137e-02 4.356907010078430176e-01 6.402148604393005371e-01 -6.326915025711059570e-01 1.562700122594833374e-01
7.002663016319274902e-01 1.484243512153625488e+00 4.289094448089599609e+00 3.856489062309265137e-02 -2.710857987403869629e-01 -8.179908394813537598e-01 -5.073494315147399902e-01 2.167210727930068970e-01
9.357732534408569336e-01 1.135385394096374512e+00 4.540329456329345703e+00 1.164984982460737228e-02 -9.879049062728881836e-01 -1.481607407331466675e-01 4.574165120720863342e-02 3.322900533676147461e-01
1.233647346496582031e+00 1.113671779632568359e+00 4.874070644378662109e+00 1.040639914572238922e-02 -8.292249403893947601e-03 -7.979628443717956543e-01 6.026496291160583496e-01 2.148713469505310059e-01
1.323177933692932129e+00 1.174476146697998047e+00 4.720747947692871094e+00 3.426818875595927238e-03 6.310722827911376953e-01 -7.668851613998413086e-01 -1.167685985565185547e-01 3.322877585887908936e-01
1.498248338699340820e+00 9.069392681121826172e-01 4.678374767303466797e+00 3.426818875595927238e-03 -3.562625646591186523e-01 9.006941318511962891e-01 2.486505508422851562e-01 3.067763447761535645e-01
1.714050650596618652e+00 6.086993217468261719e-01 4.928143978118896484e+00 7.904378324747085571e-02 1.881675273180007935e-01 -9.214243292808532715e-01 -3.399561643600463867e-01 4.453382492065429688e-01
1.797848820686340332e+00 1.983537971973419189e-01 4.776748657226562500e+00 7.904378324747085571e-02 -2.678759992122650146e-01 9.598567485809326172e-01 8.317146450281143188e-02 2.930202484130859375e-01
1.726505041122436523e+00 4.452335238456726074e-01 4.811904430389404297e+00 7.904378324747085571e-02 6.911495327949523926e-01 -8.154821395874023438e-02 -7.180962562561035156e-01 2.865045964717864990e-01
1.794811129570007324e+00 5.900295972824096680e-01 4.950089931488037109e+00 5.692495033144950867e-03 -2.024437934160232544e-01 -9.502024054527282715e-01 2.369217723608016968e-01 4.070917069911956787e-01
2.014541625976562500e+00 2.628530263900756836e-01 4.857637405395507812e+00 1.648125238716602325e-02 7.961895465850830078e-01 -1.532696336507797241e-01 -5.853124260902404785e-01 1.493498533964157104e-01
1.997282356023788452e-01 1.168050527572631836e+00 4.484566688537597656e+00 6.509719789028167725e-02 -1.746610701084136963e-01 5.016748905181884766e-01 -8.472400903701782227e-01 3.864483237266540527e-01
1.322307586669921875e-01 1.361921906471252441e+00 4.157152175903320312e+00 6.509719789028167725e-02 6.491987705230712891e-01 7.413057684898376465e-01 -1.703135967254638672e-01 1.021110191941261292e-01
2.171503752470016479e-01 1.425822138786315918e+00 4.136379718780517578e+00 6.509719789028167725e-02 5.399510264396667480e-01 8.406274914741516113e-01 4.240614548325538635e-02 3.548306822776794434e-01
8.726388216018676758e-01 3.230731189250946045e-01 4.506940841674804688e+00 4.237484559416770935e-02 6.085921525955200195e-01 -7.931734323501586914e-01 -2.217001654207706451e-02 3.754390180110931396e-01
1.084877490997314453e+00 3.104203753173351288e-02 4.481003284454345703e+00 3.895409405231475830e-02 -7.518374323844909668e-01 -2.112207859754562378e-01 6.246008276939392090e-01 7.866500318050384521e-02
9.715724587440490723e-01 -6.998572498559951782e-03 4.620469093322753906e+00 3.515595197677612305e-02 6.784623116254806519e-02 -9.791346192359924316e-01 -1.915522962808609009e-01 8.584452420473098755e-02
9.820733070373535156e-01 -1.900266110897064209e-01 4.630510807037353516e+00 2.978762611746788025e-02 -8.372911810874938965e-01 -1.779110431671142578e-01 -5.170021057128906250e-01 2.761505246162414551e-01
6.662575602531433105e-01 -3.135315775871276855e-01 4.483560562133789062e+00 1.554097048938274384e-02 -5.742930173873901367e-01 6.789347529411315918e-01 -4.574222862720489502e-01 5.213543176651000977e-01
5.363985300064086914e-01 2.222721129655838013e-01 4.274754524230957031e+00 1.913989894092082977e-02 -5.019198656082153320e-01 5.642396211624145508e-01 -6.555227637290954590e-01 3.465532660484313965e-01
4.077097177505493164e-01 4.334627389907836914e-01 4.031095981597900391e+00 1.913989894092082977e-02 -3.855848014354705811e-01 8.998007774353027344e-01 -2.041640728712081909e-01 2.284578680992126465e-01
1.758478730916976929e-01 5.914273858070373535e-01 3.995477914810180664e+00 8.457165211439132690e-03 -2.538525164127349854e-01 5.890250802040100098e-01 -7.672081589698791504e-01 2.994303703308105469e-01
9.257801771163940430e-01 2.795474827289581299e-01 4.997329711914062500e+00 2.944375947117805481e-02 -1.851971596479415894e-01 -7.989116311073303223e-01 5.722256302833557129e-01 2.431927770376205444e-01
9.200109243392944336e-01 3.378283977508544922e-01 4.994615077972412109e+00 3.683963045477867126e-02 -5.941042304039001465e-01 -5.774373412132263184e-01 5.600056648254394531e-01 1.963218003511428833e-01
8.033753037452697754e-01 2.244648635387420654e-01 5.104556083679199219e+00 3.605312854051589966e-02 -2.368344813585281372e-01 -2.969230711460113525e-01 9.250654578208923340e-01 7.377749681472778320e-02
8.960949182510375977e-01 1.301664710044860840e-01 5.323872089385986328e+00 4.212332144379615784e-02 -2.552613019943237305e-01 -9.312409758567810059e-01 -2.600614130496978760e-01 2.439998090267181396e-01
9.025391936302185059e-01 -1.154511868953704834e-01 5.220344543457031250e+00 3.132254257798194885e-02 -5.398243069648742676e-01 -3.290325701236724854e-01 -7.748078703880310059e-01 2.792530953884124756e-01
1.013777852058410645e+00 4.632416367530822754e-01 5.349203109741210938e+00 5.042857676744461060e-02 -7.131717205047607422e-01 6.726041436195373535e-01 -1.974582523107528687e-01 2.467711716890335083e-01
8.227763175964355469e-01 6.211683750152587891e-01 5.306698322296142578e+00 5.042857676744461060e-02 5.571924448013305664e-01 -5.780543684959411621e-01 5.961457490921020508e-01 8.422735333442687988e-02
9.632384777069091797e-01 4.768833816051483154e-01 5.523679256439208984e+00 5.042857676744461060e-02 -9.838153608143329620e-03 8.651367425918579102e-01 5.014395713806152344e-01 1.876305192708969116e-01
9.438869953155517578e-01 6.253611445426940918e-01 5.614204406738281250e+00 5.042857676744461060e-02 -6.312484145164489746e-01 7.647417187690734863e-01 1.292113214731216431e-01 1.264590471982955933e-01
8.734041452407836914e-01 7.140170931816101074e-01 5.645402431488037109e+00 5.042857676744461060e-02 -8.741659522056579590e-01 -2.716614305973052979e-01 4.025343656539916992e-01 7.340379059314727783e-02
1.139809727668762207e+00 2.648948431015014648e-01 5.132878303527832031e+00 4.999055061489343643e-03 2.880300581455230713e-01 -4.243348836898803711e-01 -8.584745526313781738e-01 9.868378192186355591e-02
1.096344709396362305e+00 2.108004689216613770e-01 5.052453994750976562e+00 4.999055061489343643e-03 1.760071665048599243e-01 -8.816275596618652344e-01 4.378976523876190186e-01 3.559797108173370361e-01
1.720131278038024902e+00 1.004482269287109375e+00 3.637893676757812500e+00 1.916100643575191498e-02 1.566696017980575562e-01 -8.218082785606384277e-01 5.478008985519409180e-01 3.514449298381805420e-01
1.949122428894042969e+00 1.612897634506225586e+00 3.690891265869140625e+00 9.072778746485710144e-03 3.180045187473297119e-01 -9.420510530471801758e-01 1.068316549062728882e-01 1.782527267932891846e-01
1.327426552772521973e+00 3.929679095745086670e-01 3.499688386917114258e+00 3.315641731023788452e-02 6.907913088798522949e-02 3.139925003051757812e-01 -9.469090700149536133e-01 5.541640892624855042e-02
1.234510898590087891e+00 4.077945053577423096e-01 3.562331676483154297e+00 3.315641731023788452e-02 -7.206233739852905273e-01 3.512762188911437988e-01 -5.977515578269958496e-01 2.761292159557342529e-01
1.253750801086425781e+00 -3.851684927940368652e-01 3.487217903137207031e+00 4.531347658485174179e-03 -7.140966057777404785e-01 -3.059394657611846924e-01 6.296563148498535156e-01 4.191069006919860840e-01
-1.066230416297912598e+00 5.733119845390319824e-01 7.006832122802734375e+00 2.499999944120645523e-03 6.311696171760559082e-01 7.258882522583007812e-01 -2.733334302902221680e-01 9.503366798162460327e-02
-1.010168671607971191e+00 6.464402675628662109e-01 6.989944934844970703e+00 2.499999944120645523e-03 6.699221134185791016e-01 7.408238649368286133e-01 -4.883037507534027100e-02 1.149434000253677368e-01
-1.453907370567321777e+00 1.994469612836837769e-01 7.783723831176757812e+00 6.015106569975614548e-03 5.817381292581558228e-02 7.588158845901489258e-01 6.487019658088684082e-01 1.990388035774230957e-01
-1.450719833374023438e+00 3.446026742458343506e-01 7.908140659332275391e+00 6.015106569975614548e-03 4.877974465489387512e-02 5.803772807121276855e-01 -8.128854632377624512e-01 3.687171339988708496e-01
-2.424741029739379883e+00 5.740306973457336426e-01 7.873720169067382812e+00 8.611658588051795959e-03 9.659147262573242188e-01 1.312410831451416016e-01 2.231243252754211426e-01 1.893157958984375000e-01
-2.312954425811767578e+00 4.509373307228088379e-01 7.611910820007324219e+00 2.499999944120645523e-03 -7.852696776390075684e-01 6.088181138038635254e-01 -1.126589924097061157e-01 1.120682954788208008e+00
-2.282467126846313477e+00 7.512416839599609375e-01 7.374961376190185547e+00 4.497538506984710693e-02 8.969842195510864258e-01 -4.153597950935363770e-01 -1.513125896453857422e-01 1.185012757778167725e-01
-2.110385179519653320e+00 6.834459900856018066e-01 7.276935577392578125e+00 4.497538506984710693e-02 7.075071334838867188e-01 -2.842082679271697998e-01 6.470388770103454590e-01 5.456886440515518188e-02
-2.124205350875854492e+00 7.334794402122497559e-01 7.344384193420410156e+00 4.497538506984710693e-02 2.658182382583618164e-02 -4.229118525981903076e-01 9.057808518409729004e-01 3.402201235294342041e-01
-2.063986539840698242e+00 6.027517318725585938e-01 7.620818614959716797e+00 4.497538506984710693e-02 5.255903005599975586e-01 7.317610550671815872e-03 8.507063388824462891e-01 2.485670596361160278e-01
-3.935762882232666016e+00 7.509962320327758789e-01 7.523765563964843750e+00 2.499999944120645523e-03 1.334218084812164307e-01 -4.994590878486633301e-01 -8.560019135475158691e-01 2.591621875762939453e-01
-3.941986322402954102e+00 6.090871691703796387e-01 7.301171302795410156e+00 2.499999944120645523e-03 1.988544017076492310e-01 -6.925016045570373535e-01 6.934683918952941895e-01 3.451464176177978516e-01
-3.861920118331909180e+00 3.195941150188446045e-01 7.542469501495361328e+00 5.187257658690214157e-03 2.565436959266662598e-01 9.526018053293228149e-02 9.618268013000488281e-01 2.188029438257217407e-01
-4.280375003814697266e+00 5.791894197463989258e-01 7.699447631835937500e+00 2.499999944120645523e-03 -9.175232648849487305e-01 -7.990043610334396362e-03 -3.976018130779266357e-01 1.644190698862075806e-01
-4.495864391326904297e+00 5.178242325782775879e-01 7.705476284027099609e+00 2.499999944120645523e-03 7.833403944969177246e-01 -1.172662898898124695e-01 6.104313135147094727e-01 5.775727629661560059e-01
-3.875869750976562500e+00 7.925404906272888184e-01 7.499961853027343750e+00 2.499999944120645523e-03 4.857975244522094727e-02 -6.519929766654968262e-01 -7.566671371459960938e-01 2.522388994693756104e-01
-3.848943948745727539e+00 6.191214323043823242e-01 7.319716453552246094e+00 2.499999944120645523e-03 -9.466052055358886719e-02 6.923731565475463867e-01 7.153033018112182617e-01 3.819995820522308350e-01
-4.264186859130859375e+00 1.710774779319763184e+00 5.879034042358398438e+00 2.499999944120645523e-03 -2.035584002733230591e-01 9.330898523330688477e-01 2.964915931224822998e-01 9.155671596527099609e-01
-4.113993167877197266e+00 1.488990187644958496e+00 5.741897583007812500e+00 2.499999944120645523e-03 -4.429353773593902588e-01 -7.245417833328247070e-01 5.280600786209106445e-01 2.311547249555587769e-01
-4.232170581817626953e+00 1.328824758529663086e+00 5.855958461761474609e+00 2.499999944120645523e-03 -4.467731714248657227e-01 -8.922160267829895020e-01 6.591149419546127319e-02 2.602325081825256348e-01
-4.291957378387451172e+00 1.730973720550537109e+00 5.872546195983886719e+00 2.499999944120645523e-03 -9.466640353202819824e-01 -3.185059130191802979e-01 4.879725724458694458e-02 1.088262274861335754e-01
-4.388164520263671875e+00 1.665624737739562988e+00 5.889917373657226562e+00 2.499999944120645523e-03 -9.225715994834899902e-01 -3.001460731029510498e-01 -2.424333542585372925e-01 2.641270160675048828e-01
-4.023819923400878906e+00 1.313002586364746094e+00 5.776693344116210938e+00 6.349350325763225555e-03 -2.917529642581939697e-01 -1.233206130564212799e-02 9.564142227172851562e-01 1.079472899436950684e+00
-4.387415409088134766e+00 1.239110708236694336e+00 6.871470928192138672e+00 6.349350325763225555e-03 -5.576562285423278809e-01 -3.341924250125885010e-01 -7.598255872726440430e-01 6.153653860092163086e-01
-4.691687583923339844e+00 1.096294164657592773e+00 6.381809234619140625e+00 6.349350325763225555e-03 -8.401155471801757812e-02 -2.838303744792938232e-01 -9.551870822906494141e-01 4.357484281063079834e-01
-4.827246665954589844e+00 9.794973731040954590e-01 5.990857601165771484e+00 6.349350325763225555e-03 -1.249178946018218994e-01 -9.660717844963073730e-01 -2.260550260543823242e-01 1.131632775068283081e-01
-2.610422611236572266e+00 1.603410482406616211e+00 5.831262111663818359e+00 1.476908661425113678e-02 -4.130249321460723877e-01 -2.604987323284149170e-01 8.726688027381896973e-01 1.378827542066574097e-01
-2.673849344253540039e+00 1.746431589126586914e+00 5.560054302215576172e+00 1.225500926375389099e-02 1.750610321760177612e-01 -7.909502387046813965e-01 5.863031744956970215e-01 4.872093200683593750e-01
-2.515625476837158203e+00 1.325705647468566895e+00 6.044989585876464844e+00 2.626073313876986504e-03 9.131347537040710449e-01 -1.794572770595550537e-01 -3.660327792167663574e-01 1.914160251617431641e-01
-2.549277305603027344e+00 1.338476777076721191e+00 6.088414192199707031e+00 7.092328276485204697e-03 4.939287006855010986e-01 5.360645055770874023e-01 6.845942735671997070e-01 3.230815827846527100e-01
-2.942792892456054688e+00 1.012413263320922852e+00 5.610418796539306641e+00 2.895245887339115143e-02 -5.825011730194091797e-01 7.761773467063903809e-01 -2.413319647312164307e-01 4.083962738513946533e-01
-3.180684328079223633e+00 1.329401254653930664e+00 5.511859893798828125e+00 2.777479588985443115e-02 -1.526135206222534180e-01 7.575235962867736816e-01 6.347181200981140137e-01 7.015493512153625488e-02
-3.192178487777709961e+00 1.373970746994018555e+00 5.604418754577636719e+00 3.425690159201622009e-02 -2.059770077466964722e-01 9.639052152633666992e-01 1.687014698982238770e-01 1.943206936120986938e-01
-3.275253534317016602e+00 1.623690247535705566e+00 5.719762802124023438e+00 2.843344211578369141e-02 6.174176335334777832e-01 7.479947209358215332e-01 -2.435145825147628784e-01 1.626980304718017578e-01
-3.156626462936401367e+00 1.716181993484497070e+00 5.714485645294189453e+00 2.242722176015377045e-02 9.042035937309265137e-01 6.660842895507812500e-02 -4.218758046627044678e-01 1.792840212583541870e-01
-2.786327123641967773e+00 1.212902426719665527e+00 5.611093997955322266e+00 2.499999944120645523e-03 -2.039307728409767151e-02 3.689562082290649414e-01 -9.292230010032653809e-01 1.940821409225463867e-01
-2.779115915298461914e+00 1.270237684249877930e+00 5.466631889343261719e+00 2.499999944120645523e-03 8.212223052978515625e-01 5.698736310005187988e-01 -2.894752845168113708e-02 3.944677114486694336e-01
-3.591212511062622070e+00 2.786230325698852539e+00 6.590930938720703125e+00 6.767783313989639282e-03 5.896508693695068359e-01 -5.634098872542381287e-02 8.056907057762145996e-01 1.390268653631210327e-01
-3.499924659729003906e+00 2.770634174346923828e+00 6.714605331420898438e+00 6.767783313989639282e-03 -8.320170640945434570e-01 -2.691810131072998047e-01 4.850661456584930420e-01 2.497803121805191040e-01
-3.302944183349609375e+00 2.669486522674560547e+00 6.420702457427978516e+00 1.633840054273605347e-02 1.567758619785308838e-01 9.556689858436584473e-01 2.492351830005645752e-01 1.532536447048187256e-01
-3.278917789459228516e+00 2.815946102142333984e+00 6.458898544311523438e+00 1.633840054273605347e-02 7.638117671012878418e-01 -6.044135093688964844e-01 2.264418005943298340e-01 1.855758875608444214e-01
-3.093950510025024414e+00 2.573704242706298828e+00 6.271722316741943359e+00 2.499999944120645523e-03 -9.885793924331665039e-01 -1.435613632202148438e-01 -4.583525657653808594e-02 1.124009370803833008e+00
-4.205080986022949219e+00 2.413028478622436523e+00 6.219254970550537109e+00 2.499999944120645523e-03 2.960278466343879700e-02 -8.093963861465454102e-01 -5.865161418914794922e-01 2.089802920818328857e-01
-3.090363025665283203e+00 2.570031881332397461e+00 6.269866943359375000e+00 2.499999944120645523e-03 -8.009675145149230957e-01 -5.464890003204345703e-01 -2.445421516895294189e-01 1.082704782485961914e+00
-3.787505149841308594e+00 1.907217383384704590e+00 6.175312995910644531e+00 2.499999944120645523e-03 -6.944000720977783203e-01 -5.500431656837463379e-01 4.639624059200286865e-01 7.817534804344177246e-01
-4.312572956085205078e+00 1.427029132843017578e+00 6.591225147247314453e+00 2.499999944120645523e-03 -8.486189842224121094e-01 2.127905040979385376e-01 4.843201935291290283e-01 1.718727797269821167e-01
-3.096579313278198242e+00 2.569233417510986328e+00 6.268134593963623047e+00 2.499999944120645523e-03 -6.233975291252136230e-01 -4.157010316848754883e-01 -6.622447967529296875e-01 6.074634194374084473e-01
-3.467223882675170898e+00 2.331795930862426758e+00 5.851368427276611328e+00 2.499999944120645523e-03 8.169336915016174316e-01 1.079167723655700684e-01 5.665450692176818848e-01 3.669974803924560547e-01
-3.406316518783569336e+00 2.295694828033447266e+00 6.051253318786621094e+00 1.540553104132413864e-02 -5.732808634638786316e-02 -6.518583893775939941e-01 -7.561707496643066406e-01 3.290644288063049316e-01
-3.425181388854980469e+00 2.081191539764404297e+00 5.802424430847167969e+00 1.540553104132413864e-02 1.083556711673736572e-01 -6.895565986633300781e-01 7.160801291465759277e-01 1.253760755062103271e-01
-3.543816804885864258e+00 2.397359132766723633e+00 6.218470573425292969e+00 2.922734059393405914e-02 -1.550801843404769897e-01 -6.094984412193298340e-01 -7.774714231491088867e-01 3.656046390533447266e-01
-3.600514888763427734e+00 2.174523830413818359e+00 5.934223175048828125e+00 2.922734059393405914e-02 -1.496178209781646729e-01 -6.282195448875427246e-01 -7.635146975517272949e-01 1.671351045370101929e-01
-3.873362541198730469e-01 -3.583436310291290283e-01 6.853585720062255859e+00 1.306857913732528687e-02 -2.410742491483688354e-01 -9.700477123260498047e-01 -2.984355948865413666e-02 2.137749195098876953e-01
-4.355168342590332031e-01 -5.550234913825988770e-01 6.842695236206054688e+00 9.807013906538486481e-03 -9.316388964653015137e-01 1.533473879098892212e-01 -3.294443488121032715e-01 1.119351685047149658e-01
-5.795059204101562500e-01 -5.006003379821777344e-01 6.854249477386474609e+00 7.049982901662588120e-03 -7.931321263313293457e-01 -5.703011527657508850e-02 -6.063736677169799805e-01 3.598321080207824707e-01
-3.033094406127929688e-01 -2.532093524932861328e-01 6.898876667022705078e+00 6.341274827718734741e-02 -5.965895056724548340e-01 -7.697985172271728516e-01 2.269168645143508911e-01 2.718415260314941406e-01
-5.651018619537353516e-01 -4.721912443637847900e-01 6.985715389251708984e+00 6.341274827718734741e-02 1.193630993366241455e-01 -9.886990189552307129e-01 9.070130437612533569e-02 9.250372648239135742e-02
-5.731042027473449707e-01 -5.543215274810791016e-01 6.929188728332519531e+00 6.341274827718734741e-02 6.919180154800415039e-01 -6.578306555747985840e-01 -2.975034415721893311e-01 1.277890056371688843e-01
-1.930685997009277344e+00 2.689370870590209961e+00 2.796217441558837891e+00 2.499999944120645523e-03 3.237104713916778564e-01 6.440429687500000000e-01 -6.931235194206237793e-01 2.388456910848617554e-01
-1.922958135604858398e+00 2.462687969207763672e+00 3.044127225875854492e+00 2.499999944120645523e-03 4.338957369327545166e-02 -9.976817965507507324e-01 5.242529511451721191e-02 8.118247240781784058e-02
-1.947824120521545410e+00 2.388942003250122070e+00 3.040230274200439453e+00 2.499999944120645523e-03 -3.188556134700775146e-01 -8.936653733253479004e-01 3.157424032688140869e-01 1.936584860086441040e-01
-2.717381477355957031e+00 1.333271741867065430e+00 3.641357898712158203e+00 4.958698153495788574e-02 4.830764830112457275e-01 -7.734226584434509277e-01 -4.104320406913757324e-01 4.105118215084075928e-01
-2.519073009490966797e+00 1.015772581100463867e+00 3.472870826721191406e+00 4.958698153495788574e-02 8.453707098960876465e-01 4.198427200317382812e-01 3.302732706069946289e-01 1.336069554090499878e-01
-2.325313329696655273e+00 1.032130122184753418e+00 3.476207733154296875e+00 4.958698153495788574e-02 5.743370652198791504e-01 6.234340071678161621e-01 5.305346250534057617e-01 3.207831084728240967e-01
-2.516194343566894531e+00 1.690888524055480957e+00 3.441781044006347656e+00 2.499999944120645523e-03 -4.534731507301330566e-01 -3.610498309135437012e-01 8.148651123046875000e-01 3.237127065658569336e-01
-2.705276727676391602e+00 1.482324481010437012e+00 3.644414663314819336e+00 2.499999944120645523e-03 4.309223294258117676e-01 3.546509146690368652e-01 -8.297762870788574219e-01 3.587522506713867188e-01
-1.676326394081115723e+00 1.664487242698669434e+00 3.904773950576782227e+00 2.499999944120645523e-03 3.171384334564208984e-01 -6.777632832527160645e-01 6.633702516555786133e-01 1.046575829386711121e-01
-1.646321654319763184e+00 1.605312943458557129e+00 4.002072811126708984e+00 2.499999944120645523e-03 -5.987240374088287354e-02 9.172376394271850586e-01 -3.938151597976684570e-01 2.702853381633758545e-01
-1.637931346893310547e+00 1.849336266517639160e+00 3.903320312500000000e+00 2.499999944120645523e-03 -1.404397487640380859e-01 6.270837187767028809e-01 7.661871314048767090e-01 9.846246987581253052e-02
-1.804711520671844482e-01 1.102235555648803711e+00 4.267764091491699219e+00 1.884528063237667084e-02 5.101023241877555847e-03 -3.594527542591094971e-01 9.331493377685546875e-01 1.932613849639892578e-01
-2.008355557918548584e-01 1.140144109725952148e+00 4.036032199859619141e+00 1.849014312028884888e-02 8.787326216697692871e-01 2.660475671291351318e-01 3.962924778461456299e-01 1.323713958263397217e-01
-3.441376686096191406e-01 8.294478654861450195e-01 3.836884260177612305e+00 3.312078863382339478e-02 8.478985428810119629e-01 2.362975031137466431e-01 -4.745856225490570068e-01 1.425350457429885864e-01
-2.630451917648315430e-01 1.175597786903381348e+00 3.984397172927856445e+00 8.044543676078319550e-03 4.980724453926086426e-01 -2.573970472440123558e-03 -8.671315908432006836e-01 2.019621878862380981e-01
-8.788410574197769165e-02 1.176599979400634766e+00 3.890864133834838867e+00 8.044543676078319550e-03 -4.246075451374053955e-01 8.251274824142456055e-01 3.726567327976226807e-01 7.097762823104858398e-02
-9.525310993194580078e-02 1.235092759132385254e+00 3.926267862319946289e+00 1.089883595705032349e-02 -3.364719450473785400e-01 3.863952457904815674e-01 8.587696552276611328e-01 1.707026064395904541e-01
5.260527506470680237e-02 6.358991861343383789e-01 3.216133832931518555e+00 1.256959885358810425e-02 6.182831525802612305e-01 6.543172597885131836e-01 -4.354249835014343262e-01 3.260212540626525879e-01
2.895353436470031738e-01 8.527612686157226562e-01 3.020213842391967773e+00 1.034298446029424667e-02 7.121663093566894531e-01 4.937607944011688232e-01 4.990184605121612549e-01 6.837055832147598267e-02
4.378813803195953369e-01 8.894091844558715820e-01 2.977220296859741211e+00 1.629020087420940399e-02 4.842948615550994873e-01 5.879451036453247070e-01 6.479036211967468262e-01 5.466422438621520996e-01
-3.174760043621063232e-01 7.388817667961120605e-01 3.576677799224853516e+00 2.237178944051265717e-02 -6.768731474876403809e-01 -6.478675603866577148e-01 3.494428694248199463e-01 4.790308177471160889e-01
1.712778508663177490e-01 1.957076936960220337e-01 2.922160863876342773e+00 3.280314430594444275e-02 -4.780282378196716309e-01 6.232616901397705078e-01 6.188972592353820801e-01 3.004389405250549316e-01
2.765954844653606415e-02 3.829597830772399902e-01 3.108101606369018555e+00 3.280314430594444275e-02 3.229762017726898193e-01 -5.841386318206787109e-01 -7.446264028549194336e-01 1.780370771884918213e-01
2.557485401630401611e-01 2.396705597639083862e-01 2.921086549758911133e+00 5.068062245845794678e-02 -9.208241701126098633e-01 5.894963815808296204e-02 3.854967951774597168e-01 2.241865396499633789e-01
1.318417489528656006e-01 3.162191212177276611e-01 3.099222421646118164e+00 5.068062245845794678e-02 6.389675140380859375e-01 2.302256822586059570e-01 -7.339732050895690918e-01 5.097064971923828125e-01
4.794080257415771484e-01 4.668593406677246094e-01 2.624319791793823242e+00 5.068062245845794678e-02 -6.861059665679931641e-01 7.219712734222412109e-01 8.953236043453216553e-02 2.650826871395111084e-01
3.226755261421203613e-01 6.227933764457702637e-01 2.612958192825317383e+00 5.068062245845794678e-02 1.182368770241737366e-01 7.397161722183227539e-01 -6.624500155448913574e-01 1.390507221221923828e-01
1.818730682134628296e-01 -4.207747802138328552e-02 2.777903795242309570e+00 5.211133882403373718e-02 -6.247753500938415527e-01 3.917629420757293701e-01 6.754091978073120117e-01 2.700290083885192871e-01
1.554648764431476593e-02 -8.391887694597244263e-02 3.079621076583862305e+00 5.211133882403373718e-02 -9.816220998764038086e-01 1.101443171501159668e-01 1.558404713869094849e-01 6.203431487083435059e-01
3.113171458244323730e-01 1.491142511367797852e-01 2.909344434738159180e+00 2.275765687227249146e-02 6.152333021163940430e-01 -4.295630753040313721e-01 6.610321998596191406e-01 3.754102289676666260e-01
5.422820448875427246e-01 -1.214811950922012329e-02 3.157502651214599609e+00 2.275765687227249146e-02 -2.126560211181640625e-01 -1.313387602567672729e-01 9.682600498199462891e-01 2.192113101482391357e-01
-1.786485463380813599e-01 1.623106598854064941e+00 4.521275520324707031e+00 3.169052675366401672e-02 6.255184859037399292e-02 8.586589694023132324e-01 -5.087160468101501465e-01 7.722080498933792114e-02
-1.738182455301284790e-01 1.689412832260131836e+00 4.481991767883300781e+00 3.109519183635711670e-02 8.186340332031250000e-01 -5.031979680061340332e-01 -2.768215239048004150e-01 1.633055508136749268e-01
-2.953242957592010498e-01 1.684027433395385742e+00 4.234497547149658203e+00 3.983639925718307495e-02 6.290444135665893555e-01 4.629003256559371948e-02 -7.759899497032165527e-01 1.930444091558456421e-01
-1.394063234329223633e-01 1.686849832534790039e+00 4.048991203308105469e+00 3.983639925718307495e-02 -4.592538177967071533e-01 6.884015798568725586e-01 -5.614171624183654785e-01 2.328311204910278320e-01
-3.160161152482032776e-02 1.742363810539245605e+00 4.745377063751220703e+00 3.606213256716728210e-02 7.004362344741821289e-01 -7.101522684097290039e-01 7.122357934713363647e-02 1.920499801635742188e-01
6.441621482372283936e-02 1.759014368057250977e+00 4.415927410125732422e+00 3.851307788863778114e-03 -4.980361461639404297e-01 -2.943104803562164307e-01 8.156845569610595703e-01 5.948398634791374207e-02
5.328400433063507080e-02 1.708540320396423340e+00 4.476913452148437500e+00 3.851307788863778114e-03 1.558696329593658447e-01 -2.716726362705230713e-01 -9.496834278106689453e-01 1.744665354490280151e-01
4.412040114402770996e-02 1.782483220100402832e+00 4.387537479400634766e+00 3.130373312160372734e-03 1.331897377967834473e-01 9.555095434188842773e-01 2.631767988204956055e-01 2.100705057382583618e-01
7.553340792655944824e-01 1.936184287071228027e+00 4.570981979370117188e+00 8.519692346453666687e-03 9.121435284614562988e-01 -4.093644022941589355e-01 2.037068828940391541e-02 1.542394459247589111e-01
8.755930066108703613e-01 1.870555758476257324e+00 4.566606521606445312e+00 8.519692346453666687e-03 -3.313437998294830322e-01 -1.103952303528785706e-01 9.370294213294982910e-01 1.465263962745666504e-01
1.454025983810424805e+00 1.749553680419921875e+00 4.594274520874023438e+00 5.856105312705039978e-02 6.458144783973693848e-01 2.449195683002471924e-01 7.231445312500000000e-01 2.913493812084197998e-01
1.642183661460876465e+00 1.820910811424255371e+00 4.804962158203125000e+00 5.856105312705039978e-02 -1.371439248323440552e-01 -8.013247847557067871e-01 5.822973251342773438e-01 1.641709059476852417e-01
1.545249462127685547e+00 1.647416234016418457e+00 4.948922634124755859e+00 5.856105312705039978e-02 6.520626544952392578e-01 -4.855823516845703125e-01 5.822577476501464844e-01 2.732563316822052002e-01
1.665037512779235840e+00 1.424139976501464844e+00 5.058791160583496094e+00 5.856105312705039978e-02 8.331319093704223633e-01 -2.767631709575653076e-01 -4.788458943367004395e-01 3.083238303661346436e-01
1.790264725685119629e+00 1.265111088752746582e+00 4.823931694030761719e+00 5.856105312705039978e-02 1.559543050825595856e-02 -7.752289772033691406e-01 6.314877867698669434e-01 2.439378947019577026e-01
1.460533022880554199e+00 1.582967042922973633e+00 4.576916217803955078e+00 3.935680165886878967e-02 -9.761122465133666992e-01 1.277092099189758301e-01 1.757702827453613281e-01 3.756788372993469238e-01
1.093828320503234863e+00 1.630944609642028809e+00 4.642949581146240234e+00 3.935680165886878967e-02 9.879176616668701172e-01 -1.354278177022933960e-01 7.535216957330703735e-02 1.186760887503623962e-01
1.230823993682861328e+00 1.634244561195373535e+00 4.667270660400390625e+00 3.958552330732345581e-02 6.877439022064208984e-01 -1.350363343954086304e-01 -7.132835984230041504e-01 1.818796992301940918e-01
1.317182540893554688e+00 1.696322560310363770e+00 4.390102386474609375e+00 3.935680165886878967e-02 6.520805358886718750e-01 -5.663098096847534180e-01 -5.040675997734069824e-01 2.603142261505126953e-01
1.460615873336791992e+00 1.564729571342468262e+00 4.350114345550537109e+00 3.935680165886878967e-02 1.282863765954971313e-01 -9.702522158622741699e-01 2.053125053644180298e-01 5.403492450714111328e-01
1.479716420173645020e+00 1.708564400672912598e+00 4.590548038482666016e+00 7.572831120342016220e-03 6.120809316635131836e-01 5.205568671226501465e-01 5.952961444854736328e-01 2.022481113672256470e-01
1.643321514129638672e+00 1.796435952186584473e+00 4.722401618957519531e+00 7.572831120342016220e-03 1.581388860940933228e-01 -2.643739283084869385e-01 -9.513666629791259766e-01 2.077130973339080811e-01
1.869193077087402344e+00 9.489247202873229980e-01 4.564339160919189453e+00 3.975736349821090698e-02 6.917334198951721191e-01 5.355506539344787598e-01 -4.844484627246856689e-01 4.304207265377044678e-01
2.152382373809814453e+00 1.169291496276855469e+00 4.352179050445556641e+00 3.975736349821090698e-02 -3.168508782982826233e-02 -2.972880303859710693e-01 9.542619585990905762e-01 1.295007765293121338e-01
2.075832843780517578e+00 1.165234804153442383e+00 4.561542510986328125e+00 3.975736349821090698e-02 9.760857373476028442e-02 9.493360519409179688e-01 -2.987199723720550537e-01 3.991806805133819580e-01
2.043574571609497070e+00 1.590006947517395020e+00 4.491457462310791016e+00 3.975736349821090698e-02 2.092405259609222412e-01 8.479087948799133301e-01 -4.871027767658233643e-01 1.801310181617736816e-01
2.169103384017944336e+00 5.782017111778259277e-01 4.401145458221435547e+00 9.852218441665172577e-03 -1.135108321905136108e-01 -6.804753541946411133e-01 -7.239257693290710449e-01 1.723853200674057007e-01
2.155812025070190430e+00 4.967625439167022705e-01 4.269581794738769531e+00 9.600481018424034119e-03 -8.471607565879821777e-01 2.379213571548461914e-01 4.750916361808776855e-01 2.602272927761077881e-01
1.845016360282897949e+00 4.655336439609527588e-01 4.299693584442138672e+00 8.869133889675140381e-03 -8.223935365676879883e-01 3.386803269386291504e-01 4.571263492107391357e-01 1.804117262363433838e-01
1.695436954498291016e+00 4.616947770118713379e-01 4.363255023956298828e+00 8.317988365888595581e-03 -8.463416695594787598e-01 1.633855551481246948e-01 -5.069625377655029297e-01 1.540019363164901733e-01
1.488952279090881348e+00 5.769047737121582031e-01 4.322477340698242188e+00 6.701134610921144485e-03 -7.827656269073486328e-01 -5.208863019943237305e-01 -3.405222892761230469e-01 1.031533256173133850e-01
1.376586318016052246e+00 5.315076112747192383e-01 4.320508480072021484e+00 5.531482864171266556e-03 -6.425777673721313477e-01 -6.138899326324462891e-01 -4.585117101669311523e-01 3.376980423927307129e-01
1.817239522933959961e-01 1.870660185813903809e+00 5.085867404937744141e+00 3.101587668061256409e-02 8.896736502647399902e-01 4.537382423877716064e-01 5.101409554481506348e-02 3.258490860462188721e-01
4.784767925739288330e-01 1.982973337173461914e+00 5.118411540985107422e+00 3.101587668061256409e-02 -4.149613082408905029e-01 3.041441142559051514e-01 8.574984073638916016e-01 1.577990800142288208e-01
4.810972213745117188e-01 2.023017644882202148e+00 5.250415802001953125e+00 3.101587668061256409e-02 7.059210538864135742e-02 1.978900134563446045e-01 9.776790142059326172e-01 1.509877890348434448e-01
4.649687111377716064e-01 2.043900728225708008e+00 5.423435688018798828e+00 3.101587668061256409e-02 7.007610201835632324e-01 -8.734726160764694214e-02 7.080286145210266113e-01 1.190750822424888611e-01
5.938401818275451660e-01 1.647490143775939941e+00 4.895483016967773438e+00 4.498483985662460327e-02 -3.020310699939727783e-01 -4.588616490364074707e-01 -8.355975151062011719e-01 2.023952752351760864e-01
5.757784843444824219e-01 1.536388754844665527e+00 4.679630279541015625e+00 4.498483985662460327e-02 -7.254514098167419434e-01 4.646630957722663879e-02 -6.867030858993530273e-01 2.734708189964294434e-01
6.088763475418090820e-01 1.638818502426147461e+00 4.953323841094970703e+00 2.704280428588390350e-02 7.083891630172729492e-01 -6.941133737564086914e-01 -1.280287653207778931e-01 6.250062584877014160e-02
6.531511545181274414e-01 1.595435976982116699e+00 4.945322036743164062e+00 2.704280428588390350e-02 4.362522363662719727e-01 -7.411032915115356445e-01 -5.103429555892944336e-01 1.009114012122154236e-01
6.020871400833129883e-01 1.692082166671752930e+00 4.984083175659179688e+00 1.085127424448728561e-02 1.553331688046455383e-02 3.047328889369964600e-01 9.523111581802368164e-01 1.637791693210601807e-01
6.046311259269714355e-01 1.741991162300109863e+00 5.140051841735839844e+00 1.085127424448728561e-02 -3.430401682853698730e-01 5.886318683624267578e-01 7.320081591606140137e-01 1.125531345605850220e-01
4.159265160560607910e-01 1.703988909721374512e+00 5.065358161926269531e+00 9.066728875041007996e-03 -2.345817238092422485e-01 -8.020309209823608398e-01 5.492885112762451172e-01 1.769513636827468872e-01
4.654082953929901123e-01 1.570614457130432129e+00 5.341960430145263672e+00 4.932300187647342682e-03 2.988491952419281006e-01 -9.483506679534912109e-01 -1.063963994383811951e-01 4.793798923492431641e-02
4.854448437690734863e-01 1.527245879173278809e+00 5.331425666809082031e+00 2.499999944120645523e-03 2.898785769939422607e-01 -9.549699425697326660e-01 -6.326825916767120361e-02 4.465721249580383301e-01
2.977254390716552734e-01 1.758685469627380371e+00 5.115231037139892578e+00 1.061216369271278381e-02 -4.960171580314636230e-01 -8.257864117622375488e-01 2.684097290039062500e-01 4.367220401763916016e-02
2.760632634162902832e-01 1.722621560096740723e+00 5.126953125000000000e+00 1.061216369271278381e-02 -3.047259747982025146e-01 6.646783947944641113e-01 6.821618080139160156e-01 1.783707886934280396e-01
3.198890984058380127e-01 1.779353380203247070e+00 5.146591663360595703e+00 1.717528142035007477e-02 -4.114578366279602051e-01 6.382004916667938232e-02 9.091916680335998535e-01 9.523127228021621704e-02
2.868798077106475830e-01 1.779503703117370605e+00 5.239154815673828125e+00 1.717528142035007477e-02 5.956580042839050293e-01 7.862505316734313965e-01 1.643216907978057861e-01 2.093992382287979126e-01
9.032146334648132324e-01 1.120800733566284180e+00 4.254632472991943359e+00 1.015060115605592728e-02 6.665163040161132812e-01 3.533386588096618652e-01 -6.564356684684753418e-01 1.418993920087814331e-01
1.012464046478271484e+00 1.176158785820007324e+00 4.161481380462646484e+00 1.015060115605592728e-02 -3.321355581283569336e-01 9.334611296653747559e-01 -1.354113668203353882e-01 2.897828817367553711e-01
6.472313404083251953e-01 1.111817955970764160e+00 4.188099861145019531e+00 3.123261732980608940e-03 7.359966039657592773e-01 2.178108096122741699e-01 -6.409894227981567383e-01 1.350626051425933838e-01
7.424017190933227539e-01 1.125917077064514160e+00 4.107056140899658203e+00 3.123261732980608940e-03 7.504875063896179199e-01 -3.979575932025909424e-01 -5.276345610618591309e-01 2.957244813442230225e-01
5.969706177711486816e-01 1.121376752853393555e+00 4.206332683563232422e+00 2.029235102236270905e-02 -4.658114314079284668e-01 6.043608784675598145e-01 6.463494300842285156e-01 7.965389639139175415e-02
5.598669052124023438e-01 1.169516444206237793e+00 4.257816791534423828e+00 2.029235102236270905e-02 6.960303783416748047e-01 2.985938787460327148e-01 -6.529804468154907227e-01 1.916926205158233643e-01
1.862903475761413574e+00 1.900647729635238647e-01 4.723230838775634766e+00 6.121196318417787552e-03 3.729390799999237061e-01 -5.479623675346374512e-01 -7.487681508064270020e-01 2.766361832618713379e-01
1.902375936508178711e+00 1.862580329179763794e-01 4.757870674133300781e+00 2.499999944120645523e-03 -6.175438165664672852e-01 -6.801702380180358887e-01 -3.949786126613616943e-01 3.404167890548706055e-01
7.353640794754028320e-01 1.369888067245483398e+00 4.376971244812011719e+00 2.499999944120645523e-03 -8.707470297813415527e-01 -2.019256353378295898e-01 4.483588635921478271e-01 3.879041075706481934e-01
4.321134388446807861e-01 1.457334399223327637e+00 4.247578620910644531e+00 2.499999944120645523e-03 -4.389230608940124512e-01 -8.982759714126586914e-01 -2.113932743668556213e-02 5.226203203201293945e-01
2.746053040027618408e-01 1.559766530990600586e+00 4.203028678894042969e+00 2.428880520164966583e-02 -7.768675088882446289e-01 -2.970067858695983887e-01 5.552151203155517578e-01 3.426437377929687500e-01
9.957014322280883789e-01 2.139346450567245483e-01 4.532043933868408203e+00 5.134706851094961166e-03 7.396015524864196777e-01 -6.559180021286010742e-01 1.508678048849105835e-01 3.750965595245361328e-01
1.375388741493225098e+00 -2.240590006113052368e-01 4.798106193542480469e+00 5.134706851094961166e-03 -6.174039840698242188e-01 -7.064709067344665527e-01 -3.459929525852203369e-01 3.327575027942657471e-01
1.312481760978698730e+00 -4.352566599845886230e-01 4.519295215606689453e+00 2.499999944120645523e-03 -6.388606429100036621e-01 6.112533211708068848e-01 -4.671471714973449707e-01 7.584787011146545410e-01
9.624075889587402344e-01 5.021609663963317871e-01 5.480051517486572266e+00 3.226694837212562561e-02 -5.188873782753944397e-02 9.943946003913879395e-01 9.212458133697509766e-02 2.978883981704711914e-01
1.118813872337341309e+00 4.737895727157592773e-01 3.423292160034179688e+00 1.437435951083898544e-02 7.045596837997436523e-01 -5.557180196046829224e-02 -7.074655294418334961e-01 1.831379532814025879e-01
1.251681447029113770e+00 4.648983478546142578e-01 3.293509006500244141e+00 1.437435951083898544e-02 2.521587014198303223e-01 -8.353720903396606445e-01 -4.884357750415802002e-01 1.797571629285812378e-01
-4.540201663970947266e+00 1.154748678207397461e+00 6.669888496398925781e+00 2.499999944120645523e-03 -4.370196759700775146e-01 8.116030097007751465e-01 3.877039849758148193e-01 9.358753263950347900e-02
-4.617970466613769531e+00 1.264526367187500000e+00 6.642059326171875000e+00 2.499999944120645523e-03 -5.556398034095764160e-01 5.597209334373474121e-01 6.147983074188232422e-01 4.396481215953826904e-01
-4.238025188446044922e+00 1.298837780952453613e+00 6.466677188873291016e+00 2.499999944120645523e-03 -5.215206742286682129e-01 -8.262642025947570801e-01 -2.128465175628662109e-01 5.154507160186767578e-01
-4.502132415771484375e+00 8.425931334495544434e-01 6.423542022705078125e+00 2.499999944120645523e-03 -6.843846440315246582e-01 -6.805149316787719727e-01 -2.617576718330383301e-01 4.598901867866516113e-01
-4.724291801452636719e+00 1.008508443832397461e+00 6.080710887908935547e+00 6.031882949173450470e-03 -9.568120241165161133e-01 2.836838960647583008e-01 6.351561844348907471e-02 1.348272264003753662e-01
-4.870944499969482422e+00 1.047687768936157227e+00 6.076305389404296875e+00 6.031882949173450470e-03 6.341773271560668945e-02 9.978793859481811523e-01 -1.466167811304330826e-02 2.816636264324188232e-01
-4.901702880859375000e+00 1.372603535652160645e+00 6.095419406890869141e+00 6.031882949173450470e-03 4.948281943798065186e-01 7.660946846008300781e-01 -4.101756215095520020e-01 1.808679848909378052e-01
-4.748908996582031250e+00 1.537906169891357422e+00 6.082988739013671875e+00 6.031882949173450470e-03 6.213608384132385254e-01 -7.111443281173706055e-01 -3.289139866828918457e-01 1.602619737386703491e-01
-2.579948902130126953e+00 1.357189893722534180e+00 5.837896823883056641e+00 2.499999944120645523e-03 3.055896461009979248e-01 -8.431120514869689941e-01 -4.424669444561004639e-01 4.220727086067199707e-01
-2.597710371017456055e+00 1.361670732498168945e+00 5.833333492279052734e+00 2.499999944120645523e-03 -5.919584631919860840e-01 -6.328419446945190430e-01 -4.990954101085662842e-01 1.759394258260726929e-01
-2.676653623580932617e+00 1.235533952713012695e+00 5.833554267883300781e+00 2.499999944120645523e-03 -6.454641222953796387e-01 7.012611031532287598e-01 3.026696443557739258e-01 2.553372979164123535e-01
-3.208352088928222656e+00 1.366512298583984375e+00 5.571444988250732422e+00 7.000382058322429657e-03 -7.422984838485717773e-01 6.131309866905212402e-01 -2.703022360801696777e-01 1.315842717885971069e-01
-4.365405142307281494e-01 -5.195118188858032227e-01 6.838969707489013672e+00 1.241515018045902252e-02 -5.370057821273803711e-01 4.968379139900207520e-01 -6.817454695701599121e-01 1.049340367317199707e-01
-4.887676537036895752e-01 -4.691693484783172607e-01 6.765298366546630859e+00 1.241515018045902252e-02 -2.472022622823715210e-01 4.514716565608978271e-01 -8.573589324951171875e-01 5.855397507548332214e-02
-5.725213289260864258e-01 -4.160439670085906982e-01 6.682318210601806641e+00 1.241515018045902252e-02 -5.035102367401123047e-01 -3.226412236690521240e-01 8.014861941337585449e-01 7.911201566457748413e-02
-6.317597031593322754e-01 -4.438746869564056396e-01 6.727252483367919922e+00 1.241515018045902252e-02 -1.938634663820266724e-01 9.776284098625183105e-01 8.160667121410369873e-02 8.643102645874023438e-02
3.424516320228576660e-02 6.346211433410644531e-01 3.224462509155273438e+00 1.194111909717321396e-02 -9.088563919067382812e-01 -6.326653808355331421e-02 4.122831225395202637e-01 1.641097515821456909e-01
-1.191618815064430237e-01 6.172847747802734375e-01 3.287255764007568359e+00 1.194111909717321396e-02 2.144527286291122437e-01 4.685570597648620605e-01 -8.570089340209960938e-01 5.140889808535575867e-02
-1.133163943886756897e-01 6.771513819694519043e-01 3.269138097763061523e+00 1.194111909717321396e-02 -3.878870904445648193e-01 5.035606026649475098e-01 -7.719911336898803711e-01 1.276865750551223755e-01
-1.152147874236106873e-01 7.326976656913757324e-01 3.135500907897949219e+00 1.194111909717321396e-02 -4.435437619686126709e-01 5.176051259040832520e-01 -7.316787838935852051e-01 5.321803689002990723e-02
1.263792663812637329e-01 6.966825127601623535e-01 3.165680408477783203e+00 5.330856889486312866e-03 6.947116255760192871e-01 -6.156736612319946289e-01 -3.719162642955780029e-01 4.583521187305450439e-02
1.568080782890319824e-01 6.701780557632446289e-01 3.159788370132446289e+00 5.330856889486312866e-03 9.076043367385864258e-01 -3.821782469749450684e-01 1.737646162509918213e-01 1.770326346158981323e-01
6.809628009796142578e-01 1.210127830505371094e+00 3.319828510284423828e+00 4.490714054554700851e-03 -8.792768120765686035e-01 4.547161161899566650e-01 -1.417941749095916748e-01 1.939705163240432739e-01
5.224168300628662109e-01 1.288503170013427734e+00 3.315748929977416992e+00 4.490714054554700851e-03 -8.853752613067626953e-01 -3.484934866428375244e-01 3.076733648777008057e-01 2.160681784152984619e-01
2.249696552753448486e-01 1.083403944969177246e+00 3.463335037231445312e+00 2.499999944120645523e-03 -8.185505270957946777e-01 4.348159134387969971e-01 -3.753800094127655029e-01 2.693322598934173584e-01
4.689000844955444336e-01 4.313724040985107422e-01 2.583250761032104492e+00 4.680122062563896179e-02 -6.827701926231384277e-01 2.961538136005401611e-01 -6.679204702377319336e-01 1.507095247507095337e-01
6.708035469055175781e-01 2.428675591945648193e-01 2.741410970687866211e+00 9.379206225275993347e-03 -8.896157145500183105e-01 8.724153041839599609e-02 4.482998549938201904e-01 1.622017323970794678e-01
-2.737779021263122559e-01 1.715973258018493652e+00 4.246219158172607422e+00 1.655700430274009705e-02 1.617565304040908813e-01 7.118392586708068848e-01 6.834615468978881836e-01 1.894786208868026733e-01
-2.695099711418151855e-01 1.856921792030334473e+00 4.383635520935058594e+00 1.655700430274009705e-02 2.885344028472900391e-01 5.537430290132761002e-03 9.574534893035888672e-01 2.821927368640899658e-01
-1.264756768941879272e-01 1.639595150947570801e+00 4.436215877532958984e+00 2.954043261706829071e-02 -8.102509975433349609e-01 -9.512880444526672363e-02 -5.783112049102783203e-01 1.534710228443145752e-01
-2.420250028371810913e-01 1.614745259284973145e+00 4.369951248168945312e+00 2.803073637187480927e-02 -9.369726181030273438e-01 -2.327876538038253784e-01 2.605612576007843018e-01 1.452852040529251099e-01
-3.936232328414916992e-01 1.598651528358459473e+00 4.418331623077392578e+00 2.621574327349662781e-02 -7.388448119163513184e-01 -6.722815036773681641e-01 4.632394760847091675e-02 9.335094690322875977e-02
-4.615845084190368652e-01 1.524745941162109375e+00 4.367780685424804688e+00 2.207724377512931824e-02 -9.953107237815856934e-01 8.956851810216903687e-02 -3.652503713965415955e-02 1.417969316244125366e-01
-5.976896286010742188e-01 1.534636020660400391e+00 4.363692283630371094e+00 1.446458417922258377e-02 4.997911751270294189e-01 8.623034358024597168e-01 -8.149583637714385986e-02 2.818603515625000000e-01
1.591071844100952148e+00 1.751524925231933594e+00 4.914213657379150391e+00 4.944788292050361633e-02 -5.863642692565917969e-01 4.760075211524963379e-01 6.554340124130249023e-01 7.720896601676940918e-02
1.545799255371093750e+00 1.788276910781860352e+00 4.964818954467773438e+00 4.925448819994926453e-02 -7.935637235641479492e-01 -6.062866449356079102e-01 -5.170264095067977905e-02 8.806110173463821411e-02
1.413185834884643555e+00 1.763795375823974609e+00 4.986780166625976562e+00 5.563300102949142456e-02 -4.837437868118286133e-01 -8.467780351638793945e-01 -2.212665975093841553e-01 2.368043661117553711e-01
1.302441835403442383e+00 1.554403185844421387e+00 4.927590847015380859e+00 5.563300102949142456e-02 -1.964934915304183960e-01 -6.478530168533325195e-01 7.359869480133056641e-01 2.551069557666778564e-01
1.663863897323608398e+00 1.761078596115112305e+00 4.905337333679199219e+00 4.504385590553283691e-02 6.096826195716857910e-01 3.780734241008758545e-01 6.966689229011535645e-01 1.391773372888565063e-01
1.748717904090881348e+00 1.813697814941406250e+00 5.002297401428222656e+00 4.504385590553283691e-02 -8.697708845138549805e-01 4.350790679454803467e-01 2.328192889690399170e-01 1.348327100276947021e-01
1.668945074081420898e+00 1.711628913879394531e+00 4.925251960754394531e+00 2.082801610231399536e-02 8.173758387565612793e-01 2.396414726972579956e-01 5.238975882530212402e-01 9.323755651712417603e-02
1.745155096054077148e+00 1.733972430229187012e+00 4.974098682403564453e+00 2.082801610231399536e-02 5.000360012054443359e-01 -7.517088055610656738e-01 -4.299974739551544189e-01 2.525779604911804199e-01
1.517770409584045410e+00 1.717837333679199219e+00 4.606640338897705078e+00 1.402512658387422562e-02 -3.245396316051483154e-01 8.294789195060729980e-01 4.545753598213195801e-01 1.894206553697586060e-02
1.362604498863220215e+00 1.948797821998596191e+00 4.563514232635498047e+00 4.444365855306386948e-03 1.421193778514862061e-01 3.232628107070922852e-01 9.355764389038085938e-01 5.285406708717346191e-01
1.569844603538513184e+00 1.757533907890319824e+00 4.780051231384277344e+00 2.496352605521678925e-02 -3.820131123065948486e-01 -7.578794956207275391e-01 5.288521647453308105e-01 1.763359457254409790e-01
1.499110341072082520e+00 1.618533134460449219e+00 4.861357212066650391e+00 2.496352605521678925e-02 9.216218590736389160e-01 -3.773143589496612549e-01 -9.081295132637023926e-02 3.589151501655578613e-01
1.970150709152221680e+00 1.322517752647399902e+00 4.950086116790771484e+00 2.225619927048683167e-02 2.946839928627014160e-01 -9.510970711708068848e-01 9.260515123605728149e-02 4.586629942059516907e-02
1.706554651260375977e+00 1.373780250549316406e+00 4.974909782409667969e+00 4.050673171877861023e-02 -1.487932652235031128e-01 -4.962094426155090332e-01 -8.553576469421386719e-01 3.274447619915008545e-01
1.203605890274047852e+00 1.587354779243469238e+00 4.649554729461669922e+00 1.284177321940660477e-02 4.727911353111267090e-01 2.542025148868560791e-01 8.437117934226989746e-01 2.822668552398681641e-01
1.987042903900146484e+00 5.537922382354736328e-01 4.368460178375244141e+00 2.499999944120645523e-03 -4.456183910369873047e-01 7.313691973686218262e-01 5.162590146064758301e-01 1.309164762496948242e-01
1.876671910285949707e+00 6.378063559532165527e-01 4.414394378662109375e+00 2.499999944120645523e-03 4.252838790416717529e-01 -5.235883593559265137e-01 -7.382335662841796875e-01 1.334297358989715576e-01
1.772019982337951660e+00 5.018916130065917969e-01 4.349023342132568359e+00 8.425677195191383362e-03 2.271049767732620239e-01 5.667966604232788086e-01 7.919374108314514160e-01 2.075647562742233276e-01
1.798747539520263672e+00 6.228443980216979980e-01 4.505437850952148438e+00 8.425677195191383362e-03 -2.074335701763629913e-02 -9.411072731018066406e-01 -3.374712169170379639e-01 3.287182450294494629e-01
1.800194859504699707e+00 3.038441240787506104e-01 4.386404991149902344e+00 8.425677195191383362e-03 -6.354043483734130859e-01 -7.373667955398559570e-01 2.292412519454956055e-01 7.404627650976181030e-02
1.760234832763671875e+00 2.423068732023239136e-01 4.457808971405029297e+00 8.425677195191383362e-03 -9.252583980560302734e-01 -3.722347319126129150e-01 7.306293398141860962e-02 2.893324792385101318e-01
2.469796836376190186e-01 1.877140164375305176e+00 5.069163322448730469e+00 1.100157294422388077e-02 9.643123745918273926e-01 9.575709700584411621e-02 -2.468444555997848511e-01 4.820745289325714111e-01
7.039597630500793457e-01 1.920558691024780273e+00 4.939830303192138672e+00 1.100157294422388077e-02 5.602396130561828613e-01 5.877229571342468262e-01 -5.837065577507019043e-01 2.322687506675720215e-01
5.240808725357055664e-01 1.943504214286804199e+00 5.077754020690917969e+00 7.892432622611522675e-03 6.269773244857788086e-01 -5.426312088966369629e-01 -5.589729547500610352e-01 5.000231266021728516e-01
8.268269896507263184e-01 1.687579393386840820e+00 4.809561729431152344e+00 7.892432622611522675e-03 -3.562280535697937012e-01 -7.017108201980590820e-01 6.170117259025573730e-01 2.218650132417678833e-01
7.897077202796936035e-01 1.579920411109924316e+00 5.006323337554931641e+00 9.336987510323524475e-03 -4.795354306697845459e-01 -4.894317090511322021e-01 7.283559441566467285e-01 2.651924788951873779e-01
4.650578200817108154e-01 2.018067598342895508e+00 5.401980876922607422e+00 9.447002783417701721e-03 2.214508354663848877e-01 -8.558938503265380859e-01 -4.673385024070739746e-01 4.358004927635192871e-01
5.837043523788452148e-01 1.620719671249389648e+00 5.185367584228515625e+00 9.447002783417701721e-03 6.723192930221557617e-01 7.144020199775695801e-01 -1.939497888088226318e-01 6.599879860877990723e-01
5.226126909255981445e-01 2.054669380187988281e+00 5.395446777343750000e+00 9.439030662178993225e-03 8.340833336114883423e-02 -9.965048432350158691e-01 -4.600161220878362656e-03 2.988396584987640381e-01
4.689806401729583740e-01 1.590090632438659668e+00 5.335590362548828125e+00 2.499999944120645523e-03 9.029377102851867676e-01 4.287988543510437012e-01 2.889711968600749969e-02 1.029380187392234802e-01
5.776322484016418457e-01 1.638105273246765137e+00 5.340029239654541016e+00 2.499999944120645523e-03 1.408758163452148438e-01 -7.942777276039123535e-01 5.909965634346008301e-01 1.936580389738082886e-01
1.358936190605163574e+00 -2.355103492736816406e-01 4.792722225189208984e+00 2.499999944120645523e-03 2.062135785818099976e-01 9.660331606864929199e-01 1.557429134845733643e-01 1.566919386386871338e-01
1.371411085128784180e+00 -7.415512949228286743e-02 4.814014434814453125e+00 2.499999944120645523e-03 -4.633700549602508545e-01 -8.052532672882080078e-01 3.699396252632141113e-01 2.427441775798797607e-01
1.313609600067138672e+00 -3.014942407608032227e-01 4.764365673065185547e+00 2.499999944120645523e-03 7.729477286338806152e-01 -2.533033192157745361e-01 5.817123055458068848e-01 1.967176049947738647e-01
1.463079690933227539e+00 -3.470123708248138428e-01 4.892771244049072266e+00 2.499999944120645523e-03 8.768466711044311523e-01 4.805727899074554443e-01 1.377397961914539337e-02 1.995214521884918213e-01
9.736250042915344238e-01 6.928337216377258301e-01 5.473131179809570312e+00 7.037816569209098816e-03 6.079634428024291992e-01 -7.295840978622436523e-01 -3.131891489028930664e-01 1.081260740756988525e-01
4.768771529197692871e-01 1.274176836013793945e+00 3.334292888641357422e+00 2.499999944120645523e-03 5.403947234153747559e-01 8.012551665306091309e-01 2.568340301513671875e-01 9.072750806808471680e-02
5.211031436920166016e-01 1.357225656509399414e+00 3.370478630065917969e+00 2.499999944120645523e-03 -9.543165564537048340e-01 -2.604428231716156006e-01 -1.464563459157943726e-01 4.397307336330413818e-01
1.646275877952575684e+00 1.573421835899353027e+00 4.826632022857666016e+00 5.531277041882276535e-03 -2.557903900742530823e-02 6.069482564926147461e-01 -7.943296432495117188e-01 1.119859144091606140e-01
1.659766912460327148e+00 1.594937801361083984e+00 4.726041316986083984e+00 5.531277041882276535e-03 -8.717004656791687012e-01 -1.942026764154434204e-01 -4.499151408672332764e-01 1.801604926586151123e-01
1.774944543838500977e+00 5.295082926750183105e-01 4.389785289764404297e+00 2.499999944120645523e-03 -6.790135502815246582e-01 3.189371526241302490e-01 6.612259149551391602e-01 5.820594727993011475e-02
1.723436951637268066e+00 5.483695864677429199e-01 4.413036346435546875e+00 2.499999944120645523e-03 -5.059100985527038574e-01 7.574350833892822266e-01 4.127312600612640381e-01 1.654759645462036133e-01
1.797450184822082520e+00 6.712412834167480469e-01 4.514182090759277344e+00 3.716325387358665466e-03 -2.333075404167175293e-01 -2.861428558826446533e-01 -9.293491840362548828e-01 1.986313760280609131e-01
1.753887295722961426e+00 5.995998382568359375e-01 4.334915637969970703e+00 3.716325387358665466e-03 -5.161111354827880859e-01 -3.743105530738830566e-01 -7.704030871391296387e-01 1.376472413539886475e-01
1.784607410430908203e+00 3.543736338615417480e-01 4.407140254974365234e+00 3.958216402679681778e-03 -9.143143892288208008e-01 3.958529829978942871e-01 -8.561336249113082886e-02 5.516695603728294373e-02
1.731573104858398438e+00 3.933244943618774414e-01 4.389965534210205078e+00 3.958216402679681778e-03 -8.083137273788452148e-01 2.613265812397003174e-01 5.275768637657165527e-01 1.199587658047676086e-01
1.599879264831542969e+00 4.560375809669494629e-01 4.437574863433837891e+00 2.499999944120645523e-03 -1.086378172039985657e-01 3.456099629402160645e-01 9.320684671401977539e-01 1.437114328145980835e-01
7.978755831718444824e-01 1.614281058311462402e+00 4.867475032806396484e+00 2.499999944120645523e-03 7.201282382011413574e-01 -6.417912840843200684e-01 -2.636651098728179932e-01 1.187391728162765503e-01
8.687858581542968750e-01 1.528239011764526367e+00 4.853506565093994141e+00 2.499999944120645523e-03 7.442809939384460449e-01 6.685946881771087646e-02 6.645115613937377930e-01 2.141321152448654175e-01
7.284002900123596191e-01 1.764780879020690918e+00 5.151869297027587891e+00 2.499999944120645523e-03 4.902887940406799316e-01 -4.915144443511962891e-01 7.197433114051818848e-01 9.906584024429321289e-02
8.147058486938476562e-01 1.741518974304199219e+00 5.184326171875000000e+00 2.499999944120645523e-03 5.058842301368713379e-01 -8.596453070640563965e-01 -7.135191559791564941e-02 2.162915021181106567e-01
8.853522539138793945e-01 1.522450923919677734e+00 5.232438087463378906e+00 2.499999944120645523e-03 5.785241127014160156e-01 -8.125935196876525879e-01 -7.072184234857559204e-02 3.318027555942535400e-01
9.917210340499877930e-01 2.065639257431030273e+00 5.071478366851806641e+00 3.814492374658584595e-03 -7.816070914268493652e-01 2.277021706104278564e-01 5.807254910469055176e-01 7.959348708391189575e-02
9.302533864974975586e-01 2.084806919097900391e+00 5.125687599182128906e+00 3.814492374658584595e-03 -9.845719933509826660e-01 1.600665450096130371e-01 7.068698853254318237e-02 3.105399310588836670e-01
5.275112390518188477e-01 2.055116653442382812e+00 5.387390613555908203e+00 2.722149016335606575e-03 4.182735681533813477e-01 -8.084222674369812012e-01 -4.141263961791992188e-01 2.516377270221710205e-01
2.441710382699966431e-01 1.279327392578125000e+00 3.326763391494750977e+00 2.499999944120645523e-03 3.384419381618499756e-01 -8.350510597229003906e-01 -4.337588846683502197e-01 1.556856036186218262e-01
2.905382812023162842e-01 1.182674050331115723e+00 3.245962381362915039e+00 2.499999944120645523e-03 2.823675870895385742e-01 -3.079705238342285156e-01 -9.085277915000915527e-01 1.438094079494476318e-01
5.449442192912101746e-02 1.229430437088012695e+00 3.296363353729248047e+00 3.311973437666893005e-02 8.186681866645812988e-01 9.845686703920364380e-02 -5.657638311386108398e-01 1.491732001304626465e-01
1.766177713871002197e-01 1.244117498397827148e+00 3.211966514587402344e+00 3.311973437666893005e-02 7.647300958633422852e-01 4.132500588893890381e-01 -4.943807125091552734e-01 1.534450203180313110e-01
-2.693090915679931641e+00 -2.677392482757568359e+00 -6.749045103788375854e-02 9.374246746301651001e-02 -5.487259626388549805e-01 -1.947819590568542480e-01 8.129943609237670898e-01 7.447685599327087402e-01
-3.041708230972290039e+00 -2.834888219833374023e+00 4.558255970478057861e-01 1.012775301933288574e-01 3.976753354072570801e-01 -8.185968399047851562e-01 4.144316017627716064e-01 2.169346958398818970e-01
-2.961711645126342773e+00 -2.972104787826538086e+00 6.220737099647521973e-01 9.867688268423080444e-02 5.002813935279846191e-01 -7.477935552597045898e-01 4.364897310733795166e-01 2.237376868724822998e-01
-2.854490041732788086e+00 -3.128461122512817383e+00 7.289334535598754883e-01 9.642298519611358643e-02 3.570341169834136963e-01 -5.059905648231506348e-01 7.851752638816833496e-01 1.553447842597961426e-01
-2.792069196701049805e+00 -3.197918653488159180e+00 8.524320125579833984e-01 7.007674127817153931e-02 6.010305881500244141e-01 -5.534339547157287598e-01 5.766047835350036621e-01 2.128896415233612061e-01
-2.631611347198486328e+00 -3.326995849609375000e+00 9.684444665908813477e-01 6.950049102306365967e-02 -3.995752334594726562e-02 -5.957423448562622070e-01 8.021810650825500488e-01 2.388523221015930176e-01
-2.618112564086914062e+00 -3.422134637832641602e+00 1.173219799995422363e+00 8.628386259078979492e-02 2.875420153141021729e-01 -3.854331970214843750e-01 8.767900466918945312e-01 9.542500972747802734e-01
-2.353193044662475586e+00 -3.782933473587036133e+00 2.015205144882202148e+00 8.156753331422805786e-02 2.403897792100906372e-01 -3.587805926799774170e-01 9.019364118576049805e-01 1.401302516460418701e-01
-2.271029233932495117e+00 -3.852170944213867188e+00 2.130046367645263672e+00 8.524987101554870605e-02 -2.676242962479591370e-02 -5.689634680747985840e-01 8.219272494316101074e-01 6.670907735824584961e-01
-2.266501188278198242e+00 -4.233110427856445312e+00 2.683723449707031250e+00 6.125449016690254211e-02 -1.960372328758239746e-01 -7.600346803665161133e-01 6.196101307868957520e-01 2.366068810224533081e-01
-2.312807798385620117e+00 -4.383627891540527344e+00 2.859888076782226562e+00 9.103716164827346802e-02 6.012094020843505859e-02 -7.088811397552490234e-01 7.027609944343566895e-01 2.032062411308288574e-01
-2.308941364288330078e+00 -4.451374530792236328e+00 3.011156320571899414e+00 8.854493498802185059e-02 -6.961055845022201538e-02 -1.174907162785530090e-01 9.906312823295593262e-01 1.442787647247314453e-01
-2.352420330047607422e+00 -4.535735607147216797e+00 3.198271989822387695e+00 6.125449016690254211e-02 -8.340229839086532593e-02 5.749289989471435547e-01 8.139414787292480469e-01 3.505930304527282715e-01
-2.340412855148315430e+00 -4.386775970458984375e+00 3.491893768310546875e+00 7.169464975595474243e-02 -4.432553052902221680e-01 -2.107588201761245728e-01 8.712666034698486328e-01 1.779292076826095581e-01
-2.673065900802612305e+00 -2.585344314575195312e+00 -5.304433032870292664e-02 5.354933813214302063e-02 2.101199626922607422e-01 9.658532738685607910e-01 1.515818387269973755e-01 1.593522787094116211e+00
-2.338234901428222656e+00 -1.046235084533691406e+00 1.885047852993011475e-01 5.354933813214302063e-02 -1.187654361128807068e-01 1.438161591067910194e-03 9.929212927818298340e-01 3.246847987174987793e-01
-2.701729774475097656e+00 -2.582857131958007812e+00 -6.919704377651214600e-02 5.738071724772453308e-02 -2.833597660064697266e-01 9.207987785339355469e-01 2.680239081382751465e-01 8.091111779212951660e-01
-2.925064325332641602e+00 -1.826508522033691406e+00 1.420831829309463501e-01 5.732902139425277710e-02 3.389260470867156982e-01 2.670583128929138184e-01 9.021136164665222168e-01 2.288894206285476685e-01
-2.886942148208618164e+00 -1.852763652801513672e+00 4.257905781269073486e-01 8.119757473468780518e-02 4.261502623558044434e-01 4.833726584911346436e-01 7.646874189376831055e-01 2.016712278127670288e-01
-2.783502578735351562e+00 -1.834187269210815430e+00 7.417799234390258789e-01 8.343461900949478149e-02 5.039396286010742188e-01 7.965431809425354004e-01 3.340116739273071289e-01 7.644559741020202637e-01
-2.383238792419433594e+00 -1.241949558258056641e+00 9.989412426948547363e-01 7.496324181556701660e-02 4.769942164421081543e-01 5.079438090324401855e-01 7.172653079032897949e-01 2.470676153898239136e-01
-2.270921707153320312e+00 -1.178204059600830078e+00 1.186829566955566406e+00 5.695461481809616089e-02 7.733686566352844238e-01 4.008368775248527527e-02 6.326881051063537598e-01 1.664695888757705688e-01
-2.154889345169067383e+00 -1.234149575233459473e+00 1.315495848655700684e+00 8.002710342407226562e-02 7.898190617561340332e-01 6.696228682994842529e-02 6.096735596656799316e-01 2.731002271175384521e-01
-1.946959376335144043e+00 -1.213860511779785156e+00 1.479986310005187988e+00 7.584757357835769653e-02 -7.940582185983657837e-02 5.362686514854431152e-01 8.403038978576660156e-01 1.261544972658157349e-01
-1.933026909828186035e+00 -1.176337599754333496e+00 1.618093132972717285e+00 6.554232537746429443e-02 -1.184970512986183167e-01 6.783318519592285156e-01 7.251374721527099609e-01 3.077948391437530518e-01
-1.929437637329101562e+00 -9.302963614463806152e-01 1.826364994049072266e+00 5.654289573431015015e-02 -5.815536975860595703e-01 7.508171796798706055e-01 3.131595253944396973e-01 3.191883563995361328e-01
-2.176761388778686523e+00 -7.305495738983154297e-01 1.959189653396606445e+00 7.107718288898468018e-02 -4.690079987049102783e-01 8.663862347602844238e-01 1.714829206466674805e-01 3.069728910923004150e-01
-2.345988988876342773e+00 -4.649519622325897217e-01 2.009871482849121094e+00 7.063095271587371826e-02 2.856730669736862183e-02 8.509284257888793945e-01 -5.245043039321899414e-01 1.673323512077331543e-01
-2.302213430404663086e+00 -3.314099907875061035e-01 1.865896463394165039e+00 8.031499385833740234e-02 5.023906230926513672e-01 8.370159864425659180e-01 2.168130576610565186e-01 4.868707060813903809e-01
-2.097772836685180664e+00 4.831276834011077881e-02 1.964779615402221680e+00 8.031406998634338379e-02 -1.700155735015869141e-01 8.928978815674781799e-03 9.854009151458740234e-01 5.120915770530700684e-01
-2.252064228057861328e+00 9.280309826135635376e-02 2.432810544967651367e+00 7.416836172342300415e-02 -4.568229317665100098e-01 4.487510025501251221e-02 8.884250521659851074e-01 2.842248603701591492e-02
-2.266084194183349609e+00 9.174589812755584717e-02 2.446724414825439453e+00 5.560209602117538452e-02 9.737912416458129883e-01 1.882083714008331299e-01 -1.277038455009460449e-01 1.919381767511367798e-01
-2.015792131423950195e+00 1.603354662656784058e-01 2.505120038986206055e+00 7.811211049556732178e-02 1.033053323626518250e-01 8.968210220336914062e-01 -4.301627874374389648e-01 3.139055073261260986e-01
-1.965475201606750488e+00 4.714632034301757812e-01 2.335103511810302734e+00 7.928440719842910767e-02 -7.303673624992370605e-01 6.579650640487670898e-01 1.834271401166915894e-01 2.767529189586639404e-01
-2.143429040908813477e+00 6.714323759078979492e-01 2.408076286315917969e+00 7.394322007894515991e-02 -3.483069539070129395e-01 -5.078117847442626953e-01 7.879146337509155273e-01 2.998087406158447266e-01
-2.216927766799926758e+00 5.302703380584716797e-01 2.611251354217529297e+00 5.465616285800933838e-02 6.472900509834289551e-01 2.925657629966735840e-01 7.038613557815551758e-01 3.727927505970001221e-01
-1.990634560585021973e+00 6.395535469055175781e-01 2.889740705490112305e+00 5.441315844655036926e-02 7.288380861282348633e-01 9.132714569568634033e-02 6.785678863525390625e-01 1.452157199382781982e-01
-1.880331277847290039e+00 6.509782671928405762e-01 3.032987356185913086e+00 7.109409570693969727e-02 5.425215363502502441e-01 8.398117423057556152e-01 -1.966103725135326385e-02 2.199339121580123901e-01
-1.807041525840759277e+00 8.116777539253234863e-01 3.102961540222167969e+00 7.701407372951507568e-02 8.595691323280334473e-01 -9.290205687284469604e-02 5.025038719177246094e-01 5.593403577804565430e-01
-1.367094755172729492e+00 7.093368172645568848e-01 3.324607849121093750e+00 8.169644325971603394e-02 8.579441308975219727e-01 -4.801885187625885010e-01 -1.826221048831939697e-01 2.740520238876342773e-01
-1.154204726219177246e+00 6.159256696701049805e-01 3.215358495712280273e+00 7.514070719480514526e-02 8.987788558006286621e-01 -1.271877288818359375e-01 -4.195471704006195068e-01 2.941956184804439545e-02
-1.122988104820251465e+00 5.492910742759704590e-01 3.153514862060546875e+00 5.299767106771469116e-02 7.934090495109558105e-01 -3.381243944168090820e-01 5.061363577842712402e-01 3.699770569801330566e-01
-8.585851192474365234e-01 3.932059705257415771e-01 3.438702106475830078e+00 7.599553465843200684e-02 6.497025489807128906e-01 -7.587492465972900391e-01 -4.675629734992980957e-02 5.465316176414489746e-01
-4.843015074729919434e-01 -3.990302234888076782e-02 3.349164247512817383e+00 7.740028202533721924e-02 3.968978226184844971e-01 -8.434488177299499512e-01 3.620307147502899170e-01 3.223939538002014160e-01
-3.181235492229461670e-01 -2.517511546611785889e-01 3.419642925262451172e+00 7.758185267448425293e-02 8.904860019683837891e-01 -3.106664419174194336e-01 3.324470818042755127e-01 2.010533362627029419e-01
-1.263020038604736328e-01 -2.545928359031677246e-01 3.459533214569091797e+00 7.349950075149536133e-02 9.692207574844360352e-01 -1.078220158815383911e-01 2.213268131017684937e-01 2.716882228851318359e-01
1.415765434503555298e-01 -2.552994787693023682e-01 3.545169353485107422e+00 6.929972022771835327e-02 5.597258806228637695e-01 5.002543926239013672e-01 -6.606454849243164062e-01 6.219023093581199646e-02
1.869756579399108887e-01 -1.783683598041534424e-01 3.487805604934692383e+00 6.811703741550445557e-02 9.487125277519226074e-01 -2.747918367385864258e-01 -1.563138514757156372e-01 2.372619956731796265e-01
4.101369082927703857e-01 -2.384672462940216064e-01 3.454636812210083008e+00 6.071422994136810303e-02 7.678748369216918945e-01 -1.812251657247543335e-01 6.144312024116516113e-01 3.445104062557220459e-01
7.078306078910827637e-01 -2.393461763858795166e-01 3.602905273437500000e+00 7.239209115505218506e-02 6.415761113166809082e-01 3.549397289752960205e-01 6.799984574317932129e-01 5.574665069580078125e-01
1.009221911430358887e+00 9.193400910589843988e-05 3.919466257095336914e+00 4.895939305424690247e-02 6.601799130439758301e-01 7.445437312126159668e-01 -9.908162057399749756e-02 4.536883160471916199e-02
1.010156273841857910e+00 1.961727812886238098e-02 3.911705017089843750e+00 4.827896505594253540e-02 1.331710964441299438e-01 -4.709328711032867432e-01 8.720594644546508789e-01 4.069930613040924072e-01
1.185963511466979980e+00 -1.994777023792266846e-01 4.312536716461181641e+00 6.883411109447479248e-02 -4.017929136753082275e-01 -5.216131210327148438e-01 7.526501417160034180e-01 1.800830215215682983e-01
1.150812983512878418e+00 -3.742049932479858398e-01 4.402633666992187500e+00 6.766756623983383179e-02 -2.139409929513931274e-01 -5.518695712089538574e-01 8.060206174850463867e-01 6.307347416877746582e-01
1.024415016174316406e+00 -7.426458001136779785e-01 4.849706172943115234e+00 6.272616982460021973e-02 -9.840826988220214844e-01 -1.558763682842254639e-01 -8.534535765647888184e-02 3.458464741706848145e-01
6.890175342559814453e-01 -7.755258679389953613e-01 4.884562492370605469e+00 5.413947254419326782e-02 -9.877687096595764160e-01 1.538072675466537476e-01 2.561774477362632751e-02 8.781085908412933350e-02
4.870547950267791748e-01 -8.253439068794250488e-01 4.816256999969482422e+00 6.885735690593719482e-02 -6.256228089332580566e-01 3.780938982963562012e-01 6.823790073394775391e-01 7.686871886253356934e-01
-1.912021450698375702e-02 -4.926797151565551758e-01 5.341317176818847656e+00 7.331974059343338013e-02 -2.520913779735565186e-01 -1.634564101696014404e-01 9.537987112998962402e-01 3.216154575347900391e-01
-1.080123931169509888e-01 -5.752681493759155273e-01 5.563302516937255859e+00 6.494282186031341553e-02 -3.362559378147125244e-01 -8.775721788406372070e-01 3.417587578296661377e-01 1.826908290386199951e-01
-1.862091273069381714e-01 -7.698411345481872559e-01 5.610821247100830078e+00 5.987213179469108582e-02 -4.035485088825225830e-01 -1.920873969793319702e-01 8.945674896240234375e-01 2.197579294443130493e-01
-4.511023163795471191e-01 -9.906369447708129883e-01 6.226311206817626953e+00 6.067696213722229004e-02 8.762651085853576660e-01 1.819350421428680420e-01 4.461604356765747070e-01 5.047867894172668457e-01
-9.230516850948333740e-02 -9.192723631858825684e-01 6.406658172607421875e+00 4.085827991366386414e-02 -5.013838410377502441e-01 2.015812546014785767e-01 8.414150476455688477e-01 9.194486588239669800e-02
-1.269760429859161377e-01 -9.001455903053283691e-01 6.463156223297119141e+00 5.626970529556274414e-02 1.093025207519531250e-01 -9.935041666030883789e-01 3.166051581501960754e-02 1.460137963294982910e-01
-1.066656410694122314e-01 -1.067620515823364258e+00 6.510742187500000000e+00 6.085146218538284302e-02 -1.672327816486358643e-01 -8.809915184974670410e-01 -4.425914287567138672e-01 2.072513699531555176e-01
-2.802658081054687500e+00 -2.634412527084350586e+00 1.480398625135421753e-01 7.778127491474151611e-02 1.156013342551887035e-03 8.394503593444824219e-01 5.434351563453674316e-01 3.429059982299804688e-01
-2.809950113296508789e+00 -2.350329637527465820e+00 3.322376310825347900e-01 7.767491787672042847e-02 -4.842007458209991455e-01 8.303886055946350098e-01 2.756888568401336670e-01 4.686295092105865479e-01
-3.022530794143676758e+00 -1.960322856903076172e+00 4.829542636871337891e-01 6.405445933341979980e-02 -7.346939444541931152e-01 4.895905852317810059e-01 4.696018099784851074e-01 2.893770933151245117e-01
-3.231658458709716797e+00 -1.825146436691284180e+00 6.271449327468872070e-01 7.107129693031311035e-02 -2.530606389045715332e-01 7.073443531990051270e-01 6.600183844566345215e-01 3.676779568195343018e-01
-3.338473796844482422e+00 -1.596360564231872559e+00 8.987543582916259766e-01 5.096260458230972290e-02 -4.876611530780792236e-01 6.986984610557556152e-01 5.234568119049072266e-01 2.347978949546813965e-01
-3.442601680755615234e+00 -1.380037426948547363e+00 9.789202213287353516e-01 6.917483359575271606e-02 -5.643830299377441406e-01 5.867930650711059570e-01 5.806425213813781738e-01 8.074197173118591309e-01
-3.947962999343872070e+00 -9.686671495437622070e-01 1.424548625946044922e+00 4.866930842399597168e-02 -7.689726352691650391e-01 4.393138587474822998e-01 4.644183218479156494e-01 4.174864888191223145e-01
-3.864096641540527344e+00 -7.385489940643310547e-01 1.416887879371643066e+00 4.743022844195365906e-02 -8.043313026428222656e-02 9.943780303001403809e-01 6.886856257915496826e-02 1.030992642045021057e-01
-3.883620738983154297e+00 -6.148948669433593750e-01 1.445708274841308594e+00 4.772416129708290100e-02 -9.257478117942810059e-01 -3.532197773456573486e-01 -1.350067406892776489e-01 2.581447064876556396e-01
-4.126573085784912109e+00 -7.239375114440917969e-01 1.358971238136291504e+00 5.470422655344009399e-02 -9.197946190834045410e-01 3.873323798179626465e-01 -6.286133080720901489e-02 1.518813222646713257e-01
-4.301959514617919922e+00 -6.583920717239379883e-01 1.294134616851806641e+00 5.965098366141319275e-02 -8.411368131637573242e-01 -2.049722895026206970e-02 5.404338240623474121e-01 1.785339564085006714e-01
-4.518350124359130859e+00 -6.993328928947448730e-01 1.426075696945190430e+00 6.917918473482131958e-02 -3.617159128189086914e-01 8.939906358718872070e-01 2.644660472869873047e-01 4.408983290195465088e-01
-4.762565135955810547e+00 -2.753147780895233154e-01 1.426702618598937988e+00 7.402031123638153076e-02 3.025722801685333252e-01 9.528180360794067383e-01 2.424556761980056763e-02 2.405857443809509277e-01
-4.740352153778076172e+00 -6.982193142175674438e-02 1.373874425888061523e+00 7.916687428951263428e-02 -3.243659138679504395e-01 9.405282139778137207e-01 -1.009628251194953918e-01 1.645530760288238525e-01
-4.732492923736572266e+00 1.046508252620697021e-01 1.341240763664245605e+00 6.503964215517044067e-02 -1.788048744201660156e-01 8.924114704132080078e-01 4.142832756042480469e-01 2.351295053958892822e-01
-4.810292720794677734e+00 3.352270722389221191e-01 1.450513124465942383e+00 6.409073621034622192e-02 7.569187879562377930e-02 -3.934525251388549805e-01 9.162237048149108887e-01 1.890597939491271973e-01
-4.771461486816406250e+00 2.523733377456665039e-01 1.625320434570312500e+00 5.088029056787490845e-02 -4.878165572881698608e-02 4.564336687326431274e-02 9.977660179138183594e-01 5.605830550193786621e-01
-2.766509294509887695e+00 -2.701840162277221680e+00 2.015059888362884521e-01 7.748570293188095093e-02 6.628310084342956543e-01 2.522779405117034912e-01 7.049899697303771973e-01 3.519982397556304932e-01
-2.533193826675415039e+00 -2.613038778305053711e+00 4.496612250804901123e-01 7.748570293188095093e-02 6.760809421539306641e-01 -4.102153182029724121e-01 6.120767593383789062e-01 6.165341138839721680e-01
-2.120061874389648438e+00 -2.870099782943725586e+00 8.288546800613403320e-01 8.094303309917449951e-02 7.301146388053894043e-01 -4.091144800186157227e-01 5.473188757896423340e-01 1.192317008972167969e-01
-2.023868560791015625e+00 -2.880369663238525391e+00 9.258496761322021484e-01 8.749833703041076660e-02 5.755990147590637207e-01 -5.970863699913024902e-01 5.587249994277954102e-01 3.053266704082489014e-01
-1.854861974716186523e+00 -3.065704822540283203e+00 1.106336355209350586e+00 8.081641048192977905e-02 7.863227128982543945e-01 -4.803118705749511719e-01 3.885834217071533203e-01 1.422330588102340698e-01
-1.732814073562622070e+00 -3.156124353408813477e+00 1.210197925567626953e+00 6.820634007453918457e-02 8.084552884101867676e-01 -4.529280662536621094e-01 -3.758407235145568848e-01 1.671260595321655273e-01
-1.591470956802368164e+00 -3.217410802841186523e+00 1.166378974914550781e+00 6.357377022504806519e-02 7.408159375190734863e-01 -6.294240951538085938e-01 2.345572859048843384e-01 3.283409774303436279e-01
-1.342882752418518066e+00 -3.420962810516357422e+00 1.287924528121948242e+00 6.368469446897506714e-02 7.547478079795837402e-01 -6.544781327247619629e-01 -4.487888887524604797e-02 2.432937622070312500e-01
-1.121953487396240234e+00 -3.592180728912353516e+00 1.234032154083251953e+00 6.006930395960807800e-02 4.666607379913330078e-01 -6.596778631210327148e-01 5.891119241714477539e-01 1.709012091159820557e-01
-9.752812385559082031e-01 -3.773212671279907227e+00 1.312809824943542480e+00 7.087086886167526245e-02 -1.498541235923767090e-01 -4.320565462112426758e-01 8.893092274665832520e-01 1.680504977703094482e-01
-2.934261083602905273e+00 -3.033682346343994141e+00 5.453699231147766113e-01 7.680303603410720825e-02 9.258125424385070801e-01 -6.703172624111175537e-02 3.719918131828308105e-01 3.300755620002746582e-01
-2.642743587493896484e+00 -3.097747564315795898e+00 6.917489767074584961e-01 7.240048050880432129e-02 9.534013867378234863e-01 -1.864087730646133423e-01 2.372288256883621216e-01 1.421542167663574219e-01
-2.451992988586425781e+00 -3.052421808242797852e+00 8.526424169540405273e-01 9.374304115772247314e-02 7.541911005973815918e-01 -6.552715301513671875e-01 4.260343685746192932e-02 3.490989208221435547e-01
-2.236114978790283203e+00 -3.252279281616210938e+00 9.204338192939758301e-01 6.676524132490158081e-02 -4.986045062541961670e-01 -8.664265275001525879e-01 2.643143944442272186e-02 1.640533804893493652e-01
-2.864136457443237305e+00 -3.225971937179565430e+00 8.170167207717895508e-01 6.657290458679199219e-02 -8.472692370414733887e-01 -3.298111259937286377e-01 -4.163645803928375244e-01 1.495478868484497070e+00
-4.181446075439453125e+00 -3.703378200531005859e+00 1.702433973550796509e-01 5.421169847249984741e-02 1.693261787295341492e-02 8.517835736274719238e-01 5.236201286315917969e-01 2.579391896724700928e-01
-4.106265544891357422e+00 -3.482117414474487305e+00 3.351745009422302246e-01 4.762582480907440186e-02 -2.240079045295715332e-01 8.440677523612976074e-01 4.872064590454101562e-01 6.700937151908874512e-01
-4.245864868164062500e+00 -2.744014263153076172e+00 6.042462587356567383e-01 3.594405576586723328e-02 -6.590463519096374512e-01 2.733090221881866455e-01 7.006854414939880371e-01 4.377039074897766113e-01
-4.512926578521728516e+00 -2.627238750457763672e+00 9.277700781822204590e-01 3.276988863945007324e-02 -5.703098177909851074e-01 2.789852023124694824e-01 7.726020812988281250e-01 1.473096311092376709e-01
-2.534190177917480469e+00 -3.415093183517456055e+00 1.316811680793762207e+00 1.858722604811191559e-02 -4.357247054576873779e-01 8.842794299125671387e-01 1.679104715585708618e-01 6.363012641668319702e-02
-2.585170984268188477e+00 -3.182395219802856445e+00 1.293639779090881348e+00 3.364928998053073883e-03 -6.752783060073852539e-01 5.217005312442779541e-02 7.357156276702880859e-01 9.206075668334960938e-01
-2.971162080764770508e+00 -2.861764192581176758e+00 6.671894788742065430e-01 9.374304115772247314e-02 -2.683388255536556244e-02 8.928619623184204102e-01 4.495302140712738037e-01 1.802387982606887817e-01
-2.984928607940673828e+00 -2.705551385879516602e+00 7.022812962532043457e-01 9.302323311567306519e-02 -2.858662903308868408e-01 -9.460242986679077148e-01 1.527037620544433594e-01 4.562942385673522949e-01
-3.048566579818725586e+00 -3.130664587020874023e+00 7.855995297431945801e-01 9.087859839200973511e-02 -1.556819677352905273e-01 -3.420103788375854492e-01 9.267103075981140137e-01 3.776413798332214355e-01
-3.178422927856445312e+00 -3.301316499710083008e+00 1.102065324783325195e+00 6.558082997798919678e-02 -2.533174455165863037e-01 -3.068079054355621338e-01 9.174416661262512207e-01 3.276211023330688477e-01
-3.392729282379150391e+00 -3.411686658859252930e+00 1.400002598762512207e+00 8.369518816471099854e-02 4.344046860933303833e-02 -7.542026042938232422e-01 6.552032828330993652e-01 4.175465404987335205e-01
-3.448937892913818359e+00 -3.652704477310180664e+00 1.751057267189025879e+00 7.809492200613021851e-02 5.706991553306579590e-01 -2.469188272953033447e-01 7.831561565399169922e-01 3.345660865306854248e-01
-3.132933139801025391e+00 -3.670564889907836914e+00 2.126753807067871094e+00 6.727528572082519531e-02 6.686906516551971436e-02 -8.968446254730224609e-01 4.372622370719909668e-01 7.516221404075622559e-01
-3.089298963546752930e+00 -4.325396537780761719e+00 2.491241693496704102e+00 6.840924173593521118e-02 7.914279401302337646e-02 -8.719148635864257812e-01 4.832193255424499512e-01 1.291858851909637451e-01
-3.051823139190673828e+00 -4.418911457061767578e+00 2.593570709228515625e+00 3.411681577563285828e-02 -7.745578885078430176e-01 -1.683972328901290894e-01 6.096740365028381348e-01 4.417687952518463135e-01
-3.387085676193237305e+00 -4.494017124176025391e+00 2.867782592773437500e+00 3.289809077978134155e-02 -5.772131085395812988e-01 -1.159561425447463989e-02 8.165112137794494629e-01 3.876107037067413330e-01
-3.666443109512329102e+00 -4.525820255279541016e+00 3.237258672714233398e+00 2.008478902280330658e-02 -6.424762606620788574e-01 6.989136934280395508e-01 -3.142353296279907227e-01 1.732188016176223755e-01
-2.674706697463989258e+00 -3.354291915893554688e+00 9.141914844512939453e-01 2.853124402463436127e-02 -4.649340808391571045e-01 -4.567587971687316895e-01 -7.584244608879089355e-01 1.510286033153533936e-01
-2.746343374252319336e+00 -3.199916362762451172e+00 7.462096810340881348e-01 6.036908552050590515e-02 5.909321904182434082e-01 -7.290018796920776367e-01 3.454785346984863281e-01 5.265314579010009766e-01
-2.449992418289184570e+00 -3.590530157089233398e+00 9.435259699821472168e-01 6.264808773994445801e-02 6.079498529434204102e-01 -7.526212930679321289e-01 2.528995275497436523e-01 2.170739322900772095e-01
-2.352974891662597656e+00 -3.727773189544677734e+00 1.083628416061401367e+00 6.060302630066871643e-02 3.233272731304168701e-01 -8.593558073043823242e-01 3.961907625198364258e-01 4.101404547691345215e-01
-2.184092521667480469e+00 -4.090227127075195312e+00 1.226805686950683594e+00 6.577703356742858887e-02 1.377230286598205566e-01 -7.500937581062316895e-01 6.468321084976196289e-01 2.556357383728027344e-01
-2.157739877700805664e+00 -4.283921718597412109e+00 1.387199997901916504e+00 6.237767636775970459e-02 -1.474277824163436890e-01 -8.027058839797973633e-01 5.778653025627136230e-01 1.728675365447998047e-01
-2.191696405410766602e+00 -3.921113014221191406e+00 2.186230182647705078e+00 7.927651703357696533e-02 6.003708243370056152e-01 -5.736116170883178711e-01 5.572473406791687012e-01 7.827910184860229492e-01
-1.716876506805419922e+00 -4.373035430908203125e+00 2.613444566726684570e+00 6.548745185136795044e-02 7.014301419258117676e-01 -4.744680225849151611e-01 5.318607091903686523e-01 1.891536563634872437e-01
-1.595349192619323730e+00 -4.479175567626953125e+00 2.714577198028564453e+00 7.240173965692520142e-02 7.802917957305908203e-01 -5.195302963256835938e-01 3.481853008270263672e-01 1.420100182294845581e-01
-1.489145755767822266e+00 -4.555231571197509766e+00 2.767832756042480469e+00 7.391425967216491699e-02 6.704471707344055176e-01 -1.356578022241592407e-01 7.294501662254333496e-01 1.463765949010848999e-01
-1.365073323249816895e+00 -4.504718303680419922e+00 2.865660429000854492e+00 6.548745185136795044e-02 2.914457023143768311e-01 1.419603917747735977e-02 9.564820528030395508e-01 1.928889751434326172e-01
-1.317134976387023926e+00 -4.518582820892333984e+00 3.104185104370117188e+00 7.601594924926757812e-02 9.662860631942749023e-01 1.640326231718063354e-01 1.984552741050720215e-01 9.695693105459213257e-02
-1.257024765014648438e+00 -4.452172756195068359e+00 3.237066030502319336e+00 7.460539042949676514e-02 9.632452130317687988e-01 4.424160718917846680e-02 2.649554014205932617e-01 4.117135405540466309e-01
-6.475301980972290039e-01 -4.339655399322509766e+00 3.228534460067749023e+00 7.340340316295623779e-02 4.655383527278900146e-01 5.092967301607131958e-02 8.835610747337341309e-01 8.408887982368469238e-01
-2.949756383895874023e-01 -4.254642009735107422e+00 3.972070217132568359e+00 7.161555439233779907e-02 2.679594755172729492e-01 2.347642481327056885e-01 9.343893527984619141e-01 3.810043334960937500e-01
-1.008592098951339722e-01 -4.044627666473388672e+00 4.241306304931640625e+00 7.098744064569473267e-02 3.506238162517547607e-01 3.558341562747955322e-01 8.662822842597961426e-01 2.274332568049430847e-02
-6.544197350740432739e-02 -4.070076942443847656e+00 4.265135765075683594e+00 6.893348693847656250e-02 4.772802293300628662e-01 4.809851646423339844e-01 7.354297041893005371e-01 4.234675467014312744e-01
-2.320152044296264648e+00 -3.994410991668701172e+00 2.208545684814453125e+00 4.644858837127685547e-02 -5.252270102500915527e-01 -6.319797039031982422e-01 -5.698581337928771973e-01 9.512948989868164062e-02
-2.370116710662841797e+00 -4.054531097412109375e+00 2.154335498809814453e+00 4.621567577123641968e-02 6.121833324432373047e-01 -6.723350882530212402e-01 4.161696135997772217e-01 7.358473539352416992e-02
-2.284440517425537109e+00 -4.111803054809570312e+00 2.167846202850341797e+00 4.693815484642982483e-02 -1.442960649728775024e-01 -9.838657975196838379e-01 1.057675778865814209e-01 2.957809269428253174e-01
-2.252742290496826172e+00 -4.504633426666259766e+00 2.876725196838378906e+00 3.083669580519199371e-02 9.878166913986206055e-01 -1.450853049755096436e-01 5.628868192434310913e-02 2.262277901172637939e-01
-2.298404693603515625e+00 -4.382986545562744141e+00 3.165650844573974609e+00 1.264927629381418228e-02 -3.668763637542724609e-01 8.750600218772888184e-01 3.157082200050354004e-01 3.736111819744110107e-01
-2.441361665725708008e+00 -4.347478389739990234e+00 3.486917495727539062e+00 6.542725022882223129e-03 -9.828478097915649414e-01 1.974205253645777702e-03 -1.844079345464706421e-01 8.708805441856384277e-01
-3.308330297470092773e+00 -4.381689548492431641e+00 3.387564659118652344e+00 6.542725022882223129e-03 -9.718325138092041016e-01 -7.977853715419769287e-02 -2.217587828636169434e-01 1.550006717443466187e-01
-3.356200695037841797e+00 -4.402225971221923828e+00 3.352195978164672852e+00 8.313109166920185089e-03 -7.617292553186416626e-02 -9.802557826042175293e-01 1.824727952480316162e-01 1.296698898077011108e-01
-2.349813699722290039e+00 -4.367300987243652344e+00 2.958566665649414062e+00 5.791697278618812561e-02 -3.469960391521453857e-01 1.530921906232833862e-01 9.252872467041015625e-01 6.639571189880371094e-01
-2.580204248428344727e+00 -4.265654563903808594e+00 3.572917699813842773e+00 5.700859054923057556e-02 2.149491608142852783e-01 -8.953870832920074463e-02 9.725120663642883301e-01 4.161029309034347534e-02
-2.627388000488281250e+00 -4.200755596160888672e+00 3.757552862167358398e+00 5.731826275587081909e-02 5.115481615066528320e-01 -6.813755631446838379e-01 5.234938263893127441e-01 3.777269721031188965e-01
-2.416218519210815430e+00 -4.450915336608886719e+00 3.998254299163818359e+00 3.674786165356636047e-02 5.616241693496704102e-01 -8.217355608940124512e-01 -9.658656269311904907e-02 5.010619759559631348e-02
-2.369338989257812500e+00 -4.575520038604736328e+00 4.042487621307373047e+00 4.483643919229507446e-02 5.300124287605285645e-01 5.152084231376647949e-01 6.735332608222961426e-01 6.644589304924011230e-01
-2.416308164596557617e+00 -1.167289972305297852e+00 1.856809407472610474e-01 4.042453318834304810e-02 -4.446537792682647705e-01 8.340252041816711426e-01 3.266266286373138428e-01 1.781098693609237671e-01
-2.495505332946777344e+00 -1.018741846084594727e+00 2.438563704490661621e-01 4.042453318834304810e-02 -4.149269759654998779e-01 9.089576005935668945e-01 4.039359092712402344e-02 1.099640503525733948e-01
-2.885716676712036133e+00 -1.935171365737915039e+00 1.756618320941925049e-01 2.749606780707836151e-02 3.367529511451721191e-01 -2.278852164745330811e-01 9.136004447937011719e-01 1.993217915296554565e-01
-2.818594455718994141e+00 -1.980593800544738770e+00 3.577623069286346436e-01 2.749606780707836151e-02 6.396876275539398193e-02 -3.235818743705749512e-01 9.440353512763977051e-01 1.347663551568984985e-01
-2.749040365219116211e+00 -2.010262727737426758e+00 4.547806382179260254e-01 3.766396641731262207e-02 4.773285984992980957e-01 -2.863177359104156494e-01 8.307704925537109375e-01 5.461159348487854004e-01
-2.439793109893798828e+00 -2.173700094223022461e+00 9.036408662796020508e-01 3.586202487349510193e-02 4.668767377734184265e-02 -3.251926004886627197e-01 9.444946050643920898e-01 9.934701025485992432e-02
-2.541357517242431641e+00 -2.187071323394775391e+00 1.016578078269958496e+00 3.496864065527915955e-02 1.286257952451705933e-01 -2.474684119224548340e-01 9.603201746940612793e-01 2.841936349868774414e-01
-2.740982532501220703e+00 -1.629664659500122070e+00 8.136152625083923340e-01 7.926288992166519165e-02 -7.381223440170288086e-01 6.391859650611877441e-01 2.159090936183929443e-01 1.699241697788238525e-01
-2.893927097320556641e+00 -1.523297786712646484e+00 8.345683217048645020e-01 7.926288992166519165e-02 -4.894157052040100098e-01 3.237146437168121338e-01 8.097413778305053711e-01 1.289634257555007935e-01
-2.995698451995849609e+00 -1.469540476799011230e+00 8.965699672698974609e-01 4.571349173784255981e-02 -6.867169141769409180e-01 2.280268222093582153e-01 6.902344822883605957e-01 3.724242746829986572e-01
-3.201136112213134766e+00 -1.315868258476257324e+00 1.191559553146362305e+00 7.926288992166519165e-02 -7.829150557518005371e-01 2.615213692188262939e-01 5.644914507865905762e-01 1.092437356710433960e-01
-2.726536750793457031e+00 -1.727028846740722656e+00 8.726469874382019043e-01 5.079869180917739868e-02 -1.068223267793655396e-01 2.687777951359748840e-02 9.939147830009460449e-01 2.796252965927124023e-01
-2.758057594299316406e+00 -1.721759676933288574e+00 1.150789380073547363e+00 5.074881389737129211e-02 3.644847273826599121e-01 -1.788295507431030273e-01 9.138768315315246582e-01 2.164342850446701050e-01
-2.775288105010986328e+00 -1.767148613929748535e+00 1.387129187583923340e+00 7.046515494585037231e-02 3.503265082836151123e-01 2.168410867452621460e-01 9.111812710762023926e-01 1.113552078604698181e-01
-2.713484525680541992e+00 -1.712854385375976562e+00 1.475171208381652832e+00 6.443367898464202881e-02 1.609883904457092285e-01 2.973012328147888184e-01 9.411135315895080566e-01 3.602422773838043213e-01
-2.578788042068481445e+00 -1.625365734100341797e+00 1.798318028450012207e+00 6.871297210454940796e-02 2.292756587266921997e-01 1.138598471879959106e-01 9.666791558265686035e-01 8.114044666290283203e-01
-2.417732954025268555e+00 -1.603316783905029297e+00 2.609420776367187500e+00 6.825049966573715210e-02 -1.753160171210765839e-02 3.606750667095184326e-01 9.325267672538757324e-01 3.275264501571655273e-01
-2.392598390579223633e+00 -1.402172565460205078e+00 3.179398298263549805e+00 6.772843003273010254e-02 9.879731386899948120e-02 -9.526965618133544922e-01 2.874167561531066895e-01 4.960905313491821289e-01
-2.314046859741210938e+00 -1.884388089179992676e+00 3.316022157669067383e+00 7.073950767517089844e-02 -3.565590083599090576e-01 -8.212389349937438965e-01 -4.454573988914489746e-01 4.699563086032867432e-01
-2.511583089828491211e+00 -2.175084829330444336e+00 3.166941165924072266e+00 6.873099505901336670e-02 -8.068029880523681641e-01 1.130552738904953003e-01 -5.799029469490051270e-01 2.148578315973281860e-01
-2.680662155151367188e+00 -2.188980817794799805e+00 2.951983451843261719e+00 6.564597040414810181e-02 -9.625408053398132324e-01 -2.630572319030761719e-01 6.569673866033554077e-02 2.525047957897186279e-01
-2.893040418624877930e+00 -2.321277618408203125e+00 2.905284643173217773e+00 6.493915617465972900e-02 -6.895965337753295898e-01 -6.423487663269042969e-01 3.344318568706512451e-01 5.175036787986755371e-01
-3.298783779144287109e+00 -2.572007179260253906e+00 3.014194726943969727e+00 6.756746023893356323e-02 -4.371771514415740967e-01 3.790288865566253662e-01 8.156060576438903809e-01 4.636147916316986084e-01
-3.251430988311767578e+00 -2.324385643005371094e+00 3.615431308746337891e+00 6.499549001455307007e-02 -6.296245455741882324e-01 5.777195692062377930e-01 5.194352865219116211e-01 5.561308860778808594e-01
-3.503555536270141602e+00 -2.076101303100585938e+00 3.900106191635131836e+00 5.266578122973442078e-02 -1.776177585124969482e-01 -2.925499379634857178e-01 9.396097660064697266e-01 2.565939128398895264e-01
-3.576971769332885742e+00 -2.121922969818115234e+00 4.155737400054931641e+00 5.944612994790077209e-02 -7.335982471704483032e-02 -4.989599883556365967e-01 8.635144829750061035e-01 3.373650014400482178e-01
-3.624008655548095703e+00 -2.276200771331787109e+00 4.426839828491210938e+00 6.319655478000640869e-02 -6.895835995674133301e-01 -5.475499108433723450e-02 7.221332192420959473e-01 1.234373524785041809e-01
-3.710999965667724609e+00 -2.297075510025024414e+00 4.510838508605957031e+00 6.029797717928886414e-02 -5.431281924247741699e-01 -2.227450460195541382e-01 8.095656037330627441e-01 4.490564167499542236e-01
-3.846195220947265625e+00 -2.366292715072631836e+00 4.978247165679931641e+00 5.855587124824523926e-02 -6.250226497650146484e-01 -2.673474848270416260e-01 7.333975434303283691e-01 6.849978566169738770e-01
-4.244007110595703125e+00 -2.555099964141845703e+00 5.519349098205566406e+00 5.894294753670692444e-02 -7.902969717979431152e-01 -6.776412576436996460e-02 6.089652776718139648e-01 9.323027916252613068e-03
-4.272343635559082031e+00 -2.515022754669189453e+00 5.506357669830322266e+00 5.550274997949600220e-02 -7.551960945129394531e-01 -9.131495654582977295e-02 6.491073966026306152e-01 3.695393204689025879e-01
-4.545623302459716797e+00 -2.559472560882568359e+00 5.741568565368652344e+00 4.383200407028198242e-02 -2.624099254608154297e-01 -5.010219216346740723e-01 8.246926665306091309e-01 4.048038721084594727e-01
-4.644486904144287109e+00 -2.753914117813110352e+00 6.088066101074218750e+00 3.854081034660339355e-02 -2.658648788928985596e-01 -7.256430983543395996e-01 6.346321702003479004e-01 3.143644034862518311e-01
-4.700478553771972656e+00 -3.049850940704345703e+00 6.273231983184814453e+00 5.215970799326896667e-02 -3.636330962181091309e-01 -3.319470882415771484e-01 8.703919053077697754e-01 2.429548650979995728e-01
-4.819877147674560547e+00 -3.261091232299804688e+00 6.480888843536376953e+00 4.959253221750259399e-02 9.547394514083862305e-02 -5.169786885380744934e-02 9.940885305404663086e-01 5.528715848922729492e-01
-4.874528884887695312e+00 -3.307610511779785156e+00 7.020950317382812500e+00 4.336571693420410156e-02 -6.483221799135208130e-02 -1.374442577362060547e-01 9.883854985237121582e-01 1.183567166328430176e+00
-2.673964738845825195e+00 -1.816105723381042480e+00 7.779461145401000977e-01 5.868715420365333557e-02 4.798279106616973877e-01 1.409611403942108154e-01 8.659648299217224121e-01 2.658536434173583984e-01
-2.526659727096557617e+00 -1.826660990715026855e+00 1.156670928001403809e+00 7.735100388526916504e-02 9.918560981750488281e-01 5.952233076095581055e-02 -1.125993207097053528e-01 3.785403370857238770e-01
-2.198449373245239258e+00 -1.819945335388183594e+00 1.146530866622924805e+00 7.371188700199127197e-02 2.995938062667846680e-01 -9.536393880844116211e-01 -2.855712361633777618e-02 4.104784131050109863e-01
-2.033004522323608398e+00 -2.193884611129760742e+00 1.122586250305175781e+00 7.456554472446441650e-02 4.345158934593200684e-01 -5.633637905120849609e-01 7.027212381362915039e-01 1.402063369750976562e-01
-1.984062433242797852e+00 -2.352438211441040039e+00 1.176370382308959961e+00 5.817316100001335144e-02 7.145007252693176270e-01 -4.215596318244934082e-01 5.583692193031311035e-01 1.899724155664443970e-01
-1.732309222221374512e+00 -2.508950471878051758e+00 1.349151611328125000e+00 5.767986923456192017e-02 1.287740916013717651e-01 -5.339064002037048340e-01 -8.356800675392150879e-01 1.254455745220184326e-01
-1.713283300399780273e+00 -2.575678825378417969e+00 1.251037597656250000e+00 2.509510330855846405e-02 -6.438324451446533203e-01 -7.034119367599487305e-01 3.011501729488372803e-01 2.695845961570739746e-01
-2.475681543350219727e+00 -1.255771160125732422e+00 9.017575383186340332e-01 3.329287096858024597e-02 -1.255755275487899780e-01 8.131806850433349609e-01 -5.683027505874633789e-01 1.504340171813964844e-01
-2.494572401046752930e+00 -1.133441209793090820e+00 8.162654638290405273e-01 3.329287096858024597e-02 -2.929317057132720947e-01 8.989604711532592773e-01 3.256702721118927002e-01 3.577372729778289795e-01
-1.883405089378356934e+00 -1.141322612762451172e+00 1.593447208404541016e+00 1.045166049152612686e-02 -4.988068044185638428e-01 -5.125461816787719727e-01 6.989192962646484375e-01 3.433030247688293457e-01
-2.439276933670043945e+00 -1.153432011604309082e+00 9.681194424629211426e-01 7.918962091207504272e-02 -5.760627985000610352e-01 7.109672427177429199e-01 -4.033326804637908936e-01 3.296033143997192383e-01
-2.480791091918945312e+00 -1.071853160858154297e+00 8.387598991394042969e-01 7.913043349981307983e-02 -5.286716818809509277e-01 -4.973211884498596191e-01 6.878792643547058105e-01 4.797487258911132812e-01
-2.954636335372924805e+00 -1.563442945480346680e+00 1.292025685310363770e+00 7.900120317935943604e-02 -5.048985481262207031e-01 6.912956833839416504e-01 5.169020295143127441e-01 5.176945328712463379e-01
-3.245235204696655273e+00 -1.216161131858825684e+00 1.527801394462585449e+00 6.035998836159706116e-02 -5.516127347946166992e-01 7.986953258514404297e-01 2.404354363679885864e-01 7.193777561187744141e-01
-3.678824424743652344e+00 -6.331458091735839844e-01 1.617621779441833496e+00 7.840371876955032349e-02 -5.724654793739318848e-01 7.508079409599304199e-01 3.295007050037384033e-01 1.436268240213394165e-01
-3.738810062408447266e+00 -5.191165804862976074e-01 1.693426370620727539e+00 6.488151103258132935e-02 -3.409021198749542236e-01 9.380401968955993652e-01 6.218000128865242004e-02 5.305169224739074707e-01
-3.927177667617797852e+00 -2.755407802760601044e-02 1.741572141647338867e+00 5.858029052615165710e-02 -3.045637905597686768e-01 9.265232086181640625e-01 2.208972722291946411e-01 5.441822577267885208e-03
-4.006691455841064453e+00 1.055513396859169006e-01 1.824031233787536621e+00 7.810982316732406616e-02 8.529162406921386719e-01 2.173694521188735962e-01 4.746413528919219971e-01 2.137787938117980957e-01
-3.592398166656494141e+00 4.415772557258605957e-01 1.784143924713134766e+00 7.810246944427490234e-02 -5.110142827033996582e-01 6.713914275169372559e-01 5.367475748062133789e-01 4.784947037696838379e-01
-3.812524795532226562e+00 7.754478454589843750e-01 2.043800354003906250e+00 7.795592397451400757e-02 -3.571889996528625488e-01 5.163631439208984375e-01 7.783219814300537109e-01 2.424098849296569824e-01
-3.929782152175903320e+00 8.980833888053894043e-01 2.232207298278808594e+00 7.790663093328475952e-02 1.854997500777244568e-02 -3.236077427864074707e-01 9.460094571113586426e-01 2.132760584354400635e-01
-3.970431804656982422e+00 8.117483258247375488e-01 2.431161165237426758e+00 7.771088927984237671e-02 7.194501906633377075e-02 -3.374752700328826904e-01 9.385810494422912598e-01 2.526462376117706299e-01
-3.970056772232055664e+00 7.068279981613159180e-01 2.665333986282348633e+00 6.151967123150825500e-02 8.145375549793243408e-02 -2.199288904666900635e-01 9.721093177795410156e-01 2.359791547060012817e-01
-3.999775171279907227e+00 6.101201176643371582e-01 2.920795440673828125e+00 7.625782489776611328e-02 5.586572289466857910e-01 -1.340678781270980835e-01 8.184912204742431641e-01 9.489676952362060547e-01
-3.487915992736816406e+00 5.181509852409362793e-01 3.666083812713623047e+00 6.959496438503265381e-02 2.880252301692962646e-01 7.161781191825866699e-01 6.357125043869018555e-01 9.962265938520431519e-02
-3.479557991027832031e+00 5.995119214057922363e-01 3.703591346740722656e+00 7.680469751358032227e-02 2.871595621109008789e-01 9.474133849143981934e-01 1.412346214056015015e-01 2.428455799818038940e-01
-3.430951356887817383e+00 8.122967481613159180e-01 3.687499284744262695e+00 7.610840350389480591e-02 -1.765018403530120850e-01 9.513791799545288086e-01 -2.524375617504119873e-01 2.659779489040374756e-01
-3.430284738540649414e+00 1.052844047546386719e+00 3.702251434326171875e+00 7.208564877510070801e-02 -8.483144640922546387e-01 -2.777277827262878418e-01 4.508102238178253174e-01 1.880182325839996338e-01
-3.668751239776611328e+00 9.873040914535522461e-01 3.750252246856689453e+00 5.551175028085708618e-02 -3.343411087989807129e-01 8.481853008270263672e-01 4.108499884605407715e-01 2.370818555355072021e-01
-3.789362668991088867e+00 1.201435923576354980e+00 3.852012395858764648e+00 7.574269920587539673e-02 3.155674338340759277e-01 8.972880840301513672e-01 3.086928725242614746e-01 4.249320924282073975e-01
-3.805405139923095703e+00 1.587415218353271484e+00 4.211024761199951172e+00 7.597003877162933350e-02 4.147565364837646484e-02 9.991167187690734863e-01 6.751966662704944611e-03 6.740934848785400391e-01
-3.826188087463378906e+00 2.070852279663085938e+00 4.311982154846191406e+00 7.436697930097579956e-02 1.285700686275959015e-02 4.497073590755462646e-01 8.930833935737609863e-01 4.774392247200012207e-01
-3.998809099197387695e+00 2.213500261306762695e+00 4.640098094940185547e+00 6.777015328407287598e-02 -5.319121479988098145e-01 1.959902942180633545e-01 8.238065838813781738e-01 1.343983113765716553e-01
-4.097545623779296875e+00 2.275945901870727539e+00 4.739157199859619141e+00 5.196817219257354736e-02 -1.826917082071304321e-01 1.745675504207611084e-01 9.675484299659729004e-01 2.104591280221939087e-01
-4.051548004150390625e+00 2.346758604049682617e+00 5.028397083282470703e+00 7.169361412525177002e-02 -6.681115031242370605e-01 6.191920638084411621e-01 4.125871956348419189e-01 2.537363767623901367e-01
-4.363683223724365234e+00 2.608192920684814453e+00 5.215853691101074219e+00 7.233771681785583496e-02 3.324997723102569580e-01 8.217285275459289551e-01 -4.628240764141082764e-01 3.547587394714355469e-01
-4.258936405181884766e+00 2.904032468795776367e+00 5.160377502441406250e+00 5.015494674444198608e-02 6.345476508140563965e-01 7.714883685111999512e-01 4.642127081751823425e-02 5.608907341957092285e-02
-4.121938228607177734e+00 2.858298301696777344e+00 5.120069503784179688e+00 6.948016583919525146e-02 1.848189383745193481e-01 5.896307229995727539e-01 -7.862426638603210449e-01 5.608149766921997070e-01
-4.100700378417968750e+00 3.227226495742797852e+00 4.670522689819335938e+00 7.238871604204177856e-02 4.096288979053497314e-01 7.736660242080688477e-01 -4.833683967590332031e-01 2.510685026645660400e-01
-3.988689422607421875e+00 3.411024332046508789e+00 4.647526741027832031e+00 6.792727112770080566e-02 6.721838712692260742e-01 7.402120828628540039e-01 1.596783660352230072e-02 4.601391255855560303e-01
-3.720067501068115234e+00 3.773933172225952148e+00 4.676051616668701172e+00 6.747149676084518433e-02 5.389206409454345703e-01 8.260440826416015625e-01 1.649717241525650024e-01 3.443545997142791748e-01
-3.621676921844482422e+00 4.059008598327636719e+00 4.688148498535156250e+00 6.711068749427795410e-02 -2.855094373226165771e-01 7.722736001014709473e-01 5.675190091133117676e-01 4.936467409133911133e-01
-3.846457958221435547e+00 4.418836593627929688e+00 4.900941371917724609e+00 7.715083658695220947e-02 -5.791205763816833496e-01 6.263931393623352051e-01 5.217767357826232910e-01 2.184032946825027466e-01
-3.916507720947265625e+00 4.611275672912597656e+00 5.096357345581054688e+00 7.581501454114913940e-02 -8.406949639320373535e-01 6.575588881969451904e-02 5.375018119812011719e-01 3.335040509700775146e-01
-4.076814174652099609e+00 4.660915851593017578e+00 5.304833889007568359e+00 4.299490526318550110e-02 -3.178162276744842529e-01 6.296421289443969727e-01 7.089031338691711426e-01 3.818496763706207275e-01
-4.233575820922851562e+00 4.822526454925537109e+00 5.678443908691406250e+00 6.247059628367424011e-02 -9.353149533271789551e-01 3.496784269809722900e-01 -5.395346134901046753e-02 3.999471664428710938e-01
-4.479568004608154297e+00 4.815185070037841797e+00 5.841481685638427734e+00 6.779813021421432495e-02 -5.414146780967712402e-01 4.328747093677520752e-01 7.207562923431396484e-01 3.585139513015747070e-01
-4.694469451904296875e+00 4.928511619567871094e+00 5.953401565551757812e+00 6.329511851072311401e-02 -4.801398515701293945e-01 8.590743541717529297e-01 -1.773611903190612793e-01 3.172670304775238037e-01
-4.758076190948486328e+00 5.179768085479736328e+00 5.927549362182617188e+00 3.826249763369560242e-02 3.836172521114349365e-01 4.334106147289276123e-01 -8.154710531234741211e-01 3.079023659229278564e-01
-4.523825168609619141e+00 5.307752132415771484e+00 5.832484722137451172e+00 3.701766952872276306e-02 7.145984768867492676e-01 4.730410575866699219e-01 -5.153456926345825195e-01 2.242607809603214264e-02
-1.916473627090454102e+00 -9.759163856506347656e-01 1.883150100708007812e+00 3.413302823901176453e-02 9.919248223304748535e-01 1.063645854592323303e-01 6.907769292593002319e-02 1.926548928022384644e-01
-1.651183843612670898e+00 -9.083583354949951172e-01 1.943010807037353516e+00 5.022210627794265747e-02 6.034322977066040039e-01 -7.779378294944763184e-01 -1.751633733510971069e-01 1.345576792955398560e-01
-1.382364034652709961e+00 -1.076331973075866699e+00 2.029551029205322266e+00 5.045678839087486267e-02 -5.908538401126861572e-02 -9.056355357170104980e-01 -4.199205040931701660e-01 6.196047067642211914e-01
-1.337567925453186035e+00 -1.593967318534851074e+00 1.741759181022644043e+00 3.217702358961105347e-02 1.625999957323074341e-01 -7.273865938186645508e-01 -6.666858196258544922e-01 3.941456973552703857e-02
-1.323410868644714355e+00 -1.627151489257812500e+00 1.706118702888488770e+00 4.182238876819610596e-02 2.437192946672439575e-01 -7.792382240295410156e-01 5.773982405662536621e-01 2.448043227195739746e-01
-1.284561872482299805e+00 -1.796002864837646484e+00 1.868891000747680664e+00 4.503712803125381470e-02 5.121297240257263184e-01 -3.002885878086090088e-01 8.047048449516296387e-01 1.457374989986419678e-01
-1.204717516899108887e+00 -1.815083622932434082e+00 2.015710830688476562e+00 4.338723793625831604e-02 -8.062531352043151855e-01 -3.762765824794769287e-01 4.564775824546813965e-01 3.535564243793487549e-01
-1.503045320510864258e+00 -1.950642466545104980e+00 2.165084362030029297e+00 4.139108583331108093e-02 -2.995574176311492920e-01 -8.117547035217285156e-01 5.013179183006286621e-01 2.344959676265716553e-01
-1.604208469390869141e+00 -2.153203487396240234e+00 2.240692377090454102e+00 4.453075677156448364e-02 1.784566491842269897e-01 -9.722295999526977539e-01 1.514027863740921021e-01 1.353490352630615234e-01
-2.133330821990966797e+00 -7.178899049758911133e-01 2.014011859893798828e+00 2.338973246514797211e-02 -2.617534101009368896e-01 7.598853707313537598e-01 -5.950288772583007812e-01 1.963319629430770874e-01
-2.283617258071899414e+00 -4.838351607322692871e-01 1.982633471488952637e+00 7.691787555813789368e-03 -2.495566308498382568e-01 -8.200796842575073242e-01 5.149667859077453613e-01 4.186136126518249512e-01
-2.388556480407714844e+00 -3.531983196735382080e-01 1.985801458358764648e+00 6.709940731525421143e-02 -3.715400695800781250e-01 -6.482691168785095215e-01 6.646090149879455566e-01 5.785995125770568848e-01
-2.632303476333618164e+00 -7.662042379379272461e-01 2.333074092864990234e+00 6.356223672628402710e-02 -8.103306889533996582e-01 4.032818600535392761e-02 5.845834612846374512e-01 6.680328249931335449e-01
-3.134911060333251953e+00 -7.042209506034851074e-01 2.740327358245849609e+00 5.928301811218261719e-02 -3.791315257549285889e-01 -2.278987318277359009e-02 9.250621199607849121e-01 2.515850365161895752e-01
-3.242338180541992188e+00 -7.120636701583862305e-01 2.970155477523803711e+00 5.570032447576522827e-02 -9.345662593841552734e-02 -5.802561640739440918e-01 8.090541958808898926e-01 1.402867585420608521e-01
-3.213136911392211914e+00 -7.713152766227722168e-01 3.138788461685180664e+00 4.874906688928604126e-02 -7.337242960929870605e-01 -2.082270979881286621e-01 6.467535495758056641e-01 2.797128260135650635e-01
-3.465238332748413086e+00 -7.447025179862976074e-01 3.387599945068359375e+00 4.723490029573440552e-02 -4.594012200832366943e-01 -6.956805586814880371e-01 5.522490739822387695e-01 4.486435055732727051e-01
-3.639023303985595703e+00 -1.077352285385131836e+00 3.617247343063354492e+00 4.194094240665435791e-02 -6.176156401634216309e-01 -3.513747751712799072e-01 -7.036240100860595703e-01 1.060764342546463013e-01
-3.713579177856445312e+00 -1.051521897315979004e+00 3.504872798919677734e+00 3.481213375926017761e-02 -8.480309844017028809e-01 -3.561721742153167725e-01 -3.924089670181274414e-01 2.268311530351638794e-01
-3.948241710662841797e+00 -1.146829605102539062e+00 3.316465854644775391e+00 1.942824572324752808e-02 -8.297548294067382812e-01 -3.801388740539550781e-01 4.086579978466033936e-01 3.834358751773834229e-01
-2.386671066284179688e+00 -3.726556003093719482e-01 1.941756010055541992e+00 5.269285663962364197e-02 -9.256752729415893555e-01 -2.003192752599716187e-01 3.209322392940521240e-01 3.456648439168930054e-02
-2.431443214416503906e+00 -3.965320885181427002e-01 1.941102981567382812e+00 4.914166033267974854e-02 -6.642823815345764160e-01 -1.722282543778419495e-02 7.472832798957824707e-01 2.175916284322738647e-01
-2.585748672485351562e+00 -3.941277563571929932e-01 2.097434759140014648e+00 3.838827088475227356e-02 -6.688268780708312988e-01 -5.129818916320800781e-01 5.380707979202270508e-01 1.313820183277130127e-01
-2.673373937606811523e+00 -4.602422118186950684e-01 2.150133609771728516e+00 3.880212455987930298e-02 -9.760578870773315430e-01 2.175006270408630371e-01 2.117818221449851990e-03 2.982374727725982666e-01
-2.296254634857177734e+00 -3.522355556488037109e-01 1.876416087150573730e+00 2.396407350897789001e-02 5.842430144548416138e-02 8.197380304336547852e-01 -5.697509646415710449e-01 5.115060806274414062e-01
-2.423990726470947266e+00 2.293862551450729370e-01 1.690883755683898926e+00 3.011342883110046387e-02 -1.257356703281402588e-01 4.535369277000427246e-01 -8.823235034942626953e-01 2.517665922641754150e-01
-2.196791887283325195e+00 -2.682552672922611237e-02 1.889601707458496094e+00 5.108514800667762756e-02 -9.685112237930297852e-01 -2.257142513990402222e-01 1.050667986273765564e-01 3.006174564361572266e-01
-2.488428831100463867e+00 -9.225509315729141235e-02 1.918560266494750977e+00 4.870383813977241516e-02 -8.276964426040649414e-01 3.277388811111450195e-01 4.555280804634094238e-01 1.260193139314651489e-01
-2.564176559448242188e+00 -2.644429914653301239e-02 2.040530681610107422e+00 6.245184317231178284e-02 -9.107026457786560059e-01 2.923009395599365234e-01 2.918576300144195557e-01 1.922390908002853394e-01
-2.603694677352905273e+00 4.025972262024879456e-02 2.161756753921508789e+00 5.170227587223052979e-02 -4.373114705085754395e-01 1.763263493776321411e-01 8.818547129631042480e-01 2.021861970424652100e-01
-2.737114667892456055e+00 -6.624372303485870361e-02 2.426498889923095703e+00 5.811265856027603149e-02 -9.649782776832580566e-01 2.366609573364257812e-01 -1.131745725870132446e-01 1.903670281171798706e-01
-2.999637603759765625e+00 8.271361142396926880e-02 2.452437400817871094e+00 5.725876986980438232e-02 -6.551950573921203613e-01 -1.595909893512725830e-01 -7.384105324745178223e-01 2.385994791984558105e-01
-2.231755733489990234e+00 -1.959571689367294312e-01 1.818024635314941406e+00 3.726195544004440308e-02 2.482209913432598114e-02 2.662122845649719238e-01 -9.635947942733764648e-01 2.016254514455795288e-01
-2.226751089096069336e+00 -1.422819942235946655e-01 1.623739480972290039e+00 3.726195544004440308e-02 -8.652454018592834473e-01 3.174616992473602295e-01 3.880315423011779785e-01 2.558791637420654297e-01
-2.175580024719238281e+00 5.770805105566978455e-02 2.412861824035644531e+00 5.282199010252952576e-02 6.579708307981491089e-02 -9.125835299491882324e-01 -4.035617411136627197e-01 2.445877194404602051e-01
-2.166615247726440430e+00 -1.561262607574462891e-01 2.311281442642211914e+00 5.235615000128746033e-02 1.285216212272644043e-01 3.787992894649505615e-01 9.165114760398864746e-01 3.518567085266113281e-01
-2.060244083404541016e+00 -2.354468218982219696e-02 2.666468858718872070e+00 5.065562948584556580e-02 -4.522123932838439941e-01 2.664059996604919434e-01 8.511943221092224121e-01 5.053598284721374512e-01
-2.296654462814331055e+00 1.159977391362190247e-01 3.036239147186279297e+00 4.122160747647285461e-02 -8.641771078109741211e-01 4.797475934028625488e-01 1.517898440361022949e-01 3.789761289954185486e-02
-2.337290763854980469e+00 1.267570108175277710e-01 3.036838293075561523e+00 4.122160747647285461e-02 -7.009499669075012207e-01 7.116092443466186523e-01 4.776403680443763733e-02 1.540734618902206421e-01
-1.889192938804626465e+00 7.059412598609924316e-01 3.005520582199096680e+00 2.279728837311267853e-02 -2.615203857421875000e-01 9.536889791488647461e-01 1.486084461212158203e-01 2.239370197057723999e-01
-1.957164525985717773e+00 9.172937870025634766e-01 3.027438402175903320e+00 2.279728837311267853e-02 7.148987054824829102e-01 2.706740796566009521e-01 -6.447134017944335938e-01 6.306312084197998047e-01
-1.487241387367248535e+00 1.090750694274902344e+00 2.585332393646240234e+00 2.305258996784687042e-02 -1.057591140270233154e-01 9.941813349723815918e-01 2.045617066323757172e-02 2.116435617208480835e-01
-2.065538883209228516e+00 3.423123359680175781e-01 2.383844614028930664e+00 3.694263100624084473e-02 -1.858549863100051880e-01 3.225720226764678955e-01 -9.281191825866699219e-01 6.182147264480590820e-01
-2.152156114578247070e+00 5.798777937889099121e-01 1.870480537414550781e+00 2.504547871649265289e-02 -6.898728013038635254e-01 7.126918435096740723e-01 -1.270663142204284668e-01 2.446802407503128052e-01
-2.116432428359985352e+00 6.723389029502868652e-01 2.317086696624755859e+00 7.532018423080444336e-02 -7.645033001899719238e-01 6.146123409271240234e-01 1.943872720003128052e-01 4.543187320232391357e-01
-2.453921079635620117e+00 1.074997901916503906e+00 2.438676834106445312e+00 7.532018423080444336e-02 4.884068667888641357e-02 -2.636236250400543213e-01 9.633883833885192871e-01 3.917937576770782471e-01
-2.481890201568603516e+00 9.638987779617309570e-01 2.846024990081787109e+00 2.388012968003749847e-02 2.207307517528533936e-01 8.006512522697448730e-01 5.569878816604614258e-01 2.101103812456130981e-01
-2.437839508056640625e+00 1.133790731430053711e+00 2.960429430007934570e+00 1.746843010187149048e-02 2.374032326042652130e-02 8.532997369766235352e-01 5.208799839019775391e-01 2.693216204643249512e-01
-2.077653169631958008e+00 6.245248913764953613e-01 2.841107130050659180e+00 5.192335322499275208e-02 -3.296768367290496826e-01 3.449775278568267822e-01 8.788080811500549316e-01 1.201070249080657959e-01
-2.117249727249145508e+00 6.659591197967529297e-01 2.946658134460449219e+00 5.119205266237258911e-02 -7.775616645812988281e-02 7.908487319946289062e-01 6.070520877838134766e-01 1.976443380117416382e-01
-2.319197416305541992e+00 9.144021272659301758e-01 3.099688529968261719e+00 4.652722552418708801e-02 4.573602378368377686e-01 8.798583745956420898e-01 1.291157156229019165e-01 3.266279697418212891e-01
-2.130095481872558594e+00 1.231898903846740723e+00 3.182246208190917969e+00 4.370143264532089233e-02 4.286265969276428223e-01 4.697510004043579102e-01 -7.717598080635070801e-01 1.380807310342788696e-01
-2.074916362762451172e+00 1.263916492462158203e+00 3.069585800170898438e+00 3.490643948316574097e-02 5.321637392044067383e-01 9.129178524017333984e-02 -8.417051434516906738e-01 2.667575180530548096e-01
-1.819069385528564453e+00 6.153389215469360352e-01 3.039413452148437500e+00 3.288582712411880493e-02 8.593212366104125977e-01 -5.033889412879943848e-01 9.036918729543685913e-02 1.017234548926353455e-01
-1.731656312942504883e+00 5.641324520111083984e-01 3.048605918884277344e+00 3.288446739315986633e-02 8.004445433616638184e-01 -4.700980484485626221e-01 -3.718822002410888672e-01 8.444856107234954834e-02
-1.600466132164001465e+00 5.072724819183349609e-01 2.976505756378173828e+00 5.190867558121681213e-02 -3.689392805099487305e-01 4.963356256484985352e-01 -7.858337759971618652e-01 4.956344068050384521e-01
-1.740751028060913086e+00 7.779095768928527832e-01 2.625663042068481445e+00 5.935581028461456299e-02 1.035261005163192749e-01 7.830576896667480469e-01 -6.132724285125732422e-01 1.454368233680725098e-01
-1.700854778289794922e+00 8.813705444335937500e-01 2.511920213699340820e+00 5.336332321166992188e-02 6.953382492065429688e-01 5.399975776672363281e-01 4.742439389228820801e-01 1.228833422064781189e-01
-1.758763194084167480e+00 8.358918428421020508e-01 3.099721431732177734e+00 1.593758724629878998e-02 2.503167986869812012e-01 9.436975717544555664e-01 2.162785679101943970e-01 1.478786617517471313e-01
-1.126933813095092773e+00 5.372662544250488281e-01 3.213836669921875000e+00 5.034778639674186707e-02 -3.905243277549743652e-01 8.105452060699462891e-01 4.364712834358215332e-01 7.765337824821472168e-01
-1.410270929336547852e+00 1.117471933364868164e+00 3.477979183197021484e+00 4.979401454329490662e-02 -1.367909014225006104e-01 8.104225397109985352e-01 -5.696521401405334473e-01 2.724241316318511963e-01
-1.446798205375671387e+00 1.327574729919433594e+00 3.337122440338134766e+00 4.932867363095283508e-02 9.117683768272399902e-01 3.504609167575836182e-01 2.141391336917877197e-01 3.026896715164184570e-01
-1.041132807731628418e+00 1.395667791366577148e+00 3.597714900970458984e+00 4.873720929026603699e-02 8.103951215744018555e-01 3.517207801342010498e-01 -4.685640037059783936e-01 5.627949833869934082e-01
-6.453320980072021484e-01 1.554702162742614746e+00 3.322356462478637695e+00 4.730932414531707764e-02 -4.536389112472534180e-01 4.774624407291412354e-01 7.524901032447814941e-01 3.853954672813415527e-01
-8.136448860168457031e-01 4.740540683269500732e-01 3.349315404891967773e+00 5.179927498102188110e-02 7.880640029907226562e-01 3.152828514575958252e-01 5.287266373634338379e-01 1.232948079705238342e-01
-7.875142097473144531e-01 3.904734253883361816e-01 3.551712751388549805e+00 5.179927498102188110e-02 9.310520291328430176e-01 -2.855354845523834229e-01 2.271818667650222778e-01 6.091219186782836914e-01
-1.836970299482345581e-01 1.702557802200317383e-01 3.612517356872558594e+00 5.179927498102188110e-02 6.841943264007568359e-01 7.214264273643493652e-01 -1.068738251924514771e-01 2.335910499095916748e-01
-1.030020862817764282e-01 4.463485479354858398e-01 3.609991312026977539e+00 5.179927498102188110e-02 8.082387447357177734e-01 5.513955354690551758e-01 2.066714167594909668e-01 5.819488763809204102e-01
3.571807444095611572e-01 7.576065063476562500e-01 3.767078638076782227e+00 5.179927498102188110e-02 8.592821359634399414e-01 3.840763866901397705e-01 3.378158807754516602e-01 4.494282230734825134e-02
3.700550496578216553e-01 8.164755105972290039e-01 3.813657760620117188e+00 5.179927498102188110e-02 8.867790102958679199e-01 4.385388195514678955e-01 1.459681540727615356e-01 4.165938496589660645e-01
7.665621638298034668e-01 1.065195798873901367e+00 3.850654602050781250e+00 5.179927498102188110e-02 8.943502902984619141e-01 -4.211884737014770508e-01 -1.507906913757324219e-01 9.901496767997741699e-02
8.907825946807861328e-01 1.043807268142700195e+00 3.809501647949218750e+00 5.179927498102188110e-02 6.192073822021484375e-01 -7.368509769439697266e-01 2.713537812232971191e-01 9.615869075059890747e-02
8.682194948196411133e-01 8.826311826705932617e-01 3.908570289611816406e+00 5.179927498102188110e-02 7.561684846878051758e-01 -6.529909968376159668e-01 4.256718978285789490e-02 6.751122474670410156e-01
1.191361188888549805e+00 4.459446966648101807e-01 3.924774408340454102e+00 5.179927498102188110e-02 -3.662969172000885010e-02 -9.737399220466613770e-01 2.246970832347869873e-01 4.079945385456085205e-02
1.181835293769836426e+00 4.386929273605346680e-01 3.909791707992553711e+00 5.179927498102188110e-02 9.808728098869323730e-01 1.557801961898803711e-01 -1.167092397809028625e-01 5.947142839431762695e-02
1.267577767372131348e+00 4.149255752563476562e-01 3.800938367843627930e+00 5.179927498102188110e-02 8.501792550086975098e-01 5.231680274009704590e-01 5.907994136214256287e-02 4.618498086929321289e-01
1.590117573738098145e+00 7.274456024169921875e-01 3.921393394470214844e+00 5.179927498102188110e-02 5.735540986061096191e-01 7.998225092887878418e-01 -1.769734770059585571e-01 5.185592770576477051e-01
1.931416153907775879e+00 1.136709809303283691e+00 4.073636531829833984e+00 5.179927498102188110e-02 4.598175883293151855e-01 8.857937455177307129e-01 -6.274753808975219727e-02 3.643040657043457031e-01
2.001123905181884766e+00 1.446409106254577637e+00 4.118661880493164062e+00 5.179927498102188110e-02 3.845607042312622070e-01 6.299952864646911621e-01 6.746991872787475586e-01 2.787233591079711914e-01
2.133540868759155273e+00 1.648235201835632324e+00 4.248561859130859375e+00 5.034778639674186707e-02 2.295152842998504639e-01 8.460325002670288086e-01 4.811982810497283936e-01 1.048834696412086487e-01
2.180467367172241211e+00 1.756664276123046875e+00 4.296990871429443359e+00 5.179927498102188110e-02 -4.310775995254516602e-01 5.725158452987670898e-01 6.974221467971801758e-01 2.769972980022430420e-01
-8.483018875122070312e-01 4.383848011493682861e-01 3.266229867935180664e+00 5.034778639674186707e-02 5.404715538024902344e-01 -1.142998114228248596e-01 -8.335623145103454590e-01 3.243833407759666443e-02
-8.165214657783508301e-01 4.238210618495941162e-01 3.223242998123168945e+00 5.033970996737480164e-02 -5.914307832717895508e-01 -8.060996532440185547e-01 2.032159455120563507e-02 7.778040319681167603e-02
-8.812581300735473633e-01 3.675576746463775635e-01 3.200878381729125977e+00 5.023188516497612000e-02 -4.788563549518585205e-01 -8.663620352745056152e-01 1.418217569589614868e-01 3.439371883869171143e-01
-1.005256533622741699e+00 3.290019184350967407e-02 3.295259237289428711e+00 4.927344992756843567e-02 -2.502100169658660889e-01 -8.511811494827270508e-01 -4.613953232765197754e-01 3.525407016277313232e-01
-1.093465685844421387e+00 -2.671757936477661133e-01 3.132598638534545898e+00 4.176672175526618958e-02 -2.597012519836425781e-01 -7.452580332756042480e-01 -6.141218543052673340e-01 2.992714345455169678e-01
-1.131883740425109863e+00 -4.862087070941925049e-01 2.938566446304321289e+00 4.772007092833518982e-02 -1.588937640190124512e-01 -5.456200838088989258e-01 -8.228313922882080078e-01 1.685556322336196899e-01
-1.122347593307495117e+00 -5.804399251937866211e-01 2.832853078842163086e+00 4.663824662566184998e-02 6.078374385833740234e-01 -3.828693330287933350e-01 -6.956613659858703613e-01 2.583789229393005371e-01
-8.530398607254028320e-01 -5.946010351181030273e-01 2.700642585754394531e+00 4.658795520663261414e-02 1.689277142286300659e-01 3.023524582386016846e-01 -9.381079077720642090e-01 3.396396636962890625e-01
-7.411875724792480469e-01 -5.084027051925659180e-01 2.412254810333251953e+00 3.580266237258911133e-02 5.318958163261413574e-01 4.866104125976562500e-01 -6.930347681045532227e-01 2.817414402961730957e-01
-5.696361660957336426e-01 -3.800346851348876953e-01 2.202183008193969727e+00 4.101455584168434143e-02 -5.795897841453552246e-01 -6.811583042144775391e-01 -4.473243653774261475e-01 3.164349496364593506e-01
-7.584857344627380371e-01 -5.927433371543884277e-01 2.059216022491455078e+00 3.675959631800651550e-02 -4.841738939285278320e-01 -6.236009001731872559e-01 6.137568950653076172e-01 5.946434661746025085e-02
-7.655054926872253418e-01 -6.580589413642883301e-01 2.101586341857910156e+00 3.422687947750091553e-02 -7.978155016899108887e-01 -5.951190590858459473e-01 9.655942767858505249e-02 1.925026476383209229e-01
-9.255815148353576660e-01 -8.113815188407897949e-01 2.133433103561401367e+00 3.099805861711502075e-02 -4.229707717895507812e-01 -2.290262430906295776e-01 -8.767226934432983398e-01 2.217405587434768677e-01
-9.810683727264404297e-01 -8.896206617355346680e-01 1.952584147453308105e+00 1.589063741266727448e-02 -4.054846763610839844e-01 -7.914971709251403809e-01 -4.572903215885162354e-01 2.288007438182830811e-01
-1.084946513175964355e+00 6.259003281593322754e-01 3.264228105545043945e+00 2.124514058232307434e-02 8.114716410636901855e-01 1.168689653277397156e-01 5.725865960121154785e-01 5.849254727363586426e-01
-6.264982223510742188e-01 6.583031415939331055e-01 3.559178352355957031e+00 2.124514058232307434e-02 9.559174776077270508e-01 -1.503825187683105469e-01 -2.522040605545043945e-01 3.365701735019683838e-01
-3.066700994968414307e-01 6.389325261116027832e-01 3.422302007675170898e+00 1.280226651579141617e-02 9.506685733795166016e-01 -2.492774575948715210e-01 -1.846349090337753296e-01 3.895936012268066406e-01
-8.433979749679565430e-01 4.016514718532562256e-01 3.512684106826782227e+00 4.235197976231575012e-02 8.269976973533630371e-01 1.100337430834770203e-01 -5.513324141502380371e-01 2.486169487237930298e-01
-5.675069093704223633e-01 4.565199017524719238e-01 3.354006052017211914e+00 5.022438615560531616e-02 2.178994566202163696e-01 -8.830652236938476562e-01 -4.155906438827514648e-01 1.303676068782806396e-01
-5.473541021347045898e-01 2.963598072528839111e-01 3.295715332031250000e+00 7.219576090574264526e-02 8.547008633613586426e-01 -1.103432178497314453e-01 -5.072581768035888672e-01 4.106258749961853027e-01
-1.781261414289474487e-01 3.030194342136383057e-01 3.140337228775024414e+00 2.523798681795597076e-02 -2.885099351406097412e-01 7.310187816619873047e-01 -6.183636188507080078e-01 1.172268241643905640e-01
5.833978652954101562e-01 -3.415572941303253174e-01 3.610296010971069336e+00 5.137285590171813965e-02 -7.118163704872131348e-01 -6.041085720062255859e-01 -3.582879900932312012e-01 1.057815104722976685e-01
5.081008672714233398e-01 -4.054608047008514404e-01 3.572395801544189453e+00 4.936889186501502991e-02 -9.810584187507629395e-01 -1.632914841175079346e-01 -1.042125523090362549e-01 1.637760698795318604e-01
2.759472429752349854e-01 -4.820984303951263428e-01 3.531995773315429688e+00 4.769255220890045166e-02 -5.023322701454162598e-01 3.498781323432922363e-01 7.907260060310363770e-01 3.720864951610565186e-01
1.607731133699417114e-01 -4.308269321918487549e-01 3.784911632537841797e+00 3.738662600517272949e-02 7.607566118240356445e-01 4.435980319976806641e-01 4.737828373908996582e-01 2.818561196327209473e-01
-5.064918994903564453e-01 -1.476759314537048340e-01 3.339933156967163086e+00 4.785281419754028320e-02 -5.134557485580444336e-01 -7.901700735092163086e-01 -3.346557021141052246e-01 3.261471390724182129e-01
-6.739540696144104004e-01 -4.053876399993896484e-01 3.230786085128784180e+00 4.785281419754028320e-02 -6.280825138092041016e-01 -6.842925548553466797e-01 3.704808652400970459e-01 2.145140916109085083e-01
8.535130023956298828e-01 -2.178618460893630981e-01 3.733567476272583008e+00 1.346339657902717590e-02 8.246330022811889648e-01 -5.656676292419433594e-01 -7.197189261205494404e-04 5.176773667335510254e-01
6.689891815185546875e-01 -3.511697053909301758e-01 3.714220762252807617e+00 2.746596001088619232e-03 -5.650142431259155273e-01 -7.155755162239074707e-01 4.107439219951629639e-01 2.802761495113372803e-01
5.769606232643127441e-01 -4.069544672966003418e-01 3.673830270767211914e+00 2.746596001088619232e-03 7.599511742591857910e-01 -6.045712232589721680e-01 -2.386793345212936401e-01 2.819664776325225830e-01
3.507038354873657227e-01 -1.804724782705307007e-01 3.515869855880737305e+00 1.925928145647048950e-02 5.013277530670166016e-01 5.026764273643493652e-01 7.042633295059204102e-01 2.515805363655090332e-01
4.988473057746887207e-01 -8.566730469465255737e-02 3.713469743728637695e+00 1.925928145647048950e-02 5.304495096206665039e-01 6.882105469703674316e-01 4.949642419815063477e-01 2.313447445631027222e-01
5.931628942489624023e-01 7.259302586317062378e-02 3.863401889801025391e+00 2.393653616309165955e-02 -5.964180827140808105e-01 6.574618220329284668e-01 -4.604665935039520264e-01 2.395495325326919556e-01
1.218039512634277344e+00 -1.587917357683181763e-01 4.357856750488281250e+00 6.539240479469299316e-02 4.762358665466308594e-01 5.355640649795532227e-01 -6.974027156829833984e-01 5.977362990379333496e-01
1.530381083488464355e+00 1.610175967216491699e-01 3.954631328582763672e+00 6.514862179756164551e-02 2.386647164821624756e-01 -8.302705287933349609e-01 -5.036764740943908691e-01 4.421312510967254639e-01
1.679064750671386719e+00 -2.384750843048095703e-01 3.871424198150634766e+00 6.495427340269088745e-02 -4.228160083293914795e-01 -9.027751684188842773e-01 -7.888957113027572632e-02 2.282320708036422729e-01
1.556820631027221680e+00 -3.907684087753295898e-01 3.842086315155029297e+00 6.449420750141143799e-02 -7.426311373710632324e-01 -2.225152254104614258e-01 6.316533684730529785e-01 2.412932366132736206e-01
1.345401287078857422e+00 -6.357703804969787598e-01 3.977755308151245117e+00 6.406654417514801025e-02 -2.889223992824554443e-01 -3.506742790341377258e-02 9.567100405693054199e-01 1.257685422897338867e-01
1.255025148391723633e+00 -6.473988294601440430e-01 4.083240985870361328e+00 6.364502012729644775e-02 1.223785579204559326e-01 -9.918018579483032227e-01 3.677774220705032349e-02 5.836653113365173340e-01
1.341633319854736328e+00 -1.189759492874145508e+00 4.158048152923583984e+00 6.360172480344772339e-02 1.211225911974906921e-01 -8.347970843315124512e-01 5.370690822601318359e-01 8.826347440481185913e-02
1.324923276901245117e+00 -1.241014838218688965e+00 4.214562416076660156e+00 4.534717649221420288e-02 -3.571332395076751709e-01 -6.914482712745666504e-01 6.279770731925964355e-01 2.522985637187957764e-01
1.226017951965332031e+00 -1.444664478302001953e+00 4.341012477874755859e+00 5.945187062025070190e-02 -9.222452640533447266e-01 -1.233962699770927429e-01 3.663837611675262451e-01 1.740545481443405151e-01
1.130271911621093750e+00 -1.559013009071350098e+00 4.408169269561767578e+00 6.137154623866081238e-02 -7.159505784511566162e-02 -1.357028726488351822e-02 9.973414540290832520e-01 3.205673694610595703e-01
1.183820843696594238e+00 -1.555907607078552246e+00 4.778084754943847656e+00 5.834271013736724854e-02 -5.491896271705627441e-01 2.347971200942993164e-01 8.020355701446533203e-01 2.216492444276809692e-01
1.026733875274658203e+00 -1.454719185829162598e+00 4.961936950683593750e+00 5.803921446204185486e-02 3.260973095893859863e-01 1.185672953724861145e-01 9.378711581230163574e-01 8.024365305900573730e-01
1.241737008094787598e+00 -1.327518463134765625e+00 5.676678180694580078e+00 4.798607528209686279e-02 -2.147684246301651001e-01 5.984260439872741699e-01 7.718554139137268066e-01 9.033000469207763672e-02
1.228079795837402344e+00 -1.237501382827758789e+00 5.828744411468505859e+00 5.586584657430648804e-02 3.760478794574737549e-01 -8.584888577461242676e-01 3.486902117729187012e-01 1.193030104041099548e-01
1.365074753761291504e+00 -1.303503155708312988e+00 5.869874477386474609e+00 5.388572067022323608e-02 -1.356586217880249023e-01 3.551164865493774414e-01 9.249265193939208984e-01 3.893140256404876709e-01
1.320758223533630371e+00 -1.092997908592224121e+00 6.147016525268554688e+00 4.066465049982070923e-02 -5.216592550277709961e-01 6.690552830696105957e-01 5.293738245964050293e-01 1.274279356002807617e-01
1.295313954353332520e+00 -1.067397236824035645e+00 6.245879650115966797e+00 4.840828478336334229e-02 5.791799426078796387e-01 6.543204188346862793e-01 4.862256646156311035e-01 3.306219875812530518e-01
1.488103508949279785e+00 -8.598732352256774902e-01 6.404551506042480469e+00 4.777958616614341736e-02 9.636548161506652832e-01 8.202721923589706421e-02 2.542458474636077881e-01 5.371052026748657227e-01
9.238715171813964844e-01 -4.255902767181396484e-02 3.901863574981689453e+00 2.851724624633789062e-02 -2.722573280334472656e-01 9.573562145233154297e-01 -9.666995704174041748e-02 1.406362354755401611e-01
9.399896860122680664e-01 1.044705584645271301e-01 3.857702493667602539e+00 2.210544236004352570e-02 -1.141783893108367920e-01 9.747496843338012695e-01 1.919018477201461792e-01 4.078304469585418701e-01
8.410035967826843262e-01 4.932387769222259521e-01 3.940590381622314453e+00 1.387008093297481537e-02 -1.659109145402908325e-01 5.663722157478332520e-01 -8.072769641876220703e-01 1.892390251159667969e-01
1.017726302146911621e+00 -1.084719896316528320e-01 4.054022789001464844e+00 4.586501792073249817e-02 5.367508530616760254e-01 -6.860864162445068359e-01 4.911048412322998047e-01 6.729854941368103027e-01
1.585632443428039551e+00 -6.121812462806701660e-01 4.219970226287841797e+00 4.586501792073249817e-02 3.373151272535324097e-02 -9.574460983276367188e-01 2.866341769695281982e-01 1.656331121921539307e-01
1.712928295135498047e+00 -8.299787044525146484e-01 4.285360336303710938e+00 4.586501792073249817e-02 -3.840305209159851074e-01 -5.694752931594848633e-01 7.267863750457763672e-01 2.137880325317382812e-01
1.633056998252868652e+00 -9.438479542732238770e-01 4.474937438964843750e+00 4.586501792073249817e-02 -1.857650429010391235e-01 -9.548004865646362305e-01 2.320502847433090210e-01 2.311721444129943848e-01
3.350288867950439453e-01 -7.115380167961120605e-01 5.029342651367187500e+00 5.752723291516304016e-02 9.905857443809509277e-01 -1.341807991266250610e-01 -2.711794897913932800e-02 5.639327764511108398e-01
8.954710364341735840e-01 -7.794117331504821777e-01 5.054062843322753906e+00 5.752723291516304016e-02 -9.839853644371032715e-01 1.779659390449523926e-01 1.004713308066129684e-02 1.348528414964675903e-01
7.790877819061279297e-01 -7.355162501335144043e-01 5.062224388122558594e+00 5.752723291516304016e-02 -6.991671323776245117e-01 3.622845411300659180e-01 6.163726449012756348e-01 2.636969983577728271e-01
3.886340856552124023e-01 -7.584628462791442871e-01 4.900342464447021484e+00 1.325503922998905182e-02 -3.153947889804840088e-01 -9.475434422492980957e-01 -5.184209346771240234e-02 3.555346429347991943e-01
9.203093051910400391e-01 -9.033331274986267090e-01 5.080824851989746094e+00 7.194411940872669220e-03 -4.790962636470794678e-01 -1.534812897443771362e-01 -8.642396926879882812e-01 5.378373265266418457e-01
6.423549652099609375e-01 -1.034539818763732910e+00 4.630951881408691406e+00 7.030434440821409225e-03 5.221521854400634766e-01 -4.417171180248260498e-01 -7.295499444007873535e-01 3.565637767314910889e-01
-9.686304628849029541e-02 -5.441477298736572266e-01 5.724786281585693359e+00 5.877424776554107666e-02 -5.708044767379760742e-01 -4.466009140014648438e-01 -6.890064477920532227e-01 6.017501354217529297e-01
-4.453775584697723389e-01 -8.049682974815368652e-01 5.367064952850341797e+00 4.073051363229751587e-02 -9.956221580505371094e-01 -4.526355862617492676e-02 -8.177867531776428223e-02 1.115132868289947510e-01
-5.788630843162536621e-01 -8.047939538955688477e-01 5.351735591888427734e+00 4.810664802789688110e-02 2.039224281907081604e-02 -7.276784777641296387e-01 -6.856151819229125977e-01 2.093427479267120361e-01
-5.428084731101989746e-01 -9.847388267517089844e-01 5.184192657470703125e+00 5.282879993319511414e-02 -7.437229752540588379e-01 -6.002294421195983887e-01 -2.942800223827362061e-01 4.975769221782684326e-01
-9.183489680290222168e-01 -1.286914348602294922e+00 5.083951950073242188e+00 4.216344654560089111e-02 -5.435507893562316895e-01 -8.296136260032653809e-01 -1.276469975709915161e-01 1.125700846314430237e-01
-1.022464513778686523e+00 -1.402822017669677734e+00 5.035317897796630859e+00 5.174465104937553406e-02 1.763026416301727295e-01 -9.093837738037109375e-01 3.767472803592681885e-01 6.067769527435302734e-01
-9.043999910354614258e-01 -1.901052474975585938e+00 5.296324729919433594e+00 3.098947368562221527e-02 6.823514103889465332e-01 -4.766015708446502686e-01 5.542991161346435547e-01 2.992036044597625732e-01
-9.553667306900024414e-01 -1.961026787757873535e+00 5.328402042388916016e+00 4.477287828922271729e-02 -3.311996757984161377e-01 -9.422528147697448730e-01 4.966273531317710876e-02 8.531773090362548828e-02
-9.549016952514648438e-01 -1.984303832054138184e+00 5.382873535156250000e+00 3.744335100054740906e-02 -7.238596081733703613e-01 -2.131330519914627075e-01 6.562023758888244629e-01 4.381980299949645996e-01
-1.313977003097534180e+00 -2.079011917114257812e+00 5.630011558532714844e+00 2.621597424149513245e-02 -6.898012161254882812e-01 1.396175473928451538e-01 7.104092240333557129e-01 6.646488308906555176e-01
-3.154460191726684570e-01 -8.177139163017272949e-01 5.754475116729736328e+00 5.958702415227890015e-03 -8.170838952064514160e-01 -1.630947589874267578e-01 -5.529683232307434082e-01 1.489234715700149536e-01
-4.433189034461975098e-01 -8.226478695869445801e-01 5.648717880249023438e+00 5.958702415227890015e-03 -3.614202439785003662e-01 -7.632609605789184570e-01 -5.355446338653564453e-01 2.923752069473266602e-01
-1.658316254615783691e-01 -1.061152577400207520e+00 6.470209598541259766e+00 4.478290677070617676e-02 -9.994204640388488770e-01 -1.344365417025983334e-03 3.401406854391098022e-02 6.250329017639160156e-01
-7.905023097991943359e-01 -1.061992883682250977e+00 6.491469383239746094e+00 4.466923326253890991e-02 -1.778781563043594360e-01 5.307172536849975586e-01 8.286727666854858398e-01 3.467623889446258545e-02
-7.794029116630554199e-01 -1.007329225540161133e+00 6.590263843536376953e+00 5.345622077584266663e-02 -3.205736353993415833e-02 -8.843950033187866211e-01 4.656369984149932861e-01 1.311082690954208374e-01
-6.697800159454345703e-01 -1.094156503677368164e+00 6.847315788269042969e+00 5.345622077584266663e-02 -5.090489611029624939e-02 -9.831361770629882812e-01 1.756471395492553711e-01 5.573457479476928711e-01
-1.054380312561988831e-01 -8.752402067184448242e-01 6.415292263031005859e+00 9.905502945184707642e-02 -6.073833629488945007e-02 -7.903026938438415527e-01 6.096986532211303711e-01 5.814737081527709961e-01
-1.483947038650512695e-01 -1.251015543937683105e+00 6.662824153900146484e+00 9.905502945184707642e-02 2.203364521265029907e-01 -7.603409886360168457e-01 -6.110101342201232910e-01 2.893047332763671875e-01
-8.376275748014450073e-02 -1.470734238624572754e+00 6.485800266265869141e+00 9.905502945184707642e-02 4.296007752418518066e-02 -7.829946875572204590e-01 -6.205431222915649414e-01 2.550012469291687012e-01
-1.387668251991271973e-01 -2.184854269027709961e+00 6.208195209503173828e+00 9.905502945184707642e-02 -3.913254141807556152e-01 2.553107440471649170e-01 -8.841271996498107910e-01 7.063807249069213867e-01
-3.241991698741912842e-01 -2.532442331314086914e+00 5.667816162109375000e+00 9.905502945184707642e-02 -8.018348813056945801e-01 -2.263499200344085693e-01 -5.530158281326293945e-01 2.425157278776168823e-01
-5.618764162063598633e-01 -2.625965595245361328e+00 5.541981220245361328e+00 9.905502945184707642e-02 6.538110971450805664e-01 -6.476269960403442383e-01 3.912931680679321289e-01 4.347661435604095459e-01
-3.104892492294311523e+00 -1.881568908691406250e+00 4.736632108688354492e-01 6.085173785686492920e-02 -9.556115269660949707e-01 2.902513146400451660e-01 5.060395970940589905e-02 2.838928699493408203e-01
-3.383287191390991211e+00 -1.781325697898864746e+00 4.633601307868957520e-01 6.042736023664474487e-02 -8.960552811622619629e-01 1.948073357343673706e-01 3.989173769950866699e-01 3.072031736373901367e-01
-3.670714378356933594e+00 -1.747914195060729980e+00 5.847420692443847656e-01 5.988987907767295837e-02 -8.373981118202209473e-01 3.672210872173309326e-01 4.048618078231811523e-01 2.885469496250152588e-01
-3.955444335937500000e+00 -1.498535156250000000e+00 6.127995848655700684e-01 5.884084478020668030e-02 -6.005618572235107422e-01 2.824755311012268066e-01 7.480193972587585449e-01 2.649028599262237549e-01
-4.071051597595214844e+00 -1.354568719863891602e+00 7.724905610084533691e-01 5.828660354018211365e-02 1.303302943706512451e-01 4.181367754936218262e-01 8.989859223365783691e-01 1.495871096849441528e-01
-4.203633785247802734e+00 -1.280471563339233398e+00 9.238206148147583008e-01 5.524230748414993286e-02 1.885630190372467041e-02 -7.372418642044067383e-01 6.753656864166259766e-01 1.968905627727508545e-01
-4.265857219696044922e+00 -1.385988354682922363e+00 1.069856643676757812e+00 3.768221288919448853e-02 -4.503050148487091064e-01 -8.445364832878112793e-01 2.897991240024566650e-01 2.650459408760070801e-01
-4.282739639282226562e+00 -1.488935947418212891e+00 1.182194828987121582e+00 4.504396021366119385e-02 -3.283701539039611816e-01 7.415335858240723610e-04 9.445488452911376953e-01 5.175474882125854492e-01
-4.442104816436767578e+00 -1.460321426391601562e+00 1.655474305152893066e+00 4.380976408720016479e-02 -7.254974842071533203e-01 5.203558802604675293e-01 4.504255950450897217e-01 2.113984525203704834e-01
-4.588696002960205078e+00 -1.369086384773254395e+00 1.755012035369873047e+00 3.922488167881965637e-02 -5.779474377632141113e-01 -2.100975252687931061e-02 8.158035278320312500e-01 1.935659945011138916e-01
-4.675228118896484375e+00 -1.456025123596191406e+00 1.987952113151550293e+00 3.133158013224601746e-02 -3.188146054744720459e-01 5.807086825370788574e-01 7.490892410278320312e-01 6.075352057814598083e-02
-4.798042297363281250e+00 -1.450777173042297363e+00 2.142349958419799805e+00 3.500236198306083679e-02 -1.269774734973907471e-01 9.805277585983276367e-01 1.498065888881683350e-01 3.173196911811828613e-01
-4.812714576721191406e+00 -1.145301699638366699e+00 2.171852588653564453e+00 2.916704118251800537e-02 -1.441422384232282639e-02 9.478954076766967773e-01 -3.182554244995117188e-01 4.321195185184478760e-01
-3.898389816284179688e+00 -7.435654401779174805e-01 1.449267506599426270e+00 1.795118488371372223e-02 4.509097710251808167e-02 -9.986334443092346191e-01 -2.641997113823890686e-02 3.555200994014739990e-01
-3.837411642074584961e+00 -1.129833459854125977e+00 1.409373760223388672e+00 1.658004708588123322e-02 -3.249953687191009521e-01 -8.573933243751525879e-01 3.990673124790191650e-01 1.631713658571243286e-01
-3.902522325515747070e+00 -1.252690196037292480e+00 1.530764222145080566e+00 6.932110525667667389e-03 -6.103258132934570312e-01 -7.849276065826416016e-01 1.067286431789398193e-01 2.692377269268035889e-01
-3.897514820098876953e+00 -9.641230702400207520e-01 1.358601331710815430e+00 4.623584449291229248e-02 6.066772937774658203e-01 5.464578047394752502e-02 -7.930677533149719238e-01 2.023046761751174927e-01
-3.777334451675415039e+00 -9.529234766960144043e-01 1.197611212730407715e+00 4.623584449291229248e-02 -1.720950379967689514e-02 9.442622661590576172e-01 3.287440538406372070e-01 1.039343252778053284e-01
-3.775668144226074219e+00 -8.293218016624450684e-01 1.273341417312622070e+00 4.623584449291229248e-02 4.811984598636627197e-01 7.291243076324462891e-01 -4.866474866867065430e-01 2.796401977539062500e-01
-3.657892942428588867e+00 -6.217081546783447266e-01 1.152987837791442871e+00 4.902227595448493958e-02 5.072460174560546875e-01 7.850317358970642090e-01 3.555652499198913574e-01 1.106943190097808838e-01
-3.984804868698120117e+00 -7.710875272750854492e-01 1.314779758453369141e+00 7.594095170497894287e-02 -2.117756567895412445e-02 9.170894622802734375e-01 -3.981185555458068848e-01 4.111527204513549805e-01
-4.011783123016357422e+00 -3.700414896011352539e-01 1.164142847061157227e+00 7.594095170497894287e-02 -3.275442719459533691e-01 2.467659115791320801e-01 -9.120423793792724609e-01 7.873984426259994507e-02
-4.035526275634765625e+00 -3.739603161811828613e-01 1.068818211555480957e+00 7.594095170497894287e-02 2.780870534479618073e-02 7.104730010032653809e-01 -7.031747698783874512e-01 1.752604246139526367e-01
-4.278925895690917969e+00 -7.113003134727478027e-01 1.377039551734924316e+00 5.196901410818099976e-02 -7.091093659400939941e-01 -6.910549402236938477e-01 1.400251090526580811e-01 3.876858055591583252e-01
-4.569586753845214844e+00 -9.915049076080322266e-01 1.416515946388244629e+00 5.176543816924095154e-02 -5.652176737785339355e-01 -2.302087843418121338e-01 7.921696901321411133e-01 1.825309246778488159e-01
-4.745180606842041016e+00 -1.092199921607971191e+00 1.623735070228576660e+00 5.141688883304595947e-02 3.506957888603210449e-01 4.460068643093109131e-01 8.234624266624450684e-01 1.613936573266983032e-01
-4.716919898986816406e+00 -9.928770065307617188e-01 1.824528098106384277e+00 5.060472339391708374e-02 8.421067595481872559e-01 -2.766788601875305176e-01 4.629308581352233887e-01 3.036295473575592041e-01
-4.494821548461914062e+00 -1.063943624496459961e+00 1.968154788017272949e+00 3.641961887478828430e-02 1.622402667999267578e-01 1.916911005973815918e-01 9.679527878761291504e-01 4.311440289020538330e-01
-4.444351673126220703e+00 -1.011671543121337891e+00 2.361679792404174805e+00 5.012189596891403198e-02 -8.816049695014953613e-01 2.532645165920257568e-01 3.982835412025451660e-01 1.440044045448303223e-01
-4.572055339813232422e+00 -9.722632765769958496e-01 2.416545867919921875e+00 4.866623878479003906e-02 -8.210112452507019043e-01 2.325346320867538452e-01 5.214098095893859863e-01 1.389688104391098022e-01
-4.671084403991699219e+00 -9.159306883811950684e-01 2.491369247436523438e+00 3.287136554718017578e-02 -7.300217747688293457e-01 4.036524295806884766e-01 5.514824986457824707e-01 2.684544622898101807e-01
-4.726458549499511719e+00 -7.435308098793029785e-01 2.638298034667968750e+00 4.074056819081306458e-02 3.892345726490020752e-01 -8.483455181121826172e-01 3.588959574699401855e-01 6.920532584190368652e-01
-4.557744026184082031e+00 -1.299362063407897949e+00 2.812880516052246094e+00 3.952213004231452942e-02 -5.199047327041625977e-01 -7.618691921234130859e-01 3.863345980644226074e-01 3.825856745243072510e-01
-4.753321170806884766e+00 -1.572604298591613770e+00 2.938342332839965820e+00 4.501365870237350464e-02 4.349247217178344727e-01 -7.282625436782836914e-01 -5.295981168746948242e-01 1.371165663003921509e-01
-4.615447998046875000e+00 -1.770200014114379883e+00 2.940895318984985352e+00 3.723181411623954773e-02 -8.438497185707092285e-01 -4.457160234451293945e-01 2.987556159496307373e-01 3.214730620384216309e-01
-4.737372398376464844e+00 -1.999244332313537598e+00 3.189847946166992188e+00 2.598087489604949951e-02 -4.570940881967544556e-02 -8.896669745445251465e-01 -4.543163478374481201e-01 4.590155780315399170e-01
-4.629394054412841797e+00 -5.146826505661010742e-01 1.547094702720642090e+00 2.194075845181941986e-02 -7.672687768936157227e-01 -5.493905395269393921e-02 -6.389681696891784668e-01 4.360859096050262451e-01
-4.855894565582275391e+00 -4.129732549190521240e-01 1.206219911575317383e+00 2.194075845181941986e-02 -5.670159459114074707e-01 8.184998482465744019e-02 -8.196300864219665527e-01 2.249610126018524170e-01
-2.141198158264160156e+00 -2.823709011077880859e+00 8.917269110679626465e-01 3.951043635606765747e-02 -7.645471692085266113e-01 4.791678786277770996e-01 -4.311215579509735107e-01 5.524437427520751953e-01
-2.629315376281738281e+00 -2.581060647964477539e+00 6.600388288497924805e-01 3.163789957761764526e-02 -2.124732583761215210e-01 3.670642375946044922e-01 -9.056041836738586426e-01 6.656894087791442871e-02
-2.614849090576171875e+00 -2.500497817993164062e+00 5.977343916893005371e-01 2.337648160755634308e-02 -4.190785288810729980e-01 1.816148161888122559e-01 -8.896006345748901367e-01 3.274474442005157471e-01
-2.393100500106811523e+00 -2.697844028472900391e+00 6.743967533111572266e-01 1.466923113912343979e-02 -1.172684133052825928e-02 -5.200449377298355103e-02 9.985780119895935059e-01 7.266116142272949219e-02
-2.383572101593017578e+00 -2.733224391937255859e+00 8.262625932693481445e-01 1.747377403080463409e-02 -9.903705716133117676e-01 -1.080236285924911499e-01 8.658570051193237305e-02 1.034739539027214050e-01
-2.484469175338745117e+00 -2.782414436340332031e+00 8.478983044624328613e-01 1.450182870030403137e-02 -9.892068505287170410e-01 -8.169180899858474731e-02 -1.216399893164634705e-01 2.428383529186248779e-01
-2.241862535476684570e+00 -2.791731595993041992e+00 8.121477365493774414e-01 3.951648995280265808e-02 5.223219096660614014e-02 3.592381477355957031e-01 9.317830801010131836e-01 1.972678899765014648e-01
-2.162770271301269531e+00 -2.711560487747192383e+00 9.718481302261352539e-01 3.951648995280265808e-02 2.543943226337432861e-01 4.003917574882507324e-01 8.803237676620483398e-01 1.887570768594741821e-01
-2.160348892211914062e+00 -2.657466411590576172e+00 1.168281316757202148e+00 5.611265078186988831e-02 3.195728063583374023e-01 4.760067462921142578e-01 8.193233609199523926e-01 3.320000469684600830e-01
-2.043915987014770508e+00 -2.504069089889526367e+00 1.429591178894042969e+00 4.851138219237327576e-02 7.256335020065307617e-01 4.807726144790649414e-01 4.922536909580230713e-01 1.476338058710098267e-01
-1.930052757263183594e+00 -2.421549797058105469e+00 1.495985269546508789e+00 5.214862152934074402e-02 6.373350620269775391e-01 4.654730856418609619e-02 7.691797018051147461e-01 1.258598715066909790e-01
-1.665621161460876465e+00 -2.489607095718383789e+00 1.557842850685119629e+00 5.185839533805847168e-02 3.012320697307586670e-01 3.272399604320526123e-01 8.956412672996520996e-01 5.312486290931701660e-01
-1.427809238433837891e+00 -2.316543579101562500e+00 2.060107946395874023e+00 3.951648995280265808e-02 -1.976401656866073608e-01 7.721737623214721680e-01 6.038924455642700195e-01 1.774011701345443726e-01
-9.361654520034790039e-01 -3.822695016860961914e+00 1.481259346008300781e+00 5.707727745175361633e-02 9.010179042816162109e-01 3.082911968231201172e-01 3.051610887050628662e-01 8.378225564956665039e-02
-8.606761693954467773e-01 -3.796865701675415039e+00 1.506826400756835938e+00 5.707727745175361633e-02 3.732802867889404297e-01 -9.188103079795837402e-01 -1.282552182674407959e-01 1.982902586460113525e-01
-8.484743833541870117e-01 -3.976644515991210938e+00 1.510382413864135742e+00 6.035272032022476196e-02 4.025937020778656006e-01 -2.533799409866333008e-01 8.796117901802062988e-01 1.689176559448242188e-01
-7.474982142448425293e-01 -4.256775379180908203e+00 1.564698338508605957e+00 5.214468017220497131e-02 -9.846016168594360352e-01 -1.624415069818496704e-01 6.459456682205200195e-02 3.363403081893920898e-01
-1.002266168594360352e+00 -4.426343441009521484e+00 1.508255839347839355e+00 2.084554918110370636e-02 6.858871579170227051e-01 -3.834796324372291565e-02 7.266967892646789551e-01 3.789917826652526855e-01
-1.202554225921630859e+00 -3.626769304275512695e+00 1.281184673309326172e+00 4.879972338676452637e-02 7.340340018272399902e-01 -6.790925264358520508e-01 5.233269650489091873e-03 5.429785251617431641e-01
-8.087573051452636719e-01 -3.942446470260620117e+00 1.276166081428527832e+00 4.879972338676452637e-02 4.560960233211517334e-01 -9.017724543809890747e-02 -8.853499293327331543e-01 1.218928620219230652e-01
-7.757335901260375977e-01 -3.978760004043579102e+00 1.118006110191345215e+00 4.879972338676452637e-02 8.570266962051391602e-01 1.879823803901672363e-01 -4.797581732273101807e-01 1.409519761800765991e-01
-1.026090741157531738e+00 -3.623680353164672852e+00 1.293399691581726074e+00 2.710801176726818085e-02 8.009995222091674805e-01 5.984851717948913574e-01 -1.467177458107471466e-02 1.094612181186676025e-01
-9.384124279022216797e-01 -3.558169364929199219e+00 1.291793704032897949e+00 2.710650116205215454e-02 -6.176657080650329590e-01 1.458480954170227051e-01 7.727984189987182617e-01 8.527212589979171753e-02
-9.770049452781677246e-01 -3.534538745880126953e+00 1.365495681762695312e+00 3.807471692562103271e-02 -5.960472226142883301e-01 2.091060727834701538e-01 7.752434015274047852e-01 4.996059834957122803e-01
-1.254618883132934570e+00 -3.363608121871948242e+00 1.778522968292236328e+00 4.196401685476303101e-02 -8.665198087692260742e-01 7.196030020713806152e-02 4.939282834529876709e-01 1.814721524715423584e-01
-1.422338724136352539e+00 -3.355463027954101562e+00 1.859462857246398926e+00 4.306008294224739075e-02 -6.743888258934020996e-01 5.330983400344848633e-01 5.108873248100280762e-01 1.402063369750976562e-01
-1.511762022972106934e+00 -3.241324901580810547e+00 1.876713871955871582e+00 4.418872669339179993e-02 -9.709355235099792480e-02 8.103268742561340332e-01 5.778781771659851074e-01 1.598172038793563843e-01
-1.506509542465209961e+00 -3.064208984375000000e+00 2.036111354827880859e+00 4.427355155348777771e-02 -7.905434966087341309e-01 5.876349806785583496e-01 -1.724126785993576050e-01 1.396335661411285400e-01
-1.002558827400207520e+00 -3.749799966812133789e+00 1.423810482025146484e+00 5.645133927464485168e-02 -1.765328943729400635e-01 9.266253113746643066e-01 3.319663405418395996e-01 1.841678023338317871e-01
-1.035070419311523438e+00 -3.579145431518554688e+00 1.484948039054870605e+00 5.645133927464485168e-02 8.972621560096740723e-01 -4.259239435195922852e-01 1.162298917770385742e-01 2.847078442573547363e-01
-4.079277992248535156e+00 -2.847820520401000977e+00 3.913297355175018311e-01 5.347625538706779480e-02 -4.819128513336181641e-01 -8.230390548706054688e-01 3.006105124950408936e-01 7.363209724426269531e-01
-4.519885063171386719e+00 -3.512535572052001953e+00 6.074734330177307129e-01 5.347625538706779480e-02 4.340866208076477051e-01 -6.860453486442565918e-01 5.838754773139953613e-01 5.601859092712402344e-01
-4.343917846679687500e+00 -3.852345228195190430e+00 9.053408503532409668e-01 5.347625538706779480e-02 -6.153025627136230469e-01 -5.756272673606872559e-01 5.385684967041015625e-01 2.549481093883514404e-01
-4.495207786560058594e+00 -4.001107692718505859e+00 1.023258090019226074e+00 5.347625538706779480e-02 -7.621680498123168945e-01 -6.287308335304260254e-01 -1.542639583349227905e-01 2.127932161092758179e-01
-4.672856807708740234e+00 -4.104992389678955078e+00 9.653663039207458496e-01 5.347625538706779480e-02 -7.820981740951538086e-01 -5.848191380500793457e-01 -2.151953279972076416e-01 1.898284107446670532e-01
-4.016006946563720703e+00 -3.655319452285766602e+00 2.049656808376312256e-01 5.210269987583160400e-02 2.344146370887756348e-01 8.630779385566711426e-01 4.473770856857299805e-01 6.592223644256591797e-01
-3.813599824905395508e+00 -3.112958669662475586e+00 4.936291873455047607e-01 5.210269987583160400e-02 1.277963072061538696e-01 -3.301437012851238251e-03 9.917949438095092773e-01 7.008261680603027344e-01
-3.767680644989013672e+00 -3.063230514526367188e+00 1.181045413017272949e+00 5.210269987583160400e-02 -6.875439081341028214e-03 1.399634033441543579e-01 9.901328086853027344e-01 2.810145318508148193e-01
-3.860772371292114258e+00 -3.134410619735717773e+00 1.375780582427978516e+00 5.210269987583160400e-02 -3.795744478702545166e-01 -3.377321660518646240e-01 8.613131046295166016e-01 2.069335728883743286e-01
-3.896436691284179688e+00 -3.189972162246704102e+00 1.579817175865173340e+00 5.210269987583160400e-02 -4.182996153831481934e-01 -2.950717210769653320e-01 8.590448498725891113e-01 1.061515957117080688e-01
-3.952390670776367188e+00 -3.270424604415893555e+00 1.605431079864501953e+00 5.210269987583160400e-02 -4.315469861030578613e-01 -6.838220357894897461e-01 5.883490443229675293e-01 1.696110218763351440e-01
-4.549001216888427734e+00 -2.596187829971313477e+00 9.358032941818237305e-01 4.756515379995107651e-03 -4.101813435554504395e-01 6.065790057182312012e-01 -6.810383200645446777e-01 9.378222376108169556e-02
-4.596519470214843750e+00 -2.512004375457763672e+00 8.890171051025390625e-01 4.756515379995107651e-03 7.994228005409240723e-01 4.860401451587677002e-01 -3.531121611595153809e-01 3.059033155441284180e-01
-4.225904464721679688e+00 -3.495294809341430664e+00 3.257952630519866943e-01 4.413186386227607727e-02 9.266681224107742310e-02 8.334282636642456055e-01 5.448028445243835449e-01 8.657775521278381348e-01
-4.121200561523437500e+00 -2.729314804077148438e+00 8.014025688171386719e-01 4.413186386227607727e-02 8.736093044281005859e-01 -4.703408181667327881e-01 -1.248451396822929382e-01 2.351009994745254517e-01
-2.543365001678466797e+00 -3.188928365707397461e+00 1.248834133148193359e+00 3.196682548150420189e-03 1.096876561641693115e-01 -9.888477325439453125e-01 1.007414460182189941e-01 4.716355800628662109e-01
-2.510744333267211914e+00 -3.440122604370117188e+00 1.411044001579284668e+00 3.196682548150420189e-03 -9.940531849861145020e-01 -3.297037258744239807e-02 -1.037845835089683533e-01 1.952331364154815674e-01
-2.757518529891967773e+00 -3.404586315155029297e+00 1.397286891937255859e+00 3.196682548150420189e-03 -5.447277426719665527e-01 -7.439493536949157715e-01 3.870543241500854492e-01 4.206127524375915527e-01
-3.066774606704711914e+00 -3.708274841308593750e+00 1.587405681610107422e+00 3.196682548150420189e-03 1.636387035250663757e-02 -9.317725896835327148e-01 3.626735508441925049e-01 2.230135947465896606e-01
-2.733451843261718750e+00 -3.168427228927612305e+00 1.452084660530090332e+00 3.196682548150420189e-03 -4.466545283794403076e-01 7.809504270553588867e-01 -4.365961253643035889e-01 4.276503995060920715e-02
-2.765492916107177734e+00 -3.120085477828979492e+00 1.423193812370300293e+00 3.196682548150420189e-03 4.260695576667785645e-01 7.322537302970886230e-01 5.312901139259338379e-01 4.098561406135559082e-02
-2.628905296325683594e+00 -2.955924034118652344e+00 1.430605888366699219e+00 3.196682548150420189e-03 8.299499005079269409e-02 3.294035047292709351e-02 9.960054159164428711e-01 2.620424330234527588e-01
-2.668675184249877930e+00 -2.731318712234497070e+00 1.770164966583251953e+00 3.196682548150420189e-03 4.695857465267181396e-01 -1.806134134531021118e-01 8.642152547836303711e-01 2.570905387401580811e-01
-2.910879135131835938e+00 -3.058410644531250000e+00 6.528689265251159668e-01 6.481783930212259293e-03 -2.059440165758132935e-01 -1.369086354970932007e-01 9.689391851425170898e-01 5.781139731407165527e-01
-3.044377565383911133e+00 -3.160693168640136719e+00 1.205737948417663574e+00 1.254111807793378830e-02 8.372379094362258911e-02 -3.466012179851531982e-01 9.342686533927917480e-01 5.596563816070556641e-01
-3.044687747955322266e+00 -3.308390617370605469e+00 1.052781462669372559e+00 5.059190839529037476e-02 2.369105368852615356e-01 -8.391700983047485352e-01 -4.895578920841217041e-01 4.097390174865722656e-01
-3.303417205810546875e+00 -3.351691246032714844e+00 1.342895507812500000e+00 6.085259467363357544e-02 -9.725874066352844238e-01 -3.017887286841869354e-02 -2.305710166692733765e-01 2.712267935276031494e-01
-3.508948564529418945e+00 -3.243344783782958984e+00 1.113706588745117188e+00 6.020593643188476562e-02 -3.421276211738586426e-01 8.220331072807312012e-01 4.552035629749298096e-01 4.468416571617126465e-01
-3.659577608108520508e+00 -2.961553096771240234e+00 1.293536782264709473e+00 4.311490431427955627e-02 -2.597286701202392578e-01 -2.629395723342895508e-01 9.291952252388000488e-01 2.285896241664886475e-01
-3.718948841094970703e+00 -3.021658420562744141e+00 1.505941152572631836e+00 5.147813260555267334e-02 8.765041232109069824e-01 1.244042254984378815e-02 4.812335968017578125e-01 2.431277334690093994e-01
-3.510190010070800781e+00 -3.020644903182983398e+00 1.592803359031677246e+00 5.407061055302619934e-02 4.325914010405540466e-02 9.964135885238647461e-01 -7.272289693355560303e-02 2.782322466373443604e-01
-3.541265726089477539e+00 -2.722617387771606445e+00 1.604259490966796875e+00 5.222751200199127197e-02 6.339676976203918457e-01 6.292522549629211426e-01 4.495849013328552246e-01 3.074046373367309570e-01
-3.291382551193237305e+00 -2.558451414108276367e+00 1.735430240631103516e+00 4.710237681865692139e-02 -7.041808962821960449e-02 -3.562314212322235107e-01 9.317405819892883301e-01 8.447182774543762207e-01
-3.296790838241577148e+00 -2.857047557830810547e+00 2.516494989395141602e+00 3.962012752890586853e-02 1.172223314642906189e-01 -4.636183381080627441e-01 8.782465457916259766e-01 3.851839900016784668e-01
-3.450822591781616211e+00 -2.851997137069702148e+00 2.794148921966552734e+00 3.909089043736457825e-02 -3.762696981430053711e-01 -1.041576266288757324e-01 9.206368923187255859e-01 3.231168687343597412e-01
-3.192065954208374023e+00 -3.688079357147216797e+00 2.099873781204223633e+00 5.503096431493759155e-02 -3.633093535900115967e-01 6.918083429336547852e-01 -6.240252852439880371e-01 1.488994956016540527e-01
-3.237432003021240234e+00 -3.593251466751098633e+00 2.024404764175415039e+00 5.503096431493759155e-02 8.340172171592712402e-01 5.244478583335876465e-01 -1.713760495185852051e-01 3.922352492809295654e-01
-3.377207756042480469e+00 -3.836045503616333008e+00 1.658054471015930176e+00 3.859459236264228821e-02 -9.098238945007324219e-01 -2.795904874801635742e-01 -3.066751360893249512e-01 9.065010547637939453e-01
-4.215652942657470703e+00 -4.103508472442626953e+00 1.375173449516296387e+00 5.433662608265876770e-02 -6.069312095642089844e-01 3.432728648185729980e-01 7.167972326278686523e-01 1.735438853502273560e-01
-4.290387630462646484e+00 -4.033903121948242188e+00 1.574426412582397461e+00 5.442820489406585693e-02 -8.921548128128051758e-01 3.166224062442779541e-01 3.221956789493560791e-01 3.477880954742431641e-01
-4.604470252990722656e+00 -3.911519050598144531e+00 1.686089396476745605e+00 4.754561930894851685e-02 -1.355087608098983765e-01 -1.026824861764907837e-02 9.907229542732238770e-01 8.880669623613357544e-02
-4.594712257385253906e+00 -3.904790401458740234e+00 1.781869292259216309e+00 3.757101297378540039e-02 -3.372967839241027832e-01 1.345529686659574509e-03 9.413973689079284668e-01 2.580886483192443848e-01
-4.718640327453613281e+00 -3.992450952529907227e+00 2.129949092864990234e+00 4.733582586050033569e-02 -4.742816686630249023e-01 7.497912049293518066e-01 4.613783955574035645e-01 1.659697741270065308e-01
-4.817721366882324219e+00 -3.863357543945312500e+00 2.184188604354858398e+00 4.443843290209770203e-02 2.420656681060791016e-01 9.700793623924255371e-01 -1.871605031192302704e-02 2.628152072429656982e-01
-4.870130538940429688e+00 -3.596899509429931641e+00 2.173593044281005859e+00 2.683669887483119965e-02 5.649079568684101105e-03 4.876686930656433105e-01 8.730105161666870117e-01 5.809611082077026367e-01
-3.354604721069335938e+00 -3.646788358688354492e+00 1.962094068527221680e+00 4.800602048635482788e-02 1.449168622493743896e-01 3.528587520122528076e-01 9.243861436843872070e-01 2.931815981864929199e-01
-3.312117815017700195e+00 -3.543336629867553711e+00 2.233107089996337891e+00 4.800602048635482788e-02 3.287391662597656250e-01 4.343474805355072021e-01 8.386136293411254883e-01 2.410263270139694214e-01
-3.100756883621215820e+00 -4.374135494232177734e+00 2.397706031799316406e+00 6.391151994466781616e-02 -8.626604080200195312e-01 -4.769474864006042480e-01 1.683394610881805420e-01 2.050112783908843994e-01
-3.399149417877197266e+00 -4.434604644775390625e+00 2.413072824478149414e+00 6.391151994466781616e-02 -7.076685875654220581e-02 2.631756067276000977e-01 9.621489644050598145e-01 2.400843948125839233e-01
-3.680703401565551758e+00 -4.284105300903320312e+00 2.551088333129882812e+00 6.391151994466781616e-02 -1.207000855356454849e-02 7.115506529808044434e-01 7.025311589241027832e-01 5.908521413803100586e-01
-3.754883527755737305e+00 -3.967960834503173828e+00 2.965866565704345703e+00 6.391151994466781616e-02 -7.120760679244995117e-01 4.594543576240539551e-01 -5.308949351310729980e-01 1.931535750627517700e-01
-3.132139921188354492e+00 -4.343242168426513672e+00 2.401947736740112305e+00 1.558294333517551422e-02 -7.060962319374084473e-01 -3.687988519668579102e-01 -6.044961214065551758e-01 1.526180803775787354e-01
-3.239902973175048828e+00 -4.399527549743652344e+00 2.309690713882446289e+00 1.558294333517551422e-02 6.480131745338439941e-01 -5.750434994697570801e-01 -4.994035363197326660e-01 2.925343215465545654e-01
-3.120097637176513672e+00 -4.462695598602294922e+00 2.676116943359375000e+00 3.241097554564476013e-02 5.259506702423095703e-01 -7.337254285812377930e-01 4.301429390907287598e-01 4.573644697666168213e-02
-3.096042394638061523e+00 -4.496253490447998047e+00 2.695790290832519531e+00 3.210683539509773254e-02 7.839434146881103516e-01 6.023759841918945312e-01 1.502526402473449707e-01 9.846896678209304810e-02
-2.982648134231567383e+00 -4.442996025085449219e+00 2.698201894760131836e+00 3.097250871360301971e-02 3.073745965957641602e-01 8.074233531951904297e-01 5.035756230354309082e-01 1.234081014990806580e-01
-2.808148145675659180e+00 -4.272001743316650391e+00 2.786196947097778320e+00 2.790808677673339844e-02 -4.817972183227539062e-01 7.718894481658935547e-01 4.147988557815551758e-01 1.919712424278259277e-01
-2.929944753646850586e+00 -4.129309654235839844e+00 2.910838127136230469e+00 1.582131721079349518e-02 -6.786523461341857910e-01 6.378774046897888184e-01 -3.640651106834411621e-01 2.800288796424865723e-01
-2.296324253082275391e+00 -3.805327653884887695e+00 1.063788414001464844e+00 4.684167355298995972e-02 -1.111818179488182068e-01 -5.292133688926696777e-01 -8.411728739738464355e-01 2.208306789398193359e-01
-2.312295198440551758e+00 -3.912409782409667969e+00 9.309243559837341309e-01 4.684167355298995972e-02 -7.952496409416198730e-01 -5.598903298377990723e-01 2.325957715511322021e-01 2.531084418296813965e-01
-2.539313077926635742e+00 -4.067820549011230469e+00 1.106859922409057617e+00 5.256995558738708496e-02 -9.684903621673583984e-01 -1.061103790998458862e-01 -2.253152579069137573e-01 1.838905662298202515e-01
-2.794895172119140625e+00 -4.062630176544189453e+00 1.066657304763793945e+00 5.197990313172340393e-02 -1.948762536048889160e-01 -5.715509653091430664e-01 -7.970901727676391602e-01 1.571501046419143677e-01
-2.938638687133789062e+00 -4.142674446105957031e+00 9.694600105285644531e-01 4.684167355298995972e-02 -1.082604452967643738e-01 -9.898960590362548828e-01 -9.157215058803558350e-02 1.497417986392974854e-01
-2.945106983184814453e+00 -4.255488872528076172e+00 9.103952646255493164e-01 4.684167355298995972e-02 -9.044269323348999023e-01 -2.195995301008224487e-01 -3.657704293727874756e-01 9.035027027130126953e-02
-2.547353029251098633e+00 -3.520924091339111328e+00 9.237691164016723633e-01 2.340842038393020630e-02 1.982177793979644775e-01 -7.856651209294795990e-03 -9.801265001296997070e-01 5.882907509803771973e-01
-2.337325096130371094e+00 -3.710195064544677734e+00 1.049826741218566895e+00 3.951288387179374695e-02 7.703922688961029053e-02 2.182645946741104126e-01 9.728440642356872559e-01 1.930657029151916504e-01
-2.322451591491699219e+00 -3.668055772781372070e+00 1.237649440765380859e+00 3.951288387179374695e-02 9.731590151786804199e-01 -1.848347187042236328e-01 1.371043920516967773e-01 3.648186624050140381e-01
-2.118223905563354492e+00 -4.414044380187988281e+00 1.471683502197265625e+00 1.940696313977241516e-02 7.302259206771850586e-01 -6.064592599868774414e-01 3.146065175533294678e-01 2.495424002408981323e-01
-1.936001658439636230e+00 -4.565381526947021484e+00 1.550191164016723633e+00 1.940696313977241516e-02 1.266945898532867432e-02 5.787480473518371582e-01 -8.154079914093017578e-01 2.252280712127685547e-01
-2.106048345565795898e+00 -4.207430362701416016e+00 1.290437221527099609e+00 9.332650341093540192e-03 9.008189439773559570e-01 -2.358573675155639648e-01 -3.645497560501098633e-01 9.939432144165039062e-02
-2.034548282623291016e+00 -4.267932415008544922e+00 1.288134098052978516e+00 9.332650341093540192e-03 6.256308555603027344e-01 3.388717472553253174e-01 7.026748657226562500e-01 3.097202479839324951e-01
-1.705747127532958984e+00 -4.448349952697753906e+00 2.605934381484985352e+00 3.309754654765129089e-02 -4.270555675029754639e-01 -2.663424015045166016e-01 -8.641095161437988281e-01 3.958508074283599854e-01
-2.178757190704345703e+00 -3.986902952194213867e+00 2.306381464004516602e+00 6.386531889438629150e-02 1.183717101812362671e-01 -4.864825308322906494e-01 8.656343817710876465e-01 6.703389883041381836e-01
-2.099408149719238281e+00 -4.313011169433593750e+00 2.886649847030639648e+00 6.386531889438629150e-02 4.181179106235504150e-01 -7.469093799591064453e-01 5.170142650604248047e-01 1.194114014506340027e-01
-1.976119995117187500e+00 -4.337203979492187500e+00 2.997268199920654297e+00 6.393241137266159058e-02 7.307424545288085938e-01 -4.201035499572753906e-01 -5.380785465240478516e-01 1.187901869416236877e-01
-1.800146460533142090e+00 -4.346241950988769531e+00 2.921955823898315430e+00 4.689762741327285767e-02 4.288277924060821533e-01 -8.846260309219360352e-01 1.831487268209457397e-01 7.137426733970642090e-02
-1.719365000724792480e+00 -4.442357540130615234e+00 2.896155357360839844e+00 5.770429596304893494e-02 2.112358808517456055e-01 -5.938051939010620117e-01 7.763857245445251465e-01 2.552292644977569580e-01
-1.367200255393981934e+00 -4.557570457458496094e+00 2.792578220367431641e+00 4.913794621825218201e-02 9.927983283996582031e-01 -2.781391888856887817e-02 1.165238916873931885e-01 3.689678907394409180e-01
-9.868091940879821777e-01 -4.470667839050292969e+00 3.369446277618408203e+00 9.776177816092967987e-03 -4.458123147487640381e-01 -2.304069697856903076e-01 8.649647235870361328e-01 3.118773996829986572e-01
-1.143976449966430664e+00 -4.573798656463623047e+00 3.657645463943481445e+00 7.087511941790580750e-03 -6.923696398735046387e-01 6.194810867309570312e-01 3.699560761451721191e-01 1.281885355710983276e-01
-1.348403334617614746e+00 -4.494112014770507812e+00 3.809818506240844727e+00 1.241038460284471512e-02 -5.528839826583862305e-01 5.654497742652893066e-01 -6.120342016220092773e-01 2.088803201913833618e-01
-2.528757095336914062e+00 -4.334506511688232422e+00 3.926906108856201172e+00 2.499999944120645523e-03 -2.670913040637969971e-01 3.146470785140991211e-01 9.108564257621765137e-01 2.056240886449813843e-01
-2.515768289566040039e+00 -4.259296417236328125e+00 4.201731681823730469e+00 2.499999944120645523e-03 -7.097749114036560059e-01 -3.758365809917449951e-01 5.957906246185302734e-01 5.147691369056701660e-01
-3.027085304260253906e+00 -1.442698121070861816e+00 8.736615180969238281e-01 4.342781752347946167e-02 -4.965061545372009277e-01 5.240114331245422363e-01 -6.920214295387268066e-01 1.401466876268386841e-01
-3.092680215835571289e+00 -1.368728041648864746e+00 7.831825613975524902e-01 4.342781752347946167e-02 8.394395112991333008e-01 1.370317637920379639e-01 -5.258931517601013184e-01 9.759010374546051025e-02
-2.965039491653442383e+00 -1.327197313308715820e+00 6.728841066360473633e-01 4.342781752347946167e-02 -7.396596670150756836e-01 -1.653593778610229492e-01 -6.523494720458984375e-01 6.973256915807723999e-02
-2.989213466644287109e+00 -1.330945968627929688e+00 5.614537000656127930e-01 4.342781752347946167e-02 -8.889405131340026855e-01 -2.292900085449218750e-01 -3.964982926845550537e-01 2.409220635890960693e-01
-3.290062427520751953e+00 -1.364772677421569824e+00 1.132051825523376465e+00 3.118906170129776001e-02 2.725345790386199951e-01 3.479458100628107786e-04 -9.621459245681762695e-01 3.756060302257537842e-01
-2.708691120147705078e+00 -1.758649110794067383e+00 1.041368722915649414e+00 4.825875908136367798e-02 6.740741133689880371e-01 -6.975769400596618652e-01 2.429207861423492432e-01 8.581192046403884888e-02
-2.659440040588378906e+00 -1.814997196197509766e+00 1.061515212059020996e+00 4.825875908136367798e-02 -3.795670568943023682e-01 -8.613932132720947266e-01 3.375360965728759766e-01 5.990691855549812317e-02
-2.714500904083251953e+00 -1.856465816497802734e+00 1.144892096519470215e+00 4.825875908136367798e-02 -2.100185900926589966e-01 -9.764581322669982910e-01 4.921126365661621094e-02 3.244925141334533691e-01
-2.773344516754150391e+00 -2.174305200576782227e+00 1.100152850151062012e+00 2.991790324449539185e-02 -1.420523673295974731e-01 -9.898427724838256836e-01 -5.697689950466156006e-03 1.634941101074218750e-01
-2.668436050415039062e+00 -1.666227579116821289e+00 1.578253269195556641e+00 6.771889980882406235e-03 8.898383378982543945e-01 3.446230590343475342e-01 -2.990363240242004395e-01 1.171024665236473083e-01
-2.452006816864013672e+00 -1.486446380615234375e+00 1.636208176612854004e+00 6.771889980882406235e-03 7.840062975883483887e-01 -6.205525398254394531e-01 -1.576842553913593292e-02 3.518658280372619629e-01
-2.199041366577148438e+00 -1.708571910858154297e+00 1.643371462821960449e+00 5.725611932575702667e-03 4.188693463802337646e-01 -7.320855259895324707e-01 5.372143387794494629e-01 3.412664234638214111e-01
-2.724652528762817383e+00 -1.640483736991882324e+00 1.499071955680847168e+00 3.157761693000793457e-02 -2.619752287864685059e-01 1.137946918606758118e-01 -9.583421945571899414e-01 4.508698880672454834e-01
-2.829122543334960938e+00 -1.584244251251220703e+00 1.066631555557250977e+00 3.157761693000793457e-02 3.301820531487464905e-02 -1.989160850644111633e-02 9.992567896842956543e-01 5.206887125968933105e-01
-2.519450187683105469e+00 -1.660560369491577148e+00 2.084348201751708984e+00 9.385283105075359344e-03 -6.867397427558898926e-01 -6.497142314910888672e-01 -3.259753286838531494e-01 5.878531932830810547e-01
-2.390156030654907227e+00 -1.370408773422241211e+00 3.099532365798950195e+00 4.068025946617126465e-02 2.840539813041687012e-02 3.694092929363250732e-01 -9.288325309753417969e-01 7.044597864151000977e-01
-2.370145559310913086e+00 -1.110174894332885742e+00 2.445207118988037109e+00 4.068025946617126465e-02 -1.025122106075286865e-01 1.085935086011886597e-01 -9.887864589691162109e-01 2.241239249706268311e-01
-2.378485679626464844e+00 -1.656377673149108887e+00 3.325268268585205078e+00 6.434200704097747803e-02 -1.097455471754074097e-01 -3.499299883842468262e-01 9.303251504898071289e-01 9.469876438379287720e-02
-2.392708778381347656e+00 -1.697495102882385254e+00 3.406415700912475586e+00 6.422004848718643188e-02 4.848394095897674561e-01 -6.951866745948791504e-01 5.307035446166992188e-01 1.461423337459564209e-01
-2.313156127929687500e+00 -1.796823620796203613e+00 3.480170488357543945e+00 6.327424198389053345e-02 4.534922242164611816e-01 -4.841970801353454590e-01 7.482632994651794434e-01 3.007936179637908936e-01
-2.097336292266845703e+00 -1.902161717414855957e+00 3.758425712585449219e+00 5.560448393225669861e-02 2.217361032962799072e-01 -9.075275063514709473e-01 3.566888868808746338e-01 1.068210825324058533e-01
-2.081259250640869141e+00 -2.105790138244628906e+00 3.753417253494262695e+00 6.066510826349258423e-02 4.432318806648254395e-01 -3.628392219543457031e-01 8.196909427642822266e-01 2.493361234664916992e-01
-2.041522502899169922e+00 -2.193041086196899414e+00 3.997657299041748047e+00 5.488025024533271790e-02 4.882014095783233643e-01 -5.306151509284973145e-02 8.711164593696594238e-01 1.669493615627288818e-01
-2.343448638916015625e+00 -1.577947497367858887e+00 3.170383930206298828e+00 2.914271876215934753e-02 -7.053732872009277344e-02 7.278929948806762695e-01 -6.820529699325561523e-01 3.672080636024475098e-01
-2.462103366851806641e+00 -1.249501228332519531e+00 2.819526195526123047e+00 2.914271876215934753e-02 6.410621404647827148e-01 7.561135888099670410e-01 -1.316494047641754150e-01 2.151249498128890991e-01
-2.368647813796997070e+00 -1.049658894538879395e+00 2.793205022811889648e+00 2.914271876215934753e-02 6.336465477943420410e-01 7.640485763549804688e-01 -1.213337332010269165e-01 1.678649634122848511e-01
-2.495400190353393555e+00 -2.108983516693115234e+00 3.157313346862792969e+00 3.040164709091186523e-02 5.137847065925598145e-01 8.540549278259277344e-01 8.133542537689208984e-02 8.456394672393798828e-01
-2.406463146209716797e+00 -1.457819938659667969e+00 3.263286828994750977e+00 4.436618089675903320e-02 -2.437522858381271362e-01 -1.822707056999206543e-01 9.525555968284606934e-01 1.178781315684318542e-01
-2.435196161270141602e+00 -1.479305624961853027e+00 3.375572204589843750e+00 4.436618089675903320e-02 -6.749104261398315430e-01 -4.413932859897613525e-01 5.913272500038146973e-01 9.772888571023941040e-02
-2.551197767257690430e+00 -1.570091128349304199e+00 3.472876310348510742e+00 4.436618089675903320e-02 -5.597163438796997070e-01 -9.485231339931488037e-02 -8.232378959655761719e-01 8.105896413326263428e-02
-2.594901084899902344e+00 -1.583412289619445801e+00 3.399349689483642578e+00 5.442933738231658936e-02 -9.302356839179992676e-01 -3.601527810096740723e-01 7.036746293306350708e-02 2.331962808966636658e-02
-2.968355417251586914e+00 -1.283268928527832031e+00 3.123252153396606445e+00 5.242136493325233459e-02 -5.744243264198303223e-01 -8.020630478858947754e-01 -1.634977906942367554e-01 3.436232507228851318e-01
-3.139850616455078125e+00 -1.503900527954101562e+00 3.068535566329956055e+00 5.314957350492477417e-02 -6.608895957469940186e-03 2.975105494260787964e-02 -9.995355010032653809e-01 2.622926793992519379e-02
-3.197514772415161133e+00 -1.444690346717834473e+00 3.017378568649291992e+00 5.136967822909355164e-02 1.944194436073303223e-01 -2.170196920633316040e-01 -9.566104412078857422e-01 2.512106299400329590e-01
-3.132107019424438477e+00 -1.506764888763427734e+00 2.707177162170410156e+00 5.024033784866333008e-02 -4.887287020683288574e-01 -8.721696138381958008e-01 -2.155083231627941132e-02 2.846861183643341064e-01
-2.364903926849365234e+00 -2.120636701583862305e+00 3.256736755371093750e+00 6.720253080129623413e-02 4.592776298522949219e-01 -6.224209666252136230e-01 6.337634921073913574e-01 2.690495848655700684e-01
-2.241335630416870117e+00 -2.288098812103271484e+00 3.427250623703002930e+00 6.694880127906799316e-02 7.665516138076782227e-01 -3.677259385585784912e-01 -5.264752507209777832e-01 1.637336462736129761e-01
-2.136052608489990234e+00 -2.395375013351440430e+00 3.347767353057861328e+00 5.672304332256317139e-02 7.648232579231262207e-01 -4.006974995136260986e-01 -5.044669508934020996e-01 1.677686870098114014e-01
-1.979415774345397949e+00 -2.491443872451782227e+00 3.299433946609497070e+00 5.672304332256317139e-02 1.103371381759643555e-01 -7.344182133674621582e-01 -6.696682572364807129e-01 1.265575736761093140e-01
-1.969494819641113281e+00 -2.577135324478149414e+00 3.192510604858398438e+00 6.469882279634475708e-02 2.105667591094970703e-01 -9.171087741851806641e-01 -3.384864628314971924e-01 6.634359061717987061e-02
-1.840626358985900879e+00 -2.710199594497680664e+00 3.057682275772094727e+00 6.364518404006958008e-02 -6.742250919342041016e-01 -6.982175111770629883e-01 -2.406508177518844604e-01 3.786526024341583252e-01
-2.111682653427124023e+00 -3.017006874084472656e+00 2.959604978561401367e+00 5.672304332256317139e-02 -3.691408932209014893e-01 2.822651267051696777e-01 -8.854724168777465820e-01 9.606178849935531616e-02
-2.174285411834716797e+00 -3.020895481109619141e+00 2.868496417999267578e+00 5.672304332256317139e-02 -2.826056778430938721e-01 4.160303473472595215e-01 -8.643221259117126465e-01 3.054004311561584473e-01
-2.788530826568603516e+00 -2.240729808807373047e+00 2.911025524139404297e+00 4.021028056740760803e-02 4.730650186538696289e-01 -8.409600853919982910e-01 -2.626701593399047852e-01 4.261901378631591797e-01
-2.541771173477172852e+00 -2.663371801376342773e+00 2.824803113937377930e+00 6.236367300152778625e-02 1.808836939744651318e-03 -3.706893622875213623e-01 -9.287551641464233398e-01 1.670135855674743652e-01
-2.525829792022705078e+00 -2.704469442367553711e+00 2.639961242675781250e+00 6.236367300152778625e-02 -2.818929255008697510e-01 -7.099594473838806152e-01 -6.453634500503540039e-01 1.618889570236206055e-01
-2.665654420852661133e+00 -2.897778987884521484e+00 2.548975229263305664e+00 6.236367300152778625e-02 -1.424859166145324707e-01 8.542886935174465179e-04 -9.897964596748352051e-01 4.081934690475463867e-01
-2.523551464080810547e+00 -2.189104318618774414e+00 3.077710151672363281e+00 6.277590990066528320e-02 -1.415327340364456177e-01 -2.190853469073772430e-02 -9.896911382675170898e-01 3.960540294647216797e-01
-2.582873582839965820e+00 -2.189594268798828125e+00 2.685405969619750977e+00 6.220011785626411438e-02 -3.820152208209037781e-02 -5.583282932639122009e-02 -9.977090358734130859e-01 1.981249898672103882e-01
-2.556556701660156250e+00 -2.308395147323608398e+00 2.262065172195434570e+00 5.998929962515830994e-02 9.667112827301025391e-01 -1.419122815132141113e-01 2.129088342189788818e-01 5.575227141380310059e-01
-2.069448471069335938e+00 -2.269622325897216797e+00 2.342124938964843750e+00 6.153716519474983215e-02 5.920871496200561523e-01 4.740413427352905273e-01 6.517035961151123047e-01 1.182338148355484009e-01
-2.012501478195190430e+00 -2.240552902221679688e+00 2.422354698181152344e+00 5.004392564296722412e-02 5.031139254570007324e-01 -1.431686729192733765e-01 8.522787690162658691e-01 2.756172120571136475e-01
-1.867601513862609863e+00 -2.277448177337646484e+00 2.651709794998168945e+00 5.004392564296722412e-02 6.740622520446777344e-01 -4.317391663789749146e-02 7.374117374420166016e-01 1.578853577375411987e-01
-1.768942952156066895e+00 -2.281068801879882812e+00 2.780541658401489258e+00 5.004392564296722412e-02 8.550506830215454102e-01 1.427648663520812988e-01 4.985042512416839600e-01 2.675796151161193848e-01
-1.531794667243957520e+00 -2.245575904846191406e+00 2.901569843292236328e+00 5.004392564296722412e-02 8.139963150024414062e-01 -1.004081591963768005e-01 5.721260905265808105e-01 1.111340448260307312e-01
-1.445380091667175293e+00 -2.268805742263793945e+00 2.972510576248168945e+00 5.988480150699615479e-02 8.518975377082824707e-01 3.290972113609313965e-02 5.226734280586242676e-01 1.442370712757110596e-01
-1.314661979675292969e+00 -2.242006778717041016e+00 3.021771192550659180e+00 5.004392564296722412e-02 7.436233162879943848e-01 3.840160965919494629e-01 5.473170876502990723e-01 1.476769447326660156e-01
-1.220643877983093262e+00 -2.144435405731201172e+00 3.162220001220703125e+00 6.138896569609642029e-02 9.742649197578430176e-01 5.939891934394836426e-02 2.174388617277145386e-01 3.081230819225311279e-01
-9.203783869743347168e-01 -2.109968423843383789e+00 3.237683773040771484e+00 6.168709695339202881e-02 8.765921592712402344e-01 2.201989144086837769e-01 -4.279001951217651367e-01 1.471218168735504150e-01
-7.870737910270690918e-01 -2.092222213745117188e+00 3.154840946197509766e+00 5.427983403205871582e-02 9.614281058311462402e-01 2.749620378017425537e-01 7.204934954643249512e-03 1.765486449003219604e-01
-5.572051405906677246e-01 -2.124178886413574219e+00 3.131808757781982422e+00 6.223992258310317993e-02 8.131844401359558105e-01 5.495229363441467285e-01 1.917174160480499268e-01 4.418449103832244873e-01
-1.921106874942779541e-01 -1.878048419952392578e+00 3.225257158279418945e+00 5.004392564296722412e-02 8.058007359504699707e-01 1.201000660657882690e-01 -5.798802971839904785e-01 1.061531454324722290e-01
-4.482029378414154053e-02 -1.757549166679382324e+00 3.133397817611694336e+00 5.940151214599609375e-02 4.335241019725799561e-01 4.973652306944131851e-03 9.011282324790954590e-01 4.532745480537414551e-01
1.431586742401123047e-01 -1.818451523780822754e+00 3.484227418899536133e+00 5.004392564296722412e-02 3.629816174507141113e-01 -6.543341875076293945e-01 6.633936166763305664e-01 6.780936568975448608e-02
1.865667849779129028e-01 -1.902619957923889160e+00 3.536477088928222656e+00 5.937764793634414673e-02 8.817810416221618652e-01 3.610017001628875732e-01 -3.035456836223602295e-01 1.387284398078918457e-01
2.951106131076812744e-01 -1.879533767700195312e+00 3.456230878829956055e+00 5.908705666661262512e-02 7.735632658004760742e-01 3.506855666637420654e-01 -5.278442502021789551e-01 2.229308187961578369e-01
4.871062040328979492e-01 -1.767697930335998535e+00 3.377101421356201172e+00 5.878041312098503113e-02 7.442530989646911621e-01 2.682650089263916016e-01 -6.116545200347900391e-01 2.354514449834823608e-01
7.411388158798217773e-01 -1.862587690353393555e+00 3.202061176300048828e+00 5.830384418368339539e-02 8.953424096107482910e-01 4.453479051589965820e-01 5.214112810790538788e-03 8.597117662429809570e-01
1.409526467323303223e+00 -1.589771032333374023e+00 3.235121250152587891e+00 5.899643152952194214e-02 7.128428220748901367e-01 -5.403711795806884766e-01 4.470503926277160645e-01 5.469324067234992981e-02
1.470186114311218262e+00 -1.611498832702636719e+00 3.250420093536376953e+00 5.970181152224540710e-02 -1.901609301567077637e-01 -4.768915176391601562e-01 -8.581452369689941406e-01 2.683323621749877930e-01
-2.632001876831054688e+00 -2.220332860946655273e+00 3.048908948898315430e+00 5.525817722082138062e-02 -3.582751750946044922e-01 -9.290405511856079102e-01 -9.231744706630706787e-02 5.379298329353332520e-01
-2.809432983398437500e+00 -2.738259315490722656e+00 2.987941026687622070e+00 4.982835799455642700e-02 -6.956452131271362305e-01 -1.481714099645614624e-01 -7.029387950897216797e-01 2.334727346897125244e-01
-2.991796493530273438e+00 -2.754932403564453125e+00 2.814977407455444336e+00 5.679357051849365234e-02 -2.110300958156585693e-01 -6.114043593406677246e-01 -7.626604437828063965e-01 9.122109413146972656e-02
-3.109722375869750977e+00 -2.933854103088378906e+00 2.705680608749389648e+00 5.523408949375152588e-02 6.230561733245849609e-01 -2.614272236824035645e-01 -7.371952533721923828e-01 2.738829553127288818e-01
-2.930368185043334961e+00 -3.053086996078491211e+00 2.498754501342773438e+00 4.070540145039558411e-02 -8.450816273689270020e-01 -9.914512932300567627e-02 -5.253639221191406250e-01 2.804130911827087402e-01
-3.178111076354980469e+00 -3.056070804595947266e+00 2.277859687805175781e+00 5.318535864353179932e-02 -9.580767750740051270e-01 -2.829870879650115967e-01 4.480177536606788635e-02 2.254740148782730103e-01
-3.395428419113159180e+00 -3.113964319229125977e+00 2.284457445144653320e+00 3.909542784094810486e-02 -9.359394907951354980e-01 3.532998263835906982e-03 3.521431088447570801e-01 1.812169402837753296e-01
-3.580414772033691406e+00 -3.093534946441650391e+00 2.353081703186035156e+00 5.100337415933609009e-02 -7.962067127227783203e-01 -6.002060770988464355e-01 -7.620727270841598511e-02 1.518022269010543823e-01
-3.718050718307495117e+00 -3.187252998352050781e+00 2.277994394302368164e+00 5.255189165472984314e-02 -7.576518058776855469e-01 -6.125897765159606934e-01 2.251610457897186279e-01 6.185885667800903320e-01
-4.205880165100097656e+00 -3.568631887435913086e+00 2.399924278259277344e+00 5.090787634253501892e-02 -5.917910933494567871e-01 -3.862409591674804688e-01 7.075318098068237305e-01 1.440633982419967651e-01
-4.289320945739746094e+00 -3.568917274475097656e+00 2.532616376876831055e+00 4.912763461470603943e-02 -1.154967322945594788e-01 -4.795970916748046875e-01 8.698546886444091797e-01 2.280527353286743164e-01
-4.377562999725341797e+00 -3.793946027755737305e+00 2.712161540985107422e+00 4.763279482722282410e-02 -2.718965411186218262e-01 -1.111776381731033325e-02 9.622622728347778320e-01 4.714241623878479004e-01
-4.351144790649414062e+00 -3.620971441268920898e+00 3.441476821899414062e+00 4.631316661834716797e-02 -1.969996243715286255e-01 -7.692819237709045410e-01 6.077799201011657715e-01 2.667342722415924072e-01
-4.469410896301269531e+00 -3.788458108901977539e+00 3.566073417663574219e+00 5.166818201541900635e-02 -6.271611452102661133e-01 -4.933797717094421387e-01 6.026983261108398438e-01 5.580523610115051270e-01
-4.877110958099365234e+00 -4.080653190612792969e+00 3.876973152160644531e+00 4.995440319180488586e-02 -7.794498652219772339e-02 -7.403750419616699219e-01 6.676596403121948242e-01 3.569703102111816406e-01
-4.929359912872314453e+00 -4.348944187164306641e+00 4.122639656066894531e+00 4.284090176224708557e-02 3.184073269367218018e-01 -6.015465855598449707e-01 7.326380610466003418e-01 3.300762474536895752e-01
-3.240845203399658203e+00 -2.733976840972900391e+00 3.093845129013061523e+00 6.169219687581062317e-02 7.751567363739013672e-01 -6.274854540824890137e-01 -7.344401627779006958e-02 4.676935374736785889e-01
-3.379319190979003906e+00 -2.991278648376464844e+00 2.907538175582885742e+00 6.131615117192268372e-02 -2.881748974323272705e-01 2.941795997321605682e-02 9.571257829666137695e-01 4.459266364574432373e-01
-3.569936990737915039e+00 -3.134751558303833008e+00 3.205400943756103516e+00 6.093537807464599609e-02 -6.431154906749725342e-02 -6.190297603607177734e-01 7.827299237251281738e-01 2.616198658943176270e-01
-3.566246509552001953e+00 -3.322246074676513672e+00 3.403982639312744141e+00 6.075080111622810364e-02 -2.053207457065582275e-01 -3.833293616771697998e-01 9.005009531974792480e-01 1.002010330557823181e-01
-3.656851768493652344e+00 -3.326555490493774414e+00 3.516610860824584961e+00 6.044116988778114319e-02 2.193339318037033081e-01 -1.794264614582061768e-01 9.590092897415161133e-01 2.218762934207916260e-01
-3.658709764480590820e+00 -3.515321254730224609e+00 3.895386457443237305e+00 5.958418548107147217e-02 7.040117383003234863e-01 4.085619449615478516e-01 5.808997750282287598e-01 3.908317089080810547e-01
-3.409811019897460938e+00 -3.316238880157470703e+00 4.153613090515136719e+00 5.839137360453605652e-02 5.779896378517150879e-01 -2.338404059410095215e-01 7.818226814270019531e-01 5.067741870880126953e-01
-3.186538696289062500e+00 -3.394022703170776367e+00 4.621231079101562500e+00 5.796128138899803162e-02 4.274589717388153076e-01 -5.401996374130249023e-01 7.248884439468383789e-01 9.564389288425445557e-02
-3.066480398178100586e+00 -3.550688982009887695e+00 4.678527832031250000e+00 5.714885145425796509e-02 4.993752539157867432e-01 2.826859652996063232e-01 8.189706802368164062e-01 1.208008602261543274e-01
-3.063495159149169922e+00 -3.485401153564453125e+00 4.850937843322753906e+00 4.116069152951240540e-02 7.912029623985290527e-01 4.293834269046783447e-01 4.354627430438995361e-01 2.889189720153808594e-01
-2.750426769256591797e+00 -3.369110822677612305e+00 4.868627071380615234e+00 5.311358720064163208e-02 7.599629163742065430e-01 3.095794022083282471e-01 5.715041160583496094e-01 5.064226984977722168e-01
-2.235634088516235352e+00 -3.304739475250244141e+00 5.170831680297851562e+00 5.120694637298583984e-02 4.544025361537933350e-01 7.128185629844665527e-01 5.342358946800231934e-01 3.696279823780059814e-01
-2.079520702362060547e+00 -2.972903013229370117e+00 5.352602005004882812e+00 4.946554824709892273e-02 1.940582245588302612e-01 2.513886392116546631e-01 9.482326507568359375e-01 3.242095410823822021e-01
-1.937171220779418945e+00 -2.824485540390014648e+00 5.656012535095214844e+00 4.981454834342002869e-02 1.112372130155563354e-01 -7.257073372602462769e-02 9.911406636238098145e-01 2.087480276823043823e-01
-2.044277906417846680e+00 -2.634101867675781250e+00 5.948203086853027344e+00 4.170607030391693115e-02 4.004059433937072754e-01 -1.229297071695327759e-01 9.080547094345092773e-01 1.436746358871459961e+00
-1.506954431533813477e+00 -2.858114719390869141e+00 7.051929950714111328e+00 4.429151117801666260e-02 2.068916112184524536e-01 -9.602439999580383301e-01 1.874229907989501953e-01 3.971215784549713135e-01
-1.481502056121826172e+00 -3.236740350723266602e+00 7.099617004394531250e+00 4.250917956233024597e-02 -1.951737552881240845e-01 -9.270972609519958496e-01 3.199966549873352051e-01 2.983443140983581543e-01
-1.549350738525390625e+00 -3.510339021682739258e+00 7.194311141967773438e+00 2.853663265705108643e-02 -3.019683659076690674e-01 -8.674548864364624023e-01 3.953948915004730225e-01 2.792463898658752441e-01
-1.606429696083068848e+00 -3.754655599594116211e+00 7.303446769714355469e+00 2.022023685276508331e-02 -5.134099349379539490e-02 -9.157873392105102539e-01 3.983687460422515869e-01 6.618563532829284668e-01
-3.389003038406372070e+00 -2.541895389556884766e+00 3.039648771286010742e+00 3.293613716959953308e-02 -6.237869262695312500e-01 7.809562683105468750e-01 3.157781437039375305e-02 3.007440641522407532e-02
-3.473551511764526367e+00 -2.355291366577148438e+00 3.149162054061889648e+00 4.674835596233606339e-03 7.119885683059692383e-01 5.648226737976074219e-01 -4.171901941299438477e-01 4.842334389686584473e-01
-3.106681823730468750e+00 -2.107661008834838867e+00 3.019544601440429688e+00 1.018874440342187881e-02 1.691370308399200439e-01 9.433318972587585449e-01 2.855128347873687744e-01 2.027242183685302734e-01
-3.300243616104125977e+00 -2.342678785324096680e+00 3.576609849929809570e+00 2.697686851024627686e-02 -8.482111096382141113e-01 -2.184046208858489990e-01 -4.825321733951568604e-01 8.738343417644500732e-02
-3.417397499084472656e+00 -2.343227148056030273e+00 3.657962083816528320e+00 1.681224256753921509e-02 3.201403021812438965e-01 -9.141365885734558105e-01 2.487258166074752808e-01 1.497495025396347046e-01
-3.451898336410522461e+00 -2.596554756164550781e+00 3.729582786560058594e+00 5.040466785430908203e-03 6.652762889862060547e-01 -6.015785336494445801e-01 -4.421659111976623535e-01 2.793222665786743164e-01
-3.638749837875366211e+00 -2.020457744598388672e+00 3.852040767669677734e+00 2.864880487322807312e-02 -2.265953868627548218e-01 -4.455667436122894287e-01 -8.660974502563476562e-01 3.132398724555969238e-01
-3.693922758102416992e+00 -2.171838045120239258e+00 3.597781181335449219e+00 2.864880487322807312e-02 -1.211750432848930359e-01 -8.648620247840881348e-01 -4.871655404567718506e-01 2.608272433280944824e-01
-3.656371593475341797e+00 -2.443634510040283203e+00 3.423888683319091797e+00 3.000277793034911156e-03 -6.559984087944030762e-01 -2.659287154674530029e-01 -7.063624858856201172e-01 4.107020199298858643e-01
-3.505308866500854492e+00 -2.069451093673706055e+00 4.040198802947998047e+00 3.811538591980934143e-02 -1.249973848462104797e-02 4.741260409355163574e-02 9.987971782684326172e-01 2.568731904029846191e-01
-3.508519649505615234e+00 -2.057272195816040039e+00 4.296762943267822266e+00 3.811538591980934143e-02 -1.852788180112838745e-01 -1.245394721627235413e-01 9.747623801231384277e-01 1.294844746589660645e-01
-3.533339500427246094e+00 -2.066944837570190430e+00 4.424803256988525391e+00 4.720824584364891052e-02 -5.735215172171592712e-02 -2.783320546150207520e-01 9.587711095809936523e-01 1.379992067813873291e-01
-3.553463697433471680e+00 -2.134156227111816406e+00 4.587796211242675781e+00 4.871645569801330566e-02 -5.892530679702758789e-01 6.927461624145507812e-01 4.157927334308624268e-01 6.517788767814636230e-02
-3.586733341217041016e+00 -2.104604244232177734e+00 4.640638828277587891e+00 4.318790882825851440e-02 -7.289135456085205078e-01 5.112773180007934570e-01 4.552807211875915527e-01 4.241779744625091553e-01
-3.942350864410400391e+00 -1.882054686546325684e+00 4.836534500122070312e+00 4.872468858957290649e-02 1.112664043903350830e-01 4.861910045146942139e-01 8.667399287223815918e-01 3.751932382583618164e-01
-3.875119924545288086e+00 -1.679296135902404785e+00 5.155734062194824219e+00 4.893166944384574890e-02 2.074770033359527588e-01 2.825661748647689819e-02 9.778317213058471680e-01 1.600564867258071899e-01
-3.871066808700561523e+00 -1.684653878211975098e+00 5.421289920806884766e+00 4.737914726138114929e-02 -7.983612418174743652e-01 5.802924036979675293e-01 -1.608727276325225830e-01 4.390109479427337646e-01
-4.235369205474853516e+00 -1.523134231567382812e+00 5.410796165466308594e+00 4.702877625823020935e-02 -9.187728166580200195e-01 3.009264171123504639e-01 2.555382251739501953e-01 2.323629707098007202e-01
-4.472392559051513672e+00 -1.441881299018859863e+00 5.412279605865478516e+00 4.715665429830551147e-02 -7.216569185256958008e-01 5.625393390655517578e-01 4.034362137317657471e-01 1.234289035201072693e-01
-4.570067405700683594e+00 -1.370948314666748047e+00 5.462897300720214844e+00 4.447384923696517944e-02 1.878793090581893921e-01 9.572320580482482910e-01 2.200185060501098633e-01 8.216318488121032715e-02
-4.531135082244873047e+00 -1.306235909461975098e+00 5.548497200012207031e+00 4.709687456488609314e-02 9.623320400714874268e-02 9.809110760688781738e-01 1.689753085374832153e-01 3.171188533306121826e-01
-4.560241222381591797e+00 -9.620676040649414062e-01 5.649951457977294922e+00 4.620853066444396973e-02 5.259652137756347656e-01 8.477108478546142578e-01 6.889794766902923584e-02 2.011459469795227051e-01
-4.601702213287353516e+00 -6.776586174964904785e-01 5.780207633972167969e+00 4.626570269465446472e-02 4.805493354797363281e-01 8.483590483665466309e-01 -2.221693694591522217e-01 2.025966942310333252e-01
-4.432125091552734375e+00 -4.932534694671630859e-01 5.790083408355712891e+00 4.421102628111839294e-02 3.975387811660766602e-01 6.301930546760559082e-01 -6.669480204582214355e-01 3.846052885055541992e-01
-4.412997722625732422e+00 -2.654682099819183350e-01 5.521060466766357422e+00 3.120099194347858429e-02 3.187583014369010925e-02 4.659751355648040771e-01 -8.842234611511230469e-01 2.081306427717208862e-01
-4.394712448120117188e+00 -1.766542196273803711e-01 5.359351158142089844e+00 3.069617971777915955e-02 -5.025956630706787109e-01 6.935606002807617188e-01 5.161116719245910645e-01 6.078124418854713440e-02
-4.422008514404296875e+00 -1.376732885837554932e-01 5.400782585144042969e+00 3.069686330854892731e-02 -5.931369662284851074e-01 6.927009224891662598e-01 4.103095829486846924e-01 4.689488410949707031e-01
-4.693362712860107422e+00 1.900803297758102417e-01 5.595072746276855469e+00 2.880972065031528473e-02 -4.541418254375457764e-01 7.500143051147460938e-01 4.808676540851593018e-01 9.271916002035140991e-02
-4.834424972534179688e+00 2.483701556921005249e-01 5.688081741333007812e+00 4.358724877238273621e-02 -5.852881819009780884e-02 9.921061396598815918e-01 1.109046563506126404e-01 3.742589354515075684e-01
-4.857911109924316406e+00 6.303904652595520020e-01 5.710172176361083984e+00 4.521601647138595581e-02 -4.674846827983856201e-01 7.573018074035644531e-01 4.560175538063049316e-01 1.603891849517822266e-01
-4.853909492492675781e+00 7.503781318664550781e-01 5.838578224182128906e+00 3.700280562043190002e-02 -3.383763730525970459e-01 7.941653728485107422e-01 5.047799348831176758e-01 1.955779194831848145e-01
-4.912738800048828125e+00 9.076771736145019531e-01 5.935137271881103516e+00 2.924936451017856598e-02 5.251887487247586250e-04 7.374065518379211426e-01 6.754489541053771973e-01 1.963971406221389771e-01
-3.505382299423217773e+00 -2.062023401260375977e+00 3.765270471572875977e+00 5.217066779732704163e-02 -3.222757205367088318e-02 7.094699144363403320e-02 -9.969593286514282227e-01 1.947229802608489990e-01
-3.517896890640258789e+00 -2.055451393127441406e+00 3.572571277618408203e+00 5.063131079077720642e-02 -3.686882182955741882e-02 -1.631099581718444824e-01 -9.859187602996826172e-01 1.062710881233215332e-01
-3.533629894256591797e+00 -2.073463678359985352e+00 3.468772649765014648e+00 5.615678429603576660e-02 -8.222819864749908447e-02 -1.961658708751201630e-03 -9.966115951538085938e-01 1.960791796445846558e-01
-3.562841892242431641e+00 -2.050036191940307617e+00 3.284462213516235352e+00 5.532778799533843994e-02 -2.775354087352752686e-01 2.765055596828460693e-01 -9.200645685195922852e-01 9.470795094966888428e-02
-3.627696752548217773e+00 -2.021277189254760742e+00 3.221155405044555664e+00 5.063131079077720642e-02 -5.209813117980957031e-01 -2.495041042566299438e-01 -8.162880539894104004e-01 4.276470541954040527e-01
-3.610143661499023438e+00 -2.262693881988525391e+00 4.470278263092041016e+00 2.207232639193534851e-02 -2.479848712682723999e-01 -3.122133910655975342e-01 9.170748591423034668e-01 3.736146688461303711e-01
-3.678843736648559570e+00 -2.432278871536254883e+00 4.875467300415039062e+00 1.072084438055753708e-02 -6.426023244857788086e-01 -6.883604526519775391e-01 -3.364849090576171875e-01 2.452720850706100464e-01
-3.908370971679687500e+00 -2.622884273529052734e+00 4.797655105590820312e+00 2.499999944120645523e-03 1.067683752626180649e-02 -2.453614771366119385e-01 -9.693728685379028320e-01 4.367837607860565186e-01
-3.533399343490600586e+00 -2.207132816314697266e+00 4.331442832946777344e+00 1.959295943379402161e-02 9.415447711944580078e-01 3.203659057617187500e-01 -1.042069047689437866e-01 1.755227148532867432e-01
-3.386132001876831055e+00 -2.143619298934936523e+00 4.349940299987792969e+00 1.959295943379402161e-02 -3.607740402221679688e-01 -9.326177835464477539e-01 8.130470290780067444e-03 1.319505423307418823e-01
-3.424299955368041992e+00 -2.302672147750854492e+00 4.372915267944335938e+00 2.660086378455162048e-02 -5.176920816302299500e-02 -5.290003418922424316e-01 -8.470410704612731934e-01 4.060951769351959229e-01
-4.663949012756347656e+00 -2.890166521072387695e+00 6.165194511413574219e+00 3.826866298913955688e-02 3.194200098514556885e-01 -4.855631589889526367e-01 -8.137562870979309082e-01 5.332905799150466919e-02
-4.646314144134521484e+00 -2.879672050476074219e+00 6.098973274230957031e+00 3.826866298913955688e-02 1.262398362159729004e-01 -5.286013484001159668e-01 -8.394308090209960938e-01 1.897009462118148804e-01
-4.453428268432617188e+00 -3.194416046142578125e+00 6.009078979492187500e+00 3.826866298913955688e-02 -4.771179854869842529e-01 -5.872426033020019531e-01 -6.538383364677429199e-01 8.483501076698303223e-01
-4.211446762084960938e+00 -2.495745420455932617e+00 5.473620414733886719e+00 1.851735450327396393e-02 4.021478593349456787e-01 6.282611489295959473e-01 6.660067439079284668e-01 1.921458840370178223e-01
-4.134175300598144531e+00 -2.375027656555175781e+00 5.601591110229492188e+00 1.851735450327396393e-02 6.803896427154541016e-01 8.736837655305862427e-02 7.276239991188049316e-01 3.026711754500865936e-02
-4.052607536315917969e+00 -2.352676153182983398e+00 5.593355655670166016e+00 2.493265829980373383e-02 4.514394998550415039e-01 -2.737345732748508453e-02 8.918817639350891113e-01 2.799005508422851562e-01
-3.878509759902954102e+00 -2.395897388458251953e+00 5.583575248718261719e+00 2.555891871452331543e-02 3.035104870796203613e-01 -9.348927736282348633e-01 1.840022504329681396e-01 8.361731171607971191e-01
-3.697574853897094727e+00 -3.133872032165527344e+00 5.761040210723876953e+00 2.522106468677520752e-02 2.432356961071491241e-02 -4.429994225502014160e-01 8.961918950080871582e-01 2.622770071029663086e-01
-4.700559139251708984e+00 -2.761803388595581055e+00 6.096585750579833984e+00 1.813360303640365601e-02 -3.763128817081451416e-01 2.704237401485443115e-01 8.861487507820129395e-01 1.577261388301849365e-01
-4.805633068084716797e+00 -2.796230554580688477e+00 6.313482761383056641e+00 1.813360303640365601e-02 7.980560660362243652e-01 1.179375797510147095e-01 5.909290909767150879e-01 8.290759325027465820e-01
-4.756274700164794922e+00 -3.165771245956420898e+00 6.442761898040771484e+00 8.848521858453750610e-03 2.822697460651397705e-01 -9.593331813812255859e-01 -1.906039891764521599e-03 1.281912773847579956e-01
-4.713474273681640625e+00 -3.295286417007446289e+00 6.467904567718505859e+00 8.848521858453750610e-03 -2.594446837902069092e-01 -9.494267106056213379e-01 -1.768539547920227051e-01 3.607151210308074951e-01
-4.895506858825683594e+00 -3.369376897811889648e+00 7.161287307739257812e+00 2.499999944120645523e-03 -2.625328898429870605e-01 -9.552952051162719727e-01 -1.359688490629196167e-01 2.030036002397537231e-01
-4.936508655548095703e+00 -3.487203836441040039e+00 7.132088184356689453e+00 2.499999944120645523e-03 9.797477722167968750e-01 -1.607709676027297974e-01 -1.193609684705734253e-01 4.346105158329010010e-01
-2.245344638824462891e+00 -1.833020567893981934e+00 1.091183781623840332e+00 4.921739175915718079e-02 -1.738420277833938599e-01 -8.012978434562683105e-01 -5.724515318870544434e-01 2.400746196508407593e-01
-2.101316452026367188e+00 -1.887499570846557617e+00 1.130114436149597168e+00 4.856802895665168762e-02 5.428012013435363770e-01 -3.378591686487197876e-02 -8.391813635826110840e-01 3.306607902050018311e-01
-2.117356300354003906e+00 -2.168091535568237305e+00 1.067722797393798828e+00 3.197488933801651001e-02 7.704216241836547852e-02 -1.569209694862365723e-01 -9.846016168594360352e-01 3.129123151302337646e-01
-2.128565073013305664e+00 -2.070241689682006836e+00 1.065842747688293457e+00 2.536867000162601471e-02 -5.395756289362907410e-02 -1.983308792114257812e-01 -9.786487817764282227e-01 2.661892175674438477e-01
-2.142928123474121094e+00 -2.123035430908203125e+00 8.053370118141174316e-01 2.536867000162601471e-02 -5.167974233627319336e-01 6.875038892030715942e-02 8.533427119255065918e-01 2.084946334362030029e-01
-2.644637584686279297e+00 -9.727572202682495117e-01 9.198453426361083984e-01 3.052465617656707764e-02 -4.411077201366424561e-01 -3.275934159755706787e-01 8.355277180671691895e-01 2.030756622552871704e-01
-2.735442399978637695e+00 -1.049134373664855957e+00 1.090472221374511719e+00 3.013063780963420868e-02 1.552547365427017212e-01 7.580383867025375366e-02 9.849618077278137207e-01 1.800758689641952515e-01
-2.709463596343994141e+00 -1.053047060966491699e+00 1.273142457008361816e+00 4.474064335227012634e-02 3.695362806320190430e-01 2.301554083824157715e-01 9.002618789672851562e-01 1.384477615356445312e-01
-2.625258684158325195e+00 -9.849418401718139648e-01 1.396021842956542969e+00 5.356436222791671753e-02 9.703471511602401733e-02 -4.018386453390121460e-02 9.944694638252258301e-01 1.819689273834228516e-01
-2.581149578094482422e+00 -8.797844648361206055e-01 1.636752128601074219e+00 4.699852317571640015e-02 -3.116973340511322021e-01 -3.876877129077911377e-01 8.674923777580261230e-01 3.023771047592163086e-01
-3.664113998413085938e+00 -6.380783915519714355e-01 1.627008199691772461e+00 6.163743510842323303e-02 4.170684218406677246e-01 -9.024900794029235840e-01 -1.075436174869537354e-01 9.776046872138977051e-01
-3.219282865524291992e+00 -1.467269778251647949e+00 1.516105532646179199e+00 2.029209025204181671e-02 4.085156321525573730e-02 7.965420186519622803e-02 9.959850907325744629e-01 2.009216994047164917e-01
-3.232275009155273438e+00 -1.430119991302490234e+00 1.714649200439453125e+00 2.860264293849468231e-02 1.377800107002258301e-01 2.100633531808853149e-01 9.679307937622070312e-01 1.852363049983978271e-01
-3.157998323440551758e+00 -1.493191003799438477e+00 1.998223900794982910e+00 6.163743510842323303e-02 6.880666017532348633e-01 6.528530716896057129e-01 3.167762160301208496e-01 3.440287411212921143e-01
-4.024272441864013672e+00 1.583888083696365356e-01 1.884276986122131348e+00 2.252328582108020782e-02 -8.031531572341918945e-01 5.251619219779968262e-01 2.813360691070556641e-01 3.564351797103881836e-01
-3.535344600677490234e+00 -6.918579339981079102e-01 1.663583397865295410e+00 7.190650701522827148e-02 8.366940617561340332e-01 5.053766965866088867e-01 -2.110390365123748779e-01 1.220409572124481201e-01
-3.432000398635864258e+00 -6.318187117576599121e-01 1.637802839279174805e+00 7.190650701522827148e-02 2.814330160617828369e-01 2.262744158506393433e-01 -9.325209856033325195e-01 2.944102883338928223e-01
-3.363038539886474609e+00 -5.633336901664733887e-01 1.350437760353088379e+00 7.190650701522827148e-02 6.787605881690979004e-01 8.812742307782173157e-03 -7.343067526817321777e-01 1.413620561361312866e-01
-3.755177497863769531e+00 -2.872852683067321777e-01 1.695539951324462891e+00 6.163743510842323303e-02 9.642482995986938477e-01 1.856236308813095093e-01 -1.891271770000457764e-01 8.115644752979278564e-02
-3.693406820297241211e+00 -3.128192722797393799e-01 1.697171211242675781e+00 6.163743510842323303e-02 7.726193666458129883e-01 -4.897217079997062683e-02 6.329779028892517090e-01 1.441482454538345337e-01
-3.561535120010375977e+00 -3.118676841259002686e-01 1.742840647697448730e+00 3.727462515234947205e-02 9.079624414443969727e-01 4.601728543639183044e-02 4.165171980857849121e-01 4.098217189311981201e-01
-3.174689054489135742e+00 -2.964579463005065918e-01 1.952530026435852051e+00 3.576629608869552612e-02 8.914989233016967773e-01 3.325163722038269043e-01 -3.076727390289306641e-01 1.640183776617050171e-01
-4.073798179626464844e+00 5.146766826510429382e-02 1.860614180564880371e+00 7.541942410171031952e-03 -7.167196273803710938e-01 -5.776281356811523438e-01 3.907156288623809814e-01 2.739825546741485596e-01
-4.244177341461181641e+00 -7.937692105770111084e-02 1.998824596405029297e+00 7.541942410171031952e-03 2.283761203289031982e-01 -8.174816966056823730e-01 5.287418961524963379e-01 3.115209043025970459e-01
-3.973930597305297852e+00 9.645089507102966309e-01 2.232870578765869141e+00 7.405813038349151611e-02 4.453266859054565430e-01 5.511191487312316895e-01 -7.056570053100585938e-01 7.503064870834350586e-01
-3.733440637588500977e+00 1.412569522857666016e+00 1.761078476905822754e+00 7.192078232765197754e-02 -6.195456907153129578e-02 8.085984587669372559e-01 -5.850898623466491699e-01 2.906977534294128418e-01
-3.770505189895629883e+00 1.658531665802001953e+00 1.589756369590759277e+00 6.802129745483398438e-02 -1.269738525152206421e-01 -1.099727302789688110e-01 9.857908487319946289e-01 4.231228828430175781e-01
-3.821974515914916992e+00 1.593186378479003906e+00 1.964925408363342285e+00 6.332663446664810181e-02 -3.958510607481002808e-02 -9.124913811683654785e-01 4.071761965751647949e-01 2.176173925399780273e-01
-3.838845491409301758e+00 1.414279580116271973e+00 2.014462232589721680e+00 6.365928798913955688e-02 -3.154152929782867432e-01 -8.727252483367919922e-01 -3.726443648338317871e-01 1.511755734682083130e-01
-3.893954038619995117e+00 9.665066003799438477e-01 2.191128253936767578e+00 2.305839210748672485e-02 -8.788219690322875977e-01 3.806949853897094727e-01 -2.876513302326202393e-01 4.943114221096038818e-01
-4.319681167602539062e+00 1.130756139755249023e+00 2.010883331298828125e+00 3.699195384979248047e-02 -9.115683436393737793e-01 2.207572758197784424e-01 -3.468564450740814209e-01 5.505598783493041992e-01
-4.881600856781005859e+00 1.227265954017639160e+00 1.797428727149963379e+00 2.437961101531982422e-02 -2.167279571294784546e-01 -3.113920986652374268e-01 9.252372384071350098e-01 1.174778044223785400e-01
-4.038495540618896484e+00 7.644492387771606445e-01 2.559109926223754883e+00 4.811197519302368164e-02 -9.937565922737121582e-01 -5.210956186056137085e-02 9.865330159664154053e-02 8.199592679738998413e-02
-4.119979858398437500e+00 7.601764798164367676e-01 2.567199230194091797e+00 4.811197519302368164e-02 -7.278999090194702148e-01 6.015995740890502930e-01 3.289979398250579834e-01 8.396630734205245972e-02
-4.149038314819335938e+00 9.250224232673645020e-01 2.575287818908691406e+00 6.858710199594497681e-02 -9.359691739082336426e-01 2.952386736869812012e-01 1.918224543333053589e-01 4.384905397891998291e-01
-4.585516929626464844e+00 1.120124459266662598e+00 2.600031852722167969e+00 6.880781799554824829e-02 -3.888018429279327393e-01 5.282849669456481934e-01 7.548165917396545410e-01 6.945962905883789062e-01
-4.827474117279052734e+00 1.384271144866943359e+00 3.137407064437866211e+00 6.639965623617172241e-02 -2.814131975173950195e-01 4.505216330289840698e-02 9.585285186767578125e-01 2.469119280576705933e-01
-4.868319511413574219e+00 1.375223636627197266e+00 3.317001581192016602e+00 6.772360205650329590e-02 4.561810567975044250e-02 -9.344612956047058105e-01 3.531303703784942627e-01 2.376314848661422729e-01
-3.923703670501708984e+00 6.681300997734069824e-01 2.975975275039672852e+00 3.646669909358024597e-02 -1.665471941232681274e-01 2.997317612171173096e-01 9.393736720085144043e-01 1.188671737909317017e-01
-3.904202461242675781e+00 7.463497519493103027e-01 3.115352153778076172e+00 3.646669909358024597e-02 -3.135372102260589600e-01 -2.975255846977233887e-01 9.017610549926757812e-01 2.034305334091186523e-01
-4.117759704589843750e+00 7.050357460975646973e-01 3.359411239624023438e+00 3.646669909358024597e-02 1.791518777608871460e-01 -7.196854352951049805e-01 6.707886457443237305e-01 2.522706389427185059e-01
-3.523154973983764648e+00 6.855423450469970703e-01 3.752038955688476562e+00 5.515425279736518860e-02 -1.994547434151172638e-02 2.470376044511795044e-01 9.688006043434143066e-01 1.900349110364913940e-01
-3.564218997955322266e+00 6.731262207031250000e-01 3.967462539672851562e+00 5.693230777978897095e-02 5.719392299652099609e-01 7.197266072034835815e-02 8.171324729919433594e-01 2.283588498830795288e-01
-3.404537200927734375e+00 8.335214853286743164e-01 4.221490859985351562e+00 3.530672937631607056e-02 3.278748095035552979e-01 -4.542141854763031006e-01 8.283644318580627441e-01 2.429755479097366333e-01
-3.352289676666259766e+00 6.929828524589538574e-01 4.337295055389404297e+00 3.771179541945457458e-02 -4.356813728809356689e-01 -7.957298159599304199e-01 4.207086861133575439e-01 4.685467779636383057e-01
-3.567081212997436523e+00 3.429033756256103516e-01 4.546304702758789062e+00 3.099346533417701721e-02 -5.733239054679870605e-01 -5.738964080810546875e-01 5.847586393356323242e-01 1.773189902305603027e-01
-3.536250114440917969e+00 5.608319044113159180e-01 3.639899492263793945e+00 1.359765697270631790e-02 -6.958109140396118164e-01 -8.860500901937484741e-02 -7.127385735511779785e-01 4.848465621471405029e-01
-3.831877946853637695e+00 4.860690534114837646e-01 3.260264158248901367e+00 4.815113730728626251e-03 -6.031722426414489746e-01 -7.975907921791076660e-01 5.671716295182704926e-03 4.256339967250823975e-01
-4.160889625549316406e+00 -3.649295866489410400e-02 3.132028102874755859e+00 1.300803851336240768e-02 -2.359902709722518921e-01 -5.010195970535278320e-01 8.326391577720642090e-01 2.138618081808090210e-01
-3.694693565368652344e+00 4.929651021957397461e-01 3.272439241409301758e+00 7.037507835775613785e-03 7.517200112342834473e-01 -6.557537913322448730e-01 7.002854347229003906e-02 1.227402314543724060e-01
-3.701000928878784180e+00 3.835297822952270508e-01 3.309669256210327148e+00 7.037507835775613785e-03 3.670702278614044189e-01 -8.251038193702697754e-01 4.294916689395904541e-01 2.815715968608856201e-01
-3.478304386138916016e+00 4.504268169403076172e-01 3.695821523666381836e+00 6.377475708723068237e-02 -3.605114817619323730e-01 -2.352946996688842773e-01 9.025895595550537109e-01 4.848915636539459229e-01
-3.745966911315917969e+00 2.792661786079406738e-01 4.159944057464599609e+00 6.293419748544692993e-02 9.578617662191390991e-02 2.862503230571746826e-01 9.533550143241882324e-01 2.999068200588226318e-01
-3.765879869461059570e+00 3.227600157260894775e-01 4.506840705871582031e+00 6.248546391725540161e-02 1.410374045372009277e-02 8.159330487251281738e-01 5.779743194580078125e-01 4.588639736175537109e-01
-3.731128215789794922e+00 6.635173559188842773e-01 4.707615375518798828e+00 4.338122531771659851e-02 7.016039639711380005e-02 -8.712922930717468262e-01 4.857234656810760498e-01 1.887515783309936523e-01
-3.690338611602783203e+00 5.327560901641845703e-01 4.840655326843261719e+00 6.032129749655723572e-02 -7.461273074150085449e-01 6.643278598785400391e-01 -4.430022463202476501e-02 2.337736263871192932e-02
-3.900602579116821289e+00 5.504963994026184082e-01 4.775002479553222656e+00 5.759947746992111206e-02 -7.574897259473800659e-03 9.983596205711364746e-01 5.675066635012626648e-02 4.434212446212768555e-01
-3.991489171981811523e+00 9.506089091300964355e-01 4.914919376373291016e+00 4.135329648852348328e-02 -1.258292645215988159e-01 9.575530290603637695e-01 2.593437135219573975e-01 8.096570968627929688e-01
-4.096014976501464844e+00 1.725046634674072266e+00 5.123308658599853516e+00 5.121320486068725586e-02 -3.774348199367523193e-01 9.157254695892333984e-01 1.378035694360733032e-01 1.448563784360885620e-01
-4.119687080383300781e+00 1.833510279655456543e+00 5.178945541381835938e+00 4.864165559411048889e-02 2.157741189002990723e-01 8.850415945053100586e-01 4.124838709831237793e-01 1.112007945775985718e-01
-4.059073448181152344e+00 1.910148024559020996e+00 5.244525909423828125e+00 3.889558091759681702e-02 3.726383149623870850e-01 8.834851980209350586e-01 2.838919162750244141e-01 2.664693892002105713e-01
-3.759852409362792969e+00 2.123891592025756836e+00 5.327652931213378906e+00 3.996331617236137390e-02 6.999025493860244751e-02 8.341826200485229492e-01 5.470290184020996094e-01 1.376826465129852295e-01
-3.870427608489990234e+00 2.326967000961303711e+00 5.488801479339599609e+00 3.942133486270904541e-02 6.848980188369750977e-01 2.779423892498016357e-01 6.735448837280273438e-01 4.770111665129661560e-02
-3.933673620223999023e+00 2.355856895446777344e+00 5.610724925994873047e+00 3.558278083801269531e-02 6.328365802764892578e-01 -2.749103009700775146e-01 7.238385081291198730e-01 1.568821668624877930e-01
-3.823177576065063477e+00 2.222211122512817383e+00 5.725543498992919922e+00 3.435667604207992554e-02 7.991750836372375488e-01 1.072612404823303223e-01 5.914509892463684082e-01 2.143405228853225708e-01
-3.494462966918945312e+00 4.422808885574340820e-01 3.606168985366821289e+00 2.666832320392131805e-02 9.511300921440124512e-02 -9.337342381477355957e-01 -3.450998365879058838e-01 9.142010658979415894e-02
-3.428405761718750000e+00 3.654287457466125488e-01 3.573700428009033203e+00 2.666832320392131805e-02 1.293607652187347412e-01 -9.136109948158264160e-01 -3.854617178440093994e-01 1.555399000644683838e-01
-3.433351278305053711e+00 1.999873667955398560e-01 3.595213651657104492e+00 4.460153635591268539e-03 5.225810408592224121e-01 -8.486068248748779297e-01 -8.231353759765625000e-02 3.959956169128417969e-01
-3.375714063644409180e+00 7.253643870353698730e-01 3.769630193710327148e+00 7.055962085723876953e-02 5.226597189903259277e-01 -6.914539337158203125e-01 4.987166225910186768e-01 3.512715995311737061e-01
-3.316694736480712891e+00 4.225476384162902832e-01 3.828272104263305664e+00 7.038909941911697388e-02 -1.582716554403305054e-01 -7.990458011627197266e-01 5.800654888153076172e-01 3.892244398593902588e-01
-3.410817384719848633e+00 9.518039971590042114e-02 4.053661346435546875e+00 4.914744943380355835e-02 4.434063136577606201e-01 -8.848111629486083984e-01 1.431782990694046021e-01 2.049092650413513184e-01
-3.339094638824462891e+00 -1.622368544340133667e-01 4.104567527770996094e+00 6.602835655212402344e-02 9.555101990699768066e-01 -1.724097728729248047e-01 2.393222451210021973e-01 4.665566384792327881e-01
-2.865239381790161133e+00 -2.647236287593841553e-01 4.101949214935302734e+00 6.601730734109878540e-02 9.651542305946350098e-01 1.616810113191604614e-01 2.057584822177886963e-01 4.059183001518249512e-01
-2.392222166061401367e+00 -4.436220973730087280e-02 4.197576999664306641e+00 6.142919510602951050e-02 8.294263482093811035e-01 -4.602660536766052246e-01 3.165549933910369873e-01 3.593335449695587158e-01
-2.061848640441894531e+00 -1.129210665822029114e-01 4.360748291015625000e+00 5.871939659118652344e-02 8.647840619087219238e-01 -4.251460433006286621e-01 2.672066688537597656e-01 3.924743235111236572e-01
-1.711005091667175293e+00 -3.219498693943023682e-01 4.425102710723876953e+00 3.961677476763725281e-02 2.528761625289916992e-01 7.051088809967041016e-01 -6.624764800071716309e-01 2.205994166433811188e-02
-1.721534848213195801e+00 -2.915316820144653320e-01 4.399933815002441406e+00 4.928181692957878113e-02 -2.512837648391723633e-01 3.644185662269592285e-01 8.966914415359497070e-01 1.302204281091690063e-01
-1.738794684410095215e+00 -1.866991966962814331e-01 4.530375003814697266e+00 5.318031087517738342e-02 4.018908441066741943e-01 -3.133494257926940918e-01 8.604044914245605469e-01 1.022889688611030579e-01
-1.627748131752014160e+00 -1.608029007911682129e-01 4.544333457946777344e+00 4.317716881632804871e-02 5.892830491065979004e-01 2.643895745277404785e-01 7.634419798851013184e-01 5.879784822463989258e-01
-1.271281599998474121e+00 3.726287931203842163e-02 5.018030643463134766e+00 3.812009096145629883e-02 8.368256092071533203e-01 1.155659034848213196e-01 -5.351331233978271484e-01 3.104683458805084229e-01
-1.011731624603271484e+00 6.485661864280700684e-02 4.851052761077880859e+00 3.214553743600845337e-02 9.796482920646667480e-01 -5.010259151458740234e-02 1.943680793046951294e-01 1.777981370687484741e-01
-8.175569176673889160e-01 6.275765597820281982e-02 4.873877048492431641e+00 2.500672079622745514e-02 2.754085361957550049e-01 -9.574460983276367188e-01 -8.629637211561203003e-02 3.773219883441925049e-01
-3.723269701004028320e+00 1.384441614151000977e+00 3.867129325866699219e+00 2.868546731770038605e-02 -6.732273101806640625e-01 5.668203830718994141e-01 4.748469293117523193e-01 1.279174983501434326e-01
-4.030740737915039062e+00 1.295552611351013184e+00 3.968580484390258789e+00 2.868546731770038605e-02 1.224853321909904480e-01 -3.973834216594696045e-01 -9.094414710998535156e-01 3.461315631866455078e-01
-4.017932415008544922e+00 1.154760718345642090e+00 3.723369359970092773e+00 2.868546731770038605e-02 3.026959598064422607e-01 -9.493384957313537598e-01 8.444844931364059448e-02 1.232150420546531677e-01
-3.727614641189575195e+00 1.595337629318237305e+00 3.955981016159057617e+00 2.544267661869525909e-02 -8.894064426422119141e-01 3.484553396701812744e-01 -2.958633005619049072e-01 1.898384839296340942e-01
-3.896458387374877930e+00 1.661487817764282227e+00 3.899814844131469727e+00 2.544267661869525909e-02 -7.467437982559204102e-01 -1.165009140968322754e-01 6.548292040824890137e-01 7.618891447782516479e-02
-3.956453561782836914e+00 1.590478062629699707e+00 3.934222459793090820e+00 5.916034430265426636e-02 -9.692582488059997559e-01 1.039538607001304626e-01 -2.230068296194076538e-01 3.708383440971374512e-01
-4.305760860443115234e+00 1.618077993392944336e+00 3.872754573822021484e+00 5.803907662630081177e-02 -7.567104101181030273e-01 3.591120541095733643e-01 5.462855696678161621e-01 1.931057721376419067e-01
-4.487525939941406250e+00 1.846488595008850098e+00 3.991431713104248047e+00 6.060819700360298157e-02 -8.028418421745300293e-01 -2.256330847740173340e-01 5.518465638160705566e-01 1.419738680124282837e-01
-4.593331336975097656e+00 1.773595213890075684e+00 4.051998138427734375e+00 5.904089659452438354e-02 -8.007583022117614746e-01 -3.664472699165344238e-01 4.738170206546783447e-01 3.684820830821990967e-01
-4.887073516845703125e+00 1.659085154533386230e+00 4.251458644866943359e+00 5.334561318159103394e-02 -1.791407167911529541e-01 -7.541424036026000977e-01 6.318052411079406738e-01 1.893206834793090820e-01
-4.906627178192138672e+00 1.553161144256591797e+00 4.384622097015380859e+00 3.482281416654586792e-02 -7.401062548160552979e-02 -3.186230361461639404e-01 9.449877142906188965e-01 1.189448833465576172e-01
-4.953936576843261719e+00 1.441979765892028809e+00 4.551565170288085938e+00 2.804302237927913666e-02 1.324733942747116089e-01 5.460510253906250000e-01 8.272116184234619141e-01 1.383632570505142212e-01
-3.895179271697998047e+00 2.197077751159667969e+00 4.522422790527343750e+00 7.064863294363021851e-02 6.664744615554809570e-01 7.074879407882690430e-01 -2.351013123989105225e-01 4.802433848381042480e-01
-3.291733503341674805e+00 2.743666410446166992e+00 4.184568881988525391e+00 7.064863294363021851e-02 6.078469157218933105e-01 3.018541075289249420e-02 7.934802770614624023e-01 6.819514036178588867e-01
-2.940324783325195312e+00 2.758039236068725586e+00 4.760234832763671875e+00 3.612999245524406433e-02 4.833382666110992432e-01 -4.926464706659317017e-02 8.740463852882385254e-01 4.697278738021850586e-01
-2.679559230804443359e+00 2.883530378341674805e+00 4.594697475433349609e+00 2.675926126539707184e-02 9.474471211433410645e-01 2.919544875621795654e-01 1.307919621467590332e-01 7.075425237417221069e-02
-3.806336402893066406e+00 2.210037469863891602e+00 4.427799224853515625e+00 1.294204499572515488e-02 2.379846721887588501e-01 8.595020174980163574e-01 -4.523489177227020264e-01 2.357107251882553101e-01
-3.739209890365600586e+00 2.370160818099975586e+00 4.333823680877685547e+00 1.294204499572515488e-02 9.667541980743408203e-01 2.059701085090637207e-01 -1.515341252088546753e-01 2.537273168563842773e-01
-3.974802494049072266e+00 4.473007678985595703e+00 4.918216705322265625e+00 7.329329848289489746e-02 -8.158069849014282227e-01 -2.129208594560623169e-01 -5.377022027969360352e-01 1.302068829536437988e-01
-3.922089815139770508e+00 4.556460857391357422e+00 5.010321140289306641e+00 7.329329848289489746e-02 1.089719310402870178e-01 -8.663945794105529785e-01 4.873249232769012451e-01 6.329201459884643555e-01
-3.865456104278564453e+00 4.011839866638183594e+00 5.333378314971923828e+00 7.329329848289489746e-02 -7.681234478950500488e-01 -3.457129746675491333e-02 -6.393678188323974609e-01 5.112613439559936523e-01
-4.218525886535644531e+00 3.997410058975219727e+00 5.069860935211181641e+00 7.329329848289489746e-02 -4.141296446323394775e-01 -8.582939505577087402e-01 3.030315637588500977e-01 1.515510529279708862e-01
-4.013688087463378906e+00 3.077832460403442383e+00 4.717801094055175781e+00 2.402482181787490845e-02 3.424280881881713867e-01 -6.995086073875427246e-01 -6.272405385971069336e-01 1.658602207899093628e-01
-3.962172746658325195e+00 2.954861879348754883e+00 4.602699279785156250e+00 2.402482181787490845e-02 5.216456651687622070e-01 5.880614519119262695e-01 -6.181176900863647461e-01 3.996449708938598633e-01
-4.062280178070068359e+00 3.113203763961791992e+00 4.679859161376953125e+00 1.599134132266044617e-02 -4.657910764217376709e-01 -5.631388425827026367e-01 -6.825783848762512207e-01 2.732387781143188477e-01
-4.179039955139160156e+00 2.954458236694335938e+00 4.465953826904296875e+00 1.599134132266044617e-02 -6.837213635444641113e-01 6.267181634902954102e-01 -3.738308250904083252e-01 3.704180121421813965e-01
-4.272229194641113281e+00 2.953289031982421875e+00 5.133640289306640625e+00 4.764720052480697632e-02 -2.307785600423812866e-01 8.551440834999084473e-01 -4.641872644424438477e-01 7.674572467803955078e-01
-4.491615772247314453e+00 3.594230651855468750e+00 4.737704753875732422e+00 4.575947299599647522e-02 1.031342819333076477e-01 8.858684301376342773e-01 -4.523278176784515381e-01 5.481877326965332031e-01
-4.392943859100341797e+00 3.925997972488403320e+00 4.596085071563720703e+00 4.221178963780403137e-02 -8.597353696823120117e-01 1.093718186020851135e-01 4.988916516304016113e-01 5.946524143218994141e-01
-4.859556674957275391e+00 3.976928949356079102e+00 4.896016120910644531e+00 4.086077213287353516e-02 -2.635520696640014648e-01 -9.086959958076477051e-01 -3.237467110157012939e-01 1.814299225807189941e-01
-4.907372951507568359e+00 3.812064409255981445e+00 4.837278842926025391e+00 1.634183153510093689e-02 9.079247713088989258e-02 -9.657055735588073730e-01 -2.432476878166198730e-01 2.065061628818511963e-01
-4.882287025451660156e+00 3.609175205230712891e+00 4.791383743286132812e+00 2.059985883533954620e-02 -5.509205907583236694e-02 -8.178020715713500977e-01 -5.728566050529479980e-01 1.804462224245071411e-01
-3.679093122482299805e+00 4.027316093444824219e+00 4.702390193939208984e+00 6.063124164938926697e-02 -7.879990339279174805e-01 -6.043323874473571777e-01 1.176427975296974182e-01 4.536791741847991943e-01
-4.045093059539794922e+00 3.966642379760742188e+00 4.878087997436523438e+00 6.375515460968017578e-02 -5.949282050132751465e-01 3.816244602203369141e-01 -7.074059844017028809e-01 3.790670931339263916e-01
-4.259694099426269531e+00 4.090470790863037109e+00 4.599616050720214844e+00 5.705099552869796753e-02 -5.493242740631103516e-01 1.215890794992446899e-01 -8.267157673835754395e-01 9.209321439266204834e-02
-4.339622020721435547e+00 4.105144977569580078e+00 4.514730453491210938e+00 5.186639726161956787e-02 3.034827113151550293e-02 -8.898151516914367676e-01 -4.553108811378479004e-01 2.972141802310943604e-01
-3.633411169052124023e+00 3.923287153244018555e+00 4.772686958312988281e+00 6.409791857004165649e-02 6.958721578121185303e-02 -6.359939575195312500e-01 7.685501575469970703e-01 5.758984684944152832e-01
-3.618720293045043945e+00 3.349641799926757812e+00 5.149551391601562500e+00 6.399044394493103027e-02 -4.303806722164154053e-01 -2.244833856821060181e-01 8.742880821228027344e-01 6.383001208305358887e-01
-3.931174039840698242e+00 3.158534049987792969e+00 5.625239849090576172e+00 6.330294162034988403e-02 -7.724256515502929688e-01 -3.275832235813140869e-01 5.441027283668518066e-01 1.303535886108875275e-02
-3.972583770751953125e+00 3.159272193908691406e+00 5.651330947875976562e+00 6.352566927671432495e-02 -5.277749896049499512e-01 -3.235852718353271484e-01 -7.853318452835083008e-01 2.861277163028717041e-01
-4.153559207916259766e+00 3.079751968383789062e+00 5.433738708496093750e+00 6.330294162034988403e-02 -3.774018287658691406e-01 -9.205117821693420410e-01 1.011230722069740295e-01 2.944599390029907227e-01
-4.165018558502197266e+00 2.773754596710205078e+00 5.548796176910400391e+00 6.330294162034988403e-02 -6.549503207206726074e-01 -5.122225284576416016e-01 5.555791258811950684e-01 4.284853339195251465e-01
-4.513529300689697266e+00 2.694066762924194336e+00 5.771130084991455078e+00 6.330294162034988403e-02 -8.118295669555664062e-01 -4.376491308212280273e-01 -3.865177631378173828e-01 1.659406125545501709e-01
-4.735887050628662109e+00 2.692682981491088867e+00 5.634857654571533203e+00 6.330294162034988403e-02 2.576786791905760765e-03 -7.099284529685974121e-01 -7.042690515518188477e-01 6.646218150854110718e-02
-4.705702781677246094e+00 2.510993957519531250e+00 5.708638191223144531e+00 6.330294162034988403e-02 -2.619629800319671631e-01 -6.759728789329528809e-01 -6.887931823730468750e-01 4.214614033699035645e-01
-4.761480331420898438e+00 2.257645130157470703e+00 5.467984676361083984e+00 6.330294162034988403e-02 6.708968281745910645e-01 -6.735321283340454102e-01 -3.102448880672454834e-01 1.366230398416519165e-01
-4.706590175628662109e+00 2.171779870986938477e+00 5.434529781341552734e+00 6.330294162034988403e-02 -1.750955581665039062e-01 -9.836106300354003906e-01 -4.303150996565818787e-02 9.221770614385604858e-02
-4.774003505706787109e+00 2.079616069793701172e+00 5.386371135711669922e+00 6.330294162034988403e-02 3.114211559295654297e-01 -8.904191851615905762e-01 -3.319194316864013672e-01 1.476589441299438477e-01
-4.728979110717773438e+00 1.952455520629882812e+00 5.353168487548828125e+00 6.330294162034988403e-02 -2.289092838764190674e-01 -9.424948096275329590e-01 2.435241788625717163e-01 3.815563321113586426e-01
-3.620426177978515625e+00 4.217758655548095703e+00 4.834990978240966797e+00 2.504666708409786224e-02 9.112787246704101562e-01 -5.514002591371536255e-02 4.080817401409149170e-01 2.968535125255584717e-01
-3.355055093765258789e+00 4.205624103546142578e+00 4.947975158691406250e+00 2.504666708409786224e-02 -8.529298901557922363e-01 -4.071426093578338623e-01 3.267193734645843506e-01 4.413320720195770264e-01
-4.689931392669677734e+00 5.000795841217041016e+00 6.187775611877441406e+00 6.440822035074234009e-02 -5.795516371726989746e-01 -6.680323481559753418e-01 4.667469263076782227e-01 3.695549964904785156e-01
-4.885047912597656250e+00 4.584444522857666016e+00 6.293024539947509766e+00 6.259623914957046509e-02 9.888049364089965820e-01 1.357652246952056885e-01 -6.190790235996246338e-02 2.339079231023788452e-01
-4.556418418884277344e+00 4.753748416900634766e+00 6.137094974517822266e+00 5.668679997324943542e-02 5.163640379905700684e-01 -7.637594938278198242e-01 -3.873494565486907959e-01 5.886957049369812012e-01
-4.313100337982177734e+00 4.508161067962646484e+00 5.890469074249267578e+00 3.086203150451183319e-02 -2.197545720264315605e-03 -9.140692651271820068e-02 -9.958112239837646484e-01 1.388004571199417114e-01
-4.313405513763427734e+00 4.495473861694335938e+00 5.752250194549560547e+00 1.785171404480934143e-02 4.545552134513854980e-01 -5.457564592361450195e-01 -7.039384841918945312e-01 3.230241537094116211e-01
-4.035306453704833984e+00 4.612224102020263672e+00 5.082533359527587891e+00 1.829859055578708649e-02 -5.713408589363098145e-01 -3.220413625240325928e-01 -7.548900246620178223e-01 2.963300943374633789e-01
-4.226367950439453125e+00 4.488337039947509766e+00 4.859686374664306641e+00 2.515133097767829895e-02 4.697953462600708008e-01 -3.829250633716583252e-01 -7.953997254371643066e-01 1.435438543558120728e-01
-4.110650062561035156e+00 4.393983840942382812e+00 4.759068489074707031e+00 2.044644765555858612e-02 3.657402098178863525e-01 1.311826705932617188e-01 -9.214256405830383301e-01 1.512105315923690796e-01
-4.625545978546142578e+00 4.927891731262207031e+00 5.980453968048095703e+00 7.602079305797815323e-03 9.308308362960815430e-01 -8.374997414648532867e-03 3.653543591499328613e-01 4.290095567703247070e-01
-4.226211071014404297e+00 4.924298763275146484e+00 6.137194633483886719e+00 7.602079305797815323e-03 9.134302735328674316e-01 -1.370498389005661011e-01 -3.832264244556427002e-01 4.501632452011108398e-01
-4.648306846618652344e+00 5.260477066040039062e+00 5.696186542510986328e+00 5.341132171452045441e-03 2.746709287166595459e-01 -8.001931905746459961e-01 -5.331479907035827637e-01 8.110772073268890381e-02
-4.700271129608154297e+00 5.326760292053222656e+00 5.702203750610351562e+00 5.341132171452045441e-03 -3.291766941547393799e-01 1.629569828510284424e-01 -9.301009178161621094e-01 1.465134918689727783e-01
-1.783931732177734375e+00 -9.689847826957702637e-01 1.925762891769409180e+00 2.369691431522369385e-02 -2.675934135913848877e-01 4.715552926063537598e-01 8.402555584907531738e-01 1.957935690879821777e-01
-1.611862778663635254e+00 -9.728627204895019531e-01 1.979935884475708008e+00 1.087115108966827393e-01 3.048163354396820068e-01 -6.238724589347839355e-01 7.196319699287414551e-01 3.992071151733398438e-01
-1.490177989006042480e+00 -1.221917033195495605e+00 2.267218112945556641e+00 1.087115108966827393e-01 3.860510513186454773e-02 -9.956842064857482910e-01 8.439574390649795532e-02 3.288729786872863770e-01
-1.384884834289550781e+00 -1.173638939857482910e+00 2.039983987808227539e+00 4.793394729495048523e-02 5.586354434490203857e-02 -2.957182824611663818e-01 9.536404013633728027e-01 2.105774730443954468e-01
-1.370510101318359375e+00 -1.236508727073669434e+00 2.245897531509399414e+00 4.655395820736885071e-02 -7.369068264961242676e-01 5.150566697120666504e-01 4.378183782100677490e-01 2.094393819570541382e-01
-1.575211644172668457e+00 -9.881696701049804688e-01 2.276730537414550781e+00 3.999144583940505981e-02 -9.454044103622436523e-01 -3.240815103054046631e-01 3.437478467822074890e-02 9.986522793769836426e-02
-1.825919985771179199e+00 -9.548597931861877441e-01 2.270473718643188477e+00 3.214070945978164673e-02 -3.601113259792327881e-01 -8.955659866333007812e-01 -2.613071501255035400e-01 2.327781617641448975e-01
-2.010314226150512695e+00 -1.193893790245056152e+00 2.187413215637207031e+00 2.252767048776149750e-02 -3.441725075244903564e-01 6.186771988868713379e-01 7.062463164329528809e-01 2.129722386598587036e-01
-1.606713294982910156e+00 -2.143651008605957031e+00 2.258370399475097656e+00 1.635825075209140778e-02 -6.116396188735961914e-01 6.579568386077880859e-01 -4.393060505390167236e-01 2.928761541843414307e-01
-1.730060935020446777e+00 -1.964374661445617676e+00 2.166536569595336914e+00 2.106510661542415619e-02 -1.706987470388412476e-01 8.139743208885192871e-01 5.552546381950378418e-01 1.623283475637435913e-01
-1.801810503005981445e+00 -1.843187332153320312e+00 2.303471326828002930e+00 3.566578729078173637e-03 -1.709806174039840698e-01 9.828599691390991211e-01 6.893403828144073486e-02 4.155547022819519043e-01
-3.088691234588623047e+00 -6.727658510208129883e-01 2.760045289993286133e+00 1.213218271732330322e-02 3.042454123497009277e-01 -3.499819338321685791e-02 -9.519505500793457031e-01 3.697936534881591797e-01
-2.942685365676879883e+00 -6.608955264091491699e-01 2.348967790603637695e+00 2.001180872321128845e-02 -7.926270365715026855e-01 -2.516367733478546143e-01 -5.553569793701171875e-01 3.194285631179809570e-01
-3.119997739791870117e+00 -6.805852055549621582e-01 2.707941770553588867e+00 1.232329104095697403e-02 -2.241265922784805298e-01 8.822082877159118652e-01 -4.140963852405548096e-01 3.583998680114746094e-01
-3.244852066040039062e+00 -3.959857225418090820e-01 2.596084117889404297e+00 1.232329104095697403e-02 -4.042536616325378418e-01 -3.884575366973876953e-01 -8.280578255653381348e-01 2.343932986259460449e-01
-3.363139867782592773e+00 -5.156735777854919434e-01 2.404499530792236328e+00 1.461455505341291428e-02 -4.228157997131347656e-01 2.718070149421691895e-01 -8.644927740097045898e-01 1.910680979490280151e-01
-3.137689113616943359e+00 -7.126774191856384277e-01 2.768807172775268555e+00 9.156458079814910889e-03 4.497837424278259277e-01 8.778358697891235352e-01 -1.646171510219573975e-01 4.909216463565826416e-01
-3.325809478759765625e+00 -8.118881583213806152e-01 3.177105665206909180e+00 3.807518258690834045e-02 -6.418764591217041016e-01 -3.575074970722198486e-01 -6.783678531646728516e-01 1.462962478399276733e-01
-3.450917482376098633e+00 -8.869183659553527832e-01 3.029919624328613281e+00 3.807518258690834045e-02 8.267986774444580078e-01 -4.638151228427886963e-01 -3.182443380355834961e-01 1.866651475429534912e-01
-3.426474809646606445e+00 -7.986547350883483887e-01 3.027241706848144531e+00 4.204322770237922668e-02 -3.653565645217895508e-01 3.042909689247608185e-02 -9.303701519966125488e-01 2.649497985839843750e-01
-3.526838779449462891e+00 -8.049578666687011719e-01 2.856588363647460938e+00 4.274341464042663574e-02 1.453990787267684937e-01 9.708207845687866211e-01 1.906989365816116333e-01 1.983873099088668823e-01
-3.494605779647827148e+00 -6.020051836967468262e-01 2.911098241806030273e+00 3.807518258690834045e-02 -9.641467332839965820e-01 -8.786257356405258179e-02 2.504020631313323975e-01 6.451687216758728027e-02
-3.587395191192626953e+00 -6.068830490112304688e-01 2.875404596328735352e+00 4.047763720154762268e-02 -8.534568548202514648e-01 -1.425834596157073975e-01 5.012796521186828613e-01 2.573873400688171387e-01
-3.175127744674682617e+00 -6.526012420654296875e-01 2.895315647125244141e+00 5.631886795163154602e-02 2.116411179304122925e-01 8.519857525825500488e-01 4.788824021816253662e-01 1.331023275852203369e-01
-3.193003416061401367e+00 -5.183152556419372559e-01 3.027593851089477539e+00 5.631886795163154602e-02 4.825976490974426270e-01 8.739249110221862793e-01 5.792031437158584595e-02 1.661271303892135620e-01
-3.029260158538818359e+00 -3.448005616664886475e-01 2.960111379623413086e+00 5.631886795163154602e-02 2.360296398401260376e-01 8.010117411613464355e-01 5.501547455787658691e-01 2.334162145853042603e-01
-3.084337711334228516e+00 -2.059894651174545288e-01 3.115371704101562500e+00 5.631886795163154602e-02 4.466826319694519043e-01 -7.495700120925903320e-01 4.884868264198303223e-01 1.935612112283706665e-01
-3.175596952438354492e+00 -7.370383143424987793e-01 2.727024078369140625e+00 2.862422168254852295e-02 -3.921912610530853271e-01 -5.203927755355834961e-01 -7.585363388061523438e-01 1.126553416252136230e-01
-3.214745283126831055e+00 -8.992060422897338867e-01 2.546954154968261719e+00 3.396347910165786743e-02 -8.250741958618164062e-01 3.587655127048492432e-01 -4.365087747573852539e-01 1.904689818620681763e-01
-3.418968200683593750e+00 -7.839636802673339844e-01 2.466010093688964844e+00 4.104512557387351990e-02 -2.961294949054718018e-01 -2.540286779403686523e-01 -9.207479357719421387e-01 1.648422032594680786e-01
-3.482893943786621094e+00 -8.840270042419433594e-01 2.278334140777587891e+00 3.953360021114349365e-02 2.729702889919281006e-01 4.527662694454193115e-01 -8.488168120384216309e-01 1.431830674409866333e-01
-3.470728158950805664e+00 -7.863987088203430176e-01 2.154977083206176758e+00 3.982255235314369202e-02 -3.788273334503173828e-01 -3.582738339900970459e-01 -8.533051609992980957e-01 2.028161287307739258e-01
-3.558214664459228516e+00 -8.480485081672668457e-01 1.930355191230773926e+00 3.581658750772476196e-02 -7.808597683906555176e-01 -6.240764856338500977e-01 2.804536744952201843e-02 1.836692243814468384e-01
-3.491288185119628906e+00 -7.867283821105957031e-01 3.476972579956054688e+00 1.409112196415662766e-02 4.296095296740531921e-02 -1.789158284664154053e-01 9.829259514808654785e-01 1.510340869426727295e-01
-3.699042797088623047e+00 -1.080489397048950195e+00 3.491787433624267578e+00 9.085584431886672974e-03 9.760601520538330078e-01 2.170933485031127930e-01 -1.330746244639158249e-02 6.006696820259094238e-01
-2.444964408874511719e+00 2.268444597721099854e-01 1.731055021286010742e+00 6.255340762436389923e-03 -7.421531081199645996e-01 2.425681501626968384e-01 6.247955560684204102e-01 5.276223272085189819e-02
-2.501688718795776367e+00 2.009458839893341064e-01 1.779996156692504883e+00 6.255340762436389923e-03 2.286978363990783691e-01 2.809758782386779785e-01 9.320675134658813477e-01 2.085384875535964966e-01
-2.586707115173339844e+00 3.065393771976232529e-03 1.988415837287902832e+00 1.506774593144655228e-02 1.027059042826294899e-03 3.511067628860473633e-01 -9.363348484039306641e-01 1.558457016944885254e-01
-2.563030958175659180e+00 3.810735791921615601e-02 1.893129706382751465e+00 1.506774593144655228e-02 7.583896517753601074e-01 6.437639594078063965e-01 -1.020445674657821655e-01 2.972658872604370117e-01
-2.688431739807128906e+00 -2.798798680305480957e-02 2.399011850357055664e+00 2.879304811358451843e-02 8.035173416137695312e-01 4.792785942554473877e-01 -3.530607223510742188e-01 1.184708252549171448e-01
-2.593238353729248047e+00 2.879254333674907684e-02 2.357184410095214844e+00 2.879304811358451843e-02 8.404150009155273438e-01 5.310981273651123047e-01 1.078769341111183167e-01 5.679881200194358826e-02
-2.555914878845214844e+00 8.655721694231033325e-02 2.372785806655883789e+00 2.879304811358451843e-02 9.370604157447814941e-01 2.835210859775543213e-01 2.037978172302246094e-01 2.226610928773880005e-01
-2.473090171813964844e+00 -2.307694638147950172e-03 1.978364109992980957e+00 4.441994801163673401e-02 -8.774302601814270020e-01 -1.029093340039253235e-01 -4.685358405113220215e-01 5.120290517807006836e-01
-2.568020105361938477e+00 -1.369073987007141113e-01 2.425469636917114258e+00 6.259299814701080322e-03 -4.269981980323791504e-01 -6.792809069156646729e-02 -9.016974568367004395e-01 3.567256629467010498e-01
-2.165018081665039062e+00 -2.942670509219169617e-02 2.431736469268798828e+00 4.203659668564796448e-02 9.686984121799468994e-02 -2.359337061643600464e-01 9.669288992881774902e-01 4.190317094326019287e-01
-2.124426603317260742e+00 -1.282904148101806641e-01 2.836910486221313477e+00 4.203659668564796448e-02 -6.141969561576843262e-01 -1.331901401281356812e-01 7.778319120407104492e-01 2.232697010040283203e-01
-2.309021234512329102e+00 -1.685726195573806763e-01 3.059424161911010742e+00 4.203659668564796448e-02 -4.816839993000030518e-01 -6.340811252593994141e-01 -6.049146056175231934e-01 2.975544333457946777e-01
-2.166091680526733398e+00 5.112487077713012695e-01 1.794818758964538574e+00 3.027541935443878174e-02 3.963429927825927734e-01 -8.390630483627319336e-01 -3.726733624935150146e-01 2.045672833919525146e-01
-2.085012912750244141e+00 3.396038413047790527e-01 1.718582034111022949e+00 3.027541935443878174e-02 -8.098335266113281250e-01 -5.070761442184448242e-01 2.950312197208404541e-01 1.219741553068161011e-01
-2.315700292587280273e+00 7.832925319671630859e-01 2.295570850372314453e+00 7.155417650938034058e-02 -4.890024960041046143e-01 -8.481540679931640625e-01 -2.037431001663208008e-01 2.744006514549255371e-01
-2.508111715316772461e+00 5.599203705787658691e-01 2.344386100769042969e+00 6.009262055158615112e-02 -5.424296259880065918e-01 -8.081862330436706543e-01 -2.293579876422882080e-01 9.302167594432830811e-02
-2.548385381698608398e+00 4.280066788196563721e-01 2.331285953521728516e+00 7.155417650938034058e-02 -8.359215855598449707e-01 -2.228558808565139771e-01 -5.015679001808166504e-01 1.279716342687606812e-01
-2.720851421356201172e+00 3.810542821884155273e-01 2.318856716156005859e+00 4.606850072741508484e-02 -4.921475052833557129e-01 8.026884794235229492e-01 -3.368709981441497803e-01 3.093956112861633301e-01
-2.426883935928344727e+00 1.084811568260192871e+00 2.920077323913574219e+00 4.501214716583490372e-03 1.036856994032859802e-01 1.309371590614318848e-01 -9.859536886215209961e-01 9.647279977798461914e-01
-2.498454093933105469e+00 9.765633344650268555e-01 2.834384202957153320e+00 2.268612384796142578e-02 -1.090232282876968384e-01 -8.654103875160217285e-01 -4.890591204166412354e-01 2.433943301439285278e-01
-2.438927888870239258e+00 6.409062743186950684e-01 2.785998344421386719e+00 2.268612384796142578e-02 -8.465836048126220703e-01 -5.208568572998046875e-01 1.095641702413558960e-01 1.496069282293319702e-01
-2.568135976791381836e+00 5.369701385498046875e-01 2.766652822494506836e+00 2.268612384796142578e-02 -5.919864177703857422e-01 -6.308981776237487793e-01 5.015172958374023438e-01 1.760475188493728638e-01
-2.675502538681030273e+00 4.101621806621551514e-01 2.840096235275268555e+00 2.268612384796142578e-02 7.033077478408813477e-01 -5.571703910827636719e-01 4.414967298507690430e-01 2.414096146821975708e-01
-2.086692094802856445e+00 6.939971446990966797e-01 3.014773845672607422e+00 4.863245040178298950e-02 6.903299689292907715e-01 -5.582150816917419434e-01 4.602613151073455811e-01 7.459296286106109619e-02
-2.035198450088500977e+00 6.523582339286804199e-01 3.049106121063232422e+00 4.863245040178298950e-02 -3.270128965377807617e-01 -9.103000760078430176e-01 2.538037598133087158e-01 3.029142320156097412e-01
-2.140923023223876953e+00 3.832396566867828369e-01 3.147679805755615234e+00 4.863245040178298950e-02 7.156940102577209473e-01 -5.754901170730590820e-01 3.957185745239257812e-01 1.836999803781509399e-01
-1.946730494499206543e+00 2.945202887058258057e-01 3.193145275115966797e+00 4.863245040178298950e-02 4.401308298110961914e-01 -2.363955527544021606e-01 8.662574887275695801e-01 1.287396401166915894e-01
-2.299012422561645508e+00 9.910198450088500977e-01 3.153256416320800781e+00 4.420086368918418884e-02 -4.213529229164123535e-01 -9.068940281867980957e-01 -2.217731438577175140e-03 3.244024217128753662e-01
-1.584342002868652344e+00 5.214110016822814941e-01 3.050798654556274414e+00 1.739444211125373840e-02 2.085213959217071533e-01 1.828427463769912720e-01 9.607743620872497559e-01 1.232593059539794922e-01
-1.551531076431274414e+00 4.989602267742156982e-01 3.190434932708740234e+00 1.739444211125373840e-02 -9.545910954475402832e-01 -1.045684423297643661e-02 2.977356612682342529e-01 2.686139941215515137e-01
-1.888885140419006348e+00 4.843467175960540771e-01 3.278431415557861328e+00 1.467655971646308899e-02 -9.557551890611648560e-02 9.175474643707275391e-01 3.859689235687255859e-01 2.018392980098724365e-01
-1.635746121406555176e+00 6.324501037597656250e-01 2.859856367111206055e+00 2.138584479689598083e-02 5.335128307342529297e-01 7.747456431388854980e-01 3.393128812313079834e-01 1.490028947591781616e-01
-1.588366150856018066e+00 7.234261035919189453e-01 2.907373905181884766e+00 2.138584479689598083e-02 4.370177388191223145e-01 -4.790812134742736816e-01 -7.612468004226684570e-01 1.104602217674255371e-01
-1.538744688034057617e+00 6.842607855796813965e-01 2.823654651641845703e+00 2.690702676773071289e-02 9.134345650672912598e-01 -7.886156439781188965e-02 -3.992719650268554688e-01 3.150687813758850098e-01
-1.822340488433837891e+00 6.366415619850158691e-01 3.009750366210937500e+00 6.891958415508270264e-02 -8.921283483505249023e-02 5.809894204139709473e-01 -8.090069890022277832e-01 5.966012477874755859e-01
-1.875564932823181152e+00 9.832605719566345215e-01 2.527095794677734375e+00 6.891958415508270264e-02 -1.255140751600265503e-01 -4.308053553104400635e-01 -8.936738371849060059e-01 1.987374871969223022e-01
-1.736193180084228516e+00 9.778344035148620605e-01 3.137996673583984375e+00 1.057428121566772461e-02 -8.771289885044097900e-02 8.514418601989746094e-01 5.170620679855346680e-01 2.216385453939437866e-01
-1.273630976676940918e+00 9.047251343727111816e-01 3.452311515808105469e+00 2.643321268260478973e-02 9.384653568267822266e-01 1.104960963129997253e-01 3.272206485271453857e-01 1.413918733596801758e-01
-1.133751034736633301e+00 9.004247784614562988e-01 3.489746093750000000e+00 2.643321268260478973e-02 9.232144355773925781e-01 1.834131181240081787e-01 3.376903533935546875e-01 2.868788540363311768e-01
-8.745688796043395996e-01 9.197959899902343750e-01 3.610765695571899414e+00 2.643321268260478973e-02 9.905005693435668945e-01 -1.015573889017105103e-01 9.270763397216796875e-02 2.110159397125244141e-01
-1.006022617220878601e-01 2.170232236385345459e-01 3.646482944488525391e+00 3.106593154370784760e-02 -4.891034662723541260e-01 -8.387433886528015137e-01 2.393476814031600952e-01 3.052971363067626953e-01
5.902300477027893066e-01 9.825834631919860840e-01 3.860929489135742188e+00 7.314852625131607056e-02 -5.423192977905273438e-01 8.311748504638671875e-01 1.226303055882453918e-01 5.588869452476501465e-01
2.871348857879638672e-01 1.447116255760192871e+00 3.929466009140014648e+00 7.314852625131607056e-02 -4.951498806476593018e-01 8.379019498825073242e-01 -2.296669334173202515e-01 1.631247401237487793e-01
2.161924391984939575e-01 1.581392407417297363e+00 3.889068365097045898e+00 7.314852625131607056e-02 -1.235287487506866455e-01 5.232496857643127441e-01 -8.431787490844726562e-01 1.574248224496841431e-01
-2.083594053983688354e-01 3.139100074768066406e-01 3.589565753936767578e+00 3.303496539592742920e-02 5.496855080127716064e-02 -7.208067178726196289e-01 -6.909530162811279297e-01 6.019253730773925781e-01
1.458991467952728271e-01 6.788047552108764648e-01 3.678894281387329102e+00 4.920931160449981689e-02 -2.283133417367935181e-01 9.729096293449401855e-01 3.633058816194534302e-02 3.209195733070373535e-01
7.382553070783615112e-02 9.907936453819274902e-01 3.690694093704223633e+00 4.771250858902931213e-02 2.237976193428039551e-01 8.009117841720581055e-01 -5.553871989250183105e-01 3.190681338310241699e-01
1.465343087911605835e-01 1.426338553428649902e+00 3.580451488494873047e+00 4.477383568882942200e-02 -9.066065549850463867e-01 -1.413563638925552368e-01 3.975964784622192383e-01 3.347334563732147217e-01
-1.204993352293968201e-01 1.410396575927734375e+00 3.694677591323852539e+00 3.646199405193328857e-02 -1.748741567134857178e-01 6.485012769699096680e-01 7.408543229103088379e-01 1.948162317276000977e-01
-1.608562767505645752e-01 1.533058404922485352e+00 3.855180978775024414e+00 3.155537694692611694e-02 -2.554988563060760498e-01 9.594849944114685059e-01 1.187807843089103699e-01 3.566204905509948730e-01
6.983854174613952637e-01 1.012857913970947266e+00 3.912256717681884766e+00 2.177568897604942322e-02 7.858726978302001953e-01 5.394474267959594727e-01 3.023252785205841064e-01 2.490460127592086792e-01
9.134432673454284668e-01 1.125472545623779297e+00 4.024929523468017578e+00 2.177568897604942322e-02 6.922160387039184570e-01 7.191918492317199707e-01 6.000014021992683411e-02 3.505018055438995361e-01
1.141490936279296875e+00 5.973324179649353027e-01 3.961277484893798828e+00 2.108970470726490021e-02 -2.736910283565521240e-01 -6.811866760253906250e-01 6.790271997451782227e-01 2.412575781345367432e-01
1.077585101127624512e+00 4.341655969619750977e-01 4.137665748596191406e+00 2.108970470726490021e-02 -3.727117776870727539e-01 -9.159712195396423340e-01 1.486021876335144043e-01 1.413463503122329712e-01
1.026851654052734375e+00 3.190692663192749023e-01 4.158583641052246094e+00 2.236786857247352600e-02 -9.127334356307983398e-01 1.213538274168968201e-01 -3.901166021823883057e-01 1.193507984280586243e-01
1.560597300529479980e+00 5.981044173240661621e-01 3.873221635818481445e+00 9.757780283689498901e-02 -4.580356553196907043e-02 2.710713632404804230e-02 9.985826015472412109e-01 1.934237480163574219e-01
1.575175762176513672e+00 6.180998086929321289e-01 4.044271945953369141e+00 9.757780283689498901e-02 6.605359911918640137e-01 -7.173114418983459473e-01 2.217127233743667603e-01 6.091914772987365723e-01
1.871608853340148926e+00 1.945649087429046631e-01 4.309345722198486328e+00 9.757780283689498901e-02 2.661582231521606445e-01 -9.122879505157470703e-01 3.112722933292388916e-01 1.817759871482849121e-01
1.761738657951354980e+00 1.047349810600280762e+00 3.834445953369140625e+00 5.998755246400833130e-02 -7.084261178970336914e-01 5.571830868721008301e-01 -4.332198202610015869e-01 2.925934493541717529e-01
1.554457783699035645e+00 1.210377931594848633e+00 3.707688808441162109e+00 5.998755246400833130e-02 -3.545939624309539795e-01 7.352613806724548340e-01 5.776277780532836914e-01 2.121569961309432983e-01
1.969519734382629395e+00 1.481837630271911621e+00 4.164957046508789062e+00 4.920931160449981689e-02 -9.746881127357482910e-01 5.470666289329528809e-02 2.167724221944808960e-01 2.505518794059753418e-01
1.726389288902282715e+00 1.502148866653442383e+00 4.247430324554443359e+00 4.894910752773284912e-02 -9.564687609672546387e-01 2.901425957679748535e-01 -3.138074278831481934e-02 2.732261717319488525e-01
1.465609073638916016e+00 1.594246983528137207e+00 4.171349525451660156e+00 4.787503555417060852e-02 -8.024253249168395996e-01 5.874373316764831543e-01 1.050285026431083679e-01 5.452142953872680664e-01
1.033561825752258301e+00 1.843886852264404297e+00 4.220444202423095703e+00 3.883612528443336487e-02 -9.961376786231994629e-01 -7.080132514238357544e-02 -5.193135887384414673e-02 5.944629013538360596e-02
9.625378847122192383e-01 1.837039470672607422e+00 4.203570842742919922e+00 4.809731245040893555e-02 -7.348524332046508789e-01 3.903020024299621582e-01 5.546677112579345703e-01 1.856927871704101562e-01
1.994085311889648438e+00 1.352264046669006348e+00 4.031910419464111328e+00 1.004271674901247025e-02 -3.455158770084381104e-01 8.123039007186889648e-01 -4.698735773563385010e-01 3.932602107524871826e-01
1.892782211303710938e+00 1.685248494148254395e+00 3.846369266510009766e+00 1.004271674901247025e-02 -3.650119304656982422e-01 9.304928183555603027e-01 -3.081286512315273285e-02 2.040738612413406372e-01
2.118797540664672852e+00 1.761017560958862305e+00 4.277785301208496094e+00 3.212613612413406372e-02 -7.890636920928955078e-01 4.046543240547180176e-01 -4.622049033641815186e-01 2.116444259881973267e-01
1.951796531677246094e+00 1.846660494804382324e+00 4.179962158203125000e+00 3.212613612413406372e-02 2.993458807468414307e-01 -2.077218145132064819e-01 -9.312592148780822754e-01 2.584296166896820068e-01
-1.076259136199951172e+00 9.179148823022842407e-02 3.282998323440551758e+00 1.936700195074081421e-02 -4.536675214767456055e-01 -8.900516033172607422e-01 -4.465393349528312683e-02 2.434108108282089233e-01
-9.819903373718261719e-01 1.012924090027809143e-01 3.271067619323730469e+00 1.792744547128677368e-02 3.054600358009338379e-01 -4.174275994300842285e-01 8.558319807052612305e-01 2.761299014091491699e-01
-1.106265783309936523e+00 -5.376989841461181641e-01 2.823381423950195312e+00 2.215316705405712128e-02 -6.399189829826354980e-01 3.985622525215148926e-01 6.570021510124206543e-01 6.444709300994873047e-01
-1.085733056068420410e+00 -6.039544343948364258e-01 2.733249902725219727e+00 2.071464993059635162e-02 -7.758778333663940430e-01 -3.944727480411529541e-01 -4.923462569713592529e-01 1.928790062665939331e-01
-1.399609923362731934e+00 -6.988439559936523438e-01 2.602957248687744141e+00 1.369161065667867661e-02 1.485059708356857300e-01 -9.738394021987915039e-01 -1.719963252544403076e-01 3.083135783672332764e-01
-1.136844158172607422e+00 -1.024441242218017578e+00 2.535207509994506836e+00 1.406550314277410507e-02 -5.836889147758483887e-02 -8.255637884140014648e-01 5.612820386886596680e-01 2.145916670560836792e-01
-1.132105827331542969e+00 -4.013087451457977295e-01 3.055054664611816406e+00 1.226323749870061874e-02 -2.792337536811828613e-01 -7.163257002830505371e-01 6.394575834274291992e-01 2.446817457675933838e-01
-6.629806160926818848e-01 -4.303061664104461670e-01 2.137010097503662109e+00 3.896382823586463928e-02 -1.463017016649246216e-01 8.333770036697387695e-01 -5.329901576042175293e-01 4.409501552581787109e-01
-7.386163473129272461e-01 -4.477127641439437866e-02 1.903963327407836914e+00 3.896382823586463928e-02 1.617505103349685669e-01 -8.301219902932643890e-03 9.867967963218688965e-01 5.867043733596801758e-01
-5.418962240219116211e-01 -7.695838809013366699e-02 2.367625713348388672e+00 3.059765323996543884e-02 7.146763801574707031e-01 -1.841506212949752808e-01 6.747786402702331543e-01 4.724067151546478271e-01
-6.299906969070434570e-01 -5.529901385307312012e-02 2.375669240951538086e+00 3.896382823586463928e-02 -6.064771413803100586e-01 -3.819646537303924561e-01 6.973438858985900879e-01 2.903562486171722412e-01
-7.753028273582458496e-01 -6.080908179283142090e-01 2.030355930328369141e+00 1.308252383023500443e-02 -1.583210527896881104e-01 -6.043440699577331543e-01 7.808346152305603027e-01 1.101660951972007751e-01
-9.901998639106750488e-01 -6.073056459426879883e-01 2.067770719528198242e+00 9.390686638653278351e-03 -2.823732197284698486e-01 -1.432603299617767334e-01 9.485472440719604492e-01 1.442346423864364624e-01
-1.009788036346435547e+00 -6.619374155998229980e-01 2.221722602844238281e+00 4.157335497438907623e-03 -2.138716280460357666e-01 3.306652307510375977e-01 9.191949963569641113e-01 2.544580996036529541e-01
1.488749384880065918e-01 -4.471466243267059326e-01 3.662216901779174805e+00 1.662176288664340973e-02 1.404230445623397827e-01 -4.957623481750488281e-01 -8.570303916931152344e-01 2.945756316184997559e-01
5.471192300319671631e-02 -5.019854307174682617e-01 3.757793903350830078e+00 1.449685543775558472e-02 -8.123092055320739746e-01 -5.449936985969543457e-01 -2.076911777257919312e-01 1.185939088463783264e-01
-3.778301179409027100e-02 -5.808734893798828125e-01 3.762188196182250977e+00 1.449685543775558472e-02 4.931221604347229004e-01 -7.532804608345031738e-01 -4.352000057697296143e-01 2.476870268583297729e-01
9.902980923652648926e-01 -3.042610585689544678e-01 3.721462726593017578e+00 2.936531556770205498e-03 9.561410546302795410e-01 2.741086483001708984e-01 1.032412946224212646e-01 2.106866687536239624e-01
1.174660325050354004e+00 -1.608550190925598145e+00 4.251863479614257812e+00 1.078913137316703796e-01 9.240459799766540527e-01 2.213607281446456909e-01 3.116703927516937256e-01 8.879804611206054688e-01
1.893525719642639160e+00 -1.437561988830566406e+00 4.503220558166503906e+00 1.078913137316703796e-01 2.135166525840759277e-01 1.147312372922897339e-01 -9.701790213584899902e-01 5.718325376510620117e-01
1.928312540054321289e+00 -1.327004790306091309e+00 3.978527069091796875e+00 1.078913137316703796e-01 -2.121582180261611938e-01 2.245113700628280640e-01 -9.510959386825561523e-01 2.900042533874511719e-01
1.792146444320678711e+00 -1.388334393501281738e+00 3.779969930648803711e+00 1.078913137316703796e-01 -6.807348728179931641e-01 -4.494275152683258057e-02 -7.311498522758483887e-01 2.904168665409088135e-01
1.727445483207702637e+00 -1.360965967178344727e+00 3.610453128814697266e+00 1.078913137316703796e-01 1.536172777414321899e-01 4.346592724323272705e-01 -8.873968124389648438e-01 2.224159389734268188e-01
1.767205834388732910e+00 -1.403902649879455566e+00 3.406151533126831055e+00 1.078913137316703796e-01 1.221511960029602051e-01 5.409094691276550293e-02 -9.910364747047424316e-01 4.261825978755950928e-01
1.795768022537231445e+00 -1.383202075958251953e+00 2.995911836624145508e+00 1.078913137316703796e-01 -1.397026032209396362e-01 -8.857586979866027832e-01 -4.426226019859313965e-01 1.631476879119873047e-01
1.787258625030517578e+00 -1.535309195518493652e+00 2.933889389038085938e+00 1.078913137316703796e-01 1.655952632427215576e-01 -6.652046442031860352e-01 -7.280666232109069824e-01 3.178955018520355225e-01
1.847068905830383301e+00 -1.735137224197387695e+00 2.713734626770019531e+00 1.078913137316703796e-01 8.241245150566101074e-01 -5.634779334068298340e-01 5.754501745104789734e-02 1.664122641086578369e-01
1.680672168731689453e+00 -3.810627758502960205e-01 3.880902051925659180e+00 2.851983904838562012e-02 -6.373935341835021973e-01 -7.657403945922851562e-01 -8.585534989833831787e-02 2.842645347118377686e-01
1.348841786384582520e+00 -4.792029559612274170e-01 3.948415994644165039e+00 1.011432986706495285e-02 -8.332099914550781250e-01 -4.971767663955688477e-01 2.420256137847900391e-01 1.780801266431808472e-01
1.300016403198242188e+00 -9.211348891258239746e-01 4.156148910522460938e+00 5.340993776917457581e-02 1.733789294958114624e-01 2.204640954732894897e-02 9.846084117889404297e-01 1.417984813451766968e-01
1.324601292610168457e+00 -9.180087447166442871e-01 4.295764923095703125e+00 5.184908583760261536e-02 -9.554460048675537109e-01 -4.956812784075737000e-02 -2.909741997718811035e-01 2.006697058677673340e-01
1.133506417274475098e+00 -9.760177731513977051e-01 4.283691883087158203e+00 6.046276912093162537e-02 -9.605336189270019531e-01 1.863448321819305420e-01 2.065206915140151978e-01 1.208120957016944885e-01
9.764097929000854492e-01 -9.629333019256591797e-01 4.270531654357910156e+00 6.046276912093162537e-02 -6.543406248092651367e-01 4.768738448619842529e-01 5.868813395500183105e-01 3.343490660190582275e-01
1.296574950218200684e+00 -1.264881134033203125e+00 4.297494888305664062e+00 2.225424163043498993e-02 9.436778724193572998e-03 7.017267346382141113e-01 7.123836874961853027e-01 9.786406159400939941e-02
1.298597216606140137e+00 -1.206791758537292480e+00 4.362818717956542969e+00 2.225424163043498993e-02 9.869996905326843262e-01 3.759575262665748596e-02 1.562630981206893921e-01 4.791755974292755127e-01
1.048352837562561035e+00 -1.546835184097290039e+00 4.723875999450683594e+00 1.200355216860771179e-02 -2.777222692966461182e-01 1.396124511957168579e-01 9.504623413085937500e-01 2.957735955715179443e-01
1.287398099899291992e+00 -1.220367431640625000e+00 4.232851505279541016e+00 4.307981580495834351e-02 -8.212168812751770020e-01 3.435280919075012207e-01 4.556218683719635010e-01 1.892962306737899780e-01
1.137755036354064941e+00 -1.162561893463134766e+00 4.318629264831542969e+00 4.239043593406677246e-02 -7.750284671783447266e-01 -6.280105710029602051e-01 7.023980468511581421e-02 3.133286237716674805e-01
9.126422405242919922e-01 -1.394332647323608398e+00 4.389351844787597656e+00 3.833832219243049622e-02 -6.650370359420776367e-01 -6.998063921928405762e-01 -2.607618272304534912e-01 5.346454381942749023e-01
5.894044041633605957e-01 -1.764228463172912598e+00 4.206498146057128906e+00 3.117821551859378815e-02 -5.326063185930252075e-02 -9.892113208770751953e-01 -1.364708095788955688e-01 4.882749021053314209e-01
5.473334193229675293e-01 -2.160927534103393555e+00 4.089688777923583984e+00 2.239210531115531921e-02 -5.495711565017700195e-01 -4.939788877964019775e-01 -6.737628579139709473e-01 2.554656863212585449e-01
1.051293015480041504e+00 -1.554411649703979492e+00 4.669195175170898438e+00 1.886809803545475006e-02 -6.602276563644409180e-01 5.410349369049072266e-01 -5.209420919418334961e-01 3.880805075168609619e-01
1.163454055786132812e+00 -1.590594649314880371e+00 4.587040424346923828e+00 5.830296874046325684e-02 1.039670109748840332e-01 -9.763758778572082520e-01 -1.894229203462600708e-01 2.145790755748748779e-01
1.223032951354980469e+00 -1.832322478294372559e+00 4.565096378326416016e+00 5.830296874046325684e-02 -5.875126719474792480e-01 -7.875652313232421875e-01 -1.859296709299087524e-01 2.461226433515548706e-01
1.095541954040527344e+00 -2.065169572830200195e+00 4.502321243286132812e+00 4.002083465456962585e-02 -8.944613337516784668e-01 -4.358531534671783447e-01 9.985443949699401855e-02 2.560109794139862061e-01
8.665500283241271973e-01 -2.176752805709838867e+00 4.527885437011718750e+00 3.252433612942695618e-02 -2.933712601661682129e-01 -9.425705075263977051e-01 -1.596689820289611816e-01 2.591845095157623291e-01
1.066143751144409180e+00 -1.599730134010314941e+00 4.625287532806396484e+00 1.082769408822059631e-02 -7.840078473091125488e-01 -6.038326025009155273e-01 1.439370065927505493e-01 5.735645815730094910e-02
1.029267072677612305e+00 -1.714663624763488770e+00 4.702942371368408203e+00 1.082769408822059631e-02 -6.528288125991821289e-01 4.565972983837127686e-01 6.044282317161560059e-01 2.100075036287307739e-01
1.339793682098388672e+00 -1.337866425514221191e+00 5.795826911926269531e+00 5.119143426418304443e-02 -4.257999360561370850e-01 -7.156345844268798828e-01 -5.536800026893615723e-01 5.609656572341918945e-01
1.099889874458312988e+00 -1.764474272727966309e+00 5.524936676025390625e+00 4.600036516785621643e-02 -7.727903723716735840e-01 5.450813174247741699e-01 3.250867426395416260e-01 3.842571079730987549e-01
6.907649636268615723e-01 -1.557201027870178223e+00 5.882966041564941406e+00 4.251546040177345276e-02 -7.385924458503723145e-01 5.761596560478210449e-01 -3.500303626060485840e-01 3.454451858997344971e-01
4.634585082530975342e-01 -1.277495980262756348e+00 5.716794490814208984e+00 3.811927139759063721e-02 -7.055966854095458984e-01 -1.455615013837814331e-01 -6.935020685195922852e-01 2.283271998167037964e-01
3.095542192459106445e-01 -1.328381776809692383e+00 5.569135665893554688e+00 3.680409863591194153e-02 -9.440135359764099121e-01 -2.737772464752197266e-01 1.840774714946746826e-01 1.467912197113037109e-01
1.565499603748321533e-01 -1.354440331459045410e+00 5.585538387298583984e+00 1.910671591758728027e-02 -7.694103717803955078e-01 -4.328433871269226074e-01 4.697384834289550781e-01 3.097375333309173584e-01
1.459705233573913574e+00 -9.451790452003479004e-01 6.330061912536621094e+00 4.598787054419517517e-02 8.429659605026245117e-01 -3.571620583534240723e-01 -4.022979140281677246e-01 1.857347786426544189e-01
1.617647409439086914e+00 -1.007235288619995117e+00 6.262278079986572266e+00 4.598787054419517517e-02 2.520493865013122559e-01 8.004119396209716797e-01 -5.438858270645141602e-01 2.817558050155639648e-01
1.739427447319030762e+00 -8.015948534011840820e-01 6.093159198760986328e+00 4.598787054419517517e-02 -3.495070040225982666e-01 -1.544704884290695190e-01 -9.241123795509338379e-01 1.014478132128715515e-01
1.705913901329040527e+00 -8.448466062545776367e-01 5.943800926208496094e+00 4.598787054419517517e-02 -9.511647224426269531e-01 2.620187699794769287e-01 -1.631925702095031738e-01 2.445340156555175781e-01
8.972403407096862793e-01 3.343686461448669434e-01 3.919166564941406250e+00 9.142931550741195679e-03 -6.891884803771972656e-01 -2.257308810949325562e-01 6.885236501693725586e-01 1.094027683138847351e-01
7.906001806259155273e-01 3.091367185115814209e-01 4.023822784423828125e+00 9.142931550741195679e-03 -6.731711626052856445e-01 1.943689137697219849e-01 -7.134853005409240723e-01 2.004462480545043945e-01
8.496141433715820312e-01 5.069282650947570801e-01 3.937384128570556641e+00 1.611464284360408783e-02 7.257995605468750000e-01 6.283987760543823242e-01 2.798749208450317383e-01 1.171219572424888611e-01
9.346212148666381836e-01 5.805276036262512207e-01 3.970163583755493164e+00 1.611464284360408783e-02 9.762489795684814453e-01 2.044488340616226196e-01 -7.168374955654144287e-02 1.295542418956756592e-01
7.544797062873840332e-01 -9.636822938919067383e-01 4.782078742980957031e+00 6.834691390395164490e-03 -1.168250069022178650e-01 -9.802768230438232422e-01 -1.594029814004898071e-01 1.263876408338546753e-01
7.551415562629699707e-01 -1.110118031501770020e+00 4.759015560150146484e+00 6.834691390395164490e-03 -8.272339105606079102e-01 -5.594789981842041016e-01 -5.164565145969390869e-02 5.725119262933731079e-02
6.347185969352722168e-01 -1.187793135643005371e+00 4.723983764648437500e+00 6.834691390395164490e-03 -5.769246816635131836e-01 4.398351609706878662e-01 6.882608532905578613e-01 3.869402110576629639e-01
4.706123173236846924e-01 -1.061945796012878418e+00 5.005858421325683594e+00 6.834691390395164490e-03 -4.532441794872283936e-01 -7.649527788162231445e-01 -4.576209783554077148e-01 9.209827333688735962e-02
-9.355874061584472656e-01 -1.278508305549621582e+00 5.085207939147949219e+00 4.716857336461544037e-03 -9.845885038375854492e-01 -1.670555025339126587e-01 5.174902081489562988e-02 2.893007099628448486e-01
-1.203652024269104004e+00 -1.387174129486083984e+00 5.212517738342285156e+00 2.499999944120645523e-03 -5.082625150680541992e-01 7.247628569602966309e-01 4.651752710342407227e-01 7.433655261993408203e-01
-1.020104169845581055e+00 -1.686491966247558594e+00 5.145821571350097656e+00 3.021714091300964355e-02 -9.306705594062805176e-01 -3.654220104217529297e-01 1.786250993609428406e-02 8.523692190647125244e-02
-1.104141473770141602e+00 -1.717972755432128906e+00 5.144840717315673828e+00 2.457746118307113647e-02 -4.593464136123657227e-01 -1.195407584309577942e-01 8.801766037940979004e-01 6.995635479688644409e-02
-1.190551638603210449e+00 -1.735464453697204590e+00 5.191115379333496094e+00 4.749509040266275406e-03 1.432707607746124268e-01 5.391244292259216309e-01 -8.299508094787597656e-01 2.787792086601257324e-01
-7.848986387252807617e-01 -2.002000808715820312e+00 5.367053508758544922e+00 9.344846941530704498e-03 -9.337992966175079346e-02 3.433814644813537598e-01 -9.345422983169555664e-01 3.511800169944763184e-01
-8.374474644660949707e-01 -1.959834933280944824e+00 5.390596389770507812e+00 2.499999944120645523e-03 -3.459581434726715088e-01 -1.233117654919624329e-01 9.301113486289978027e-01 1.019719839096069336e-01
-8.516062498092651367e-01 -2.069094896316528320e+00 5.450048923492431641e+00 2.499999944120645523e-03 -4.196569323539733887e-01 -3.914456367492675781e-01 8.189373612403869629e-01 4.726414084434509277e-01
-8.265551924705505371e-01 -1.080891251564025879e+00 6.533343791961669922e+00 1.309038791805505753e-02 9.771070629358291626e-02 -4.198572933673858643e-01 9.023150801658630371e-01 5.827901363372802734e-01
-7.717593908309936523e-01 -1.325283765792846680e+00 7.062667846679687500e+00 1.309038791805505753e-02 -1.237355843186378479e-01 9.792512059211730957e-01 -1.604887098073959351e-01 3.759325146675109863e-01
-8.333269357681274414e-01 -1.022332072257995605e+00 6.603072166442871094e+00 3.708198294043540955e-02 -5.158754587173461914e-01 -3.956596255302429199e-01 7.598196864128112793e-01 3.538165390491485596e-01
-4.757018983364105225e-01 -2.520035505294799805e+00 5.673639774322509766e+00 6.721591111272573471e-03 2.761333622038364410e-02 -1.562496125698089600e-01 9.873315095901489258e-01 9.074217677116394043e-01
-4.158697128295898438e+00 -1.258149862289428711e+00 9.469327330589294434e-01 5.248019099235534668e-02 9.656742811203002930e-01 -2.251379191875457764e-01 -1.295612156391143799e-01 3.579494357109069824e-01
-3.946425199508666992e+00 -1.460359215736389160e+00 1.084937810897827148e+00 5.248019099235534668e-02 4.327258467674255371e-02 -8.480777144432067871e-01 -5.281019210815429688e-01 3.508528769016265869e-01
-3.904213428497314453e+00 -1.788438677787780762e+00 8.904770016670227051e-01 4.045319184660911560e-02 -5.737479329109191895e-01 -2.762642502784729004e-01 -7.710326910018920898e-01 2.518157064914703369e-01
-4.086355209350585938e+00 -1.858938455581665039e+00 6.890001296997070312e-01 5.248019099235534668e-02 1.867506951093673706e-01 1.148704588413238525e-01 -9.756684899330139160e-01 1.980879902839660645e-01
-3.328236579895019531e+00 -1.790172219276428223e+00 3.733267784118652344e-01 3.485687822103500366e-02 -9.330225586891174316e-01 -3.284015655517578125e-01 1.470417231321334839e-01 3.085359930992126465e-01
-3.629849195480346680e+00 -2.066376924514770508e+00 3.978367745876312256e-01 3.047490119934082031e-02 -7.091251760721206665e-02 -1.126345098018646240e-01 9.911028742790222168e-01 8.404057025909423828e-01
-3.705309867858886719e+00 -2.164067983627319336e+00 1.227961897850036621e+00 4.340214654803276062e-02 -1.828264147043228149e-01 4.876769334077835083e-02 9.819349050521850586e-01 1.329899728298187256e-01
-3.734404563903808594e+00 -2.163003921508789062e+00 1.356463670730590820e+00 4.000055044889450073e-02 -3.005969822406768799e-01 -9.984944015741348267e-02 9.485101699829101562e-01 2.099857032299041748e-01
-3.809958219528198242e+00 -2.146270751953125000e+00 1.557439446449279785e+00 3.626610711216926575e-02 -6.275004707276821136e-03 -4.981257021427154541e-02 9.987388849258422852e-01 3.463106155395507812e-01
-3.798249721527099609e+00 -2.141830205917358398e+00 1.897096872329711914e+00 2.789995074272155762e-02 -2.799155712127685547e-01 4.257329404354095459e-01 8.604642748832702637e-01 3.378744721412658691e-01
-3.868505716323852539e+00 -1.877911567687988281e+00 2.237446069717407227e+00 2.113248966634273529e-02 -9.688000082969665527e-01 1.030833423137664795e-01 2.253894656896591187e-01 1.270960271358489990e-01
-3.590578556060791016e+00 -1.691857933998107910e+00 5.138818025588989258e-01 5.315369460731744766e-03 -2.554517388343811035e-01 9.136267900466918945e-01 3.162760138511657715e-01 6.305086016654968262e-01
-4.356488704681396484e+00 -1.553671836853027344e+00 1.088215112686157227e+00 4.019133374094963074e-02 -6.072422116994857788e-02 -5.443059653043746948e-02 -9.966694116592407227e-01 5.086212754249572754e-01
-4.387374401092529297e+00 -1.581356406211853027e+00 5.812879204750061035e-01 4.019133374094963074e-02 3.801379501819610596e-01 -1.678044199943542480e-01 9.095805883407592773e-01 1.339655220508575439e-01
-4.332478523254394531e+00 -1.611091017723083496e+00 7.557352781295776367e-01 4.019133374094963074e-02 -8.253248333930969238e-01 -5.644440054893493652e-01 -1.555062737315893173e-02 1.316372752189636230e-01
-4.431914806365966797e+00 -1.641654968261718750e+00 8.095349073410034180e-01 4.019133374094963074e-02 -2.295352816581726074e-01 -7.475375533103942871e-01 6.232985854148864746e-01 6.467823386192321777e-01
-4.609353065490722656e+00 -2.082827568054199219e+00 1.201959013938903809e+00 4.019133374094963074e-02 -5.084880813956260681e-02 2.122466117143630981e-01 9.758923053741455078e-01 1.403057873249053955e-01
-4.589467048645019531e+00 -2.057069540023803711e+00 1.348635077476501465e+00 4.019133374094963074e-02 -2.962863445281982422e-01 2.468378543853759766e-01 9.226513504981994629e-01 4.934912025928497314e-01
-4.777278900146484375e+00 -1.966512441635131836e+00 1.816385149955749512e+00 4.019133374094963074e-02 -2.870753034949302673e-02 4.021414816379547119e-01 9.151273965835571289e-01 5.026642084121704102e-01
-3.952930450439453125e+00 -1.442900180816650391e+00 5.938082933425903320e-01 1.528097782284021378e-02 -5.073209404945373535e-01 8.035370111465454102e-01 3.113739490509033203e-01 5.612637996673583984e-01
-4.019968032836914062e+00 -1.409892916679382324e+00 7.604132890701293945e-01 1.878648251295089722e-02 8.204029202461242676e-01 2.919676005840301514e-01 4.916237890720367432e-01 5.402380824089050293e-01
-3.895299911499023438e+00 -1.005543231964111328e+00 1.426656246185302734e+00 2.499999944120645523e-03 -4.053026735782623291e-01 -4.789052307605743408e-01 -7.787037491798400879e-01 2.700146138668060303e-01
-3.959636688232421875e+00 -1.127092599868774414e+00 1.233028411865234375e+00 2.499999944120645523e-03 -3.556236922740936279e-01 6.700810194015502930e-01 6.515544652938842773e-01 3.051183819770812988e-01
-3.893590211868286133e+00 -1.251767158508300781e+00 1.532561302185058594e+00 3.359951544553041458e-03 2.743520736694335938e-01 -8.960248827934265137e-01 3.490993380546569824e-01 1.566878855228424072e-01
-3.853313922882080078e+00 -1.393239378929138184e+00 1.580929994583129883e+00 3.359951544553041458e-03 2.629368901252746582e-01 -9.634568691253662109e-01 5.113733932375907898e-02 1.938859671354293823e-01
-4.579547405242919922e+00 -1.083501815795898438e+00 1.937162399291992188e+00 1.106476318091154099e-02 -4.790956974029541016e-01 -2.747784554958343506e-01 -8.336451053619384766e-01 6.986658573150634766e-01
-4.308447837829589844e+00 -7.836555242538452148e-01 1.429134964942932129e+00 4.937056452035903931e-02 1.817149817943572998e-01 -8.296238183975219727e-01 5.279241800308227539e-01 1.230352967977523804e-01
-4.253391265869140625e+00 -9.085738658905029297e-01 1.488259673118591309e+00 4.937056452035903931e-02 -4.854422807693481445e-01 -7.902427911758422852e-01 3.739814162254333496e-01 1.918032318353652954e-01
-4.335077285766601562e+00 -1.080442070960998535e+00 1.502433180809020996e+00 4.937056452035903931e-02 -9.829189181327819824e-01 -6.591086834669113159e-02 -1.718318611383438110e-01 1.109138503670692444e-02
-4.397928714752197266e+00 -1.007737159729003906e+00 1.557960748672485352e+00 3.758199512958526611e-02 -8.348221778869628906e-01 -1.850652247667312622e-01 -5.184812545776367188e-01 1.799290776252746582e-01
-4.503690242767333984e+00 -9.988374710083007812e-01 2.377163887023925781e+00 4.761580005288124084e-02 7.907066941261291504e-01 -3.106293678283691406e-01 -5.275341868400573730e-01 6.766050457954406738e-01
-3.957820415496826172e+00 -1.228420734405517578e+00 2.037493944168090820e+00 4.379731044173240662e-02 7.651266455650329590e-01 -1.318753808736801147e-01 -6.302302479743957520e-01 4.488920867443084717e-01
-3.552083253860473633e+00 -1.407213687896728516e+00 1.775491237640380859e+00 3.916037455201148987e-02 8.875805735588073730e-01 4.605568647384643555e-01 -9.388229809701442719e-03 2.925358116626739502e-01
-3.227660894393920898e+00 -1.301413297653198242e+00 1.766044855117797852e+00 3.477973118424415588e-02 3.837553560733795166e-01 9.034727811813354492e-01 -1.909679323434829712e-01 3.089065849781036377e-01
-3.130043745040893555e+00 -9.700057506561279297e-01 1.727846264839172363e+00 3.344221785664558411e-02 9.344049692153930664e-01 2.935906946659088135e-01 2.017222642898559570e-01 1.612243801355361938e-01
-2.989247322082519531e+00 -8.414011597633361816e-01 1.695938706398010254e+00 2.372346632182598114e-02 5.172430276870727539e-01 5.693101882934570312e-01 6.390192508697509766e-01 3.519844114780426025e-01
-4.629110813140869141e+00 -8.797102570533752441e-01 2.728930950164794922e+00 2.837229892611503601e-02 6.055638790130615234e-01 5.451064109802246094e-01 5.797855854034423828e-01 1.057411506772041321e-01
-4.565077781677246094e+00 -8.220700621604919434e-01 2.790238142013549805e+00 2.722921967506408691e-02 -5.020204186439514160e-01 -3.636115789413452148e-01 7.847051024436950684e-01 5.354271829128265381e-02
-4.621398925781250000e+00 -8.496090769767761230e-01 2.941182851791381836e+00 3.870353847742080688e-02 7.375153899192810059e-01 6.289573907852172852e-01 2.459342479705810547e-01 1.353368610143661499e-01
-4.522423744201660156e+00 -7.601151466369628906e-01 2.943443298339843750e+00 3.870353847742080688e-02 -1.147749498486518860e-01 9.832352399826049805e-01 1.416867971420288086e-01 2.196722775697708130e-01
-4.454777240753173828e+00 -1.250113606452941895e+00 2.879978656768798828e+00 3.870353847742080688e-02 2.114392071962356567e-01 9.762737154960632324e-01 4.672322794795036316e-02 4.082762598991394043e-01
-4.380374908447265625e+00 -8.452180027961730957e-01 2.908587455749511719e+00 3.647735714912414551e-02 2.800683975219726562e-01 9.238587021827697754e-01 -2.608578205108642578e-01 1.220047250390052795e-01
-4.359645843505859375e+00 -7.262875437736511230e-01 2.856654167175292969e+00 3.431086987257003784e-02 5.558694005012512207e-01 8.229697942733764648e-01 -1.171747148036956787e-01 2.018327564001083374e-01
-4.268877029418945312e+00 -5.443844795227050781e-01 2.795899629592895508e+00 2.913597039878368378e-02 7.486975789070129395e-01 6.437731385231018066e-01 -1.581395268440246582e-01 3.694085180759429932e-01
-3.991574287414550781e+00 -2.413425147533416748e-01 2.780427455902099609e+00 2.427694015204906464e-02 9.531239271163940430e-01 -1.737358272075653076e-01 2.477309256792068481e-01 5.298344045877456665e-02
-3.916403293609619141e+00 -2.561337351799011230e-01 2.767740726470947266e+00 2.809925004839897156e-02 6.435268521308898926e-01 -3.359189331531524658e-01 6.877729892730712891e-01 1.404447257518768311e-01
-3.777299404144287109e+00 -3.108722567558288574e-01 2.835436344146728516e+00 1.618385501205921173e-02 3.704454004764556885e-01 8.354125618934631348e-01 4.060246646404266357e-01 3.239856362342834473e-01
-4.642785549163818359e+00 -8.359915018081665039e-01 2.701106548309326172e+00 1.477597188204526901e-02 8.510271310806274414e-01 2.802506089210510254e-01 4.440860748291015625e-01 4.760534465312957764e-01
-4.238356113433837891e+00 -7.111440896987915039e-01 2.915252685546875000e+00 1.477597188204526901e-02 -9.407598972320556641e-01 1.709693074226379395e-01 2.928144335746765137e-01 1.868444979190826416e-01
-4.766716957092285156e+00 -1.556583404541015625e+00 2.920565843582153320e+00 7.662453688681125641e-03 -7.630741000175476074e-01 1.195414811372756958e-01 -6.351596117019653320e-01 1.279307156801223755e-01
-4.881974697113037109e+00 -1.598847866058349609e+00 2.867161989212036133e+00 7.662453688681125641e-03 7.198699712753295898e-01 -4.684430956840515137e-01 -5.121994018554687500e-01 5.533188208937644958e-02
-4.794628620147705078e+00 -1.526719331741333008e+00 2.788332700729370117e+00 8.939529769122600555e-03 6.864423155784606934e-01 -5.670626163482666016e-01 -4.552327692508697510e-01 4.679001271724700928e-01
-2.535381317138671875e+00 -2.523799896240234375e+00 8.038324713706970215e-01 7.931306026875972748e-03 -5.493007302284240723e-01 8.517935127019882202e-02 8.312720060348510742e-01 2.813200354576110840e-01
-2.719537973403930664e+00 -2.502654552459716797e+00 1.051880478858947754e+00 7.553624920547008514e-03 4.180748462677001953e-01 -4.651217162609100342e-01 7.803045511245727539e-01 2.752098143100738525e-01
-2.472451925277709961e+00 -2.771864652633666992e+00 8.604894280433654785e-01 7.423555012792348862e-03 5.904404520988464355e-01 5.183364152908325195e-01 6.186335086822509766e-01 2.108739763498306274e-01
-2.327616214752197266e+00 -2.654715776443481445e+00 9.962776899337768555e-01 7.423555012792348862e-03 -1.118135973811149597e-01 7.403972148895263672e-01 -6.628044247627258301e-01 1.681832671165466309e-01
-1.969269156455993652e+00 -2.491778850555419922e+00 1.511504054069519043e+00 4.608581215143203735e-02 -2.587188780307769775e-02 -7.804291844367980957e-01 6.247086524963378906e-01 7.128204405307769775e-02
-1.967218995094299316e+00 -2.547382593154907227e+00 1.557729482650756836e+00 4.608581215143203735e-02 -3.430905342102050781e-01 -4.983164072036743164e-01 7.962220907211303711e-01 2.376744747161865234e-01
-2.006977081298828125e+00 -2.682149887084960938e+00 1.825150966644287109e+00 4.608581215143203735e-02 5.391714572906494141e-01 -7.191054224967956543e-01 -4.383851587772369385e-01 4.597007632255554199e-01
-1.734861969947814941e+00 -3.001034498214721680e+00 1.626627206802368164e+00 4.608581215143203735e-02 1.200640797615051270e-01 -4.733201563358306885e-01 8.726698160171508789e-01 2.629718184471130371e-01
-1.417880415916442871e+00 -2.290293693542480469e+00 2.032249212265014648e+00 1.584133505821228027e-02 -2.470109909772872925e-01 5.347159504890441895e-01 -8.081240057945251465e-01 6.041886806488037109e-01
-1.512631654739379883e+00 -1.911362051963806152e+00 1.547534346580505371e+00 1.584133505821228027e-02 -4.251507222652435303e-01 4.640167951583862305e-01 -7.771327495574951172e-01 3.822932243347167969e-01
-1.682057857513427734e+00 -1.705550074577331543e+00 1.275127530097961426e+00 1.567096449434757233e-02 -4.922035336494445801e-01 4.996957778930664062e-01 -7.127690911293029785e-01 1.892074048519134521e-01
-1.435934066772460938e+00 -2.339943170547485352e+00 2.090974330902099609e+00 3.391559794545173645e-02 -2.052932828664779663e-01 -5.912531018257141113e-01 7.799195051193237305e-01 1.304533779621124268e-01
-1.462715268135070801e+00 -2.417074203491210938e+00 2.192717552185058594e+00 3.391559794545173645e-02 2.151592969894409180e-01 -8.976781368255615234e-01 -3.845522403717041016e-01 2.189042568206787109e-01
-8.261306285858154297e-01 -3.794859647750854492e+00 1.552514076232910156e+00 2.016087248921394348e-02 7.467356920242309570e-01 2.593007087707519531e-01 6.124940514564514160e-01 7.743302732706069946e-02
-7.680334448814392090e-01 -3.787266731262207031e+00 1.605408072471618652e+00 2.189775183796882629e-02 4.320263564586639404e-01 3.696970045566558838e-01 8.226040005683898926e-01 1.954587697982788086e-01
-6.828178167343139648e-01 -3.709043264389038086e+00 1.764937639236450195e+00 2.086422964930534363e-02 -9.284150004386901855e-01 1.877511441707611084e-01 3.206167519092559814e-01 1.204881817102432251e-01
-7.083824276924133301e-01 -3.647855758666992188e+00 1.731341361999511719e+00 2.396701835095882416e-02 6.606779694557189941e-01 -5.753098130226135254e-01 4.822066128253936768e-01 2.424413263797760010e-01
-7.312481403350830078e-01 -3.989258050918579102e+00 1.509392738342285156e+00 1.623285003006458282e-02 8.231850862503051758e-01 1.785181462764739990e-01 5.389783382415771484e-01 1.175772920250892639e-01
-5.520213246345520020e-01 -4.020864009857177734e+00 1.548941373825073242e+00 1.623285003006458282e-02 -1.547451317310333252e-01 -5.985611081123352051e-01 7.859889268875122070e-01 3.072216212749481201e-01
-6.323592066764831543e-01 -4.149784088134765625e+00 1.774715781211853027e+00 1.659900322556495667e-02 -4.865091443061828613e-01 -4.103625938296318054e-02 8.727112412452697754e-01 2.399842292070388794e-01
-1.290773868560791016e+00 -3.599718570709228516e+00 1.308626770973205566e+00 6.485480815172195435e-02 -4.649215638637542725e-01 -6.795225739479064941e-01 5.675359368324279785e-01 1.905359923839569092e-01
-1.379358172416687012e+00 -3.729192256927490234e+00 1.416762828826904297e+00 6.485480815172195435e-02 -1.244262307882308960e-01 -8.032171130180358887e-01 -5.825464725494384766e-01 3.978543579578399658e-01
-1.243820548057556152e+00 -3.371999979019165039e+00 1.724524021148681641e+00 3.956301137804985046e-02 7.129791975021362305e-01 3.299718499183654785e-01 -6.186915636062622070e-01 5.518068671226501465e-01
-8.658136129379272461e-01 -3.140651941299438477e+00 1.411950588226318359e+00 3.843347355723381042e-02 4.806394875049591064e-01 -3.258837759494781494e-01 8.141163587570190430e-01 4.637083113193511963e-01
-6.618980169296264648e-01 -3.331555128097534180e+00 1.741164922714233398e+00 2.544753439724445343e-02 1.850418150424957275e-01 -7.929129600524902344e-01 5.805588960647583008e-01 7.347775995731353760e-02
-6.420322656631469727e-01 -3.431908130645751953e+00 1.764065504074096680e+00 3.191807121038436890e-02 9.888586997985839844e-01 9.256291389465332031e-02 1.165783926844596863e-01 2.835220694541931152e-01
-3.577536046504974365e-01 -3.418408870697021484e+00 1.824173569679260254e+00 2.888627722859382629e-02 9.544737339019775391e-01 2.982855737209320068e-01 2.377777593210339546e-03 3.287406265735626221e-01
-1.436565041542053223e+00 -3.390317678451538086e+00 1.874622225761413574e+00 3.986581414937973022e-02 -1.829183995723724365e-01 -9.801148772239685059e-01 -7.691350579261779785e-02 1.465166211128234863e-01
-1.426906347274780273e+00 -3.540328979492187500e+00 1.840028405189514160e+00 3.986581414937973022e-02 5.314071178436279297e-01 4.781211614608764648e-01 6.992900967597961426e-01 1.409559845924377441e-01
-1.290506362915039062e+00 -3.393898248672485352e+00 2.037594556808471680e+00 3.986581414937973022e-02 -8.137847185134887695e-01 -8.663363009691238403e-02 5.746729969978332520e-01 1.457979083061218262e-01
-1.244139313697814941e+00 -3.144880771636962891e+00 2.310980796813964844e+00 3.986581414937973022e-02 7.865058630704879761e-02 5.519577264785766602e-01 -8.301546573638916016e-01 2.650735080242156982e-01
-1.330479264259338379e+00 -3.376379013061523438e+00 1.777839064598083496e+00 1.340027432888746262e-02 -5.836539268493652344e-01 -6.037073731422424316e-01 -5.430336594581604004e-01 3.496033251285552979e-01
-1.586768388748168945e+00 -3.605405092239379883e+00 1.714825868606567383e+00 1.340027432888746262e-02 -8.332151770591735840e-01 4.795682132244110107e-01 -2.752576470375061035e-01 4.061606526374816895e-01
-1.911257982254028320e+00 -3.377063512802124023e+00 1.618845224380493164e+00 2.169568277895450592e-02 -7.351086139678955078e-01 5.136666893959045410e-01 -4.424498081207275391e-01 1.439485102891921997e-01
-4.349354267120361328e+00 -3.757694005966186523e+00 8.859346508979797363e-01 5.080244317650794983e-02 -9.565097838640213013e-02 6.065860390663146973e-01 7.892428636550903320e-01 1.487222015857696533e-01
-4.369105339050292969e+00 -3.657791376113891602e+00 9.976264238357543945e-01 5.080244317650794983e-02 -8.907428383827209473e-01 -3.165724575519561768e-01 3.261273503303527832e-01 3.315120041370391846e-01
-4.642131328582763672e+00 -3.732054471969604492e+00 1.109007000923156738e+00 4.460654780268669128e-02 -1.442929357290267944e-01 -5.995389074087142944e-04 9.895348548889160156e-01 1.617395579814910889e-01
-4.714790821075439453e+00 -3.744812726974487305e+00 1.294090032577514648e+00 5.080244317650794983e-02 4.189282357692718506e-01 1.416094452142715454e-01 8.969090580940246582e-01 2.402677834033966064e-01
-4.428526401519775391e+00 -3.602480411529541016e+00 6.420136094093322754e-01 1.614555902779102325e-02 6.880650520324707031e-01 -6.774173378944396973e-01 2.601388692855834961e-01 5.371875762939453125e-01
-4.058906555175781250e+00 -3.966380357742309570e+00 7.817569971084594727e-01 1.614555902779102325e-02 1.233371943235397339e-01 5.603696405887603760e-02 9.907814264297485352e-01 1.603766530752182007e-01
-4.466240882873535156e+00 -4.013627529144287109e+00 1.081646800041198730e+00 3.684281185269355774e-02 7.220987081527709961e-01 -2.001631408929824829e-01 6.621994972229003906e-01 7.686199992895126343e-02
-4.410738945007324219e+00 -4.029012680053710938e+00 1.132544755935668945e+00 3.684281185269355774e-02 4.052800238132476807e-01 -5.461180806159973145e-01 -7.331460118293762207e-01 1.031573861837387085e-01
-4.375417709350585938e+00 -4.089045047760009766e+00 1.055299758911132812e+00 3.684281185269355774e-02 4.771388769149780273e-01 -5.312641263008117676e-01 -7.000691890716552734e-01 2.627499699592590332e-01
-3.756937026977539062e+00 -3.104763984680175781e+00 5.309331417083740234e-01 4.949756339192390442e-02 4.339253306388854980e-01 8.807465434074401855e-01 -1.897217929363250732e-01 3.842864334583282471e-01
-3.612595558166503906e+00 -2.800305604934692383e+00 4.004500806331634521e-01 4.803784564137458801e-02 -6.328471302986145020e-01 7.490520477294921875e-01 -1.960243880748748779e-01 2.812728583812713623e-01
-3.839279890060424805e+00 -2.551037073135375977e+00 3.121144175529479980e-01 4.660077020525932312e-02 -7.212502360343933105e-01 -4.820320904254913330e-01 4.974366128444671631e-01 1.563763022422790527e-01
-4.024244785308837891e+00 -2.675512552261352539e+00 3.713501989841461182e-01 4.296617954969406128e-02 -5.242782831192016602e-01 5.143054127693176270e-01 6.786915063858032227e-01 2.821409106254577637e-01
-4.152727603912353516e+00 -2.499236106872558594e+00 5.467915534973144531e-01 3.823967650532722473e-02 -7.237103581428527832e-01 6.137404441833496094e-01 3.155407011508941650e-01 1.684690117835998535e-01
-4.307849407196044922e+00 -2.399286270141601562e+00 6.356222033500671387e-01 2.897856757044792175e-02 -7.331914305686950684e-01 3.220574185252189636e-02 -6.792592406272888184e-01 1.254906654357910156e-01
-3.934626102447509766e+00 -3.264348030090332031e+00 1.532027125358581543e+00 3.622924908995628357e-02 2.311892658472061157e-01 7.237531244754791260e-02 -9.702130556106567383e-01 4.615131318569183350e-01
-3.827929019927978516e+00 -3.230945825576782227e+00 1.084261059761047363e+00 3.622924908995628357e-02 -6.747892498970031738e-01 -4.335870146751403809e-01 5.972116589546203613e-01 1.255905926227569580e-01
-3.917159318923950195e+00 -3.269844532012939453e+00 1.121609210968017578e+00 3.622924908995628357e-02 -7.546796202659606934e-01 -6.332177519798278809e-01 -1.717380881309509277e-01 3.751383125782012939e-01
-3.038318157196044922e+00 -3.192651987075805664e+00 1.325740814208984375e+00 1.191406231373548508e-02 -3.018852770328521729e-01 8.613421916961669922e-01 -4.086011350154876709e-01 3.264814913272857666e-01
-3.091086626052856445e+00 -2.905070304870605469e+00 1.190646529197692871e+00 1.191406231373548508e-02 -1.402309089899063110e-01 8.963249921798706055e-01 -4.206385910511016846e-01 1.230832487344741821e-01
-3.099882125854492188e+00 -2.790670394897460938e+00 1.147269129753112793e+00 1.191406231373548508e-02 -1.701489388942718506e-01 9.428924322128295898e-01 -2.863619029521942139e-01 1.646493822336196899e-01
-3.119914293289184570e+00 -2.585391283035278320e+00 1.078106045722961426e+00 1.191406231373548508e-02 -8.949056863784790039e-01 2.914676964282989502e-01 3.379206359386444092e-01 2.861269712448120117e-01
-2.920489072799682617e+00 -3.057250976562500000e+00 6.753156781196594238e-01 2.499999944120645523e-03 -3.931255638599395752e-01 4.744252562522888184e-02 9.182600378990173340e-01 6.302068233489990234e-01
-3.159549474716186523e+00 -3.017620325088500977e+00 1.249176263809204102e+00 2.499999944120645523e-03 3.152839243412017822e-01 1.811169981956481934e-01 9.315539002418518066e-01 2.879148125648498535e-01
-3.024881601333618164e+00 -3.288633108139038086e+00 1.560006022453308105e+00 2.499999944120645523e-03 -9.642540216445922852e-01 2.278792858123779297e-01 1.352228969335556030e-01 2.175241559743881226e-01
-3.228371381759643555e+00 -3.228355169296264648e+00 1.567602038383483887e+00 2.499999944120645523e-03 4.031309187412261963e-01 7.704811692237854004e-01 4.938059151172637939e-01 4.533727765083312988e-01
-3.516668081283569336e+00 -3.111491203308105469e+00 1.653596401214599609e+00 3.804968902841210365e-03 -2.636818587779998779e-01 -9.312958717346191406e-01 2.513163387775421143e-01 5.399307608604431152e-01
-3.720141410827636719e+00 -3.053966522216796875e+00 1.550772666931152344e+00 2.202925458550453186e-02 1.055007800459861755e-03 -5.785909295082092285e-01 8.156172037124633789e-01 8.194144070148468018e-02
-3.720054864883422852e+00 -3.101377010345458984e+00 1.617605566978454590e+00 2.172462455928325653e-02 1.298739854246377945e-02 5.241517350077629089e-02 9.985409379005432129e-01 1.281759738922119141e-01
-3.750016212463378906e+00 -3.100751638412475586e+00 1.754165887832641602e+00 2.439436689019203186e-02 2.056434601545333862e-01 2.598710060119628906e-01 9.434923529624938965e-01 4.615530669689178467e-01
-3.515872955322265625e+00 -2.640220165252685547e+00 1.619307637214660645e+00 9.179319255053997040e-03 6.625674366950988770e-01 3.787376284599304199e-01 -6.461905837059020996e-01 4.750334024429321289e-01
-3.338342666625976562e+00 -3.595791816711425781e+00 2.059005260467529297e+00 3.398324549198150635e-02 -9.456703066825866699e-01 -2.380699850618839264e-02 3.242543637752532959e-01 2.030927836894989014e-01
-3.530401468276977539e+00 -3.600626945495605469e+00 2.124859094619750977e+00 3.398324549198150635e-02 -1.625235229730606079e-01 -8.616995215415954590e-01 4.806871116161346436e-01 1.941404342651367188e-01
-3.577200651168823242e+00 -3.906427145004272461e+00 1.550252318382263184e+00 2.176329679787158966e-02 4.055158793926239014e-01 -1.061696931719779968e-01 -9.079013466835021973e-01 8.481767773628234863e-02
-3.542805910110473633e+00 -3.915432214736938477e+00 1.473246216773986816e+00 2.119197882711887360e-02 8.270101547241210938e-01 -4.548818469047546387e-01 3.303584754467010498e-01 3.370978832244873047e-01
-3.214268684387207031e+00 -4.055667400360107422e+00 1.568017125129699707e+00 2.939748764038085938e-02 2.248235195875167847e-01 -9.700477719306945801e-01 -9.198768436908721924e-02 2.699046730995178223e-01
-3.151426792144775391e+00 -4.454231262207031250e+00 1.542236924171447754e+00 2.683425694704055786e-02 2.148235887289047241e-01 -3.406374948099255562e-03 9.766469001770019531e-01 2.106748074293136597e-01
-3.105064153671264648e+00 -4.381609439849853516e+00 1.760874032974243164e+00 1.126879174262285233e-02 9.742581844329833984e-01 -5.315611883997917175e-02 2.190786153078079224e-01 1.734913140535354614e-01
-3.743013620376586914e+00 -3.952929258346557617e+00 1.494029760360717773e+00 1.501513458788394928e-02 5.533848702907562256e-02 4.871284663677215576e-01 -8.715752959251403809e-01 4.931149482727050781e-01
-4.611086845397949219e+00 -3.938254833221435547e+00 1.633600950241088867e+00 1.314869709312915802e-02 -9.842318296432495117e-01 -4.746126383543014526e-02 1.703969240188598633e-01 1.885955482721328735e-01
-4.740709781646728516e+00 -3.959033727645874023e+00 1.712329506874084473e+00 1.314869709312915802e-02 -2.287976890802383423e-01 8.419084548950195312e-01 4.887143969535827637e-01 4.438092410564422607e-01
-4.188119411468505859e+00 -4.173774719238281250e+00 1.352541327476501465e+00 2.765346132218837738e-02 3.494589328765869141e-01 -8.918322324752807617e-01 -2.872520387172698975e-01 1.171847954392433167e-01
-4.159774303436279297e+00 -4.247888565063476562e+00 1.311646461486816406e+00 2.765346132218837738e-02 -9.092193245887756348e-01 -4.024471640586853027e-01 -1.065671369433403015e-01 1.130716800689697266e-01
-4.241879940032958984e+00 -4.350754737854003906e+00 1.325906872749328613e+00 2.900540828704833984e-02 -8.691621422767639160e-01 -4.276137650012969971e-01 -2.484021782875061035e-01 3.339271545410156250e-01
-3.453142166137695312e+00 -4.395382404327392578e+00 2.419386625289916992e+00 4.517861083149909973e-02 -6.957619190216064453e-01 3.074568808078765869e-01 -6.491422057151794434e-01 2.617628872394561768e-01
-3.632120609283447266e+00 -4.093346595764160156e+00 2.791143894195556641e+00 3.846924751996994019e-02 3.834536671638488770e-01 -4.136509299278259277e-01 8.257458209991455078e-01 3.802883625030517578e-01
-3.706005811691284180e+00 -3.892758607864379883e+00 3.023680448532104492e+00 1.373336836695671082e-02 -2.555499374866485596e-01 -8.942123651504516602e-01 3.675302863121032715e-01 1.938829869031906128e-01
-3.713867902755737305e+00 -4.069252967834472656e+00 3.030130863189697266e+00 1.373336836695671082e-02 7.005759477615356445e-01 5.747369527816772461e-01 4.229311048984527588e-01 3.505276441574096680e-01
-3.659868240356445312e+00 -3.922805070877075195e+00 2.988783121109008789e+00 9.793961420655250549e-03 4.055798649787902832e-01 -3.666634261608123779e-01 8.372949957847595215e-01 1.110660359263420105e-01
-3.639456272125244141e+00 -3.956520080566406250e+00 3.085209131240844727e+00 9.793961420655250549e-03 1.111290045082569122e-02 -4.078617691993713379e-01 9.129760861396789551e-01 4.765695333480834961e-01
-2.339948654174804688e+00 -3.863410234451293945e+00 8.960762619972229004e-01 3.014135546982288361e-02 2.031069397926330566e-01 -1.571624577045440674e-01 -9.664613604545593262e-01 2.271570861339569092e-01
-2.611954689025878906e+00 -4.043769359588623047e+00 1.047815442085266113e+00 5.911437794566154480e-03 4.173764958977699280e-02 -4.877930879592895508e-01 8.719609379768371582e-01 6.453092694282531738e-01
-2.661946058273315430e+00 -4.306002616882324219e+00 1.561987757682800293e+00 8.489985950291156769e-03 1.804402619600296021e-01 7.967047095298767090e-01 5.768041014671325684e-01 2.345393151044845581e-01
-2.337727308273315430e+00 -3.936086654663085938e+00 9.337595701217651367e-01 1.502583548426628113e-02 -5.652347803115844727e-01 -5.849245786666870117e-01 -5.816982984542846680e-01 3.007825911045074463e-01
-2.453443765640258789e+00 -4.069006443023681641e+00 9.778020977973937988e-01 2.722623199224472046e-02 6.511155366897583008e-01 -7.555795311927795410e-01 -7.175055891275405884e-02 9.950168430805206299e-02
-2.388656616210937500e+00 -4.144187927246093750e+00 9.706627726554870605e-01 2.722623199224472046e-02 -2.390872836112976074e-01 1.547948718070983887e-01 9.585801362991333008e-01 1.667470037937164307e-01
-1.903247714042663574e+00 -4.203361034393310547e+00 1.422200679779052734e+00 2.499999944120645523e-03 7.927656769752502441e-01 -2.720190882682800293e-01 -5.454614758491516113e-01 3.850626945495605469e-01
-1.661076903343200684e+00 -4.249956130981445312e+00 1.191420674324035645e+00 2.499999944120645523e-03 -5.999605655670166016e-01 -4.048185050487518311e-01 6.900502443313598633e-01 2.219865769147872925e-01
-2.753603935241699219e+00 -2.169342041015625000e+00 1.123441815376281738e+00 7.270646281540393829e-03 6.382213234901428223e-01 1.604626625776290894e-01 7.529444098472595215e-01 2.397143691778182983e-01
-2.604054927825927734e+00 -2.124782323837280273e+00 1.296497702598571777e+00 7.270646281540393829e-03 2.136717885732650757e-01 8.017214536666870117e-01 5.581998825073242188e-01 1.266166865825653076e-01
-2.761788845062255859e+00 -2.192212820053100586e+00 1.126510977745056152e+00 2.842200733721256256e-02 4.583996236324310303e-01 -9.490106999874114990e-02 8.836648464202880859e-01 2.188674211502075195e-01
-2.680192470550537109e+00 -2.180376291275024414e+00 1.308740735054016113e+00 2.682808414101600647e-02 -4.853291511535644531e-01 2.076464146375656128e-02 8.740848898887634277e-01 9.028918296098709106e-02
-2.730503320693969727e+00 -2.195718526840209961e+00 1.390298843383789062e+00 2.562981657683849335e-02 1.765406429767608643e-01 8.369366824626922607e-02 9.807286858558654785e-01 1.175118088722229004e-01
-2.733554601669311523e+00 -2.178522348403930664e+00 1.508944749832153320e+00 1.988583244383335114e-02 1.330479830503463745e-01 -2.732164040207862854e-02 9.907329678535461426e-01 3.459933996200561523e-01
-2.670849800109863281e+00 -2.235259771347045898e+00 1.856563687324523926e+00 1.605094783008098602e-02 7.929805517196655273e-01 2.215897589921951294e-01 -5.675207972526550293e-01 1.545618921518325806e-01
-2.416468381881713867e+00 -1.728388190269470215e+00 3.357595682144165039e+00 6.112490594387054443e-02 -4.336061179637908936e-01 -8.220644593238830566e-01 3.690470755100250244e-01 3.409463465213775635e-01
-2.572065591812133789e+00 -2.003025293350219727e+00 3.495303392410278320e+00 6.112490594387054443e-02 3.996401429176330566e-01 -6.990476250648498535e-01 5.929757356643676758e-01 3.424322307109832764e-01
-2.465826749801635742e+00 -2.196042060852050781e+00 3.688619852066040039e+00 3.199760988354682922e-02 -5.369204282760620117e-01 -4.976131319999694824e-01 -6.812471151351928711e-01 1.632909327745437622e-01
-2.565705537796020508e+00 -2.277642726898193359e+00 3.580871820449829102e+00 3.948706761002540588e-02 -2.753682732582092285e-01 6.996965035796165466e-03 -9.613133668899536133e-01 1.270330101251602173e-01
-2.035294771194458008e+00 -1.930500030517578125e+00 3.758500576019287109e+00 3.059566952288150787e-02 9.381977915763854980e-01 2.049309611320495605e-01 -2.789053618907928467e-01 5.533615127205848694e-02
-1.983378410339355469e+00 -1.919160008430480957e+00 3.743067026138305664e+00 3.059566952288150787e-02 1.716456264257431030e-01 7.959606051445007324e-01 5.805036425590515137e-01 2.168191522359848022e-01
-2.045224428176879883e+00 -2.169461011886596680e+00 3.755714893341064453e+00 2.378457412123680115e-02 1.473673135042190552e-01 -6.577028632164001465e-01 -7.387217283248901367e-01 2.170057892799377441e-01
-1.997463464736938477e+00 -2.309425115585327148e+00 3.585856199264526367e+00 2.378457412123680115e-02 2.367158532142639160e-01 7.564091682434082031e-01 6.097629070281982422e-01 2.667525112628936768e-01
-1.885105490684509277e+00 -2.135818481445312500e+00 3.767137289047241211e+00 3.039956279098987579e-02 5.448471903800964355e-01 8.109849095344543457e-01 -2.131782770156860352e-01 1.828815639019012451e-01
-2.390202522277832031e+00 -1.352226376533508301e+00 2.977648496627807617e+00 2.499999944120645523e-03 -8.828301429748535156e-01 3.103724718093872070e-01 3.525335788726806641e-01 1.194479838013648987e-01
-2.445857286453247070e+00 -1.261339902877807617e+00 2.944013833999633789e+00 2.499999944120645523e-03 1.098259240388870239e-01 7.747621536254882812e-01 6.226410269737243652e-01 4.280171692371368408e-01
-2.421135425567626953e+00 -1.520265221595764160e+00 3.470984458923339844e+00 1.103872805833816528e-02 -6.749629229307174683e-02 -2.872664332389831543e-01 9.554696679115295410e-01 1.116926670074462891e-01
-2.431382179260253906e+00 -1.573180556297302246e+00 3.617302417755126953e+00 1.103872805833816528e-02 -9.929264187812805176e-01 -6.264782696962356567e-02 -1.008584797382354736e-01 4.605239033699035645e-01
-3.101921796798706055e+00 -1.524568915367126465e+00 2.743176698684692383e+00 1.095803268253803253e-02 5.979011654853820801e-01 -7.509642839431762695e-01 2.802977263927459717e-01 5.299501419067382812e-01
-2.762176513671875000e+00 -1.982863545417785645e+00 2.875847101211547852e+00 1.095803268253803253e-02 7.159761190414428711e-01 8.946519345045089722e-02 6.923685669898986816e-01 2.321540713310241699e-01
-2.342189073562622070e+00 -2.258275032043457031e+00 3.329881429672241211e+00 7.600286044180393219e-03 -3.230075836181640625e-01 -9.418969154357910156e-01 9.217514842748641968e-02 3.991444408893585205e-01
-2.312316894531250000e+00 -2.281385183334350586e+00 3.441494464874267578e+00 2.591246366500854492e-02 -3.536174297332763672e-01 -6.026646494865417480e-01 7.153670787811279297e-01 2.587994337081909180e-01
-2.395427703857421875e+00 -2.470011472702026367e+00 3.653135299682617188e+00 2.390430122613906860e-02 -5.323774814605712891e-01 -6.118200421333312988e-01 -5.850217938423156738e-01 1.528515964746475220e-01
-2.461891174316406250e+00 -2.559737443923950195e+00 3.565886735916137695e+00 3.064280189573764801e-02 -1.831583827733993530e-01 9.195405840873718262e-01 -3.477040827274322510e-01 1.972368955612182617e-01
-1.887857079505920410e+00 -2.721731424331665039e+00 3.107358217239379883e+00 3.270548582077026367e-02 -2.306640595197677612e-01 3.230393230915069580e-01 9.178451299667358398e-01 1.730841249227523804e-01
-1.927781462669372559e+00 -2.665818452835083008e+00 3.266222715377807617e+00 3.270548582077026367e-02 7.884736657142639160e-01 6.703080981969833374e-02 6.114050149917602539e-01 2.464903295040130615e-01
-1.978575348854064941e+00 -2.882741689682006836e+00 3.065185308456420898e+00 2.391605824232101440e-02 -2.980505824089050293e-01 -6.553792357444763184e-01 6.940056681632995605e-01 2.997039854526519775e-01
-2.520887613296508789e+00 -2.681554794311523438e+00 2.740979433059692383e+00 4.437929391860961914e-02 4.765640199184417725e-02 2.209648936986923218e-01 9.741167426109313965e-01 3.843254148960113525e-01
-2.502572059631347656e+00 -2.596632480621337891e+00 3.115357398986816406e+00 4.437929391860961914e-02 -6.745879650115966797e-01 1.543098390102386475e-01 7.218861579895019531e-01 5.308318883180618286e-02
-2.588812351226806641e+00 -2.138984918594360352e+00 2.824504852294921875e+00 5.963711440563201904e-02 -4.495507478713989258e-01 6.965389847755432129e-01 -5.592294335365295410e-01 2.198789715766906738e-01
-2.698410511016845703e+00 -1.997429370880126953e+00 2.709170341491699219e+00 5.963711440563201904e-02 -5.208376646041870117e-01 -7.639176398515701294e-02 -8.502308130264282227e-01 3.148582279682159424e-01
-2.933260679244995117e+00 -2.063785076141357422e+00 2.485024213790893555e+00 3.170607239007949829e-02 -5.700589418411254883e-01 1.176595017313957214e-01 -8.131353259086608887e-01 1.190832629799842834e-01
-2.974552392959594727e+00 -1.930830717086791992e+00 2.365726232528686523e+00 5.963711440563201904e-02 -5.094563364982604980e-01 -4.837953671813011169e-02 -8.591353893280029297e-01 4.575417637825012207e-01
-2.547721385955810547e+00 -2.249062776565551758e+00 2.261495828628540039e+00 3.193892166018486023e-02 -9.995371103286743164e-01 -2.151286229491233826e-02 2.151153236627578735e-02 9.250169247388839722e-02
-2.582152128219604492e+00 -2.254582881927490234e+00 2.220195293426513672e+00 1.381131168454885483e-02 2.301392853260040283e-01 8.005765676498413086e-01 -5.532748699188232422e-01 3.122242391109466553e-01
-2.457893133163452148e+00 -1.987702965736389160e+00 2.047153234481811523e+00 1.381131168454885483e-02 2.052645832300186157e-01 -6.485506296157836914e-01 -7.329723834991455078e-01 1.984407305717468262e-01
-1.559328675270080566e+00 -2.200644493103027344e+00 2.881338119506835938e+00 1.564748771488666534e-02 2.398613393306732178e-01 9.297047853469848633e-01 -2.794916033744812012e-01 7.913161069154739380e-02
-1.498366236686706543e+00 -2.115868568420410156e+00 2.846449136734008789e+00 1.564748771488666534e-02 -7.852704823017120361e-02 -6.070588827133178711e-01 -7.907673716545104980e-01 3.405535519123077393e-01
-2.032226085662841797e+00 -2.400557041168212891e+00 2.318585872650146484e+00 5.698983371257781982e-02 9.872193336486816406e-01 -1.466684192419052124e-01 6.234114989638328552e-02 1.630943864583969116e-01
-1.883718371391296387e+00 -2.461852550506591797e+00 2.303104400634765625e+00 5.697228759527206421e-02 5.044410824775695801e-01 -5.969007611274719238e-01 6.238979697227478027e-01 3.283295631408691406e-01
-1.710388183593750000e+00 -2.669253110885620117e+00 2.485165834426879883e+00 5.694361403584480286e-02 2.920822799205780029e-01 -8.117454051971435547e-01 5.057246088981628418e-01 2.777285277843475342e-01
-1.604422092437744141e+00 -2.881047010421752930e+00 2.637938976287841797e+00 5.687095597386360168e-02 2.702786624431610107e-01 -8.679491877555847168e-01 4.166697561740875244e-01 3.837292492389678955e-01
-1.473037719726562500e+00 -3.215725421905517578e+00 2.756549358367919922e+00 5.654246732592582703e-02 7.603710293769836426e-01 -3.827289640903472900e-01 5.247422456741333008e-01 3.592385351657867432e-01
-1.337722778320312500e+00 -3.434502840042114258e+00 3.014038324356079102e+00 5.620292946696281433e-02 6.115463376045227051e-01 -5.841962099075317383e-01 5.335970520973205566e-01 2.493228912353515625e-01
-1.376872301101684570e+00 -3.584480524063110352e+00 3.204026699066162109e+00 5.592963844537734985e-02 2.595616579055786133e-01 3.503139615058898926e-01 8.999488353729248047e-01 1.812571287155151367e-01
-1.282199859619140625e+00 -3.461071968078613281e+00 3.417715311050415039e+00 5.531893670558929443e-02 -7.897465229034423828e-01 1.200496032834053040e-01 6.015717387199401855e-01 5.367070436477661133e-01
-1.755601167678833008e+00 -3.395576000213623047e+00 3.704494476318359375e+00 4.183321818709373474e-02 -4.524900019168853760e-01 -6.581715941429138184e-01 6.017166376113891602e-01 1.338220834732055664e-01
-1.764986872673034668e+00 -3.490367650985717773e+00 3.813132762908935547e+00 5.404974147677421570e-02 -2.684600651264190674e-01 7.046256065368652344e-01 6.568347811698913574e-01 1.658467948436737061e-01
-1.816828966140747070e+00 -3.394706249237060547e+00 3.979007482528686523e+00 5.392627418041229248e-02 3.681403994560241699e-01 8.548813462257385254e-01 3.655824363231658936e-01 5.881611704826354980e-01
-1.603630304336547852e+00 -2.861603975296020508e+00 4.201555252075195312e+00 5.302504450082778931e-02 2.685833871364593506e-01 -2.043588310480117798e-01 9.413290619850158691e-01 1.724424511194229126e-01
-1.507923364639282227e+00 -2.916664361953735352e+00 4.362016201019287109e+00 5.017039924860000610e-02 3.609412908554077148e-01 8.671973943710327148e-01 3.430599272251129150e-01 1.076987236738204956e-01
-1.479129910469055176e+00 -2.487109661102294922e+00 4.510065078735351562e+00 4.183321818709373474e-02 7.601469159126281738e-01 -1.832369714975357056e-01 6.233785748481750488e-01 6.035943031311035156e-01
-1.025420427322387695e+00 -2.637743234634399414e+00 4.865086078643798828e+00 5.233090370893478394e-02 9.917265176773071289e-01 -1.283278316259384155e-01 3.236501943320035934e-03 1.481880396604537964e-01
-8.683974146842956543e-01 -2.675291776657104492e+00 4.872207164764404297e+00 5.042232573032379150e-02 8.682764172554016113e-01 4.925519227981567383e-01 5.906508490443229675e-02 2.330006361007690430e-01
-6.611856222152709961e-01 -2.571788311004638672e+00 4.882764339447021484e+00 5.125466361641883850e-02 -1.987064182758331299e-01 -3.473175764083862305e-01 9.164530634880065918e-01 8.674423396587371826e-02
-6.061196327209472656e-01 -2.626745700836181641e+00 5.014375209808349609e+00 4.844422638416290283e-02 -6.236698031425476074e-01 -3.097500801086425781e-01 7.176982760429382324e-01 4.011430442333221436e-01
-9.500833749771118164e-01 -2.750370502471923828e+00 5.286357879638671875e+00 4.808650165796279907e-02 -1.655891686677932739e-01 -1.873951256275177002e-01 9.682269096374511719e-01 2.168034464120864868e-01
-1.056465983390808105e+00 -2.195332050323486328e+00 3.189295768737792969e+00 1.663797907531261444e-02 -2.238449305295944214e-01 -9.543613195419311523e-01 -1.977066695690155029e-01 2.881123721599578857e-01
-1.136420488357543945e+00 -2.474858522415161133e+00 3.142268657684326172e+00 1.663797907531261444e-02 4.846045672893524170e-01 2.078354209661483765e-01 8.496840000152587891e-01 2.329953908920288086e-01
-1.015440464019775391e+00 -2.445415258407592773e+00 3.328624725341796875e+00 1.680242829024791718e-02 8.296656608581542969e-01 1.112953573465347290e-02 5.581496357917785645e-01 1.271362006664276123e-01
-9.116468429565429688e-01 -2.169670343399047852e+00 3.224848270416259766e+00 3.312798216938972473e-02 -8.966333866119384766e-01 -2.082625925540924072e-01 3.907367885112762451e-01 3.699173331260681152e-01
-1.256119489669799805e+00 -2.262388467788696289e+00 3.380273818969726562e+00 2.824390679597854614e-02 3.633004426956176758e-01 3.128531873226165771e-01 8.775737285614013672e-01 1.293335407972335815e-01
-1.208191514015197754e+00 -2.220703840255737305e+00 3.490421056747436523e+00 3.735280036926269531e-02 -9.654329419136047363e-01 1.395971328020095825e-01 -2.201179862022399902e-01 4.765813425183296204e-02
-1.311299204826354980e+00 -2.258933782577514648e+00 3.500831127166748047e+00 5.860274285078048706e-02 -6.383746266365051270e-01 5.725119113922119141e-01 -5.144977569580078125e-01 1.393571496009826660e-01
-1.018337845802307129e+00 -2.115006923675537109e+00 3.268018484115600586e+00 1.759614795446395874e-02 -5.439383983612060547e-01 2.286261171102523804e-01 8.073791861534118652e-01 1.883265078067779541e-01
-1.120775818824768066e+00 -2.071950435638427734e+00 3.420069456100463867e+00 1.759614795446395874e-02 -5.546038746833801270e-01 -2.190954685211181641e-01 8.027526140213012695e-01 1.960090696811676025e-01
-8.459582328796386719e-01 -2.050283193588256836e+00 3.248814821243286133e+00 3.733411803841590881e-02 9.410463571548461914e-01 -7.048094272613525391e-02 3.308536708354949951e-01 4.095967113971710205e-01
-8.911049365997314453e-01 -2.071622133255004883e+00 3.279419183731079102e+00 3.683960810303688049e-02 1.875027269124984741e-01 5.485057234764099121e-01 8.148522377014160156e-01 7.868203520774841309e-02
-8.763518333435058594e-01 -2.028464794158935547e+00 3.343533515930175781e+00 3.539882972836494446e-02 4.116705358028411865e-01 -9.112308025360107422e-01 1.362974196672439575e-02 1.723164916038513184e-01
-6.907080411911010742e-01 -2.194710731506347656e+00 3.351698875427246094e+00 5.860274285078048706e-02 -7.918694615364074707e-02 -9.966737031936645508e-01 -1.925954967737197876e-02 2.897461056709289551e-01
-7.854272127151489258e-01 -2.492673873901367188e+00 3.304779291152954102e+00 5.860274285078048706e-02 -1.130722686648368835e-01 -9.101895093917846680e-01 3.984592258930206299e-01 1.372818499803543091e-01
-1.092534512281417847e-01 -1.827457189559936523e+00 3.188560724258422852e+00 2.126686275005340576e-02 5.453996062278747559e-01 3.446058332920074463e-01 -7.640589475631713867e-01 3.474856913089752197e-01
8.092235028743743896e-02 -1.718796730041503906e+00 2.919394731521606445e+00 9.432883001863956451e-03 -2.149590551853179932e-01 2.951624691486358643e-01 -9.309520721435546875e-01 2.813788950443267822e-01
-1.889163628220558167e-02 -1.714700818061828613e+00 3.283882379531860352e+00 9.938316047191619873e-02 -4.355260729789733887e-01 8.654863834381103516e-01 2.474881857633590698e-01 5.070237517356872559e-01
-2.491981685161590576e-01 -1.300107717514038086e+00 3.434712648391723633e+00 9.938316047191619873e-02 -8.830001205205917358e-02 7.363517284393310547e-01 6.708123683929443359e-01 1.846243888139724731e-01
-2.271760553121566772e-01 -1.060105562210083008e+00 3.579528570175170898e+00 9.938316047191619873e-02 -7.531553972512483597e-03 -1.948638707399368286e-01 9.808014035224914551e-01 2.724756896495819092e-01
-2.254818975925445557e-01 -1.144484281539916992e+00 3.903298377990722656e+00 9.938316047191619873e-02 -9.119392633438110352e-01 3.304105699062347412e-01 2.433014661073684692e-01 1.978852450847625732e-01
-3.752146363258361816e-01 -1.118031978607177734e+00 3.988185882568359375e+00 9.938316047191619873e-02 -2.843786180019378662e-01 5.297033190727233887e-01 7.990890145301818848e-01 2.422453761100769043e-01
-2.379325181245803833e-01 -1.029048323631286621e+00 4.158837795257568359e+00 9.938316047191619873e-02 2.153715044260025024e-01 8.182107210159301758e-01 5.330537557601928711e-01 3.565067350864410400e-01
-1.960241943597793579e-01 -7.085241675376892090e-01 4.404588222503662109e+00 9.938316047191619873e-02 1.018151268362998962e-01 9.081206917762756348e-01 -4.061410129070281982e-01 8.441621065139770508e-02
-2.858087122440338135e-01 -5.007544755935668945e-01 4.452438831329345703e+00 9.938316047191619873e-02 4.264692068099975586e-01 6.879148483276367188e-01 -5.872794985771179199e-01 1.508312523365020752e-01
-2.144962251186370850e-01 -3.716830313205718994e-01 4.397021293640136719e+00 9.938316047191619873e-02 9.737443327903747559e-01 2.728763036429882050e-02 -2.260029762983322144e-01 4.384288191795349121e-01
2.085495293140411377e-01 -3.961763083934783936e-01 4.341929912567138672e+00 9.938316047191619873e-02 -2.096010297536849976e-01 7.618653178215026855e-01 6.128854751586914062e-01 2.048098593950271606e-01
-2.827540636062622070e+00 -2.692584037780761719e+00 2.996232986450195312e+00 1.556245237588882446e-02 6.119583845138549805e-01 2.312258183956146240e-01 7.563343048095703125e-01 3.148124814033508301e-01
-2.936074733734130859e+00 -2.778225660324096680e+00 2.789555311203002930e+00 4.733693972229957581e-02 -1.774428635835647583e-01 8.888490796089172363e-01 -4.224468171596527100e-01 2.345783114433288574e-01
-3.033798217773437500e+00 -2.538546800613403320e+00 2.714477777481079102e+00 4.524284228682518005e-02 -3.496957942843437195e-02 5.697165727615356445e-01 -8.210968971252441406e-01 2.592217326164245605e-01
-3.062543869018554688e+00 -2.436774492263793945e+00 2.521799564361572266e+00 4.160736873745918274e-02 -5.523568987846374512e-01 5.222169756889343262e-01 6.497624516487121582e-01 2.927052378654479980e-01
-3.224938631057739258e+00 -2.252947807312011719e+00 2.663195133209228516e+00 3.722449019551277161e-02 -9.518139958381652832e-01 2.524016201496124268e-01 1.741939187049865723e-01 1.988740563392639160e-01
-3.393594264984130859e+00 -2.126143693923950195e+00 2.719549179077148438e+00 3.462569043040275574e-02 -9.079266786575317383e-01 3.209558427333831787e-01 -2.695486843585968018e-01 1.280159801244735718e-01
-3.547985553741455078e+00 -2.185340404510498047e+00 2.709967136383056641e+00 3.311904519796371460e-02 -9.045325517654418945e-01 2.602640986442565918e-01 -3.377625048160552979e-01 2.185060977935791016e-01
-3.716312885284423828e+00 -2.146656274795532227e+00 2.586758136749267578e+00 2.959261648356914520e-02 -8.454737663269042969e-01 7.381562143564224243e-02 -5.288907289505004883e-01 1.983224749565124512e-01
-3.888898134231567383e+00 -2.076117992401123047e+00 2.528758764266967773e+00 1.805253513157367706e-02 -8.580885529518127441e-01 2.836951315402984619e-01 -4.280199706554412842e-01 4.578054547309875488e-01
-2.878382205963134766e+00 -2.745590925216674805e+00 2.850459575653076172e+00 4.733693972229957581e-02 2.385239452123641968e-01 1.804392188787460327e-01 -9.542263746261596680e-01 2.024647891521453857e-01
-2.826419591903686523e+00 -2.686553239822387695e+00 2.673093557357788086e+00 4.688849300146102905e-02 1.420423388481140137e-01 -5.849090814590454102e-01 7.985645532608032227e-01 1.669534295797348022e-01
-2.808153390884399414e+00 -2.786712884902954102e+00 2.803768396377563477e+00 4.595671221613883972e-02 2.635310590267181396e-01 -9.101970195770263672e-01 3.195196688175201416e-01 2.984070777893066406e-01
-2.804971694946289062e+00 -3.441893339157104492e+00 2.771610736846923828e+00 4.142845049500465393e-02 -8.509634435176849365e-02 -2.991839647293090820e-01 9.503933787345886230e-01 2.706724405288696289e-01
-2.834652900695800781e+00 -3.637905359268188477e+00 2.972662925720214844e+00 4.088863730430603027e-02 1.128740757703781128e-01 -4.413830637931823730e-01 8.901912569999694824e-01 1.326649636030197144e-01
-2.812898874282836914e+00 -3.694322347640991211e+00 3.088817834854125977e+00 3.375289589166641235e-02 3.826131224632263184e-01 -5.179290175437927246e-01 7.650861144065856934e-01 1.746618598699569702e-01
-2.703465223312377930e+00 -3.791666984558105469e+00 3.316630601882934570e+00 2.743487060070037842e-02 2.370983660221099854e-01 -9.552140831947326660e-01 -1.770605891942977905e-01 3.141200840473175049e-01
-2.607867240905761719e+00 -4.079733848571777344e+00 3.280635118484497070e+00 2.681674435734748840e-02 3.850746750831604004e-01 -9.118243455886840820e-01 1.424566358327865601e-01 1.799987554550170898e-01
-3.636586666107177734e+00 -3.267672777175903320e+00 3.498388290405273438e+00 3.417804138734936714e-03 3.123295009136199951e-01 9.075100421905517578e-01 -2.808482944965362549e-01 3.896015882492065430e-01
-3.576871395111083984e+00 -2.937835931777954102e+00 3.406906604766845703e+00 3.417804138734936714e-03 -3.393590450286865234e-01 1.897938251495361328e-01 -9.213109016418457031e-01 5.426976680755615234e-01
-3.456839323043823242e+00 -3.035318851470947266e+00 3.033689737319946289e+00 1.435491070151329041e-02 1.479362975805997849e-02 -9.862589836120605469e-01 1.645428538322448730e-01 2.215981334447860718e-01
-3.527360439300537109e+00 -3.372380256652832031e+00 3.499409198760986328e+00 2.580726146697998047e-02 9.766597747802734375e-01 -1.948778629302978516e-01 9.032347798347473145e-02 5.537422001361846924e-02
-3.473278760910034180e+00 -3.383171319961547852e+00 3.504410743713378906e+00 2.580726146697998047e-02 4.886526241898536682e-02 -5.620754957199096680e-01 -8.256411552429199219e-01 6.686439365148544312e-02
-3.433745622634887695e+00 -3.449381113052368164e+00 3.394563674926757812e+00 3.885334730148315430e-02 -8.489902615547180176e-01 -7.798894494771957397e-02 -5.226215720176696777e-01 1.295612305402755737e-01
-3.563547134399414062e+00 -3.509707450866699219e+00 3.315284490585327148e+00 3.253625333309173584e-02 -8.179951906204223633e-01 4.144556522369384766e-01 -3.988863825798034668e-01 1.890462487936019897e-01
-3.612463235855102539e+00 -3.448988676071166992e+00 2.978340148925781250e+00 3.293595463037490845e-02 -7.203427553176879883e-01 6.088705658912658691e-01 -3.322391808032989502e-01 2.195090204477310181e-01
-3.528345823287963867e+00 -3.171281337738037109e+00 3.179928302764892578e+00 1.163467019796371460e-02 1.367832422256469727e-01 5.400696396827697754e-01 -8.304306864738464355e-01 4.398521780967712402e-01
-3.647736787796020508e+00 -3.474509000778198242e+00 3.853383779525756836e+00 1.898324862122535706e-02 -2.880930900573730469e-01 6.738789081573486328e-01 -6.803598999977111816e-01 6.979941576719284058e-02
-3.689704656600952148e+00 -3.430503606796264648e+00 3.790012836456298828e+00 1.898324862122535706e-02 -4.290933907032012939e-01 -5.713357925415039062e-01 6.996100544929504395e-01 1.399254798889160156e-01
-3.799388170242309570e+00 -3.514425277709960938e+00 3.854371070861816406e+00 1.898324862122535706e-02 -4.382756650447845459e-01 -5.465227961540222168e-01 7.136015892028808594e-01 6.028907299041748047e-01
-3.656888246536254883e+00 -3.399900436401367188e+00 3.600697755813598633e+00 3.164606541395187378e-02 -3.526515364646911621e-01 -8.725166916847229004e-01 3.381590843200683594e-01 1.101974844932556152e-01
-3.412700176239013672e+00 -3.376344203948974609e+00 4.200224399566650391e+00 3.135614842176437378e-02 -3.795800358057022095e-02 -7.896556854248046875e-01 6.123749613761901855e-01 6.753335595130920410e-01
-3.428605794906616211e+00 -3.918683767318725586e+00 4.604977130889892578e+00 3.053776361048221588e-02 3.467209339141845703e-01 -4.352329075336456299e-01 8.308771848678588867e-01 3.835713863372802734e-02
-3.502934694290161133e+00 -3.917282104492187500e+00 4.719168663024902344e+00 4.229261726140975952e-02 5.781384706497192383e-01 -4.098908007144927979e-01 7.055107951164245605e-01 4.181170761585235596e-01
-3.567109584808349609e+00 -4.554491043090820312e+00 5.806176662445068359e+00 4.107744619250297546e-02 9.084492921829223633e-01 9.537678211927413940e-02 4.069682359695434570e-01 8.204458951950073242e-01
-2.906817674636840820e+00 -4.497912883758544922e+00 6.126745223999023438e+00 4.585779085755348206e-02 -1.439040899276733398e-01 -4.326047748327255249e-02 9.886456131935119629e-01 1.594101451337337494e-02
-2.886417865753173828e+00 -4.538281917572021484e+00 6.167981147766113281e+00 3.915689513087272644e-02 -3.448133170604705811e-01 3.595036864280700684e-01 8.670991063117980957e-01 7.838174700736999512e-02
-2.948945760726928711e+00 -4.559023857116699219e+00 6.246076107025146484e+00 3.713662177324295044e-02 -3.235386312007904053e-01 4.112510383129119873e-01 8.521709442138671875e-01 3.685465157032012939e-01
-3.223432779312133789e+00 -4.223587989807128906e+00 6.508746623992919922e+00 3.203187137842178345e-02 -3.541875481605529785e-01 -3.787333518266677856e-02 9.344071745872497559e-01 9.420238137245178223e-01
-3.608940362930297852e+00 -4.264437675476074219e+00 7.450236320495605469e+00 2.789856307208538055e-02 -7.588097453117370605e-01 1.739267557859420776e-01 -6.276601552963256836e-01 3.384726941585540771e-01
-3.832207918167114258e+00 -4.018461227416992188e+00 7.033044815063476562e+00 2.386709302663803101e-02 -9.103386402130126953e-01 -2.201598435640335083e-01 -3.504472076892852783e-01 8.572486639022827148e-01
-4.590665340423583984e+00 -4.573145866394042969e+00 6.793542385101318359e+00 1.815685443580150604e-02 -3.222377002239227295e-01 1.366242319345474243e-01 9.367479085922241211e-01 9.753617048263549805e-01
-4.915459156036376953e+00 -4.447995185852050781e+00 7.735993385314941406e+00 1.939141191542148590e-02 -7.930495142936706543e-01 5.970142483711242676e-01 -1.210224404931068420e-01 5.430076643824577332e-02
-3.019078016281127930e+00 -3.437414407730102539e+00 4.841563224792480469e+00 1.323022227734327316e-02 5.326656699180603027e-01 7.596021294593811035e-01 -3.731914460659027100e-01 1.555804610252380371e-01
-2.949201345443725586e+00 -3.307517290115356445e+00 4.771955490112304688e+00 1.323022227734327316e-02 -7.844842076301574707e-01 -4.575305283069610596e-01 4.186291396617889404e-01 2.384462207555770874e-01
-3.138067245483398438e+00 -3.430107831954956055e+00 4.789846897125244141e+00 1.767709292471408844e-02 -8.799628615379333496e-01 -4.652307033538818359e-01 9.605093300342559814e-02 2.187994122505187988e-01
-3.188532352447509766e+00 -3.467207908630371094e+00 4.502432346343994141e+00 1.595932245254516602e-02 6.460086703300476074e-01 -4.604174196720123291e-01 -6.088420152664184570e-01 1.605208665132522583e-01
-3.083497524261474609e+00 -3.536003351211547852e+00 4.407455444335937500e+00 3.248668462038040161e-02 6.501364707946777344e-01 2.216463685035705566e-01 -7.267705202102661133e-01 1.231834739446640015e-01
-3.005133628845214844e+00 -3.562765359878540039e+00 4.271203041076660156e+00 1.862536370754241943e-02 7.656909227371215820e-01 4.064514636993408203e-01 -4.985124170780181885e-01 5.281696915626525879e-01
-3.116281747817993164e+00 -3.466696977615356445e+00 4.644198417663574219e+00 4.564923420548439026e-02 -7.317261397838592529e-02 -9.898124337196350098e-01 -1.221356168389320374e-01 2.969789206981658936e-01
-3.194765090942382812e+00 -3.475770950317382812e+00 4.697104930877685547e+00 3.633628040552139282e-02 4.381540417671203613e-01 -4.678370654582977295e-01 7.675607800483703613e-01 3.812304139137268066e-01
-2.924395561218261719e+00 -3.482018709182739258e+00 4.770781040191650391e+00 4.085985198616981506e-02 6.305460333824157715e-01 -5.652951002120971680e-01 5.318393707275390625e-01 5.987376570701599121e-01
-2.585855960845947266e+00 -3.820762872695922852e+00 5.150206565856933594e+00 2.952225506305694580e-02 7.158952355384826660e-01 -5.294005274772644043e-01 4.552241861820220947e-01 1.283858865499496460e-01
-2.494758844375610352e+00 -3.885855197906494141e+00 5.211879253387451172e+00 2.890240401029586792e-02 6.869719028472900391e-01 -4.480316936969757080e-01 5.721338987350463867e-01 8.653896301984786987e-02
-2.434723138809204102e+00 -3.924756526947021484e+00 5.260548591613769531e+00 2.463806979358196259e-02 7.223847508430480957e-01 -4.004635810852050781e-01 5.637279152870178223e-01 1.791439056396484375e-01
-2.170796394348144531e+00 -4.127938747406005859e+00 5.116757869720458984e+00 3.277079015970230103e-02 8.274545073509216309e-01 -1.571367830038070679e-01 5.390984416007995605e-01 1.007475331425666809e-01
-2.160218000411987305e+00 -4.050637722015380859e+00 5.418752193450927734e+00 2.463806979358196259e-02 8.608202338218688965e-01 -3.383097350597381592e-01 3.801777064800262451e-01 3.641977310180664062e-01
-2.127792119979858398e+00 -2.970918893814086914e+00 5.363297462463378906e+00 2.570123039186000824e-02 -5.041671991348266602e-01 -5.187042355537414551e-01 -6.904790401458740234e-01 6.982558369636535645e-01
-2.463665962219238281e+00 -3.413859605789184570e+00 4.905264377593994141e+00 2.570123039186000824e-02 -2.802434563636779785e-01 -3.255718350410461426e-01 -9.030318856239318848e-01 3.738090395927429199e-01
-2.425462484359741211e+00 -3.271636724472045898e+00 5.052476406097412109e+00 3.293361887335777283e-02 7.967258691787719727e-01 4.018876850605010986e-01 4.513470232486724854e-01 2.213973850011825562e-01
-2.197003602981567383e+00 -3.224631547927856445e+00 5.153409957885742188e+00 5.045790970325469971e-02 5.333119034767150879e-01 6.738375425338745117e-01 5.113915801048278809e-01 3.272220492362976074e-01
-2.072984457015991211e+00 -2.998042583465576172e+00 5.449699401855468750e+00 5.045790970325469971e-02 8.963453173637390137e-01 2.876426875591278076e-01 3.373821675777435303e-01 1.599309146404266357e-01
-1.924196958541870117e+00 -2.975962162017822266e+00 5.482044696807861328e+00 5.045790970325469971e-02 9.248778820037841797e-01 3.481910228729248047e-01 -1.528527885675430298e-01 2.356462478637695312e-01
-2.092480897903442383e+00 -3.146298408508300781e+00 5.347504138946533203e+00 4.759792238473892212e-02 3.034899532794952393e-01 -7.995629310607910156e-01 5.182595252990722656e-01 4.628758132457733154e-02
-2.078433036804199219e+00 -3.183308362960815430e+00 5.371492862701416016e+00 4.744621366262435913e-02 -7.919966578483581543e-01 -4.532995223999023438e-01 4.089753925800323486e-01 1.828151941299438477e-01
-2.249364852905273438e+00 -3.320408105850219727e+00 5.471924781799316406e+00 4.380287975072860718e-02 -7.568821310997009277e-01 5.394705533981323242e-01 3.689185976982116699e-01 2.357514351606369019e-01
-2.375114202499389648e+00 -3.170725107192993164e+00 5.503770351409912109e+00 3.769810870289802551e-02 6.913165748119354248e-02 8.987716436386108398e-01 4.329322874546051025e-01 1.936304718255996704e-01
-2.311828851699829102e+00 -3.026104211807250977e+00 5.569918632507324219e+00 1.891607791185379028e-02 -1.313638836145401001e-01 3.375050723552703857e-01 -9.321125745773315430e-01 2.370083928108215332e-01
-1.938647508621215820e+00 -2.873049259185791016e+00 5.637115955352783203e+00 2.556444518268108368e-02 7.171992063522338867e-01 -6.860314011573791504e-01 1.224179565906524658e-01 2.324863970279693604e-01
-1.722662448883056641e+00 -3.088584899902343750e+00 5.624974250793457031e+00 4.732381924986839294e-02 2.395555675029754639e-01 -4.227165281772613525e-01 8.740273714065551758e-01 2.618782818317413330e-01
-1.641023516654968262e+00 -3.343663692474365234e+00 5.867155075073242188e+00 4.732381924986839294e-02 -1.678967662155628204e-02 8.948344737291336060e-02 9.958468079566955566e-01 5.052003860473632812e-01
-1.746834635734558105e+00 -3.378932237625122070e+00 6.370381832122802734e+00 2.583413198590278625e-02 -3.120835423469543457e-01 3.787876963615417480e-01 8.712770938873291016e-01 6.921848058700561523e-01
-1.547953724861145020e+00 -3.452266693115234375e+00 7.194811820983886719e+00 2.710980176925659180e-02 2.404902130365371704e-02 9.996736049652099609e-01 8.620496839284896851e-03 1.249897956848144531e+00
-1.517894864082336426e+00 -2.202776670455932617e+00 7.205586433410644531e+00 2.305562794208526611e-02 -4.250109493732452393e-01 7.192467451095581055e-01 -5.495905876159667969e-01 8.058514446020126343e-02
-1.856796622276306152e+00 -1.951596379280090332e+00 6.948283195495605469e+00 2.066159993410110474e-02 6.646590828895568848e-01 6.581987738609313965e-01 -3.535571992397308350e-01 4.383346140384674072e-01
-1.798837423324584961e+00 -1.615714550018310547e+00 6.617566585540771484e+00 1.475733797997236252e-02 6.065176725387573242e-01 4.281787574291229248e-02 -7.939162254333496094e-01 6.618142127990722656e-01
-1.302297830581665039e+00 -1.570464730262756348e+00 6.060851573944091797e+00 9.210526011884212494e-03 -3.261814117431640625e-01 9.474135935306549072e-02 -9.405475854873657227e-01 2.830152809619903564e-01
-1.843756079673767090e+00 -2.702911376953125000e+00 6.505753517150878906e+00 5.771092139184474945e-03 -9.877970814704895020e-01 1.406261026859283447e-01 6.694225221872329712e-02 4.218744635581970215e-01
-2.246225357055664062e+00 -2.667443513870239258e+00 6.540394306182861328e+00 5.771092139184474945e-03 -7.771621942520141602e-01 -5.475819110870361328e-01 -3.101177513599395752e-01 5.051083564758300781e-01
-1.546556234359741211e+00 -2.819118261337280273e+00 7.010368347167968750e+00 2.233198843896389008e-02 -5.706286430358886719e-01 5.619059801101684570e-01 -5.988694429397583008e-01 5.600677728652954102e-01
-1.866146922111511230e+00 -2.504412889480590820e+00 6.674960613250732422e+00 2.233198843896389008e-02 -5.250688791275024414e-01 2.567093968391418457e-01 -8.114203214645385742e-01 2.699467837810516357e-01
-1.618309736251831055e+00 -3.652616024017333984e+00 7.270392417907714844e+00 3.826013300567865372e-03 -1.100862175226211548e-01 9.455487132072448730e-01 -3.062982857227325439e-01 8.871562480926513672e-01
-1.701304316520690918e+00 -2.814379930496215820e+00 6.990047454833984375e+00 3.826013300567865372e-03 2.147642970085144043e-01 9.295622706413269043e-01 2.996502518653869629e-01 3.020756840705871582e-01
-1.395027399063110352e+00 -3.220444917678833008e+00 7.094051361083984375e+00 2.513452060520648956e-02 7.758791446685791016e-01 -3.552849590778350830e-01 -5.213292241096496582e-01 5.241876468062400818e-02
-1.348120689392089844e+00 -3.242396831512451172e+00 7.071800231933593750e+00 1.863071694970130920e-02 2.982315719127655029e-01 -5.879824757575988770e-01 -7.518873214721679688e-01 5.297397449612617493e-02
-1.461914300918579102e+00 -3.434493780136108398e+00 6.700919628143310547e+00 2.499999944120645523e-03 8.493046760559082031e-01 -5.220069289207458496e-01 -7.867909222841262817e-02 8.084982037544250488e-01
-1.561026573181152344e+00 -3.244712829589843750e+00 7.093499660491943359e+00 2.499999944120645523e-03 -1.259004622697830200e-01 6.775217652320861816e-01 -7.246470451354980469e-01 5.204796791076660156e-01
-3.525854587554931641e+00 -2.025458812713623047e+00 4.337224006652832031e+00 3.620961681008338928e-02 -2.877945899963378906e-01 9.379776716232299805e-01 1.933188736438751221e-01 1.770668923854827881e-01
-3.576813697814941406e+00 -1.859374165534973145e+00 4.371454238891601562e+00 3.620961681008338928e-02 -6.397131681442260742e-01 -6.101738810539245605e-01 -4.673916101455688477e-01 3.438798338174819946e-02
-3.656832695007324219e+00 -1.938128948211669922e+00 4.377418994903564453e+00 3.620961681008338928e-02 -1.934966742992401123e-01 -1.739842891693115234e-01 -9.655508995056152344e-01 2.076270431280136108e-01
-3.678208589553833008e+00 -1.979431986808776855e+00 4.175800800323486328e+00 3.620961681008338928e-02 -4.087898507714271545e-02 7.173115015029907227e-02 -9.965859651565551758e-01 2.881685197353363037e-01
-3.563295841217041016e+00 -2.092249631881713867e+00 4.654312133789062500e+00 2.311110869050025940e-02 5.837662220001220703e-01 -6.419338285923004150e-02 8.093801140785217285e-01 1.253522038459777832e-01
-3.490119457244873047e+00 -2.100296497344970703e+00 4.755769729614257812e+00 2.305863797664642334e-02 8.071767091751098633e-01 -2.606398165225982666e-01 -5.296533703804016113e-01 2.058249525725841522e-02
-3.357566118240356445e+00 -2.164232254028320312e+00 4.655637741088867188e+00 3.335722163319587708e-02 -6.031284332275390625e-01 -7.398871779441833496e-01 -2.979983687400817871e-01 1.292292326688766479e-01
-3.521939754486083984e+00 -2.300134181976318359e+00 4.635402202606201172e+00 3.401922807097434998e-02 8.510478585958480835e-02 2.544027864933013916e-01 9.633464813232421875e-01 2.165534943342208862e-01
-3.491916656494140625e+00 -2.291651487350463867e+00 4.860560894012451172e+00 3.010633960366249084e-02 5.768445730209350586e-01 3.968824446201324463e-01 7.139570713043212891e-01 2.867618203163146973e-01
-3.210588932037353516e+00 -2.180672645568847656e+00 5.092102527618408203e+00 2.897290512919425964e-02 -2.134116142988204956e-01 2.368266582489013672e-01 9.478231072425842285e-01 1.763609349727630615e-01
-3.256831645965576172e+00 -2.040251970291137695e+00 5.281359672546386719e+00 2.828783728182315826e-02 -8.703495860099792480e-01 -1.787043064832687378e-01 4.588642418384552002e-01 2.793636918067932129e-01
-3.555722236633300781e+00 -2.040462255477905273e+00 4.488143920898437500e+00 4.576309584081172943e-03 -4.112647473812103271e-01 8.152319788932800293e-01 4.077475666999816895e-01 1.113832294940948486e-01
-3.685877084732055664e+00 -1.969612121582031250e+00 4.626485347747802734e+00 4.576309584081172943e-03 -4.284996092319488525e-01 -7.215216159820556641e-01 -5.438700914382934570e-01 4.005740582942962646e-01
-3.625728845596313477e+00 -2.033091783523559570e+00 4.704497337341308594e+00 4.102851450443267822e-02 5.467262268066406250e-01 6.232978701591491699e-01 5.590976476669311523e-01 1.696229428052902222e-01
-3.561583757400512695e+00 -1.941330552101135254e+00 4.782200813293457031e+00 4.102851450443267822e-02 5.349846482276916504e-01 -6.159961968660354614e-02 -8.426131606101989746e-01 3.078253865242004395e-01
-3.449937343597412109e+00 -1.971265316009521484e+00 4.530723571777343750e+00 4.102851450443267822e-02 -4.530308768153190613e-02 7.186007499694824219e-01 6.939456462860107422e-01 1.868285387754440308e-01
-3.385219812393188477e+00 -1.863433122634887695e+00 4.723594188690185547e+00 4.102851450443267822e-02 -5.044082924723625183e-02 8.993709087371826172e-01 4.342668354511260986e-01 1.880422681570053101e-01
-3.791692256927490234e+00 -2.008160352706909180e+00 4.733319759368896484e+00 1.423706300556659698e-02 -9.493903517723083496e-01 -2.899336814880371094e-01 -1.208158433437347412e-01 1.136126071214675903e-01
-3.899554967880249023e+00 -2.041100502014160156e+00 4.719593524932861328e+00 1.423706300556659698e-02 -8.956451416015625000e-01 2.146953046321868896e-01 -3.895197808742523193e-01 1.657915115356445312e-01
-3.961003541946411133e+00 -1.778249621391296387e+00 5.056855678558349609e+00 4.628845304250717163e-02 -9.333029985427856445e-01 -3.475039899349212646e-01 9.047909080982208252e-02 1.299935132265090942e-01
-4.082326889038085938e+00 -1.823422908782958984e+00 5.068617343902587891e+00 4.614175856113433838e-02 -7.766339182853698730e-01 3.662017583847045898e-01 -5.125778317451477051e-01 7.025659829378128052e-02
-4.156841278076171875e+00 -1.708390831947326660e+00 4.957958698272705078e+00 4.585403203964233398e-02 -7.957999110221862793e-01 -4.830447733402252197e-01 -3.651989102363586426e-01 6.505685299634933472e-02
-4.193673610687255859e+00 -1.767859697341918945e+00 4.959765434265136719e+00 3.350164741277694702e-02 -8.021471500396728516e-01 -5.748001933097839355e-01 -1.617548316717147827e-01 1.945704370737075806e-01
-4.291776657104492188e+00 -1.855072498321533203e+00 4.912611007690429688e+00 4.236992821097373962e-02 -2.339408248662948608e-01 -6.694890558719635010e-02 -9.699430465698242188e-01 2.906603217124938965e-01
-4.358501911163330078e+00 -1.900710463523864746e+00 4.641066551208496094e+00 3.518531471490859985e-02 1.519381552934646606e-01 -3.579096496105194092e-01 -9.213117957115173340e-01 5.375162959098815918e-01
-4.223054885864257812e+00 -2.136553525924682617e+00 4.163900375366210938e+00 2.320984937250614166e-02 -1.338080912828445435e-01 -5.168219804763793945e-01 -8.455710411071777344e-01 3.275124430656433105e-01
-4.261282920837402344e+00 -2.346700668334960938e+00 3.892054796218872070e+00 2.265919931232929230e-02 9.654152989387512207e-01 1.022918820381164551e-01 -2.398116588592529297e-01 1.108617112040519714e-01
-3.937922954559326172e+00 -1.799344062805175781e+00 5.071852684020996094e+00 4.628845304250717163e-02 -4.802107214927673340e-01 -8.509378433227539062e-01 2.128436565399169922e-01 6.711720675230026245e-02
-3.966109752655029297e+00 -1.872189283370971680e+00 5.085687637329101562e+00 4.628845304250717163e-02 7.881999611854553223e-01 1.857930868864059448e-01 5.867041349411010742e-01 1.511788219213485718e-01
-3.846869230270385742e+00 -1.853533267974853516e+00 5.177874088287353516e+00 4.628845304250717163e-02 9.864649772644042969e-01 -4.933355748653411865e-02 -1.563748866319656372e-01 2.594699561595916748e-01
-3.601990699768066406e+00 -1.889068603515625000e+00 5.135525703430175781e+00 4.628845304250717163e-02 3.631405532360076904e-01 -2.470765113830566406e-01 8.983774781227111816e-01 8.208289742469787598e-02
-3.901129484176635742e+00 -1.691392540931701660e+00 5.077918052673339844e+00 1.584277488291263580e-02 1.551753282546997070e-01 8.935692906379699707e-01 -4.212535023689270020e-01 1.914833337068557739e-01
-3.855886220932006836e+00 -1.552804112434387207e+00 5.022238254547119141e+00 1.584277488291263580e-02 9.285267591476440430e-01 3.513877093791961670e-01 -1.198531985282897949e-01 1.502266824245452881e-01
-4.057015419006347656e+00 -1.516036987304687500e+00 5.341212749481201172e+00 3.074412047863006592e-02 7.478410601615905762e-01 9.116414189338684082e-02 -6.575886607170104980e-01 2.961562573909759521e-01
-3.835537672042846680e+00 -1.489038109779357910e+00 5.146463871002197266e+00 2.840262837707996368e-02 -5.087506175041198730e-01 4.074342846870422363e-01 7.583996653556823730e-01 5.186667665839195251e-02
-3.904096126556396484e+00 -1.494194626808166504e+00 5.201380252838134766e+00 2.409570105373859406e-02 -2.029924243688583374e-01 7.193588018417358398e-01 6.643169522285461426e-01 3.540738224983215332e-01
-3.964721679687500000e+00 -1.243223428726196289e+00 5.461594104766845703e+00 1.696822047233581543e-02 -4.461608082056045532e-02 9.849063158035278320e-01 1.672391891479492188e-01 1.574901640415191650e-01
-4.203559398651123047e+00 -1.484226226806640625e+00 5.409920215606689453e+00 4.467733576893806458e-02 2.458536326885223389e-01 9.640897512435913086e-01 1.004335209727287292e-01 1.147109121084213257e-01
-4.175168991088867188e+00 -1.362612247467041016e+00 5.427850723266601562e+00 4.444740340113639832e-02 5.906272530555725098e-01 -4.131792783737182617e-01 6.931394338607788086e-01 3.000263571739196777e-01
-3.974774360656738281e+00 -1.526966929435729980e+00 5.613746166229248047e+00 4.402721300721168518e-02 5.800650715827941895e-01 -1.080113723874092102e-01 8.073772788047790527e-01 1.952531635761260986e-01
-3.890673398971557617e+00 -1.575835108757019043e+00 5.780438423156738281e+00 4.315407201647758484e-02 4.119952321052551270e-01 -1.391108185052871704e-01 9.005043506622314453e-01 1.473379582166671753e-01
-3.805202722549438477e+00 -1.478035807609558105e+00 6.037617206573486328e+00 4.121360182762145996e-02 6.017293930053710938e-01 -6.353583335876464844e-01 4.839850068092346191e-01 3.429499864578247070e-01
-3.572816133499145508e+00 -1.710497021675109863e+00 6.108126163482666016e+00 4.067920148372650146e-02 -1.612452417612075806e-01 -9.812332391738891602e-01 1.057418137788772583e-01 2.167122066020965576e-01
-3.484224796295166016e+00 -1.865419745445251465e+00 6.215056419372558594e+00 3.505342453718185425e-02 2.455109655857086182e-01 -9.289120435714721680e-01 2.772125005722045898e-01 5.689201354980468750e-01
-3.184034824371337891e+00 -2.411139965057373047e+00 6.409740924835205078e+00 2.627117186784744263e-02 -1.388448476791381836e-01 -9.794982671737670898e-01 1.459629982709884644e-01 4.982137680053710938e-01
-3.213916778564453125e+00 -2.899499416351318359e+00 6.468152999877929688e+00 2.146416343748569489e-02 -1.346158832311630249e-01 -9.284110665321350098e-01 -3.463111817836761475e-01 4.480644166469573975e-01
-3.276962041854858398e+00 -3.313882350921630859e+00 6.293283939361572266e+00 1.534166838973760605e-02 6.307631731033325195e-01 7.755989432334899902e-01 -2.416844479739665985e-02 4.303962886333465576e-01
-4.038320064544677734e+00 -1.504636764526367188e+00 5.385111331939697266e+00 4.501019045710563660e-02 9.672526121139526367e-01 1.997075229883193970e-01 1.566502749919891357e-01 1.550700217485427856e-01
-3.888328313827514648e+00 -1.473668098449707031e+00 5.409402847290039062e+00 4.361776262521743774e-02 9.492537975311279297e-01 -1.609718054533004761e-01 -2.701949775218963623e-01 4.325743913650512695e-01
-3.480710268020629883e+00 -1.527687311172485352e+00 5.287529945373535156e+00 2.798927202820777893e-02 8.369265198707580566e-01 -1.391293201595544815e-02 -5.471383929252624512e-01 8.208362013101577759e-02
-3.318762063980102539e+00 -1.553965806961059570e+00 5.230195522308349609e+00 3.487811982631683350e-02 2.279037088155746460e-01 4.086685180664062500e-01 8.837702870368957520e-01 1.606099456548690796e-01
-3.281052827835083008e+00 -1.482808709144592285e+00 5.367315292358398438e+00 3.602274134755134583e-02 -3.739712834358215332e-01 6.514823436737060547e-01 6.600880622863769531e-01 1.209952980279922485e-01
-3.427995920181274414e+00 -1.337427616119384766e+00 5.395187854766845703e+00 2.516754716634750366e-02 6.274330615997314453e-02 6.721941232681274414e-01 7.377115488052368164e-01 2.516948282718658447e-01
-4.664511680603027344e+00 -1.260408759117126465e+00 5.511604785919189453e+00 1.523769460618495941e-02 -3.580034971237182617e-01 -2.842959463596343994e-01 -8.893870711326599121e-01 9.845044463872909546e-02
-4.303306102752685547e+00 -1.542418122291564941e+00 5.399829387664794922e+00 3.763825073838233948e-02 -8.332667350769042969e-01 -4.651291370391845703e-01 -2.988668382167816162e-01 9.655107557773590088e-02
-4.383758544921875000e+00 -1.587326884269714355e+00 5.370973587036132812e+00 3.717584535479545593e-02 -8.399743437767028809e-01 -1.548913419246673584e-01 -5.200498104095458984e-01 1.406850516796112061e-01
-4.544123649597167969e+00 -1.607806324958801270e+00 5.288891315460205078e+00 4.467733576893806458e-02 1.879957616329193115e-01 -3.037569522857666016e-01 -9.340178370475769043e-01 1.847713291645050049e-01
-4.494827270507812500e+00 -1.683278560638427734e+00 5.125638961791992188e+00 3.527658060193061829e-02 5.759578943252563477e-01 3.981288522481918335e-02 -8.165093064308166504e-01 1.691353619098663330e-01
-4.490237236022949219e+00 -6.654883027076721191e-01 5.933066368103027344e+00 4.200047627091407776e-02 8.332985043525695801e-01 -4.732519090175628662e-01 2.857380807399749756e-01 2.470119148492813110e-01
-4.281515121459960938e+00 -7.619563341140747070e-01 5.975793838500976562e+00 3.990847989916801453e-02 9.184827804565429688e-01 2.673884928226470947e-01 2.913635969161987305e-01 3.664566278457641602e-01
-3.965242624282836914e+00 -5.110350847244262695e-01 6.039622783660888672e+00 3.650575876235961914e-02 9.504447579383850098e-01 1.943655461072921753e-01 2.426455169916152954e-01 1.521204859018325806e-01
-3.529862642288208008e+00 -5.847253203392028809e-01 6.136533260345458984e+00 3.051262721419334412e-02 1.707523912191390991e-01 8.082953691482543945e-01 5.634733438491821289e-01 5.028994083404541016e-01
-3.392997503280639648e+00 -1.162342652678489685e-01 6.240799903869628906e+00 2.699188701808452606e-02 4.305378496646881104e-01 8.079682588577270508e-01 4.022740721702575684e-01 9.564255177974700928e-02
-3.354322671890258789e+00 -4.308722540736198425e-02 6.288491249084472656e+00 1.603029295802116394e-02 5.321362018585205078e-01 7.093061804771423340e-01 4.622940421104431152e-01 4.218545854091644287e-01
-4.533367156982421875e+00 -9.924687743186950684e-01 5.636230468750000000e+00 3.357095643877983093e-02 -6.897806525230407715e-01 -4.209054708480834961e-01 5.891020298004150391e-01 3.984879553318023682e-01
-4.808236122131347656e+00 -1.160194516181945801e+00 5.870980262756347656e+00 3.277495503425598145e-02 1.694961339235305786e-01 -8.116066455841064453e-01 5.590757727622985840e-01 1.531373262405395508e-01
-4.778397560119628906e+00 -1.290733098983764648e+00 5.982304573059082031e+00 2.944248728454113007e-02 -5.106427669525146484e-01 -8.499748706817626953e-01 -1.295633018016815186e-01 3.735921159386634827e-02
-4.869494438171386719e+00 -1.314011216163635254e+00 6.015802383422851562e+00 2.901289798319339752e-02 -2.577840685844421387e-01 -9.248045682907104492e-01 -2.797925472259521484e-01 4.123408198356628418e-01
-4.434130191802978516e+00 -5.247524380683898926e-01 5.759125232696533203e+00 3.182430192828178406e-02 -3.310652971267700195e-01 -5.544152259826660156e-01 7.635571360588073730e-01 4.695439040660858154e-01
-4.617351531982421875e+00 -5.464669466018676758e-01 6.234678745269775391e+00 4.065077751874923706e-02 6.382876038551330566e-01 -2.778250873088836670e-01 7.179151773452758789e-01 2.588122785091400146e-01
-4.503063678741455078e+00 -6.129647493362426758e-01 6.447430133819580078e+00 4.023078456521034241e-02 4.745083153247833252e-01 1.262551695108413696e-01 8.711495399475097656e-01 8.833684027194976807e-02
-4.498977184295654297e+00 -6.877670884132385254e-01 6.626720428466796875e+00 3.058261610567569733e-02 6.134479641914367676e-01 4.782411456108093262e-01 6.284639835357666016e-01 1.009294912219047546e-01
-4.252915859222412109e+00 -5.773175954818725586e-01 6.890549182891845703e+00 3.999022766947746277e-02 7.509407401084899902e-01 -2.352367490530014038e-01 -6.170507669448852539e-01 2.686459757387638092e-02
-4.292949199676513672e+00 -6.882956624031066895e-01 7.031525135040283203e+00 3.907830268144607544e-02 6.643999814987182617e-01 -7.141164541244506836e-01 -2.204774916172027588e-01 3.158797621726989746e-01
-4.109960079193115234e+00 -1.113623857498168945e+00 7.190866470336914062e+00 3.669896349310874939e-02 8.490224480628967285e-01 -4.434840381145477295e-01 -2.871981859207153320e-01 1.039518713951110840e+00
-3.255206108093261719e+00 -1.603939771652221680e+00 7.019261837005615234e+00 2.817646227777004242e-02 7.381862998008728027e-01 -6.745697855949401855e-01 6.049747578799724579e-03 2.669048011302947998e-01
-3.198830366134643555e+00 -1.542224168777465820e+00 6.988882064819335938e+00 3.138451278209686279e-02 4.319711625576019287e-01 1.332650184631347656e-01 -8.919873237609863281e-01 6.442601978778839111e-02
-3.124187707901000977e+00 -1.685718655586242676e+00 6.852611541748046875e+00 3.177811950445175171e-02 4.364283680915832520e-01 5.161959528923034668e-01 -7.369341850280761719e-01 3.829513490200042725e-01
-2.992534160614013672e+00 -1.455431699752807617e+00 6.621052742004394531e+00 3.013134561479091644e-02 6.776005029678344727e-01 7.354292869567871094e-01 1.140895066782832146e-03 3.597660362720489502e-01
-2.529400110244750977e+00 -6.336724758148193359e-01 6.883232116699218750e+00 2.798129059374332428e-02 4.240422546863555908e-01 2.429448217153549194e-01 -8.724482655525207520e-01 3.296878933906555176e-01
-2.393325567245483398e+00 -4.919971227645874023e-01 6.663777828216552734e+00 2.633741497993469238e-02 -8.202887326478958130e-02 7.373890876770019531e-01 -6.704689264297485352e-01 2.806066721677780151e-02
-2.414421081542968750e+00 -5.394518971443176270e-01 6.617824077606201172e+00 1.398234628140926361e-02 7.217417955398559570e-01 7.499587535858154297e-02 -6.880875229835510254e-01 9.229582548141479492e-01
-4.362483978271484375e+00 -1.754325628280639648e-01 5.345558166503906250e+00 5.775833129882812500e-02 6.647288203239440918e-01 -4.216695725917816162e-01 -6.167092919349670410e-01 2.919231951236724854e-01
-4.162698268890380859e+00 -3.173784613609313965e-01 5.188884735107421875e+00 5.775833129882812500e-02 -5.752330422401428223e-01 -6.998189687728881836e-01 -4.235095977783203125e-01 3.320059180259704590e-01
-4.340946197509765625e+00 -5.295196771621704102e-01 5.029908657073974609e+00 5.775833129882812500e-02 6.361545920372009277e-01 -6.986365318298339844e-01 -3.274359703063964844e-01 4.486850202083587646e-01
-4.010145664215087891e+00 -7.738591432571411133e-01 4.837884426116943359e+00 5.775833129882812500e-02 1.004723906517028809e-01 -5.891204476356506348e-01 -8.017745614051818848e-01 2.473948895931243896e-01
-3.956756353378295898e+00 -9.133341312408447266e-01 4.635293483734130859e+00 5.775833129882812500e-02 -2.861027233302593231e-02 -4.669299721717834473e-01 -8.838313221931457520e-01 1.931767165660858154e-01
-3.953053712844848633e+00 -9.866202473640441895e-01 4.436949729919433594e+00 5.775833129882812500e-02 -4.002472460269927979e-01 -7.157359123229980469e-01 -5.722973346710205078e-01 1.684843450784683228e-01
-3.999938011169433594e+00 -1.100089430809020996e+00 4.333698272705078125e+00 5.775833129882812500e-02 1.300559472292661667e-02 -7.113736271858215332e-01 -7.026937007904052734e-01 3.419350385665893555e-01
-4.047329425811767578e+00 -1.318904399871826172e+00 3.957170248031616211e+00 5.775833129882812500e-02 2.329063564538955688e-01 -9.379857778549194336e-01 -2.567826211452484131e-01 2.207111269235610962e-01
-3.946452617645263672e+00 -1.529107213020324707e+00 3.886533975601196289e+00 5.775833129882812500e-02 -2.489197850227355957e-01 -6.252408623695373535e-01 -7.396707534790039062e-01 1.025409996509552002e-01
-3.854245901107788086e+00 -1.542647123336791992e+00 3.886453390121459961e+00 5.775833129882812500e-02 5.789361000061035156e-01 -6.848970651626586914e-01 -4.424352943897247314e-01 1.830563992261886597e-01
-3.787285804748535156e+00 -1.619736790657043457e+00 3.802867650985717773e+00 5.775833129882812500e-02 -5.982408523559570312e-01 -5.163567662239074707e-01 -6.127671599388122559e-01 6.885308027267456055e-01
-4.203761100769042969e+00 -1.963875293731689453e+00 3.308225154876708984e+00 5.775833129882812500e-02 -8.588976860046386719e-01 4.949898719787597656e-01 1.314524710178375244e-01 1.154855862259864807e-01
-4.378811836242675781e+00 -2.228677868843078613e-01 5.435364246368408203e+00 2.964094281196594238e-02 9.798626899719238281e-01 2.434638887643814087e-02 -1.981826424598693848e-01 2.403524667024612427e-01
-4.178059101104736328e+00 -2.745862901210784912e-01 5.410017967224121094e+00 2.964094281196594238e-02 2.785255312919616699e-01 -4.883310794830322266e-01 -8.270164728164672852e-01 2.341339886188507080e-01
-4.149093627929687500e+00 -3.069361150264739990e-01 5.228349208831787109e+00 2.964094281196594238e-02 5.841200351715087891e-01 3.641101419925689697e-01 -7.254154682159423828e-01 1.397746950387954712e-01
-4.054881572723388672e+00 -2.071525007486343384e-01 5.136291980743408203e+00 2.964094281196594238e-02 9.211714267730712891e-01 -2.869831919670104980e-01 2.628380060195922852e-01 1.957595050334930420e-01
-4.483555793762207031e+00 -1.975560002028942108e-02 5.451684951782226562e+00 5.072584375739097595e-02 3.039149641990661621e-01 9.523391723632812500e-01 2.618689835071563721e-02 1.831024140119552612e-01
-4.431689739227294922e+00 1.595519334077835083e-01 5.450592041015625000e+00 5.072584375739097595e-02 3.490963876247406006e-01 8.165455460548400879e-01 4.597662985324859619e-01 8.138553053140640259e-02
-4.393960475921630859e+00 2.250028699636459351e-01 5.486083030700683594e+00 5.072584375739097595e-02 1.913882195949554443e-01 8.567444086074829102e-01 4.789150059223175049e-01 9.701231122016906738e-02
-4.368156909942626953e+00 2.965834438800811768e-01 5.539839744567871094e+00 5.072584375739097595e-02 4.281432926654815674e-01 6.594706177711486816e-01 6.178930997848510742e-01 1.185767427086830139e-01
-4.305456638336181641e+00 3.380507528781890869e-01 5.612493038177490234e+00 5.072584375739097595e-02 3.858374431729316711e-02 -4.179668147116899490e-03 9.992466568946838379e-01 2.765577137470245361e-01
-4.224541664123535156e+00 2.678832411766052246e-01 5.908821105957031250e+00 5.072584375739097595e-02 -6.301608085632324219e-01 -4.604085683822631836e-01 6.252369880676269531e-01 2.099305242300033569e-01
-4.342862606048583984e+00 3.084152638912200928e-01 5.993247509002685547e+00 5.072584375739097595e-02 -6.399310231208801270e-01 3.058091700077056885e-01 7.049602866172790527e-01 8.172587305307388306e-02
-4.428741455078125000e+00 2.595631778240203857e-01 6.046856880187988281e+00 5.072584375739097595e-02 8.031088858842849731e-03 -5.778159573674201965e-02 9.982969164848327637e-01 1.491288840770721436e-01
-4.411945819854736328e+00 2.788017690181732178e-01 6.219356060028076172e+00 5.072584375739097595e-02 1.584507375955581665e-01 -6.887412071228027344e-01 7.074806690216064453e-01 2.955595254898071289e-01
-4.338863372802734375e+00 4.523848369717597961e-02 6.552235126495361328e+00 5.072584375739097595e-02 1.309446096420288086e-01 -9.567803740501403809e-01 -2.596628665924072266e-01 2.445697486400604248e-01
-4.537892341613769531e+00 1.144166197627782822e-02 5.453461170196533203e+00 8.584490977227687836e-03 -3.314569219946861267e-02 4.875870645046234131e-01 -8.724449872970581055e-01 1.354709416627883911e-01
-4.543856143951416016e+00 4.463649913668632507e-02 5.349541187286376953e+00 8.584490977227687836e-03 -7.277137637138366699e-01 -2.455119043588638306e-01 -6.404346823692321777e-01 3.144950568675994873e-01
-4.730214595794677734e+00 2.171475738286972046e-01 5.644338130950927734e+00 2.736923471093177795e-02 -2.857558429241180420e-01 -6.975339055061340332e-01 6.571073532104492188e-01 7.771079242229461670e-02
-4.761044025421142578e+00 1.736850589513778687e-01 5.705316066741943359e+00 2.736923471093177795e-02 4.136025905609130859e-01 -4.155450463294982910e-01 8.100957870483398438e-01 7.870287448167800903e-02
-4.671693801879882812e+00 1.147201731801033020e-01 5.831315040588378906e+00 2.736923471093177795e-02 1.231866553425788879e-01 -8.690818548202514648e-01 -4.790843129158020020e-01 8.588194847106933594e-02
-4.693513870239257812e+00 4.262058436870574951e-02 5.796401500701904297e+00 2.736923471093177795e-02 -9.143858402967453003e-02 -9.932960271835327148e-01 -7.072435319423675537e-02 1.981743574142456055e-01
-4.922075748443603516e+00 9.051754474639892578e-01 5.970430374145507812e+00 5.829419009387493134e-03 4.121449589729309082e-01 -5.570642352104187012e-01 7.209826707839965820e-01 4.477972388267517090e-01
-3.736161231994628906e+00 -2.119773626327514648e+00 3.071784973144531250e+00 3.495646873489022255e-03 -5.456223487854003906e-01 7.791848778724670410e-01 -3.084917068481445312e-01 3.797182440757751465e-01
-3.526685476303100586e+00 -2.014829158782958984e+00 3.228336334228515625e+00 7.195905782282352448e-03 9.092448949813842773e-01 3.815069198608398438e-01 -1.665118187665939331e-01 7.777808606624603271e-02
-3.496402025222778320e+00 -2.025923252105712891e+00 3.157604694366455078e+00 7.195905782282352448e-03 4.067597985267639160e-01 -8.559371829032897949e-01 3.192459642887115479e-01 3.369359970092773438e-01
-4.654439926147460938e+00 -3.407379865646362305e+00 5.798357963562011719e+00 3.941574599593877792e-03 -9.091330766677856445e-01 -3.056342005729675293e-01 2.829571664333343506e-01 1.452110856771469116e-01
-4.782005786895751953e+00 -3.443312406539916992e+00 5.832404136657714844e+00 3.941574599593877792e-03 8.915372490882873535e-01 -1.016932874917984009e-01 4.413839578628540039e-01 4.024365246295928955e-01
-3.865767240524291992e+00 -2.409301519393920898e+00 5.611401557922363281e+00 2.428097277879714966e-02 2.672993540763854980e-01 1.843976229429244995e-01 9.458057880401611328e-01 1.781363785266876221e-01
-3.818151473999023438e+00 -2.376453638076782227e+00 5.779883861541748047e+00 2.428097277879714966e-02 6.399310827255249023e-01 5.910073518753051758e-01 -4.911196529865264893e-01 6.296132504940032959e-02
-3.784903049468994141e+00 -2.347153186798095703e+00 5.729942321777343750e+00 2.428097277879714966e-02 2.854540050029754639e-01 8.428388237953186035e-01 -4.562222361564636230e-01 2.412765473127365112e-01
-3.761240005493164062e+00 -2.096960067749023438e+00 5.585068702697753906e+00 2.428097277879714966e-02 5.547834038734436035e-01 7.698832750320434570e-01 3.154284954071044922e-01 2.252951413393020630e-01
-3.677937030792236328e+00 -2.938518524169921875e+00 5.702651500701904297e+00 2.499999944120645523e-03 7.367332577705383301e-01 5.778199434280395508e-01 3.512097001075744629e-01 1.501431465148925781e-01
-3.542554140090942383e+00 -2.867484331130981445e+00 5.769770145416259766e+00 2.499999944120645523e-03 6.521437168121337891e-01 5.481349229812622070e-01 -5.236951708793640137e-01 4.058360755443572998e-01
-4.647573947906494141e+00 -2.759965181350708008e+00 6.447862625122070312e+00 2.499999944120645523e-03 -4.474460184574127197e-01 6.430192589759826660e-01 6.215450763702392578e-01 1.814899295568466187e-01
-4.821544647216796875e+00 -2.615506649017333984e+00 6.483135700225830078e+00 2.499999944120645523e-03 -5.086697936058044434e-01 4.118604362010955811e-01 7.560595273971557617e-01 2.815287709236145020e-01
-2.660528898239135742e+00 -9.797346591949462891e-01 1.571866631507873535e+00 2.666841261088848114e-02 -7.035009860992431641e-01 3.378477394580841064e-01 -6.252561807632446289e-01 6.061494350433349609e-01
-2.597557067871093750e+00 -8.504813313484191895e-01 1.685604691505432129e+00 9.488485753536224365e-03 -2.767645418643951416e-01 4.942938685417175293e-01 8.240600228309631348e-01 1.732229441404342651e-01
-2.670410156250000000e+00 -7.710001468658447266e-01 1.812023758888244629e+00 9.488485753536224365e-03 -5.005366802215576172e-01 -2.054484933614730835e-01 8.409839272499084473e-01 3.182553350925445557e-01
-4.246934890747070312e+00 -5.283237248659133911e-02 1.989579200744628906e+00 2.499999944120645523e-03 4.601522684097290039e-01 5.636013746261596680e-01 6.860126256942749023e-01 1.313791275024414062e-01
-4.186289310455322266e+00 2.009178884327411652e-02 2.081556558609008789e+00 2.499999944120645523e-03 -9.465230703353881836e-01 -3.098051548004150391e-01 -9.008226543664932251e-02 1.433390974998474121e-01
-3.836488246917724609e+00 1.281052827835083008e+00 1.918798089027404785e+00 6.948470324277877808e-02 -2.104087322950363159e-01 -8.705701231956481934e-01 -4.447874426841735840e-01 4.605289399623870850e-01
-3.966459512710571289e+00 8.501413464546203613e-01 1.715576648712158203e+00 6.948470324277877808e-02 -3.324672579765319824e-01 4.123608171939849854e-01 8.481886982917785645e-01 1.631981879472732544e-01
-4.029184341430664062e+00 9.513195753097534180e-01 1.887645602226257324e+00 6.948470324277877808e-02 7.626391053199768066e-01 -3.497529923915863037e-01 5.441088080406188965e-01 1.106616631150245667e-01
-3.715354442596435547e+00 1.389940500259399414e+00 1.691977858543395996e+00 1.949431747198104858e-02 2.674063146114349365e-01 -5.241399407386779785e-01 -8.085612058639526367e-01 2.678233981132507324e-01
-3.643736600875854492e+00 1.249563574790954590e+00 1.475426197052001953e+00 1.949431747198104858e-02 -8.343437910079956055e-01 2.297662198543548584e-01 -5.010767579078674316e-01 8.543840795755386353e-02
-4.849945068359375000e+00 1.232286214828491211e+00 1.783538103103637695e+00 1.004067342728376389e-02 1.131167262792587280e-01 -7.534568309783935547e-01 -6.476939320564270020e-01 1.185421943664550781e-01
-4.818709373474121094e+00 1.099700927734375000e+00 1.710941433906555176e+00 1.004067342728376389e-02 -4.510268270969390869e-01 -1.000920608639717102e-01 8.868801593780517578e-01 1.404528468847274780e-01
-4.657146453857421875e+00 1.305363655090332031e+00 2.889630556106567383e+00 6.359350401908159256e-03 -4.044332355260848999e-02 -1.448658108711242676e-01 -9.886243939399719238e-01 7.636846303939819336e-01
-4.751910686492919922e+00 1.231086730957031250e+00 2.158534765243530273e+00 2.498327940702438354e-02 7.140026986598968506e-02 6.325141787528991699e-01 -7.712507843971252441e-01 3.307670652866363525e-01
-4.723335742950439453e+00 1.440425872802734375e+00 1.902679562568664551e+00 2.570063434541225433e-02 -1.409669816493988037e-01 5.146650075912475586e-01 -8.457235097885131836e-01 1.462489813566207886e-01
-4.125308513641357422e+00 7.874410748481750488e-01 2.527917861938476562e+00 2.868267334997653961e-02 -9.937877058982849121e-01 8.760139346122741699e-02 6.864397227764129639e-02 1.068224161863327026e-01
-4.338541984558105469e+00 6.893239617347717285e-01 2.605558156967163086e+00 3.692948073148727417e-02 5.810778737068176270e-01 -4.741842299699783325e-02 8.124653697013854980e-01 1.917404532432556152e-01
-4.246962547302246094e+00 6.749559640884399414e-01 2.799900770187377930e+00 3.648307919502258301e-02 5.655606389045715332e-01 -8.046336770057678223e-01 1.808475255966186523e-01 3.767387866973876953e-01
-4.033693790435791016e+00 4.014270007610321045e-01 2.890399932861328125e+00 2.868267334997653961e-02 9.243116378784179688e-01 -2.339976578950881958e-01 3.014847636222839355e-01 1.715187430381774902e-01
-3.858370304107666016e+00 3.700132668018341064e-01 2.945097208023071289e+00 2.868267334997653961e-02 -3.356210142374038696e-02 -2.653981447219848633e-01 9.635545611381530762e-01 1.760334223508834839e-01
-4.427851200103759766e+00 9.555751681327819824e-01 2.671165943145751953e+00 6.515774875879287720e-02 1.216952130198478699e-01 -8.455576300621032715e-01 5.198293924331665039e-01 1.785867959260940552e-01
-4.391197681427001953e+00 8.519253134727478027e-01 2.773538589477539062e+00 6.424339860677719116e-02 4.485168159008026123e-01 -3.101456165313720703e-01 8.382376432418823242e-01 5.158948898315429688e-02
-4.223365306854248047e+00 9.294672608375549316e-01 3.003625869750976562e+00 6.216689571738243103e-02 -7.044907212257385254e-01 -2.425285726785659790e-01 6.669877767562866211e-01 1.880100518465042114e-01
-4.297180175781250000e+00 9.300043582916259766e-01 3.147159576416015625e+00 5.660803243517875671e-02 -6.451412439346313477e-01 7.240302562713623047e-01 2.440757304430007935e-01 6.822317838668823242e-02
-4.546393394470214844e+00 8.017262220382690430e-01 3.270313262939453125e+00 4.724889621138572693e-02 -4.189918041229248047e-01 7.711936831474304199e-01 4.792767167091369629e-01 3.524866700172424316e-01
-4.712543010711669922e+00 1.068825960159301758e+00 3.410782098770141602e+00 3.189745545387268066e-02 -3.057655990123748779e-01 9.512648582458496094e-01 4.003180935978889465e-02 2.401871830224990845e-01
-4.657005310058593750e+00 1.024856448173522949e+00 2.713782310485839844e+00 4.416444152593612671e-02 -2.026489078998565674e-01 -6.802814602851867676e-01 7.043795585632324219e-01 2.857553064823150635e-01
-4.812591075897216797e+00 7.987631559371948242e-01 2.902671575546264648e+00 6.515774875879287720e-02 2.820557951927185059e-01 -9.414086937904357910e-01 1.849166452884674072e-01 1.779260635375976562e-01
-4.911941528320312500e+00 5.713781118392944336e-01 2.908685207366943359e+00 6.515774875879287720e-02 4.019508063793182373e-01 -8.330948948860168457e-01 -3.799847960472106934e-01 3.086788356304168701e-01
-4.895937919616699219e+00 2.909654378890991211e-01 2.823642253875732422e+00 2.770681865513324738e-02 -5.464999005198478699e-02 -7.140309810638427734e-01 -6.979779005050659180e-01 2.871966063976287842e-01
-4.830264091491699219e+00 1.251166701316833496e+00 3.428290128707885742e+00 2.919513173401355743e-02 7.660139203071594238e-01 5.220145583152770996e-01 -3.751312792301177979e-01 5.120993256568908691e-01
-4.692308902740478516e+00 1.162798166275024414e+00 2.663065195083618164e+00 2.004608884453773499e-02 -5.314936041831970215e-01 8.287729620933532715e-01 -1.750711500644683838e-01 4.209308326244354248e-01
-4.097668170928955078e+00 7.656921148300170898e-01 3.293313503265380859e+00 8.837592788040637970e-03 5.080646276473999023e-01 5.361819267272949219e-01 -6.740766167640686035e-01 1.903111934661865234e-01
-3.963685989379882812e+00 9.170480370521545410e-01 3.208013534545898438e+00 8.837592788040637970e-03 -4.100588262081146240e-01 -4.030577242374420166e-01 8.181663751602172852e-01 1.890505254268646240e-01
-3.560257673263549805e+00 6.571139693260192871e-01 3.875613212585449219e+00 4.050622507929801941e-02 4.244985431432723999e-02 -1.715867072343826294e-01 -9.842540621757507324e-01 4.456456601619720459e-01
-3.541340112686157227e+00 5.806471109390258789e-01 3.436984539031982422e+00 4.050622507929801941e-02 3.573130369186401367e-01 6.132361888885498047e-01 7.044634819030761719e-01 3.783410191535949707e-01
-4.046868324279785156e+00 1.090493440628051758e+00 4.934330940246582031e+00 7.679204456508159637e-03 6.097409725189208984e-01 -3.216107785701751709e-01 7.244186997413635254e-01 2.344572842121124268e-01
-3.607146978378295898e+00 3.817767202854156494e-01 4.145765304565429688e+00 2.865784242749214172e-02 6.272225975990295410e-01 6.514897346496582031e-01 4.267938733100891113e-01 8.599782735109329224e-02
-3.553207159042358398e+00 4.378034174442291260e-01 4.182468414306640625e+00 2.697124890983104706e-02 -5.681980848312377930e-01 7.449190616607666016e-01 -3.496376276016235352e-01 5.749728530645370483e-02
-3.654310464859008789e+00 6.122137308120727539e-01 4.136024951934814453e+00 2.109691686928272247e-02 -4.641729295253753662e-01 -6.457176804542541504e-02 8.833878040313720703e-01 2.212330549955368042e-01
-3.586136341094970703e+00 4.477008879184722900e-01 3.820245742797851562e+00 4.407713189721107483e-03 -8.841636776924133301e-01 4.661624431610107422e-01 -3.077690675854682922e-02 3.545754551887512207e-01
-3.741895198822021484e+00 2.298599481582641602e-01 4.239261150360107422e+00 4.407713189721107483e-03 -8.709833621978759766e-01 -4.793788790702819824e-01 -1.076281890273094177e-01 1.732365936040878296e-01
-3.765246152877807617e+00 5.843605399131774902e-01 4.768130302429199219e+00 1.309794280678033829e-02 -4.737256765365600586e-01 -2.494803862646222115e-03 8.806689381599426270e-01 2.801214158535003662e-01
-3.891012191772460938e+00 5.851212739944458008e-01 5.023093700408935547e+00 4.906210117042064667e-03 -2.626876831054687500e-01 -8.881625533103942871e-01 3.770444095134735107e-01 1.467151939868927002e-01
-3.917539596557617188e+00 4.939473271369934082e-01 5.033591747283935547e+00 8.369078859686851501e-03 -9.709963202476501465e-01 2.583497762680053711e-02 -2.376945018768310547e-01 1.346625834703445435e-01
-3.945853471755981445e+00 5.951578617095947266e-01 4.813684463500976562e+00 3.540308028459548950e-02 -9.242461919784545898e-01 -1.194307953119277954e-01 3.626364767551422119e-01 2.648644149303436279e-01
-4.196750164031982422e+00 5.523067712783813477e-01 4.922707557678222656e+00 4.799770936369895935e-02 -7.185821533203125000e-01 6.563578248023986816e-01 2.298566997051239014e-01 1.460787057876586914e-01
-4.336221694946289062e+00 7.180300951004028320e-01 5.043418884277343750e+00 4.701044410467147827e-02 -6.247268319129943848e-01 4.696461856365203857e-01 -6.238179802894592285e-01 1.689668595790863037e-01
-4.428306102752685547e+00 8.061530590057373047e-01 4.932451248168945312e+00 4.681820422410964966e-02 -5.815037488937377930e-01 4.740741252899169922e-01 -6.611407399177551270e-01 2.301276028156280518e-01
-4.575210094451904297e+00 8.553872704505920410e-01 4.837161064147949219e+00 4.624205827713012695e-02 -7.937638163566589355e-01 -3.185988366603851318e-01 -5.181059241294860840e-01 1.751303076744079590e-01
-4.750612735748291016e+00 8.830023407936096191e-01 4.939348220825195312e+00 4.526012018322944641e-02 -9.387870430946350098e-01 -3.433044552803039551e-01 -2.865140140056610107e-02 2.393862307071685791e-01
-4.921937942504882812e+00 8.045027852058410645e-01 4.941123485565185547e+00 4.489285126328468323e-02 -2.889308705925941467e-02 9.714121818542480469e-01 -2.356344759464263916e-01 1.391763538122177124e-01
-4.910834312438964844e+00 9.275555014610290527e-01 4.905685424804687500e+00 3.687994554638862610e-02 3.750026598572731018e-02 2.568782269954681396e-01 -9.657159447669982910e-01 1.271408200263977051e-01
-4.850309848785400391e+00 1.006856679916381836e+00 4.745828628540039062e+00 4.223892092704772949e-02 -4.416476786136627197e-01 -1.719783991575241089e-01 -8.805513978004455566e-01 1.522951275110244751e-01
-4.071235656738281250e+00 1.342391133308410645e+00 5.053506851196289062e+00 1.994420215487480164e-02 -6.415193676948547363e-01 -3.151201605796813965e-01 6.993941664695739746e-01 6.276997923851013184e-02
-4.117142200469970703e+00 1.316541433334350586e+00 5.094583034515380859e+00 1.994420215487480164e-02 -1.257421821355819702e-01 -3.202148675918579102e-01 9.389629364013671875e-01 1.371699720621109009e-01
-4.103796958923339844e+00 1.577298521995544434e+00 5.055906772613525391e+00 3.246822580695152283e-02 -8.356518149375915527e-01 -5.397062897682189941e-01 -1.019960865378379822e-01 9.917953610420227051e-02
-4.361826896667480469e+00 1.479812145233154297e+00 5.071477413177490234e+00 3.246822580695152283e-02 1.161634176969528198e-01 -8.037856817245483398e-01 -5.834677815437316895e-01 3.516963422298431396e-01
-4.312796592712402344e+00 1.174538373947143555e+00 4.837512969970703125e+00 3.246822580695152283e-02 -4.103919267654418945e-01 -7.702328562736511230e-01 4.881801009178161621e-01 1.158945411443710327e-01
-4.074151039123535156e+00 1.839864253997802734e+00 5.166779041290283203e+00 3.243772312998771667e-02 9.748556613922119141e-01 -1.187399104237556458e-01 1.885663866996765137e-01 3.834798187017440796e-02
-3.931818485260009766e+00 1.764521956443786621e+00 5.150311946868896484e+00 3.646699339151382446e-02 4.018353521823883057e-01 3.069229722023010254e-01 8.627436757087707520e-01 3.952856063842773438e-01
-3.783609628677368164e+00 1.902215361595153809e+00 5.547523975372314453e+00 4.620957374572753906e-02 2.650716006755828857e-01 9.380435347557067871e-01 -2.231846153736114502e-01 2.421183139085769653e-01
-3.793758392333984375e+00 2.121270179748535156e+00 5.580853462219238281e+00 4.620957374572753906e-02 -1.780888438224792480e-01 9.821298122406005859e-01 -6.087235733866691589e-02 2.078264355659484863e-01
-4.149831295013427734e+00 1.838942646980285645e+00 5.089505672454833984e+00 3.020818904042243958e-02 -3.161807358264923096e-01 4.749485254287719727e-01 -8.212512731552124023e-01 2.507561743259429932e-01
-4.229115486145019531e+00 1.958038926124572754e+00 4.883571624755859375e+00 3.020818904042243958e-02 2.058030515909194946e-01 7.840431928634643555e-01 -5.855948925018310547e-01 1.012872159481048584e-01
-3.789837360382080078e+00 2.201007604598999023e+00 5.356335639953613281e+00 2.726465649902820587e-02 -7.716071605682373047e-01 6.308773159980773926e-01 -8.134019374847412109e-02 1.800589710474014282e-01
-3.928772211074829102e+00 2.314602613449096680e+00 5.341689586639404297e+00 2.726465649902820587e-02 -1.656829752027988434e-02 9.664775133132934570e-01 -2.562161386013031006e-01 1.193211749196052551e-01
-2.784702062606811523e+00 -2.416516989469528198e-01 4.186217784881591797e+00 2.269737981259822845e-02 -1.143099367618560791e-01 1.250469386577606201e-01 9.855437874794006348e-01 2.009791433811187744e-01
-2.795294523239135742e+00 -2.337104827165603638e-01 4.420307636260986328e+00 2.269737981259822845e-02 3.131970018148422241e-02 -8.977991342544555664e-01 -4.392900764942169189e-01 1.462448239326477051e-01
-2.835609197616577148e+00 -3.580534458160400391e-01 4.363046646118164062e+00 1.353156939148902893e-02 -2.124754190444946289e-01 -5.876916050910949707e-01 -7.806873917579650879e-01 3.205738961696624756e-01
-2.613694429397583008e+00 -1.557905226945877075e-01 4.153496742248535156e+00 4.451503232121467590e-02 -9.754434823989868164e-01 1.077999249100685120e-01 -1.920655965805053711e-01 8.768875598907470703e-01
-3.548883438110351562e+00 2.683494240045547485e-02 4.000924110412597656e+00 6.025520339608192444e-02 -7.460882067680358887e-01 -6.590709686279296875e-01 -9.475154429674148560e-02 1.427178233861923218e-01
-3.632936716079711914e+00 -6.728728860616683960e-02 3.967892646789550781e+00 4.304959252476692200e-02 -2.243257164955139160e-01 -9.405761957168579102e-01 -2.549398839473724365e-01 1.454720795154571533e-01
-3.735947847366333008e+00 -3.285047113895416260e-01 3.981069326400756836e+00 5.975408107042312622e-02 5.028030276298522949e-01 -5.529515147209167480e-01 -6.644048094749450684e-01 1.704486161470413208e-01
-3.664957284927368164e+00 -4.430007934570312500e-01 3.851389408111572266e+00 5.714197456836700439e-02 8.578363656997680664e-01 -2.668121755123138428e-01 -4.392357170581817627e-01 3.299167156219482422e-01
-3.383519649505615234e+00 -4.709798395633697510e-01 3.685773849487304688e+00 5.709576979279518127e-02 8.735384345054626465e-01 -1.380075067281723022e-01 -4.667810201644897461e-01 3.278416395187377930e-01
-3.124243259429931641e+00 -4.759479463100433350e-01 3.505252361297607422e+00 5.604804679751396179e-02 -3.126890584826469421e-02 -5.777503848075866699e-01 -8.156143426895141602e-01 1.359573006629943848e-01
-3.193788051605224609e+00 -6.185136437416076660e-01 3.422672986984252930e+00 4.179399833083152771e-02 6.341016888618469238e-01 -7.423902153968811035e-01 -2.162679433822631836e-01 1.478849798440933228e-01
-3.032336711883544922e+00 -7.590309381484985352e-01 3.418827295303344727e+00 5.106211453676223755e-02 1.524869352579116821e-01 -4.634458422660827637e-01 -8.729064464569091797e-01 2.491217553615570068e-01
-3.012970685958862305e+00 -8.825901150703430176e-01 3.198520660400390625e+00 4.387109354138374329e-02 2.971293628215789795e-01 -3.741339743137359619e-01 -8.784861564636230469e-01 2.261690348386764526e-01
-2.494666099548339844e+00 -1.898350268602371216e-01 4.247609138488769531e+00 4.294359683990478516e-02 -1.354525536298751831e-01 1.704339236021041870e-01 9.760147929191589355e-01 9.119508415460586548e-02
-2.507018804550170898e+00 -1.742922961711883545e-01 4.336616992950439453e+00 4.288436472415924072e-02 -1.019829511642456055e-01 8.460621833801269531e-01 5.232383012771606445e-01 3.151351809501647949e-01
-2.503759860992431641e+00 1.714897453784942627e-01 4.497073650360107422e+00 4.295179247856140137e-02 -2.997101247310638428e-01 1.864318847656250000e-01 9.356372356414794922e-01 6.373541355133056641e-01
-2.705256462097167969e+00 2.993510067462921143e-01 5.089283466339111328e+00 1.971500366926193237e-02 -2.215258032083511353e-01 1.803745776414871216e-01 9.583273530006408691e-01 2.787356972694396973e-01
-2.711305379867553711e+00 4.610846936702728271e-01 5.242741584777832031e+00 4.427134618163108826e-02 -1.279507726430892944e-01 7.387530207633972168e-01 6.617193818092346191e-01 1.043195053935050964e-01
-2.758218765258789062e+00 5.758146643638610840e-01 5.216050624847412109e+00 3.536202758550643921e-02 -5.911536514759063721e-02 9.216928482055664062e-01 3.833897411823272705e-01 1.240326687693595886e-01
-2.763439178466796875e+00 6.896165609359741211e-01 5.270061969757080078e+00 4.284472763538360596e-02 -4.441016614437103271e-01 8.698011040687561035e-01 2.149877250194549561e-01 3.096413314342498779e-01
-2.936296939849853516e+00 9.530135989189147949e-01 5.273761749267578125e+00 3.330439329147338867e-02 -7.062790989875793457e-01 6.217995882034301758e-01 3.384302854537963867e-01 4.057499766349792480e-01
-3.231689691543579102e+00 1.194147825241088867e+00 5.454164028167724609e+00 3.592989966273307800e-02 -1.305797398090362549e-01 -9.529409408569335938e-01 -2.735918462276458740e-01 1.918512880802154541e-01
-1.915802240371704102e+00 -2.322759032249450684e-01 4.369838714599609375e+00 4.270971566438674927e-02 -5.119194388389587402e-01 -5.230200290679931641e-01 -6.814605593681335449e-01 3.535305559635162354e-01
-2.037687301635742188e+00 -4.863158166408538818e-01 4.113636970520019531e+00 5.058776214718818665e-02 -4.383448362350463867e-01 -1.799929141998291016e-01 -8.805999755859375000e-01 3.316642940044403076e-01
-2.228743791580200195e+00 -5.401067137718200684e-01 3.851198911666870117e+00 4.594264551997184753e-02 -2.871181964874267578e-01 -9.222784638404846191e-01 -2.587770521640777588e-01 2.086586505174636841e-01
-2.316755771636962891e+00 -7.148764729499816895e-01 3.760102748870849609e+00 2.858296968042850494e-02 5.218171477317810059e-01 -5.460734367370605469e-01 -6.553706526756286621e-01 2.153726071119308472e-01
-2.108729362487792969e+00 -8.697201013565063477e-01 3.601259231567382812e+00 2.634232304990291595e-02 -3.900032639503479004e-01 -7.438400983810424805e-01 -5.427700877189636230e-01 4.077973365783691406e-01
-2.359301328659057617e+00 -1.136722803115844727e+00 3.360604286193847656e+00 1.650663651525974274e-02 2.112577110528945923e-01 1.263559516519308090e-02 -9.773487448692321777e-01 1.114406958222389221e-01
-1.768786191940307617e+00 -2.913912534713745117e-01 4.523088932037353516e+00 4.681772738695144653e-02 -3.429866731166839600e-01 -6.339262127876281738e-01 6.931794285774230957e-01 1.441939026117324829e-01
-1.904840469360351562e+00 -2.554873526096343994e-01 4.626771450042724609e+00 4.576968029141426086e-02 5.345159173011779785e-01 3.409174978733062744e-01 7.733485698699951172e-01 4.791227579116821289e-01
-1.680056214332580566e+00 -1.000757887959480286e-01 4.904888629913330078e+00 4.246036335825920105e-02 -1.190548390150070190e-01 -9.850048422813415527e-01 1.248655989766120911e-01 2.566959261894226074e-01
-1.725153565406799316e+00 -3.627293705940246582e-01 4.915526390075683594e+00 3.209436312317848206e-02 -1.059185191988945007e-01 -8.749097585678100586e-01 4.725612699985504150e-01 4.590063393115997314e-01
-1.859914660453796387e+00 -8.542690277099609375e-01 5.232628345489501953e+00 1.499427109956741333e-02 4.257680773735046387e-01 4.600926935672760010e-01 7.791253328323364258e-01 4.493348598480224609e-01
-1.644822835922241211e+00 -2.107153832912445068e-01 4.531878471374511719e+00 8.006826043128967285e-02 -3.150159120559692383e-01 -9.208502769470214844e-01 -2.297819703817367554e-01 3.874801397323608398e-01
-1.766885280609130859e+00 -5.675265789031982422e-01 4.442842960357666016e+00 8.006826043128967285e-02 -7.197288870811462402e-01 1.769503504037857056e-01 -6.713262200355529785e-01 2.681476771831512451e-01
-4.240153789520263672e+00 1.607716560363769531e+00 3.810091733932495117e+00 1.461324654519557953e-02 3.128678500652313232e-01 -2.547181248664855957e-01 -9.150040149688720703e-01 3.494617640972137451e-01
-4.130818367004394531e+00 1.518702268600463867e+00 3.490332603454589844e+00 1.461324654519557953e-02 -4.225141406059265137e-01 -5.440236926078796387e-01 7.249276041984558105e-01 2.787885367870330811e-01
-4.886264324188232422e+00 1.493950009346008301e+00 4.335240840911865234e+00 3.021072596311569214e-02 5.788726210594177246e-01 4.867139458656311035e-02 -8.139641284942626953e-01 5.989414453506469727e-01
-4.539553642272949219e+00 1.523101329803466797e+00 3.847723960876464844e+00 3.021072596311569214e-02 -6.891812086105346680e-01 -1.170241907238960266e-01 7.150766253471374512e-01 3.474977910518646240e-01
-4.810575485229492188e+00 1.720600605010986328e+00 4.123275279998779297e+00 1.647256128489971161e-02 -4.462336003780364990e-01 -8.358650654554367065e-02 -8.910044431686401367e-01 2.432447820901870728e-01
-4.864245891571044922e+00 1.711506843566894531e+00 3.868724107742309570e+00 1.647256128489971161e-02 -3.537861704826354980e-01 9.026396274566650391e-01 -2.451062053442001343e-01 1.314364969730377197e-01
-4.897428512573242188e+00 1.574176430702209473e+00 4.269507884979248047e+00 1.054507959634065628e-02 1.422351896762847900e-01 -9.741801023483276367e-01 -1.753346472978591919e-01 3.204717040061950684e-01
-3.910669803619384766e+00 2.265424728393554688e+00 4.471665382385253906e+00 3.575536608695983887e-02 -1.790180206298828125e-01 7.898559570312500000e-01 -5.865834355354309082e-01 2.832869291305541992e-01
-3.957363605499267578e+00 2.483381986618041992e+00 4.301132678985595703e+00 2.767523005604743958e-02 5.654782652854919434e-01 7.089599967002868652e-01 -4.214380979537963867e-01 1.337524652481079102e-01
-4.011355876922607422e+00 2.571582078933715820e+00 4.244039058685302734e+00 6.174109410494565964e-03 -5.128398165106773376e-02 9.969309568405151367e-01 5.914956331253051758e-02 2.546734511852264404e-01
-3.371235609054565430e+00 2.756239891052246094e+00 4.194729328155517578e+00 4.062264412641525269e-02 -9.799469113349914551e-01 1.549825668334960938e-01 1.252375394105911255e-01 3.779032826423645020e-01
-3.741560935974121094e+00 2.814808368682861328e+00 4.242056846618652344e+00 4.062264412641525269e-02 -4.970094561576843262e-01 6.526652574539184570e-01 5.718476176261901855e-01 1.686073988676071167e-01
-3.837160587310791016e+00 2.944609165191650391e+00 4.329885005950927734e+00 4.062264412641525269e-02 -4.315701723098754883e-01 1.303110271692276001e-01 8.926176428794860840e-01 2.214885354042053223e-01
-2.966416597366333008e+00 2.738808393478393555e+00 4.718721389770507812e+00 5.068526789546012878e-02 -7.453231811523437500e-01 -3.344387710094451904e-01 5.767530202865600586e-01 1.032390445470809937e-01
-3.043363094329833984e+00 2.704281330108642578e+00 4.778264522552490234e+00 4.608472436666488647e-02 -1.425463259220123291e-01 -9.808176755905151367e-01 1.329558342695236206e-01 1.077000573277473450e-01
-3.142101526260375977e+00 2.534777641296386719e+00 4.798864841461181641e+00 6.711620092391967773e-02 6.085190176963806152e-01 -7.934751510620117188e-01 1.008796785026788712e-02 1.460841298103332520e-01
-3.033850669860839844e+00 2.425858736038208008e+00 4.824206352233886719e+00 2.903258986771106720e-02 7.889196872711181641e-01 -1.483121365308761597e-01 -5.963297486305236816e-01 1.283311992883682251e-01
-2.925431251525878906e+00 2.691669464111328125e+00 4.643772125244140625e+00 1.012069731950759888e-02 3.144944906234741211e-01 -9.368194937705993652e-01 1.531747430562973022e-01 2.041696310043334961e-01
-2.965701103210449219e+00 2.696713209152221680e+00 4.808790683746337891e+00 1.012069731950759888e-02 -2.117702215909957886e-01 -6.247369050979614258e-01 7.515698075294494629e-01 1.411497145891189575e-01
-3.827830314636230469e+00 3.911944389343261719e+00 4.785735607147216797e+00 3.235146775841712952e-02 1.288306713104248047e-01 7.733618468046188354e-02 9.886464476585388184e-01 1.263369768857955933e-01
-3.789222955703735352e+00 3.932872295379638672e+00 4.897333621978759766e+00 3.235146775841712952e-02 -6.093015670776367188e-01 5.964625477790832520e-01 -5.224786996841430664e-01 5.369786024093627930e-01
-4.321172714233398438e+00 3.968821287155151367e+00 4.500891685485839844e+00 1.851122081279754639e-02 2.822272777557373047e-01 -5.480008721351623535e-01 7.874279618263244629e-01 7.418591380119323730e-01
-4.105261802673339844e+00 3.568458080291748047e+00 5.079290866851806641e+00 1.851122081279754639e-02 7.890890240669250488e-01 -4.020338058471679688e-01 4.644430577754974365e-01 6.422530859708786011e-02
-3.908901691436767578e+00 3.535189628601074219e+00 5.217538356781005859e+00 4.927307739853858948e-02 -4.826641678810119629e-01 -6.332031488418579102e-01 6.050529479980468750e-01 1.812982708215713501e-01
-3.967098236083984375e+00 3.400820255279541016e+00 5.331045150756835938e+00 1.851122081279754639e-02 -5.620765089988708496e-01 -8.181042075157165527e-01 1.215545907616615295e-01 1.280527859926223755e-01
-3.727405786514282227e+00 3.220787525177001953e+00 5.428591251373291016e+00 6.079092249274253845e-02 5.244818329811096191e-01 -7.001562714576721191e-01 4.844584465026855469e-01 7.709674239158630371e-01
-3.357440233230590820e+00 2.653472185134887695e+00 5.770120620727539062e+00 3.466536849737167358e-02 7.676486372947692871e-01 -5.127412080764770508e-01 -3.844632506370544434e-01 1.281538605690002441e-01
-3.295337200164794922e+00 2.548866748809814453e+00 5.816175460815429688e+00 6.079092249274253845e-02 1.184192597866058350e-01 -9.343267083168029785e-01 -3.361703455448150635e-01 5.245631933212280273e-01
-3.199088335037231445e+00 2.053440809249877930e+00 5.644474506378173828e+00 3.804243355989456177e-02 -7.511517405509948730e-02 -8.846371173858642578e-01 -4.601900279521942139e-01 1.803418695926666260e-01
-3.806832313537597656e+00 3.323641061782836914e+00 5.466478824615478516e+00 4.640570655465126038e-02 -6.192377805709838867e-01 7.188603281974792480e-01 3.158867955207824707e-01 4.127633273601531982e-01
-4.062430858612060547e+00 3.620360374450683594e+00 5.596865177154541016e+00 4.511921107769012451e-02 9.359152317047119141e-01 1.862385571002960205e-01 -2.989614307880401611e-01 1.794347614049911499e-01
-3.879929780960083008e+00 3.681445837020874023e+00 5.497340679168701172e+00 6.079092249274253845e-02 7.935462594032287598e-01 3.758429884910583496e-01 4.785669744014739990e-01 1.759302467107772827e-01
-3.746747255325317383e+00 3.754337787628173828e+00 5.594582557678222656e+00 6.079092249274253845e-02 9.073498845100402832e-01 5.913360789418220520e-02 4.161962866783142090e-01 1.248124837875366211e-01
-3.850920200347900391e+00 3.300184965133666992e+00 5.545840263366699219e+00 6.079092249274253845e-02 -5.891108512878417969e-01 -1.672803610563278198e-01 7.905477285385131836e-01 4.041563570499420166e-01
-4.143597602844238281e+00 3.278153657913208008e+00 5.870463848114013672e+00 6.079092249274253845e-02 -5.867918729782104492e-01 -7.397583127021789551e-01 3.292915225028991699e-01 1.240759491920471191e-01
-4.231842517852783203e+00 3.388059377670288086e+00 5.943630695343017578e+00 6.079092249274253845e-02 -9.242447018623352051e-01 -1.283471733331680298e-01 3.595813810825347900e-01 6.659233570098876953e-01
-4.739336490631103516e+00 3.361764669418334961e+00 6.152565956115722656e+00 5.601062998175621033e-02 -4.595943689346313477e-01 8.838062882423400879e-01 8.751820027828216553e-02 1.292207837104797363e-01
-4.300897121429443359e+00 2.592667818069458008e+00 5.664943218231201172e+00 1.389738917350769043e-02 7.753634452819824219e-01 -6.309561133384704590e-01 -2.656978555023670197e-02 2.970134317874908447e-01
-4.030601978302001953e+00 2.414080381393432617e+00 5.686879158020019531e+00 2.510120160877704620e-02 1.239101737737655640e-01 -9.844208359718322754e-01 1.247474402189254761e-01 2.301114946603775024e-01
-4.765273094177246094e+00 2.776371717453002930e+00 5.674939632415771484e+00 4.347784444689750671e-02 -2.056132704019546509e-01 -5.372850894927978516e-01 8.179534673690795898e-01 3.114458322525024414e-01
-4.791076660156250000e+00 2.212767601013183594e+00 5.501410961151123047e+00 9.045780636370182037e-03 -4.703187346458435059e-01 -8.824858665466308594e-01 4.352818708866834641e-03 3.111330568790435791e-01
-4.687916278839111328e+00 1.855753421783447266e+00 5.365536212921142578e+00 2.870190329849720001e-02 4.630493521690368652e-01 1.678844988346099854e-01 8.702873587608337402e-01 2.889200150966644287e-01
-4.630685329437255859e+00 1.900776028633117676e+00 5.652296066284179688e+00 6.013779342174530029e-02 3.933838605880737305e-01 -4.352946877479553223e-01 8.097948431968688965e-01 3.448700904846191406e-02
-4.607979774475097656e+00 1.918292045593261719e+00 5.695981502532958984e+00 6.013779342174530029e-02 3.954714834690093994e-01 -4.880449473857879639e-01 7.780838012695312500e-01 2.284794896841049194e-01
-4.513714790344238281e+00 1.819918274879455566e+00 5.834937095642089844e+00 1.878080330789089203e-02 2.812646329402923584e-02 -9.477322697639465332e-01 -3.178246319293975830e-01 2.171803861856460571e-01
-1.746243834495544434e+00 -2.013903617858886719e+00 2.175122976303100586e+00 4.036451689898967743e-03 -5.012148022651672363e-01 3.287377655506134033e-01 8.004468679428100586e-01 2.873466312885284424e-01
-1.782183527946472168e+00 -1.808027267456054688e+00 2.402938604354858398e+00 2.499999944120645523e-03 -6.335803866386413574e-01 6.236333847045898438e-01 4.578834772109985352e-01 8.551806211471557617e-02
-1.873277187347412109e+00 -1.788895010948181152e+00 2.477387905120849609e+00 4.874438513070344925e-03 -4.966425597667694092e-01 8.223941922187805176e-01 2.775138914585113525e-01 2.306984364986419678e-01
-2.966502189636230469e+00 -6.754968762397766113e-01 2.396577835083007812e+00 4.573640413582324982e-03 1.881341934204101562e-01 7.280772328376770020e-01 6.591730713844299316e-01 1.908500045537948608e-01
-2.920718193054199219e+00 -5.478388667106628418e-01 2.536111354827880859e+00 4.573640413582324982e-03 3.885570541024208069e-02 7.852135300636291504e-01 6.180048584938049316e-01 1.533251702785491943e-01
-2.954623937606811523e+00 -6.824123859405517578e-01 2.377518892288208008e+00 5.488368216902017593e-03 8.955734372138977051e-01 3.728460669517517090e-01 2.427633404731750488e-01 1.777515113353729248e-01
-2.794744253158569336e+00 -6.269017457962036133e-01 2.404693603515625000e+00 5.488368216902017593e-03 -1.223941147327423096e-01 8.206610679626464844e-01 -5.581532716751098633e-01 7.108879089355468750e-02
-3.000381708145141602e+00 -6.947788000106811523e-01 2.289248466491699219e+00 5.431776866316795349e-03 8.870165348052978516e-01 -4.024419486522674561e-01 -2.263673841953277588e-01 2.051782011985778809e-01
-2.821747779846191406e+00 -7.428119778633117676e-01 2.289110183715820312e+00 5.431776866316795349e-03 -8.985771536827087402e-01 -3.805121481418609619e-01 2.185625731945037842e-01 9.363374859094619751e-02
-3.368764162063598633e+00 -8.572478294372558594e-01 3.167200565338134766e+00 5.480518564581871033e-03 -9.804555773735046387e-01 -5.167236179113388062e-02 1.898337602615356445e-01 3.281002342700958252e-01
-3.379964351654052734e+00 -9.441073536872863770e-01 2.962912321090698242e+00 1.599416695535182953e-02 3.156939893960952759e-02 -4.113470315933227539e-01 -9.109319448471069336e-01 2.040342390537261963e-01
-3.372341871261596680e+00 -1.008434176445007324e+00 2.778867721557617188e+00 1.599416695535182953e-02 -4.521556198596954346e-01 -5.524851009249687195e-02 8.902263045310974121e-01 2.469464391469955444e-01
-3.505448341369628906e+00 -1.082159280776977539e+00 3.019116401672363281e+00 3.579114330932497978e-03 -1.185522079467773438e-01 3.570737540721893311e-01 9.265223741531372070e-01 2.682585716247558594e-01
-3.537356376647949219e+00 -6.868559122085571289e-01 2.845983505249023438e+00 2.939935214817523956e-02 -5.621950626373291016e-01 4.910190105438232422e-01 -6.654600501060485840e-01 1.179007142782211304e-01
-3.603639602661132812e+00 -6.289644241333007812e-01 2.767525434494018555e+00 2.939935214817523956e-02 4.735525846481323242e-01 8.409897685050964355e-01 -2.616947591304779053e-01 1.753231585025787354e-01
-3.533392906188964844e+00 -6.117618083953857422e-01 2.918369054794311523e+00 4.060624539852142334e-02 8.927985280752182007e-02 9.938822388648986816e-01 6.501680612564086914e-02 2.389444559812545776e-01
-3.344411373138427734e+00 -3.114564120769500732e-01 2.966327905654907227e+00 3.956397250294685364e-02 -2.511022984981536865e-01 8.791394233703613281e-01 -4.050451219081878662e-01 2.174160778522491455e-01
-3.324500322341918945e+00 -6.660783290863037109e-02 2.981296539306640625e+00 3.831708803772926331e-02 -9.147699922323226929e-02 9.086113572120666504e-01 -4.075013399124145508e-01 2.748403139412403107e-02
-3.380643129348754883e+00 2.491810917854309082e-02 2.866082429885864258e+00 3.567326068878173828e-02 -7.845900058746337891e-01 2.526675760746002197e-01 5.661957263946533203e-01 3.555838018655776978e-02
-3.306709051132202148e+00 -4.420286510139703751e-03 2.858387947082519531e+00 3.206878155469894409e-02 3.373127197846770287e-03 5.934202671051025391e-01 -8.048857450485229492e-01 6.862297654151916504e-02
-3.308802843093872070e+00 5.591341853141784668e-02 2.845340490341186523e+00 3.327647596597671509e-02 -9.914630651473999023e-01 8.847180753946304321e-02 -9.577985107898712158e-02 1.423273682594299316e-01
-3.489293575286865234e+00 1.256196945905685425e-01 2.784878492355346680e+00 1.679727621376514435e-02 -8.208374381065368652e-01 -1.057179123163223267e-01 5.612928271293640137e-01 2.912930250167846680e-01
-3.172511339187622070e+00 -7.801394462585449219e-01 2.683693885803222656e+00 2.719300985336303711e-02 5.042403563857078552e-02 -7.043325901031494141e-01 -7.080770134925842285e-01 2.077473700046539307e-01
-3.151578187942504883e+00 -9.267347455024719238e-01 2.549411296844482422e+00 2.719300985336303711e-02 -3.299797475337982178e-01 -9.103139042854309082e-01 2.498839199542999268e-01 1.306118220090866089e-01
-3.179311990737915039e+00 -1.090438961982727051e+00 2.556651830673217773e+00 2.719300985336303711e-02 -7.726117968559265137e-01 -4.922328293323516846e-01 4.009711742401123047e-01 1.972592622041702271e-01
-3.330532073974609375e+00 -1.222452640533447266e+00 2.680498838424682617e+00 2.719300985336303711e-02 -9.711419939994812012e-01 -1.998278051614761353e-01 -1.302000731229782104e-01 3.445025086402893066e-01
-3.161005973815917969e+00 -7.516971826553344727e-01 2.754316329956054688e+00 1.125684659928083420e-02 2.107422202825546265e-01 -5.768634676933288574e-01 -7.891870737075805664e-01 5.557445883750915527e-01
-2.725528240203857422e+00 -1.584572494029998779e-01 2.106065273284912109e+00 2.499999944120645523e-03 -8.662849664688110352e-01 -3.396827578544616699e-01 -3.662867248058319092e-01 2.482349276542663574e-01
-2.723376750946044922e+00 -1.662993580102920532e-01 2.105637311935424805e+00 2.499999944120645523e-03 -5.123845338821411133e-01 -8.572103381156921387e-01 5.150288715958595276e-02 1.917349845170974731e-01
-2.565190315246582031e+00 5.493206977844238281e-01 2.735073566436767578e+00 3.777978941798210144e-02 -6.185867786407470703e-01 -2.582527995109558105e-01 -7.420619130134582520e-01 5.667533352971076965e-02
-2.600248813629150391e+00 5.346841216087341309e-01 2.693016767501831055e+00 3.777978941798210144e-02 -9.315968751907348633e-01 3.494793772697448730e-01 9.995730221271514893e-02 6.527263671159744263e-02
-2.712291479110717773e+00 6.160583496093750000e-01 2.679866313934326172e+00 3.777978941798210144e-02 -7.463498115539550781e-01 -5.088203549385070801e-01 4.290266036987304688e-01 2.846074104309082031e-01
-2.473151206970214844e+00 6.318338513374328613e-01 2.769351959228515625e+00 1.217999123036861420e-02 -2.281144261360168457e-01 3.849362134933471680e-01 -8.943086266517639160e-01 2.463659048080444336e-01
-2.501101255416870117e+00 7.456362247467041016e-01 2.609841346740722656e+00 1.217999123036861420e-02 3.580085933208465576e-01 -9.256616234779357910e-01 1.223943680524826050e-01 2.545177936553955078e-01
-2.428897619247436523e+00 5.325711965560913086e-01 2.642206192016601562e+00 2.499999944120645523e-03 -3.970030546188354492e-01 -2.863311469554901123e-01 -8.720109462738037109e-01 2.114953696727752686e-01
-1.594572782516479492e+00 4.812617897987365723e-01 3.206448554992675781e+00 5.646740645170211792e-02 -2.981030941009521484e-02 -9.870538711547851562e-01 1.575945764780044556e-01 1.703140735626220703e-01
-1.599649906158447266e+00 3.131526410579681396e-01 3.233289241790771484e+00 5.646740645170211792e-02 -6.935212016105651855e-01 -2.718077003955841064e-01 -6.671948432922363281e-01 2.479004412889480591e-01
2.458804994821548462e-01 1.409732222557067871e+00 3.882019042968750000e+00 2.403116039931774139e-02 3.976458907127380371e-01 -9.017828106880187988e-01 1.693089604377746582e-01 6.301659345626831055e-01
5.876876711845397949e-01 1.023788571357727051e+00 3.794580698013305664e+00 7.351545989513397217e-02 -1.370859742164611816e-01 6.460076570510864258e-01 -7.509204745292663574e-01 1.859528869390487671e-01
5.621961355209350586e-01 1.143915534019470215e+00 3.654944896697998047e+00 7.351545989513397217e-02 -4.027006328105926514e-01 5.043179988861083984e-01 -7.638688087463378906e-01 2.500616312026977539e-01
8.141708970069885254e-01 1.065991878509521484e+00 3.953704118728637695e+00 6.092008203268051147e-03 6.487079858779907227e-01 -7.532294392585754395e-01 1.087353527545928955e-01 1.802746057510375977e-01
9.715967178344726562e-01 9.888364076614379883e-01 3.982644796371459961e+00 6.092008203268051147e-03 -2.185807824134826660e-01 2.988598048686981201e-01 -9.289269447326660156e-01 3.300704360008239746e-01
8.957267403602600098e-01 1.067836165428161621e+00 3.703492164611816406e+00 8.865816518664360046e-03 -9.538555741310119629e-01 2.899307906627655029e-01 7.810063660144805908e-02 1.657751500606536865e-01
-1.396120071411132812e+00 -8.125276565551757812e-01 2.583558082580566406e+00 2.499999944120645523e-03 -9.845086336135864258e-01 -1.743233352899551392e-01 1.881888695061206818e-02 1.836220622062683105e-01
-1.664317965507507324e+00 -7.826728820800781250e-01 2.608258008956909180e+00 2.499999944120645523e-03 -2.164200395345687866e-01 2.929147519171237946e-02 -9.758608341217041016e-01 3.207540139555931091e-02
-1.712486147880554199e+00 -7.917276620864868164e-01 2.526738405227661133e+00 2.674605697393417358e-03 6.535630226135253906e-01 4.308398663997650146e-01 -6.222800016403198242e-01 4.098977744579315186e-01
-7.779742479324340820e-01 -5.814487338066101074e-01 1.984320282936096191e+00 1.242839731276035309e-02 -5.016119778156280518e-02 5.002626180648803711e-01 -8.644195199012756348e-01 3.032672703266143799e-01
-7.609812617301940918e-01 -4.407113194465637207e-01 1.720403194427490234e+00 1.242839731276035309e-02 -3.174787759780883789e-01 -9.447240829467773438e-01 8.187539875507354736e-02 5.412561297416687012e-01
-9.368660449981689453e-01 -9.664102196693420410e-01 1.710996747016906738e+00 1.242839731276035309e-02 -9.966930150985717773e-01 -1.663391292095184326e-02 7.953843474388122559e-02 1.306077986955642700e-01
-1.075019359588623047e+00 -9.648208022117614746e-01 1.720209598541259766e+00 1.242839731276035309e-02 2.841861844062805176e-01 7.777949571609497070e-01 5.606008172035217285e-01 2.105310261249542236e-01
1.965527415275573730e+00 -1.308398246765136719e+00 4.304682731628417969e+00 5.130938813090324402e-02 2.240070886909961700e-02 9.274993538856506348e-01 3.731530010700225830e-01 4.937034547328948975e-01
1.669684648513793945e+00 -1.600904226303100586e+00 4.409411907196044922e+00 7.902059704065322876e-02 -3.635489642620086670e-01 -9.114476442337036133e-01 -1.926015764474868774e-01 3.438228666782379150e-01
1.544688224792480469e+00 -1.914280772209167480e+00 4.343191146850585938e+00 7.902059704065322876e-02 -3.720532357692718506e-01 -9.130768179893493652e-01 -1.669345200061798096e-01 1.692330241203308105e-01
1.522369384765625000e+00 -1.999506592750549316e+00 4.364304542541503906e+00 9.482127428054809570e-02 8.402970433235168457e-01 -5.383518338203430176e-01 6.386061757802963257e-02 4.522595703601837158e-01
1.910094499588012695e+00 -2.226891756057739258e+00 4.400342941284179688e+00 8.817569911479949951e-02 8.546314239501953125e-01 -4.877831339836120605e-01 1.779684573411941528e-01 2.164950221776962280e-01
2.020934581756591797e+00 -2.363188266754150391e+00 4.414930820465087891e+00 4.786349460482597351e-02 4.005915820598602295e-01 -9.135787487030029297e-01 -7.000181823968887329e-02 9.009777009487152100e-02
1.862794876098632812e+00 -1.474372148513793945e+00 3.206498861312866211e+00 4.200216382741928101e-02 2.566638886928558350e-01 -4.606445133686065674e-01 8.496648073196411133e-01 7.540103793144226074e-01
2.045612335205078125e+00 -1.827254891395568848e+00 3.850040435791015625e+00 4.039495438337326050e-02 -3.596769869327545166e-01 2.228986620903015137e-01 -9.060621857643127441e-01 8.032054454088211060e-02
2.011416912078857422e+00 -1.826422095298767090e+00 3.735722780227661133e+00 5.849173292517662048e-02 -9.093689322471618652e-01 -3.308868408203125000e-01 2.521151006221771240e-01 2.203523218631744385e-01
1.877192020416259766e+00 -1.948544979095458984e+00 3.766954421997070312e+00 5.936341732740402222e-02 -6.370558738708496094e-01 -6.579092741012573242e-01 -4.016405940055847168e-01 2.329561412334442139e-01
1.704240918159484863e+00 -2.100329399108886719e+00 3.644504308700561523e+00 5.145971477031707764e-02 -5.705613493919372559e-01 -6.872375607490539551e-01 4.496268332004547119e-01 8.813121914863586426e-02
1.634806513786315918e+00 -2.170909166336059570e+00 3.721323728561401367e+00 5.274870619177818298e-02 -8.153043985366821289e-01 -2.938950955867767334e-01 -4.989031851291656494e-01 1.051184609532356262e-01
1.550104975700378418e+00 -2.294198274612426758e+00 3.654023647308349609e+00 5.658490955829620361e-02 -9.857482910156250000e-01 1.623285375535488129e-02 -1.674419045448303223e-01 4.628500640392303467e-01
1.113647460937500000e+00 -2.309162378311157227e+00 3.655382871627807617e+00 2.880984544754028320e-02 -5.961362123489379883e-01 -7.990743517875671387e-01 -7.811404019594192505e-02 1.198400035500526428e-01
9.849314093589782715e-01 -2.387214899063110352e+00 3.641977548599243164e+00 4.310040175914764404e-02 -2.984626591205596924e-01 -8.820863366127014160e-01 3.644773066043853760e-01 2.561817765235900879e-01
1.626952409744262695e+00 -1.466249823570251465e+00 4.298911094665527344e+00 3.616428747773170471e-02 -3.896716833114624023e-01 1.564113348722457886e-01 -9.075744748115539551e-01 4.934054613113403320e-01
1.434686303138732910e+00 -1.389075636863708496e+00 3.851109027862548828e+00 3.540494292974472046e-02 -4.415029883384704590e-01 2.723950743675231934e-01 -8.549128770828247070e-01 2.978930473327636719e-01
1.300492763519287109e+00 -1.312283754348754883e+00 3.540909528732299805e+00 4.139922186732292175e-02 -8.709642887115478516e-01 4.913344979286193848e-01 3.408123273402452469e-03 2.493134289979934692e-01
1.062014818191528320e+00 -1.189499378204345703e+00 3.544494390487670898e+00 3.629976883530616760e-02 -1.149039939045906067e-01 3.427015841007232666e-01 -9.323908686637878418e-01 2.529767453670501709e-01
1.850111603736877441e+00 -1.570814132690429688e+00 2.985608339309692383e+00 1.024967506527900696e-01 -2.925007641315460205e-01 -8.698321580886840820e-01 -3.972849547863006592e-01 5.199313759803771973e-01
1.644347667694091797e+00 -1.982870817184448242e+00 2.750982284545898438e+00 7.115159928798675537e-02 -6.648404598236083984e-01 -5.011913776397705078e-01 5.538902282714843750e-01 2.372461408376693726e-01
1.449724078178405762e+00 -2.061167955398559570e+00 2.871311426162719727e+00 5.746515467762947083e-02 2.544399797916412354e-01 4.628272354602813721e-01 8.491473793983459473e-01 2.276377826929092407e-01
1.491855144500732422e+00 -1.915683746337890625e+00 3.015469789505004883e+00 5.118061974644660950e-02 9.511311054229736328e-01 3.033044338226318359e-01 -5.793141573667526245e-02 1.410316079854965210e-01
1.688039422035217285e+00 -1.295096516609191895e+00 3.615466833114624023e+00 6.339367479085922241e-02 -1.225208044052124023e-01 8.158109784126281738e-01 -5.651912093162536621e-01 1.591480225324630737e-01
1.679842710494995117e+00 -1.143099784851074219e+00 3.520838022232055664e+00 5.405835807323455811e-02 -2.623983621597290039e-01 -6.942090392112731934e-02 -9.624592661857604980e-01 1.127867773175239563e-01
1.740175366401672363e+00 -1.257766842842102051e+00 3.299863338470458984e+00 3.247877582907676697e-02 -7.781891226768493652e-01 5.808136425912380219e-03 -6.280031204223632812e-01 3.388079106807708740e-01
1.921473383903503418e+00 -1.349402070045471191e+00 2.998103380203247070e+00 4.138067364692687988e-02 5.538207292556762695e-01 5.057333111763000488e-01 6.614502668380737305e-01 4.720275402069091797e-01
1.868155121803283691e+00 -1.300152420997619629e+00 3.108991146087646484e+00 3.108841367065906525e-02 5.934599637985229492e-01 8.043549656867980957e-01 -2.860691398382186890e-02 1.813057661056518555e-01
2.000886678695678711e+00 -1.154759049415588379e+00 3.078858375549316406e+00 3.108841367065906525e-02 -1.585672348737716675e-01 9.713667035102844238e-01 -1.769270449876785278e-01 2.589531540870666504e-01
1.860230922698974609e+00 -1.311780333518981934e+00 3.226965665817260742e+00 6.875190883874893188e-02 4.191862344741821289e-01 4.151181578636169434e-01 -8.074402809143066406e-01 3.069491684436798096e-01
1.988899827003479004e+00 -1.184360146522521973e+00 2.979122638702392578e+00 6.875190883874893188e-02 1.851614564657211304e-01 3.229863643646240234e-01 -9.281136989593505859e-01 1.402801126241683960e-01
1.203692078590393066e+00 -5.757291316986083984e-01 3.986219167709350586e+00 2.499999944120645523e-03 -2.527807652950286865e-01 -9.594585895538330078e-01 1.246640980243682861e-01 3.666562438011169434e-01
1.471146941184997559e+00 -1.220179796218872070e+00 4.380024909973144531e+00 8.179758675396442413e-03 3.494278490543365479e-01 -8.545178771018981934e-01 -3.843168318271636963e-01 8.884546160697937012e-02
1.527882695198059082e+00 -1.286274671554565430e+00 4.352529048919677734e+00 8.179758675396442413e-03 3.126517534255981445e-01 -9.341121315956115723e-01 1.722888648509979248e-01 1.191527992486953735e-01
9.803188443183898926e-01 -1.501387953758239746e+00 4.951031208038330078e+00 5.708648823201656342e-03 4.588336348533630371e-01 8.885093927383422852e-01 -4.771542269736528397e-03 4.353796839714050293e-01
9.772932529449462891e-01 -1.513966083526611328e+00 4.925412654876708984e+00 5.158669315278530121e-03 -4.518688619136810303e-01 8.863147497177124023e-01 1.012952700257301331e-01 3.399740755558013916e-01
8.070169091224670410e-01 -1.167568325996398926e+00 5.064305782318115234e+00 5.527145694941282272e-03 9.894238114356994629e-01 4.998213425278663635e-02 1.361702531576156616e-01 2.932530343532562256e-01
7.390944957733154297e-01 -1.632468700408935547e+00 4.313239574432373047e+00 1.300764456391334534e-02 7.386027574539184570e-01 -6.694409847259521484e-01 7.946511358022689819e-02 1.267046928405761719e-01
8.327337503433227539e-01 -1.717328310012817383e+00 4.323377132415771484e+00 1.300764456391334534e-02 -6.693389415740966797e-01 2.809121906757354736e-01 6.878035664558410645e-01 1.880578398704528809e-01
5.965865254402160645e-01 -1.688618540763854980e+00 4.444097995758056641e+00 4.204491153359413147e-03 -2.165821045637130737e-01 7.805402874946594238e-01 5.863865017890930176e-01 2.791048586368560791e-01
6.081634163856506348e-01 -1.687152862548828125e+00 4.309858798980712891e+00 5.203058011829853058e-03 -5.196955204010009766e-01 1.724354922771453857e-01 8.367691040039062500e-01 1.554022580385208130e-01
5.443489551544189453e-01 -1.650187015533447266e+00 4.421154499053955078e+00 5.203058011829853058e-03 -7.825292944908142090e-01 3.208328485488891602e-01 -5.335862040519714355e-01 4.747101664543151855e-01
4.978693127632141113e-01 -2.208136796951293945e+00 3.997195005416870117e+00 2.499999944120645523e-03 4.431785345077514648e-01 2.779061794281005859e-01 -8.522680997848510742e-01 1.851426213979721069e-01
5.758185982704162598e-01 -2.154351234436035156e+00 3.834332942962646484e+00 2.499999944120645523e-03 1.701216995716094971e-01 -8.357164859771728516e-01 -5.221461057662963867e-01 3.736327886581420898e-01
3.450054526329040527e-01 -1.263613462448120117e+00 5.598545074462890625e+00 1.185554731637239456e-02 7.151889055967330933e-02 9.971632361412048340e-01 2.346446551382541656e-02 1.040243729948997498e-01
3.516537845134735107e-01 -1.146148324012756348e+00 5.582206249237060547e+00 1.185554731637239456e-02 3.147217035293579102e-01 -7.597618699073791504e-01 -5.689570903778076172e-01 4.726854264736175537e-01
5.045771598815917969e-01 -1.507175803184509277e+00 5.334810256958007812e+00 1.571159437298774719e-02 -5.008976459503173828e-01 -8.652654290199279785e-01 2.042762190103530884e-02 2.732329666614532471e-01
1.276782393455505371e+00 -1.399398326873779297e+00 5.684137821197509766e+00 5.210365727543830872e-02 4.650609195232391357e-01 -4.023942947387695312e-01 7.885411977767944336e-01 4.783538579940795898e-01
1.478253245353698730e+00 -1.596422076225280762e+00 6.113304138183593750e+00 5.210365727543830872e-02 2.938013076782226562e-01 9.346462488174438477e-01 2.002928256988525391e-01 4.349573254585266113e-01
1.677340149879455566e+00 -1.212144136428833008e+00 6.265216827392578125e+00 5.210365727543830872e-02 5.646532177925109863e-01 7.389871478080749512e-01 -3.675115406513214111e-01 5.641307234764099121e-01
1.917153239250183105e+00 -8.128905296325683594e-01 6.068460464477539062e+00 5.210365727543830872e-02 -2.274408340454101562e-01 5.232625603675842285e-01 -8.212593793869018555e-01 2.732297480106353760e-01
1.868981480598449707e+00 -6.082672476768493652e-01 5.876538753509521484e+00 5.210365727543830872e-02 -2.039806544780731201e-01 4.919860363006591797e-01 -8.463696837425231934e-01 1.594970971345901489e-01
5.271659493446350098e-01 -1.114311575889587402e+00 4.848677635192871094e+00 3.478369675576686859e-03 -1.413820236921310425e-01 -9.494720697402954102e-01 -2.802034020423889160e-01 1.051115766167640686e-01
5.138164758682250977e-01 -1.213704705238342285e+00 4.817161560058593750e+00 3.478369675576686859e-03 1.982961595058441162e-01 -9.789624810218811035e-01 -4.807382449507713318e-02 1.650756746530532837e-01
-9.267262816429138184e-01 -2.139007568359375000e+00 5.600839614868164062e+00 2.499999944120645523e-03 4.394527673721313477e-01 4.707520008087158203e-01 7.650319337844848633e-01 4.065131843090057373e-01
-6.918727159500122070e-01 -1.972862362861633301e+00 5.912928581237792969e+00 2.499999944120645523e-03 -2.594710588455200195e-01 -6.107009649276733398e-01 -7.481437921524047852e-01 4.963362812995910645e-01
-7.913523316383361816e-01 -1.220543146133422852e+00 7.056993484497070312e+00 3.947894554585218430e-03 -2.245883196592330933e-01 -4.555785059928894043e-01 8.613990545272827148e-01 1.819788366556167603e-01
-8.129276633262634277e-01 -1.305199742317199707e+00 7.211475372314453125e+00 4.845143761485815048e-03 -1.418371796607971191e-01 -3.706790208816528320e-01 -9.178667068481445312e-01 1.368189156055450439e-01
-4.580002427101135254e-01 -2.634656667709350586e+00 6.434440135955810547e+00 3.243434475734829903e-03 7.859165221452713013e-02 9.818569421768188477e-01 -1.725696176290512085e-01 1.367829889059066772e-01
-3.952594280242919922e+00 -1.766918540000915527e+00 8.528517484664916992e-01 3.164684399962425232e-02 -3.393660485744476318e-01 2.678212821483612061e-01 9.017219543457031250e-01 3.021490275859832764e-01
-4.102447509765625000e+00 -1.650332093238830566e+00 1.195323467254638672e+00 3.164684399962425232e-02 -8.557103276252746582e-01 -1.913632303476333618e-01 -4.807702004909515381e-01 1.515880823135375977e-01
-3.912270307540893555e+00 -1.622713208198547363e+00 9.292271733283996582e-01 1.222803257405757904e-02 9.663496613502502441e-01 1.252964511513710022e-02 -2.569266259670257568e-01 3.120853006839752197e-01
-3.916652202606201172e+00 -1.670551896095275879e+00 1.011044025421142578e+00 1.605509035289287567e-02 3.939182758331298828e-01 1.692830771207809448e-01 9.034221768379211426e-01 2.481444627046585083e-01
-3.794719219207763672e+00 -1.664435386657714844e+00 1.236186981201171875e+00 2.499999944120645523e-03 6.754915714263916016e-01 4.704219400882720947e-01 5.678154230117797852e-01 1.731581836938858032e-01
-3.987125873565673828e+00 -1.605290293693542480e+00 1.021110177040100098e+00 1.451759319752454758e-02 -3.258556127548217773e-01 -8.804029822349548340e-01 -3.445412516593933105e-01 1.237743049860000610e-01
-4.027458190917968750e+00 -1.714261651039123535e+00 9.784647822380065918e-01 1.451759319752454758e-02 4.698792472481727600e-02 -9.277694821357727051e-01 -3.701837062835693359e-01 1.447917819023132324e-01
-3.622304201126098633e+00 -2.038051366806030273e+00 3.907215297222137451e-01 4.699863027781248093e-03 -3.210291564464569092e-01 9.277178049087524414e-01 -1.904730349779129028e-01 6.042536497116088867e-01
-3.632134675979614258e+00 -1.916592478752136230e+00 3.922202587127685547e-01 3.238192060962319374e-03 4.552289545536041260e-01 -3.428994417190551758e-01 -8.216973543167114258e-01 2.323995679616928101e-01
-3.534935951232910156e+00 -1.913105726242065430e+00 1.902308464050292969e-01 3.238192060962319374e-03 -3.685375452041625977e-01 8.464492857456207275e-02 9.257512092590332031e-01 4.509787559509277344e-01
-3.668290853500366211e+00 -2.096684455871582031e+00 5.482709407806396484e-01 6.031490862369537354e-03 -8.627983331680297852e-01 -3.858691751956939697e-01 -3.266252279281616211e-01 1.666441261768341064e-01
-3.760298490524291992e+00 -2.136104583740234375e+00 4.983880519866943359e-01 6.031490862369537354e-03 1.895370781421661377e-01 -2.194680124521255493e-01 -9.570316076278686523e-01 2.688729166984558105e-01
-3.821208477020263672e+00 -2.086440324783325195e+00 1.946447253227233887e+00 2.031047828495502472e-02 -5.755465626716613770e-01 7.224191427230834961e-01 -3.832188546657562256e-01 2.021638453006744385e-01
-3.925366401672363281e+00 -1.879028320312500000e+00 1.790902376174926758e+00 2.650495246052742004e-02 -7.358905076980590820e-01 5.834319591522216797e-01 3.436165750026702881e-01 1.190477013587951660e-01
-4.015524387359619141e+00 -1.798322319984436035e+00 1.818743944168090820e+00 2.650495246052742004e-02 -5.820415019989013672e-01 5.565217733383178711e-01 5.928837656974792480e-01 2.568265497684478760e-01
-4.178025722503662109e+00 -1.678673505783081055e+00 1.984431982040405273e+00 1.466015446931123734e-02 -5.091724395751953125e-01 6.254867911338806152e-01 5.911934375762939453e-01 2.520916461944580078e-01
-3.811394929885864258e+00 -2.122876405715942383e+00 1.684668898582458496e+00 4.687455948442220688e-03 -5.772392749786376953e-01 7.976168394088745117e-01 1.749349832534790039e-01 2.198824137449264526e-01
-3.977869033813476562e+00 -1.955671787261962891e+00 1.545263886451721191e+00 4.687455948442220688e-03 -8.677830696105957031e-01 4.664089083671569824e-01 1.715088784694671631e-01 4.341875016689300537e-02
-4.071507930755615234e+00 -1.924410223960876465e+00 1.531927943229675293e+00 2.499999944120645523e-03 -3.681913316249847412e-01 -1.350001692771911621e-01 9.198967814445495605e-01 2.102143019437789917e-01
-4.411238670349121094e+00 -1.588207721710205078e+00 7.828444242477416992e-01 3.818176686763763428e-02 -1.309415092691779137e-03 -9.999708533287048340e-01 -7.525314576923847198e-03 6.021842360496520996e-01
-4.131101608276367188e+00 -2.101388454437255859e+00 1.100924253463745117e+00 3.433670848608016968e-02 -7.085922956466674805e-01 -2.077597230672836304e-01 6.743388772010803223e-01 3.866808116436004639e-01
-4.483362197875976562e+00 -2.145115852355957031e+00 1.359422206878662109e+00 3.080507367849349976e-02 -3.113812804222106934e-01 -6.213493347167968750e-01 7.190039753913879395e-01 9.636989980936050415e-02
-4.525657176971435547e+00 -2.287594079971313477e+00 1.369589805603027344e+00 2.663793787360191345e-02 -2.607080042362213135e-01 -5.359710454940795898e-01 8.029734492301940918e-01 5.520116910338401794e-02
-4.557225704193115234e+00 -2.219403743743896484e+00 1.431290388107299805e+00 2.189495041966438293e-02 -3.382241427898406982e-01 -2.219346314668655396e-01 9.145214557647705078e-01 3.626234829425811768e-01
-4.734699726104736328e+00 -1.181234598159790039e+00 1.675203323364257812e+00 2.499999944120645523e-03 -5.258891582489013672e-01 -6.828370690345764160e-01 5.071233510971069336e-01 3.639799058437347412e-01
-4.341013431549072266e+00 -1.002302885055541992e+00 1.584475755691528320e+00 1.759672351181507111e-02 -4.983045160770416260e-01 1.163549628108739853e-02 8.669239878654479980e-01 1.008310467004776001e-01
-4.389327526092529297e+00 -1.000531435012817383e+00 1.677674770355224609e+00 1.759672351181507111e-02 -6.537669301033020020e-01 -6.987745761871337891e-01 2.903496921062469482e-01 2.625600993633270264e-01
-3.956067323684692383e+00 -2.324157655239105225e-01 2.769369602203369141e+00 3.254052018746733665e-03 2.022893130779266357e-01 5.940383076667785645e-01 -7.785868644714355469e-01 3.120451271533966064e-01
-3.933703660964965820e+00 -1.162094771862030029e-01 2.664619207382202148e+00 3.254052018746733665e-03 5.159224867820739746e-01 -8.172360062599182129e-01 -2.568059563636779785e-01 5.361346602439880371e-01
-2.439177036285400391e+00 -2.748977899551391602e+00 8.848097920417785645e-01 2.499999944120645523e-03 7.058226466178894043e-01 4.854716360569000244e-01 5.158795714378356934e-01 2.791855633258819580e-01
-2.200584411621093750e+00 -2.639112710952758789e+00 1.064491748809814453e+00 2.499999944120645523e-03 -7.137760519981384277e-01 -5.464636683464050293e-01 4.380652606487274170e-01 4.554533362388610840e-01
-2.060103416442871094e+00 -2.661391496658325195e+00 1.677022457122802734e+00 4.528147168457508087e-03 -8.827808499336242676e-01 3.874313458800315857e-02 -4.681847095489501953e-01 4.169924557209014893e-01
-2.076724290847778320e+00 -2.690223932266235352e+00 1.719649195671081543e+00 2.947470545768737793e-02 -2.600408792495727539e-01 -3.150581121444702148e-01 9.127525091171264648e-01 2.435421496629714966e-01
-2.158048391342163086e+00 -2.777693033218383789e+00 1.952680349349975586e+00 2.947470545768737793e-02 -5.734866261482238770e-01 1.569555550813674927e-01 -8.040385842323303223e-01 1.397032141685485840e-01
-2.250026464462280273e+00 -2.762159347534179688e+00 1.841857910156250000e+00 2.947470545768737793e-02 -4.640407562255859375e-01 7.498360872268676758e-01 -4.716057479381561279e-01 1.397542506456375122e-01
-1.822356343269348145e+00 -3.003590106964111328e+00 1.635228157043457031e+00 2.891004830598831177e-02 -7.921390533447265625e-01 -5.703972578048706055e-01 -2.171698808670043945e-01 7.307582348585128784e-02
-1.880242586135864258e+00 -3.045272350311279297e+00 1.619358301162719727e+00 2.891004830598831177e-02 -6.600794792175292969e-01 -7.282987833023071289e-01 1.840542107820510864e-01 1.040773540735244751e-01
-1.926396608352661133e+00 -3.157662153244018555e+00 1.658126115798950195e+00 2.891004830598831177e-02 -8.473008871078491211e-01 -2.802552878856658936e-01 4.511520862579345703e-01 2.107430994510650635e-01
-1.520866394042968750e+00 -2.104780912399291992e+00 1.738284945487976074e+00 2.640875056385993958e-03 -8.695973753929138184e-01 -4.733771383762359619e-01 -1.404082179069519043e-01 4.916844666004180908e-01
-1.839755177497863770e+00 -2.258559942245483398e+00 1.730693221092224121e+00 2.640875056385993958e-03 6.405493617057800293e-01 -7.487149238586425781e-01 -1.706528961658477783e-01 5.049185752868652344e-01
-1.512070298194885254e+00 -2.049336194992065430e+00 1.672731757164001465e+00 6.384538020938634872e-03 9.995843470096588135e-02 -1.539663076400756836e-01 9.830069541931152344e-01 3.146473169326782227e-01
-1.551185727119445801e+00 -1.866158843040466309e+00 1.499163746833801270e+00 1.271730940788984299e-02 -1.368120312690734863e-02 1.580467969179153442e-01 9.873368144035339355e-01 1.996705830097198486e-01
-1.557699322700500488e+00 -1.846732378005981445e+00 1.695397615432739258e+00 1.271730940788984299e-02 -1.633772552013397217e-01 -2.290805615484714508e-02 9.862976670265197754e-01 1.669875532388687134e-01
-1.670526862144470215e+00 -1.738165736198425293e+00 1.836996555328369141e+00 1.271730940788984299e-02 -7.030071616172790527e-01 -4.166187345981597900e-01 5.763764381408691406e-01 1.504414826631546021e-01
-1.544085621833801270e+00 -2.017229080200195312e+00 1.646420598030090332e+00 2.116114087402820587e-02 -4.120780229568481445e-01 8.862612843513488770e-01 -2.115010321140289307e-01 2.510647177696228027e-01
-1.647543907165527344e+00 -1.794720172882080078e+00 1.593320131301879883e+00 2.116114087402820587e-02 -6.748556494712829590e-01 5.506357550621032715e-01 -4.912943243980407715e-01 1.725164353847503662e-01
-1.762478828430175781e+00 -1.692384719848632812e+00 1.509702205657958984e+00 2.116114087402820587e-02 -3.003872334957122803e-01 -8.637849986553192139e-02 9.498980045318603516e-01 2.645480930805206299e-01
-1.036374330520629883e+00 -3.307891607284545898e+00 1.520738005638122559e+00 3.758485987782478333e-02 -1.251918226480484009e-01 -8.622398376464843750e-01 -4.907845556735992432e-01 1.797107011079788208e-01
-1.089280366897583008e+00 -3.464421749114990234e+00 1.432848095893859863e+00 3.726684302091598511e-02 -4.544208571314811707e-02 9.418104290962219238e-01 3.330587744712829590e-01 3.370744362473487854e-02
-1.092036962509155273e+00 -3.345011949539184570e+00 1.364336371421813965e+00 3.672299534082412720e-02 2.107153385877609253e-01 6.593775749206542969e-01 7.216787934303283691e-01 3.546982109546661377e-01
-8.955198526382446289e-01 -3.106380701065063477e+00 1.675116419792175293e+00 3.202696889638900757e-02 2.544274181127548218e-02 9.894932508468627930e-01 -1.423227488994598389e-01 5.669622421264648438e-01
-8.549466729164123535e-01 -2.629422664642333984e+00 1.563744187355041504e+00 2.744428254663944244e-02 -2.724835276603698730e-01 2.539952993392944336e-01 -9.280297160148620605e-01 2.220169007778167725e-01
-9.114938974380493164e-01 -2.587543964385986328e+00 1.360405802726745605e+00 1.503166556358337402e-02 -9.557194113731384277e-01 -2.780004441738128662e-01 -9.652024507522583008e-02 1.657605916261672974e-01
-6.695865392684936523e-01 -3.347028493881225586e+00 1.722482323646545410e+00 8.749105036258697510e-03 -2.958284020423889160e-01 4.850535988807678223e-01 -8.229268193244934082e-01 5.282981991767883301e-01
-2.939499020576477051e-01 -3.368289470672607422e+00 1.826504707336425781e+00 7.778334431350231171e-03 -7.403103113174438477e-01 6.693088412284851074e-01 6.297905743122100830e-02 1.639488339424133301e-01
-4.400837719440460205e-01 -3.242932558059692383e+00 1.791948080062866211e+00 7.778334431350231171e-03 -7.501553297042846680e-01 3.752416074275970459e-01 5.444819927215576172e-01 3.914964497089385986e-01
-6.927782297134399414e-01 -3.216964721679687500e+00 1.703823447227478027e+00 2.245445363223552704e-02 -2.248869091272354126e-01 8.872596025466918945e-01 -4.027359783649444580e-01 2.755788862705230713e-01
-7.547522783279418945e-01 -2.972454786300659180e+00 1.592837929725646973e+00 2.245445363223552704e-02 -9.304954856634140015e-02 8.579005599021911621e-01 -5.053201317787170410e-01 1.670083105564117432e-01
-4.224950075149536133e-01 -3.412115097045898438e+00 1.822067141532897949e+00 3.032216802239418030e-02 -7.522270083427429199e-01 -8.788636326789855957e-02 6.530165076255798340e-01 1.096804067492485046e-01
-5.019045472145080566e-01 -3.444337129592895508e+00 1.880659818649291992e+00 3.032216802239418030e-02 -7.498343586921691895e-01 -4.047576785087585449e-01 5.233733057975769043e-01 1.291527003049850464e-01
-6.098089814186096191e-01 -3.480609893798828125e+00 1.972420334815979004e+00 3.032216802239418030e-02 -3.729417920112609863e-01 -8.430343270301818848e-01 3.875661790370941162e-01 2.827634513378143311e-01
-6.888505816459655762e-01 -3.769264221191406250e+00 2.139947891235351562e+00 3.032216802239418030e-02 -5.692914724349975586e-01 -7.315104603767395020e-01 -3.752327263355255127e-01 2.854061126708984375e-01
-4.423587799072265625e+00 -4.072226524353027344e+00 1.114423155784606934e+00 7.500143721699714661e-03 -5.757916569709777832e-01 -8.162735104560852051e-01 -4.649186134338378906e-02 1.365746408700942993e-01
-4.414579868316650391e+00 -4.161030292510986328e+00 1.062766909599304199e+00 7.500143721699714661e-03 3.538309931755065918e-01 -9.063868522644042969e-01 2.307953387498855591e-01 1.418823748826980591e-01
-3.677316188812255859e+00 -3.019225597381591797e+00 5.463072061538696289e-01 2.330570481717586517e-02 7.008905410766601562e-01 -1.100741177797317505e-01 7.047241926193237305e-01 7.635019719600677490e-02
-3.621507644653320312e+00 -3.009433507919311523e+00 5.914977192878723145e-01 2.330570481717586517e-02 -1.452849656343460083e-01 4.382947385311126709e-01 8.870118260383605957e-01 1.986249685287475586e-01
-3.648442983627319336e+00 -2.935644865036010742e+00 7.604755163192749023e-01 8.508866652846336365e-03 -4.553248584270477295e-01 -4.749104678630828857e-01 7.530865073204040527e-01 1.159309074282646179e-01
-4.238620758056640625e+00 -2.439403057098388672e+00 5.425249934196472168e-01 1.153260096907615662e-02 -4.186060726642608643e-01 1.492753438651561737e-02 -9.080452322959899902e-01 3.161159157752990723e-01
-4.352639675140380859e+00 -2.437679290771484375e+00 2.660634815692901611e-01 1.153260096907615662e-02 -3.727833926677703857e-01 -8.328585624694824219e-01 4.091199934482574463e-01 2.533002197742462158e-01
-3.906328201293945312e+00 -3.273427248001098633e+00 1.087223052978515625e+00 5.547189153730869293e-03 2.117597609758377075e-01 -9.652469158172607422e-01 1.531539857387542725e-01 3.607166707515716553e-01
-3.116836547851562500e+00 -2.632435321807861328e+00 1.103387713432312012e+00 2.499999944120645523e-03 -1.358080506324768066e-01 -5.441089868545532227e-01 8.279502391815185547e-01 3.744562566280364990e-01
-3.725493192672729492e+00 -3.115155935287475586e+00 1.746762871742248535e+00 1.023729797452688217e-02 -3.292056620121002197e-01 -8.814408779144287109e-01 -3.386525809764862061e-01 1.638510227203369141e-01
-3.300634860992431641e+00 -4.054199695587158203e+00 1.592773079872131348e+00 5.272766109555959702e-03 -7.883160142228007317e-04 -2.369304001331329346e-01 9.715263247489929199e-01 1.656407713890075684e-01
-3.300028562545776367e+00 -4.081092834472656250e+00 1.754627346992492676e+00 5.272766109555959702e-03 -8.851870298385620117e-01 8.719739317893981934e-02 -4.569907486438751221e-01 1.366034746170043945e-01
-3.425826072692871094e+00 -4.087527751922607422e+00 1.664027094841003418e+00 8.480672724545001984e-03 -9.565834403038024902e-01 2.905052602291107178e-01 -2.355437353253364563e-02 2.738550901412963867e-01
-2.963605880737304688e+00 -4.219939231872558594e+00 1.683979153633117676e+00 9.347176179289817810e-03 -6.917416453361511230e-01 -1.223474182188510895e-02 -7.220413684844970703e-01 5.762404799461364746e-01
-3.149170875549316406e+00 -4.427495002746582031e+00 1.541833996772766113e+00 4.414293449372053146e-03 2.678360342979431152e-01 -5.561970546841621399e-02 -9.618577361106872559e-01 4.373105168342590332e-01
-3.160836458206176758e+00 -4.317317962646484375e+00 1.572023510932922363e+00 2.777392975986003876e-02 -2.732645571231842041e-01 1.763865053653717041e-01 9.456290602684020996e-01 2.144756466150283813e-01
-3.219444990158081055e+00 -4.279487133026123047e+00 1.774837851524353027e+00 2.777392975986003876e-02 -1.552314758300781250e-01 2.042742371559143066e-01 9.665274024009704590e-01 2.819698452949523926e-01
-4.747625827789306641e+00 -3.934550046920776367e+00 1.741648674011230469e+00 4.791621584445238113e-03 3.516165167093276978e-02 -1.993294060230255127e-01 9.793015122413635254e-01 2.493826001882553101e-01
-4.743732929229736328e+00 -3.954795598983764648e+00 1.975976228713989258e+00 4.791621584445238113e-03 -6.366480588912963867e-01 -3.380827009677886963e-01 -6.930940151214599609e-01 3.473806977272033691e-01
-4.392287731170654297e+00 -4.414836406707763672e+00 1.312543869018554688e+00 7.718525826930999756e-03 9.102016687393188477e-01 -7.253462076187133789e-02 4.077641963958740234e-01 3.446024656295776367e-01
-4.087586879730224609e+00 -4.474133968353271484e+00 1.430099010467529297e+00 4.041888751089572906e-03 9.482024312019348145e-01 -3.634943440556526184e-02 -3.155801296234130859e-01 2.712284326553344727e-01
-1.796530842781066895e+00 -4.237335205078125000e+00 1.349354147911071777e+00 2.499999944120645523e-03 4.314056932926177979e-01 8.996709585189819336e-01 -6.694208085536956787e-02 3.307880759239196777e-01
-1.634851813316345215e+00 -3.980233192443847656e+00 1.326486349105834961e+00 2.499999944120645523e-03 -7.670051455497741699e-01 -3.497549891471862793e-01 -5.379354357719421387e-01 1.381093859672546387e-01
-1.804486155509948730e+00 -4.003933906555175781e+00 1.291282296180725098e+00 2.499999944120645523e-03 -5.034843683242797852e-01 6.518527865409851074e-02 -8.615418672561645508e-01 3.237313032150268555e-01
-2.380657911300659180e+00 -1.580990195274353027e+00 3.621324300765991211e+00 4.161425400525331497e-03 -8.795573711395263672e-01 -4.575104415416717529e-01 -1.306256353855133057e-01 2.060173898935317993e-01
-2.549612045288085938e+00 -1.700262784957885742e+00 3.601493358612060547e+00 4.161425400525331497e-03 -8.915708065032958984e-01 -4.502801299095153809e-01 -4.847002401947975159e-02 1.737240105867385864e-01
-1.854390501976013184e+00 -2.529298543930053711e+00 2.427041292190551758e+00 4.587190598249435425e-02 -3.102976083755493164e-01 -9.367257356643676758e-01 -1.620503813028335571e-01 2.265219986438751221e-01
-1.935379862785339355e+00 -2.795529127120971680e+00 2.436987400054931641e+00 5.255969241261482239e-02 2.853378653526306152e-01 -6.580539345741271973e-01 -6.968122124671936035e-01 3.106716871261596680e-01
-1.875496864318847656e+00 -3.005599737167358398e+00 2.201900243759155273e+00 5.030398443341255188e-02 -1.896786540746688843e-01 -8.192434906959533691e-01 5.411673784255981445e-01 2.126658558845520020e-01
-1.878216147422790527e+00 -3.177518129348754883e+00 2.364143133163452148e+00 3.299732506275177002e-02 -7.556363344192504883e-01 -2.281169593334197998e-01 6.139839887619018555e-01 1.895713061094284058e-01
-2.007792949676513672e+00 -3.226951122283935547e+00 2.482888698577880859e+00 4.107588529586791992e-02 -4.320505559444427490e-01 -8.808298110961914062e-01 1.935745924711227417e-01 2.488384246826171875e-01
-1.624634385108947754e+00 -2.872295856475830078e+00 2.678720951080322266e+00 4.507657885551452637e-02 2.340961694717407227e-01 -2.281389683485031128e-01 9.450669884681701660e-01 1.829712837934494019e-01
-1.581801533699035645e+00 -2.914038658142089844e+00 2.851640939712524414e+00 4.507657885551452637e-02 5.713940858840942383e-01 -2.897133529186248779e-01 7.678378820419311523e-01 2.059373408555984497e-01
-1.492574214935302734e+00 -2.957626104354858398e+00 3.040193557739257812e+00 5.280713737010955811e-02 7.246251106262207031e-01 -2.154373005032539368e-02 6.888064742088317871e-01 2.663988173007965088e-01
-1.284766197204589844e+00 -3.038994550704956055e+00 3.184489488601684570e+00 4.507657885551452637e-02 8.203890323638916016e-01 -1.285901218652725220e-01 5.571592450141906738e-01 4.763355851173400879e-01
-9.221549630165100098e-01 -3.003323078155517578e+00 3.485855340957641602e+00 4.839477315545082092e-02 9.388542771339416504e-01 1.596442312002182007e-01 3.050678670406341553e-01 3.103196024894714355e-01
-5.752877593040466309e-01 -2.954524755477905273e+00 3.589408159255981445e+00 4.928088188171386719e-02 1.304030697792768478e-02 9.999128580093383789e-01 2.059870166704058647e-03 3.307633101940155029e-01
-1.149737834930419922e+00 -3.582702159881591797e+00 3.103589057922363281e+00 1.989135704934597015e-02 8.926258087158203125e-01 -3.137671649456024170e-01 3.236808478832244873e-01 5.704066753387451172e-01
-6.649824380874633789e-01 -3.820392131805419922e+00 3.308071613311767578e+00 5.650029983371496201e-03 -2.988682985305786133e-01 4.148128926753997803e-01 8.594230413436889648e-01 4.317152127623558044e-02
-6.938931345939636230e-01 -3.790611267089843750e+00 3.337457418441772461e+00 8.128052577376365662e-03 -1.958205401897430420e-01 3.350020945072174072e-01 9.216441512107849121e-01 3.447200059890747070e-01
-1.323996424674987793e+00 -3.600438356399536133e+00 3.289858579635620117e+00 5.313315615057945251e-02 6.272384524345397949e-01 -6.363029479980468750e-01 -4.490996301174163818e-01 2.391127347946166992e-01
-1.181301474571228027e+00 -3.708754777908325195e+00 3.098504304885864258e+00 5.313315615057945251e-02 -5.106264948844909668e-01 -7.795861959457397461e-01 -3.626374006271362305e-01 3.095456957817077637e-01
-1.335945725440979004e+00 -3.952394723892211914e+00 2.992541074752807617e+00 5.313315615057945251e-02 -6.823127269744873047e-01 -7.236841320991516113e-01 1.035887449979782104e-01 1.133744716644287109e-01
-1.411241292953491211e+00 -4.068714618682861328e+00 3.023653507232666016e+00 5.313315615057945251e-02 -8.160370588302612305e-01 -3.207918107509613037e-01 -4.808078408241271973e-01 1.207795515656471252e-01
-1.587931871414184570e+00 -3.400756120681762695e+00 3.585067749023437500e+00 7.837573066353797913e-03 -8.997755646705627441e-01 3.394528627395629883e-01 -2.741818428039550781e-01 1.784714311361312866e-01
-1.748845458030700684e+00 -3.342340946197509766e+00 3.564493179321289062e+00 7.837573066353797913e-03 -9.742105603218078613e-01 -2.238435149192810059e-01 -2.842198498547077179e-02 3.796257376670837402e-01
-1.226517081260681152e+00 -3.524569749832153320e+00 3.381584167480468750e+00 8.341744542121887207e-03 -2.274546772241592407e-01 -7.316191196441650391e-01 6.426490545272827148e-01 5.759496092796325684e-01
-1.429123282432556152e+00 -3.967789888381958008e+00 3.820472717285156250e+00 1.807378046214580536e-02 -7.014319896697998047e-01 6.534487754106521606e-02 -7.097346186637878418e-01 1.519246399402618408e-01
-1.542570471763610840e+00 -4.014948844909667969e+00 3.697241544723510742e+00 1.619279757142066956e-02 -7.548251748085021973e-01 2.541750371456146240e-01 -6.046767830848693848e-01 2.673828303813934326e-01
-1.599923849105834961e+00 -3.357443809509277344e+00 3.676306486129760742e+00 5.025141686201095581e-02 -6.570057868957519531e-01 6.676611900329589844e-01 -3.501027226448059082e-01 1.439573168754577637e-01
-1.770805597305297852e+00 -3.123367547988891602e+00 3.546413660049438477e+00 4.833517596125602722e-02 -9.003938436508178711e-01 -3.459525704383850098e-01 2.638328671455383301e-01 1.957366764545440674e-01
-1.955623865127563477e+00 -3.206676959991455078e+00 3.660708427429199219e+00 3.370955586433410645e-02 -9.879107475280761719e-01 1.117485091090202332e-01 -1.074460521340370178e-01 1.000102832913398743e-01
-2.172591686248779297e+00 -3.181724548339843750e+00 3.619408130645751953e+00 4.106223583221435547e-02 -2.581278383731842041e-01 -6.697048544883728027e-01 6.963227987289428711e-01 1.196336522698402405e-01
-2.276351928710937500e+00 -3.270774841308593750e+00 3.684610605239868164e+00 2.098628878593444824e-02 -2.335521131753921509e-01 8.072454929351806641e-01 5.420407652854919434e-01 2.746255397796630859e-01
-2.346029043197631836e+00 -3.044899940490722656e+00 3.837401390075683594e+00 2.161557413637638092e-02 1.291199028491973877e-02 6.937972903251647949e-01 -7.200545668601989746e-01 1.416348516941070557e-01
-1.886135101318359375e+00 -3.452012538909912109e+00 3.909919977188110352e+00 1.663310453295707703e-02 -6.111440658569335938e-01 -5.053297877311706543e-01 -6.092164516448974609e-01 2.534823715686798096e-01
-2.035858631134033203e+00 -3.575581550598144531e+00 3.762371778488159180e+00 1.663310453295707703e-02 8.225136399269104004e-01 -9.000423550605773926e-02 -5.615786314010620117e-01 2.977602481842041016e-01
-1.787734031677246094e+00 -3.610844850540161133e+00 3.595352172851562500e+00 2.157615125179290771e-02 9.342898726463317871e-01 3.553266823291778564e-01 2.907504141330718994e-02 1.974676251411437988e-01
-1.785578966140747070e+00 -3.389501571655273438e+00 3.935368061065673828e+00 7.323406636714935303e-03 -2.754228711128234863e-01 -8.559703230857849121e-01 -4.375580847263336182e-01 4.076358675956726074e-01
-1.780637025833129883e+00 -3.368357419967651367e+00 4.022175788879394531e+00 1.076007448136806488e-02 -3.509312272071838379e-01 3.871102035045623779e-01 8.526388406753540039e-01 3.440389633178710938e-01
-1.562102079391479492e+00 -2.934767484664916992e+00 4.294510841369628906e+00 2.522915229201316833e-02 6.383650749921798706e-02 -9.569354057312011719e-01 2.831952273845672607e-01 1.722344160079956055e-01
-1.569521903991699219e+00 -3.078406810760498047e+00 4.429756641387939453e+00 4.597608000040054321e-03 9.572250247001647949e-01 -1.578320115804672241e-01 2.425062060356140137e-01 5.553099513053894043e-01
-1.082479834556579590e+00 -3.124378204345703125e+00 4.587079048156738281e+00 2.598647959530353546e-02 4.863494336605072021e-01 4.510679841041564941e-02 8.725993633270263672e-01 2.214471250772476196e-01
-9.851725101470947266e-01 -2.660645246505737305e+00 4.914525985717773438e+00 9.469402022659778595e-03 1.036292314529418945e-01 -3.476805686950683594e-01 9.318686723709106445e-01 7.852455973625183105e-02
-9.585825204849243164e-01 -2.712216138839721680e+00 4.935587882995605469e+00 9.469402022659778595e-03 8.972296118736267090e-02 -8.903230428695678711e-01 4.464019536972045898e-01 8.952697366476058960e-02
-1.066747426986694336e+00 -2.783547639846801758e+00 5.101354598999023438e+00 3.755892394110560417e-03 3.011910617351531982e-01 -8.918100595474243164e-01 3.375777304172515869e-01 6.162266731262207031e-01
-1.492573499679565430e+00 -2.816659212112426758e+00 4.433287620544433594e+00 4.766187816858291626e-02 -3.462291508913040161e-02 9.967765212059020996e-01 7.237290591001510620e-02 7.895346879959106445e-01
-1.557577133178710938e+00 -2.048966884613037109e+00 4.492705821990966797e+00 4.175632819533348083e-02 1.434959173202514648e-01 -1.649443358182907104e-01 9.758085012435913086e-01 8.636105805635452271e-02
-1.769350886344909668e+00 -1.968763232231140137e+00 4.574429988861083984e+00 4.160404577851295471e-02 3.561500608921051025e-01 8.554385900497436523e-01 3.760079145431518555e-01 3.263089358806610107e-01
-1.651325702667236328e+00 -1.677470445632934570e+00 4.687533378601074219e+00 3.033105097711086273e-02 -1.810906827449798584e-01 6.256800889968872070e-01 7.587690949440002441e-01 2.113042175769805908e-01
-1.559759855270385742e+00 -1.530960440635681152e+00 4.868220806121826172e+00 1.609337702393531799e-02 -1.633810251951217651e-01 8.404243737459182739e-02 9.829768538475036621e-01 4.973266422748565674e-01
-6.261036992073059082e-01 -2.574111938476562500e+00 4.948324680328369141e+00 1.762184128165245056e-02 9.153223633766174316e-01 3.869288861751556396e-01 1.116737201809883118e-01 1.476287543773651123e-01
-4.895049333572387695e-01 -2.521199226379394531e+00 4.971433162689208984e+00 1.762184128165245056e-02 7.917428612709045410e-01 -4.204606711864471436e-01 -4.431208074092864990e-01 2.748677730560302734e-01
-7.657442688941955566e-01 -2.067983865737915039e+00 3.314905881881713867e+00 1.684542000293731689e-02 1.956899762153625488e-01 9.473865628242492676e-01 2.533063590526580811e-01 2.141441255807876587e-01
8.390618115663528442e-02 -1.727388858795166016e+00 2.947902679443359375e+00 4.130627959966659546e-02 2.163848429918289185e-01 -6.319959163665771484e-01 7.441496849060058594e-01 2.265020161867141724e-01
1.329177767038345337e-01 -1.870537281036376953e+00 3.116454124450683594e+00 4.130627959966659546e-02 2.903014421463012695e-01 1.240926086902618408e-01 -9.488551616668701172e-01 3.832291364669799805e-01
-2.092063874006271362e-01 -1.374563574790954590e+00 3.484387636184692383e+00 4.834752529859542847e-02 -3.454500436782836914e-02 -9.582223296165466309e-01 2.839305996894836426e-01 3.375540971755981445e-01
-1.796887964010238647e-01 -1.724962234497070312e+00 3.594693899154663086e+00 4.995094612240791321e-02 -5.393701195716857910e-01 -8.414571285247802734e-01 -3.209031373262405396e-02 2.245617955923080444e-01
-2.477653622627258301e-01 -1.969798564910888672e+00 3.575891494750976562e+00 4.679941758513450623e-02 -3.631758391857147217e-01 -5.069932341575622559e-01 7.817040085792541504e-01 1.321169286966323853e-01
-3.347029983997344971e-01 -2.059427261352539062e+00 3.735965251922607422e+00 7.185357809066772461e-02 -5.344467982649803162e-02 -9.144076704978942871e-01 -4.012508392333984375e-01 5.907270312309265137e-02
-3.175721466541290283e-01 -2.108241558074951172e+00 3.648490428924560547e+00 6.372053921222686768e-02 -1.251785755157470703e-01 -9.848304390907287598e-01 -1.201637759804725647e-01 2.049493640661239624e-01
-3.112389445304870605e-01 -2.310015439987182617e+00 3.630365371704101562e+00 6.577847152948379517e-02 -8.938253670930862427e-02 -8.891474604606628418e-01 4.488068521022796631e-01 1.874415725469589233e-01
-2.934595346450805664e-01 -2.437598466873168945e+00 3.725010633468627930e+00 6.156149879097938538e-02 7.459412813186645508e-01 -6.655837893486022949e-01 2.386947348713874817e-02 5.171920359134674072e-02
-1.908128708600997925e-01 -2.584004878997802734e+00 3.847124338150024414e+00 6.173790246248245239e-02 5.154331922531127930e-01 7.473936080932617188e-01 4.192033708095550537e-01 1.452369242906570435e-01
-7.631970196962356567e-02 -2.447367429733276367e+00 4.029365062713623047e+00 5.553955212235450745e-02 -9.371640086174011230e-01 2.437128126621246338e-01 2.496550232172012329e-01 2.333639562129974365e-01
-3.972285389900207520e-01 -2.311662673950195312e+00 4.116425037384033203e+00 5.380623042583465576e-02 -4.331123828887939453e-01 -7.462357878684997559e-01 5.055153965950012207e-01 1.585458964109420776e-01
-5.013737082481384277e-01 -2.435708761215209961e+00 4.184545993804931641e+00 4.589488729834556580e-02 -1.519556790590286255e-01 -6.398712992668151855e-01 7.533088326454162598e-01 1.370423585176467896e-01
-4.904336631298065186e-01 -2.532078504562377930e+00 4.330486774444580078e+00 5.468325689435005188e-02 -4.242871403694152832e-01 -8.956266641616821289e-01 1.335414052009582520e-01 1.331361085176467896e-01
-1.912419497966766357e-01 -9.901173114776611328e-01 4.080215930938720703e+00 6.255636364221572876e-02 3.988806307315826416e-01 6.493560075759887695e-01 -6.474804878234863281e-01 1.705682575702667236e-01
-1.216209009289741516e-01 -8.513182401657104492e-01 3.942278146743774414e+00 5.389473959803581238e-02 -3.883632719516754150e-01 6.563192009925842285e-01 6.468532085418701172e-01 2.343077957630157471e-01
-2.010666429996490479e-01 -6.989052295684814453e-01 4.104520320892333984e+00 5.205415934324264526e-02 -4.378854632377624512e-01 7.006547451019287109e-01 5.633287429809570312e-01 9.334105253219604492e-02
-2.365902960300445557e-01 -6.189559102058410645e-01 4.171464920043945312e+00 3.724844753742218018e-02 -9.225514531135559082e-01 3.832786083221435547e-01 -4.468031600117683411e-02 2.801058888435363770e-01
-3.503243923187255859e-01 -9.889858961105346680e-01 4.214653491973876953e+00 3.136906400322914124e-02 -4.141730070114135742e-01 5.723330974578857422e-01 7.077397704124450684e-01 2.494247555732727051e-01
-9.327790141105651855e-02 -3.627289831638336182e-01 4.244101047515869141e+00 9.441400319337844849e-02 4.171706438064575195e-01 -6.510852575302124023e-01 -6.340793967247009277e-01 3.441480696201324463e-01
1.264840215444564819e-01 -6.418303251266479492e-01 4.199482440948486328e+00 4.246953129768371582e-02 7.941422462463378906e-01 5.854775905609130859e-01 -1.629541963338851929e-01 5.424815416336059570e-02
2.256072759628295898e-01 -6.409378647804260254e-01 4.179687976837158203e+00 4.633209109306335449e-02 5.016388893127441406e-01 7.726842164993286133e-01 3.889954984188079834e-01 2.511375844478607178e-01
3.276145756244659424e-01 -4.506596326828002930e-01 4.357116222381591797e+00 3.986109048128128052e-02 3.789976835250854492e-01 9.119676351547241211e-01 1.570854485034942627e-01 1.619704812765121460e-01
-3.071915149688720703e+00 -2.368048667907714844e+00 2.529119014739990234e+00 4.298070073127746582e-02 -5.544752478599548340e-01 7.912602424621582031e-01 -2.578069269657135010e-01 1.479135900735855103e-01
-3.159573316574096680e+00 -2.245749711990356445e+00 2.494549274444580078e+00 4.165119677782058716e-02 -6.627401113510131836e-01 -2.277865707874298096e-01 -7.133644819259643555e-01 4.906980395317077637e-01
-3.436978816986083984e+00 -2.382794857025146484e+00 2.135446548461914062e+00 3.768764063715934753e-02 -3.827789723873138428e-01 -4.312430322170257568e-01 -8.170126676559448242e-01 4.063548520207405090e-02
-3.478034019470214844e+00 -2.306590318679809570e+00 1.978127479553222656e+00 2.959552221000194550e-02 -9.086596369743347168e-01 -4.010528922080993652e-01 -1.161646693944931030e-01 2.750959098339080811e-01
-3.780773401260375977e+00 -2.541603565216064453e+00 2.063588619232177734e+00 1.710537821054458618e-02 -9.536219835281372070e-01 1.690970063209533691e-01 -2.490206807851791382e-01 2.859195172786712646e-01
-3.923384904861450195e+00 -2.076780080795288086e+00 2.528789281845092773e+00 6.681782659143209457e-03 -5.210700631141662598e-01 -4.959642887115478516e-01 6.946260929107666016e-01 1.168675795197486877e-01
-3.984336853027343750e+00 -2.134614944458007812e+00 2.609885454177856445e+00 6.681782659143209457e-03 3.054357469081878662e-01 -4.226939082145690918e-01 -8.532519340515136719e-01 4.346891939640045166e-01
-2.723113775253295898e+00 -2.999850273132324219e+00 2.923119306564331055e+00 4.252487793564796448e-03 2.541183829307556152e-01 7.316480278968811035e-01 6.325464844703674316e-01 9.518895298242568970e-02
-2.698630332946777344e+00 -2.922250986099243164e+00 2.964182138442993164e+00 4.252487793564796448e-03 5.640977621078491211e-01 7.594280838966369629e-01 3.241338431835174561e-01 3.199461698532104492e-01
-2.782947301864624023e+00 -3.009382963180541992e+00 2.883671522140502930e+00 2.165618911385536194e-02 -5.728615522384643555e-01 -8.023189306259155273e-01 1.676722466945648193e-01 2.380092889070510864e-01
-2.932344198226928711e+00 -3.266538381576538086e+00 2.858006477355957031e+00 1.905744522809982300e-02 -3.519048988819122314e-01 -6.228079795837402344e-01 6.987654566764831543e-01 8.885649591684341431e-02
-2.942255258560180664e+00 -3.271793603897094727e+00 2.974684953689575195e+00 7.127979770302772522e-03 -1.778305917978286743e-01 -6.894589662551879883e-01 7.021557092666625977e-01 3.586458563804626465e-01
-2.709255218505859375e+00 -3.766771793365478516e+00 3.349101066589355469e+00 2.934623742476105690e-03 9.180940687656402588e-02 -3.133903741836547852e-01 9.451758861541748047e-01 1.660245656967163086e-01
-2.765618801116943359e+00 -3.873119831085205078e+00 3.450178384780883789e+00 2.934623742476105690e-03 -3.384634852409362793e-01 -4.196916818618774414e-01 8.422002792358398438e-01 1.994097232818603516e-01
-2.790877819061279297e+00 -3.669419527053833008e+00 3.094663381576538086e+00 7.634583394974470139e-03 -1.832284331321716309e-01 4.084371626377105713e-01 -8.942071795463562012e-01 7.392674684524536133e-01
-2.894965648651123047e+00 -3.385491132736206055e+00 2.427895784378051758e+00 7.634583394974470139e-03 8.458208292722702026e-03 3.154418468475341797e-01 -9.489071965217590332e-01 8.886653929948806763e-02
-2.905493259429931641e+00 -3.352439403533935547e+00 2.339258909225463867e+00 4.580750130116939545e-03 4.265181422233581543e-01 2.011217772960662842e-01 -8.818346261978149414e-01 2.753802239894866943e-01
-2.826631307601928711e+00 -3.648505926132202148e+00 3.085649490356445312e+00 3.526911512017250061e-02 2.831193804740905762e-02 2.046821564435958862e-01 9.784189462661743164e-01 5.681157484650611877e-02
-2.825022935867309570e+00 -3.636877536773681641e+00 3.141234874725341797e+00 3.526911512017250061e-02 -2.764994502067565918e-01 -1.379096359014511108e-01 9.510672688484191895e-01 9.042078256607055664e-02
-2.864350080490112305e+00 -3.701400756835937500e+00 3.364942073822021484e+00 3.729718178510665894e-02 2.106131911277770996e-01 9.069774746894836426e-01 3.647381365299224854e-01 8.083274215459823608e-02
-2.707160949707031250e+00 -3.617527008056640625e+00 3.388452529907226562e+00 3.342769667506217957e-02 -3.409643098711967468e-02 7.950438857078552246e-01 6.055928468704223633e-01 1.895780861377716064e-01
-2.796170711517333984e+00 -3.516999959945678711e+00 3.472102642059326172e+00 3.036974184215068817e-02 -5.308176279067993164e-01 4.138596951961517334e-01 7.395625710487365723e-01 2.021411955356597900e-01
-2.928054332733154297e+00 -3.415042638778686523e+00 3.627703666687011719e+00 2.727315947413444519e-02 5.882440805435180664e-01 8.071057200431823730e-01 -5.048949271440505981e-02 1.582992672920227051e-01
-2.850476980209350586e+00 -3.246329545974731445e+00 3.591292619705200195e+00 1.891907304525375366e-02 9.381836652755737305e-01 3.458229303359985352e-01 -1.476124953478574753e-02 2.037321627140045166e-01
-2.700218677520751953e+00 -3.817547321319580078e+00 3.339669704437255859e+00 8.643384091556072235e-03 -8.809393644332885742e-02 -1.097143888473510742e-01 9.900516271591186523e-01 2.275323122739791870e-01
-2.720715999603271484e+00 -3.860368728637695312e+00 3.560797929763793945e+00 8.643384091556072235e-03 5.359113216400146484e-01 1.777670234441757202e-01 -8.253471851348876953e-01 3.953060209751129150e-01
-2.698365926742553711e+00 -3.924524784088134766e+00 3.297823905944824219e+00 3.384821582585573196e-03 -6.929973363876342773e-01 -7.192990183830261230e-01 4.861670359969139099e-02 1.862485408782958984e-01
-2.819107055664062500e+00 -4.090465545654296875e+00 3.341253995895385742e+00 3.384821582585573196e-03 -5.203708410263061523e-01 -6.844961643218994141e-01 -5.105675458908081055e-01 1.852419376373291016e-01
-3.561256885528564453e+00 -3.475380897521972656e+00 3.357676744461059570e+00 4.707994870841503143e-03 3.299753665924072266e-01 -6.493879556655883789e-01 6.851361393928527832e-01 2.883002460002899170e-01
-3.824432373046875000e+00 -3.516044616699218750e+00 3.865698099136352539e+00 2.384991012513637543e-02 -7.965634465217590332e-01 5.540195703506469727e-01 -2.419689595699310303e-01 1.844856590032577515e-01
-4.002371788024902344e+00 -3.409163713455200195e+00 3.810981750488281250e+00 2.384991012513637543e-02 3.788556531071662903e-02 9.459461569786071777e-01 3.221033811569213867e-01 3.594885468482971191e-01
-4.022659301757812500e+00 -3.067083358764648438e+00 3.928042173385620117e+00 2.384991012513637543e-02 6.927328556776046753e-02 7.450336813926696777e-01 6.634199619293212891e-01 1.537513583898544312e-01
-3.512597084045410156e+00 -3.954707860946655273e+00 4.763914585113525391e+00 2.655408903956413269e-02 -8.773610591888427734e-01 -4.107198119163513184e-01 2.480863183736801147e-01 7.398369908332824707e-02
-3.580699205398559570e+00 -3.979974746704101562e+00 4.781151771545410156e+00 2.243824116885662079e-02 -3.465035855770111084e-01 -4.011136293411254883e-01 -8.479641079902648926e-01 1.295993179082870483e-01
-3.635306358337402344e+00 -4.060187339782714844e+00 4.648175716400146484e+00 9.392256848514080048e-03 -1.484941393136978149e-01 6.560460925102233887e-01 -7.399682402610778809e-01 3.144315779209136963e-01
-3.393213272094726562e+00 -3.494056940078735352e+00 4.314319610595703125e+00 2.978834137320518494e-02 1.180401444435119629e-01 -7.130337357521057129e-01 6.911218762397766113e-01 1.157004237174987793e+00
-3.277762889862060547e+00 -4.222407817840576172e+00 5.195410251617431641e+00 2.809043601155281067e-02 -7.604907155036926270e-01 -5.076060891151428223e-01 4.049566686153411865e-01 2.230351865291595459e-01
-3.427658557891845703e+00 -4.437854766845703125e+00 5.191805362701416016e+00 2.533953636884689331e-02 -9.347732663154602051e-01 -3.207022249698638916e-01 1.528037488460540771e-01 4.017972350120544434e-01
-3.827053070068359375e+00 -4.516117095947265625e+00 5.326591491699218750e+00 2.603714354336261749e-02 -9.368247389793395996e-01 5.927655845880508423e-02 -3.447400629520416260e-01 4.150669276714324951e-01
-4.186387062072753906e+00 -4.426748275756835938e+00 5.169113636016845703e+00 2.363998629152774811e-02 -9.110509157180786133e-01 3.791531026363372803e-01 -1.619542390108108521e-01 5.178134441375732422e-01
-4.690959930419921875e+00 -4.284853458404541016e+00 5.005645275115966797e+00 2.119354903697967529e-02 -1.092440858483314514e-01 -7.989608645439147949e-01 5.913774371147155762e-01 3.010668754577636719e-01
-4.718473911285400391e+00 -4.508790016174316406e+00 5.172573566436767578e+00 1.210429612547159195e-02 -1.764947026968002319e-01 5.863952636718750000e-01 7.905632257461547852e-01 4.751589596271514893e-01
-3.249125242233276367e+00 -4.512333393096923828e+00 5.905092239379882812e+00 1.442429795861244202e-02 5.380211472511291504e-01 2.662206292152404785e-01 -7.997874021530151367e-01 4.744716882705688477e-01
-2.981718063354492188e+00 -4.389275074005126953e+00 5.532051563262939453e+00 1.442429795861244202e-02 5.110500454902648926e-01 3.920807242393493652e-01 -7.649186849594116211e-01 3.605346977710723877e-01
-3.211679458618164062e+00 -4.194329261779785156e+00 6.514387607574462891e+00 2.499999944120645523e-03 9.292652606964111328e-01 -1.396586187183856964e-03 3.694105446338653564e-01 1.038385987281799316e+00
-2.341286897659301758e+00 -4.345387458801269531e+00 6.788874149322509766e+00 3.220135113224387169e-03 6.784083247184753418e-01 -6.616307497024536133e-01 3.193851411342620850e-01 7.052769511938095093e-02
-2.285221815109252930e+00 -4.397981643676757812e+00 6.869750976562500000e+00 2.499999944120645523e-03 9.788271188735961914e-01 -1.372926533222198486e-01 -1.518163830041885376e-01 5.058131217956542969e-01
-3.474332809448242188e+00 -4.230128288269042969e+00 7.234854698181152344e+00 1.403076853603124619e-02 5.213122367858886719e-01 6.610164642333984375e-01 5.397136211395263672e-01 1.284471452236175537e-01
-3.407371520996093750e+00 -4.145222663879394531e+00 7.304179191589355469e+00 1.403076853603124619e-02 -7.355124354362487793e-01 -1.525212526321411133e-01 -6.601201891899108887e-01 2.063987404108047485e-01
-4.065758228302001953e+00 -4.050482273101806641e+00 6.947512626647949219e+00 2.267373912036418915e-02 -4.661017656326293945e-01 8.847305774688720703e-01 -9.929457446560263634e-04 7.312661409378051758e-02
-4.086958885192871094e+00 -3.996577978134155273e+00 6.967697143554687500e+00 2.267373912036418915e-02 7.324951291084289551e-01 -2.855202257633209229e-01 -6.180040836334228516e-01 2.591919004917144775e-01
-3.903345584869384766e+00 -4.058580875396728516e+00 6.701015472412109375e+00 2.267373912036418915e-02 -8.020448684692382812e-01 5.864558815956115723e-01 1.131086200475692749e-01 5.978190153837203979e-02
-3.934903383255004883e+00 -3.978856563568115234e+00 6.654471397399902344e+00 2.267373912036418915e-02 -9.507657885551452637e-01 3.080122470855712891e-01 -3.424724563956260681e-02 4.979819953441619873e-01
-4.360526084899902344e+00 -4.161721706390380859e+00 6.848072052001953125e+00 4.858658183366060257e-03 7.384662982076406479e-03 9.461145997047424316e-01 -3.237477540969848633e-01 7.289270311594009399e-02
-4.322179794311523438e+00 -3.946764945983886719e+00 6.795452594757080078e+00 2.499999944120645523e-03 -9.164667129516601562e-01 2.917657792568206787e-01 2.737909555435180664e-01 1.163136959075927734e-01
-4.427634239196777344e+00 -3.948648452758789062e+00 6.831360816955566406e+00 2.499999944120645523e-03 -9.363052845001220703e-01 9.931015782058238983e-03 3.510467410087585449e-01 5.495328903198242188e-01
-3.423293828964233398e+00 -4.237143516540527344e+00 6.946596145629882812e+00 2.990915253758430481e-02 -9.011629223823547363e-01 1.461515575647354126e-01 -4.080994129180908203e-01 8.543518781661987305e-01
-4.114680767059326172e+00 -4.298359394073486328e+00 6.610105037689208984e+00 3.043027780950069427e-02 -8.089940994977951050e-03 -6.865646690130233765e-02 -9.976075887680053711e-01 6.745260357856750488e-01
-4.136362075805664062e+00 -4.303600788116455078e+00 6.035283565521240234e+00 3.043027780950069427e-02 5.956736952066421509e-02 9.242482185363769531e-01 -3.771166801452636719e-01 4.205675423145294189e-01
-4.110973834991455078e+00 -3.912211179733276367e+00 5.876082420349121094e+00 3.043027780950069427e-02 6.154577136039733887e-01 9.732350707054138184e-02 7.821380496025085449e-01 8.957803994417190552e-02
-4.600767612457275391e+00 -4.207936286926269531e+00 6.711653232574462891e+00 2.713606506586074829e-02 3.636300563812255859e-01 -6.303021311759948730e-02 -9.294086098670959473e-01 1.249921619892120361e-01
-4.555316448211669922e+00 -4.215814590454101562e+00 6.595484256744384766e+00 2.713606506586074829e-02 -1.215058863162994385e-01 9.224844574928283691e-01 -3.664133846759796143e-01 1.292663663625717163e-01
-4.710422039031982422e+00 -4.248383045196533203e+00 6.675579071044921875e+00 5.870809312909841537e-03 3.564193844795227051e-01 -8.151785731315612793e-01 -4.565622508525848389e-01 3.646801412105560303e-01
-3.005490779876708984e+00 -3.627943992614746094e+00 4.965574264526367188e+00 1.386942807585000992e-02 -2.996454238891601562e-01 -8.773581981658935547e-01 -3.747735321521759033e-01 1.511306166648864746e-01
-2.715073823928833008e+00 -3.662505865097045898e+00 4.992163658142089844e+00 1.386316400021314621e-02 -2.092995941638946533e-01 3.612993061542510986e-01 9.086564183235168457e-01 1.043979153037071228e-01
-2.720314502716064453e+00 -3.633733034133911133e+00 5.063709735870361328e+00 1.386316400021314621e-02 7.879023551940917969e-01 4.896819591522216797e-01 3.733918964862823486e-01 1.669315993785858154e-01
-2.622500181198120117e+00 -3.517529487609863281e+00 5.146453380584716797e+00 8.625968359410762787e-03 7.644909620285034180e-01 5.734588503837585449e-01 2.944461405277252197e-01 2.485523372888565063e-01
-2.482901096343994141e+00 -3.417454719543457031e+00 4.925775527954101562e+00 2.441616915166378021e-02 -4.568845927715301514e-01 8.456929326057434082e-01 2.757897078990936279e-01 4.259966015815734863e-01
-2.398040294647216797e+00 -3.028187274932861328e+00 5.581529140472412109e+00 1.279042940586805344e-02 -9.438323974609375000e-01 3.224773705005645752e-01 -7.203269004821777344e-02 2.218358963727951050e-01
-2.564798116683959961e+00 -2.958193540573120117e+00 5.559710502624511719e+00 1.511596236377954483e-02 -1.299508810043334961e-01 1.303104460239410400e-01 -9.829201102256774902e-01 8.159460127353668213e-02
-2.593987464904785156e+00 -2.946480274200439453e+00 5.493795871734619141e+00 1.193773467093706131e-02 -6.030235886573791504e-01 -2.147597223520278931e-01 -7.682713270187377930e-01 2.473386973142623901e-01
-2.326987743377685547e+00 -3.038238763809204102e+00 5.574343681335449219e+00 5.895010661333799362e-03 -7.611666917800903320e-01 -6.093031167984008789e-01 2.222047895193099976e-01 3.125300705432891846e-01
-2.559236526489257812e+00 -3.211863756179809570e+00 5.627418041229248047e+00 5.895010661333799362e-03 -2.457125633955001831e-01 -6.329532265663146973e-01 -7.341631650924682617e-01 2.621534764766693115e-01
-1.892151355743408203e+00 -1.976079583168029785e+00 6.984879493713378906e+00 2.037975564599037170e-02 4.770792722702026367e-01 8.159152865409851074e-01 3.266154229640960693e-01 6.154935359954833984e-01
-1.598512053489685059e+00 -1.473888993263244629e+00 7.185909271240234375e+00 2.037975564599037170e-02 8.639250993728637695e-01 4.984717369079589844e-01 7.182846963405609131e-02 8.981007337570190430e-02
-1.128073096275329590e+00 -3.642508506774902344e+00 6.670550346374511719e+00 2.499999944120645523e-03 -4.693755805492401123e-01 -8.418553471565246582e-01 2.663947045803070068e-01 2.863852381706237793e-01
-1.237953662872314453e+00 -3.869348764419555664e+00 6.744872570037841797e+00 2.499999944120645523e-03 -1.804319471120834351e-01 4.326775074005126953e-01 8.833088278770446777e-01 2.438791245222091675e-01
-1.349086761474609375e+00 -3.272703409194946289e+00 7.059083938598632812e+00 1.769918203353881836e-02 -5.066118240356445312e-01 -7.252144813537597656e-01 4.662707149982452393e-01 1.239788010716438293e-01
-1.370095491409301758e+00 -3.373798608779907227e+00 7.107554435729980469e+00 1.752955280244350433e-02 2.771905958652496338e-01 2.649566829204559326e-01 9.235601425170898438e-01 1.323413699865341187e-01
-1.423232078552246094e+00 -3.290020465850830078e+00 7.388287544250488281e+00 1.640788093209266663e-02 8.282332420349121094e-01 4.527842104434967041e-01 3.301760256290435791e-01 2.183024436235427856e-01
-1.329917550086975098e+00 -3.214241027832031250e+00 7.521053314208984375e+00 1.421499717980623245e-02 4.094584882259368896e-01 -8.751811385154724121e-01 2.576852738857269287e-01 1.476855427026748657e-01
-1.289165258407592773e+00 -3.474651336669921875e+00 7.529299736022949219e+00 1.137880980968475342e-02 -8.035746812820434570e-01 -1.442851312458515167e-02 5.950289964675903320e-01 1.755581796169281006e-01
-1.128596067428588867e+00 -3.637690782546997070e+00 6.668048381805419922e+00 2.499999944120645523e-03 4.388318657875061035e-01 3.788475990295410156e-01 -8.148012757301330566e-01 3.148995935916900635e-01
-1.010503530502319336e+00 -3.486947298049926758e+00 6.423587322235107422e+00 2.499999944120645523e-03 -8.487856388092041016e-01 -5.272710919380187988e-01 -3.934574499726295471e-02 4.358412921428680420e-01
-3.639758586883544922e+00 -1.915640711784362793e+00 4.342672348022460938e+00 8.872793056070804596e-03 2.136271595954895020e-01 3.106022477149963379e-01 -9.262233376502990723e-01 2.491756230592727661e-01
-3.592152833938598633e+00 -1.821135163307189941e+00 4.112880229949951172e+00 8.872793056070804596e-03 -3.187366425991058350e-01 -1.594097912311553955e-01 9.343422651290893555e-01 5.283609628677368164e-01
-3.519348144531250000e+00 -2.096171855926513672e+00 4.675786018371582031e+00 5.126376077532768250e-02 7.684299945831298828e-01 -4.519429057836532593e-02 -6.383360028266906738e-01 3.738921284675598145e-01
-3.232038021087646484e+00 -2.113069772720336914e+00 4.437117099761962891e+00 5.126376077532768250e-02 -2.749138474464416504e-01 -9.008569121360778809e-01 3.359750807285308838e-01 2.352591305971145630e-01
-3.320826530456542969e+00 -2.320919990539550781e+00 4.501423835754394531e+00 5.126376077532768250e-02 -3.991627693176269531e-01 -8.105871081352233887e-01 4.285062253475189209e-01 3.125771880149841309e-01
-3.582078456878662109e+00 -1.992517828941345215e+00 4.517100811004638672e+00 2.499999944120645523e-03 -9.987601041793823242e-01 -4.978235438466072083e-02 5.668291123583912849e-05 4.646212160587310791e-01
-4.219059944152832031e+00 -1.855613708496093750e+00 5.038362503051757812e+00 1.437551155686378479e-02 1.967875510454177856e-01 -8.295841217041015625e-01 -5.225560665130615234e-01 3.475575745105743408e-01
-4.166432857513427734e+00 -2.122383832931518555e+00 4.833121776580810547e+00 9.457573294639587402e-03 -1.239994242787361145e-01 -7.727652788162231445e-01 -6.224611997604370117e-01 2.764755785465240479e-01
-4.164123058319091797e+00 -1.726239442825317383e+00 4.988272190093994141e+00 3.182656317949295044e-02 -4.349346086382865906e-02 4.238592460751533508e-02 9.981541633605957031e-01 1.436065733432769775e-01
-4.249363899230957031e+00 -1.784739613533020020e+00 5.133793830871582031e+00 3.182656317949295044e-02 3.577686250209808350e-01 -4.092488586902618408e-01 8.393551111221313477e-01 1.050270497798919678e-01
-4.196144580841064453e+00 -1.868666291236877441e+00 5.277616500854492188e+00 3.182656317949295044e-02 7.843460887670516968e-03 8.065930604934692383e-01 5.910550951957702637e-01 1.645201444625854492e-01
-4.179546356201171875e+00 -1.753058791160583496e+00 5.413803100585937500e+00 3.182656317949295044e-02 4.982719942927360535e-02 9.216092824935913086e-01 3.849072456359863281e-01 1.620745658874511719e-01
-4.172520637512207031e+00 -1.754372119903564453e+00 4.907216072082519531e+00 4.356133192777633667e-02 1.371639873832464218e-02 9.631362557411193848e-01 -2.686641216278076172e-01 1.965091079473495483e-01
-4.221226215362548828e+00 -1.539864301681518555e+00 4.866459846496582031e+00 4.356133192777633667e-02 -3.300850689411163330e-01 -2.362918406724929810e-01 -9.138982295989990234e-01 1.857365667819976807e-01
-4.233618259429931641e+00 -1.580688238143920898e+00 4.654782295227050781e+00 4.126498475670814514e-02 -4.496877193450927734e-01 -6.838626861572265625e-01 -5.745544433593750000e-01 1.269258707761764526e-01
-4.317501068115234375e+00 -1.702269196510314941e+00 4.581234455108642578e+00 4.356133192777633667e-02 1.632906645536422729e-01 -1.083009690046310425e-01 -9.806156754493713379e-01 3.730632066726684570e-01
-4.343140602111816406e+00 -1.929279923439025879e+00 4.654698371887207031e+00 2.499999944120645523e-03 -4.886971712112426758e-01 9.687450528144836426e-02 8.670584559440612793e-01 3.469445109367370605e-01
-4.329599857330322266e+00 -2.058605194091796875e+00 4.263463020324707031e+00 1.497350912541151047e-02 -9.827860593795776367e-01 -1.642018705606460571e-01 8.467145264148712158e-02 5.323867201805114746e-01
-4.242056846618652344e+00 -2.090928316116333008e+00 4.150740623474121094e+00 9.999245405197143555e-03 6.095315814018249512e-01 6.384865641593933105e-01 -4.699001610279083252e-01 3.011902868747711182e-01
-3.740494489669799805e+00 -1.587656736373901367e+00 6.072113037109375000e+00 3.915292024612426758e-02 -6.882898807525634766e-01 -7.251376509666442871e-01 -2.079388871788978577e-02 2.708474397659301758e-01
-3.885920286178588867e+00 -1.784462690353393555e+00 6.122212409973144531e+00 3.915292024612426758e-02 -7.504026293754577637e-01 -3.676106035709381104e-01 5.493253469467163086e-01 3.532571196556091309e-01
-4.140730857849121094e+00 -1.911388278007507324e+00 6.321312904357910156e+00 3.915292024612426758e-02 -4.739880561828613281e-01 1.753651052713394165e-01 8.628918528556823730e-01 1.302999854087829590e-01
-4.209159851074218750e+00 -1.905476331710815430e+00 6.474853515625000000e+00 3.915292024612426758e-02 4.430965781211853027e-01 -8.519011139869689941e-01 -2.791592478752136230e-01 3.284215927124023438e-01
-3.685128927230834961e+00 -1.573144078254699707e+00 6.081493377685546875e+00 3.680340200662612915e-02 7.990526556968688965e-01 -1.011952012777328491e-01 -5.926840305328369141e-01 5.922425910830497742e-02
-3.668849468231201172e+00 -1.578728318214416504e+00 6.029116153717041016e+00 3.670775517821311951e-02 3.125743865966796875e-01 -7.526443004608154297e-01 -5.795031189918518066e-01 7.346091419458389282e-02
-3.532264709472656250e+00 -1.628900408744812012e+00 5.832149505615234375e+00 3.585043177008628845e-02 -6.157041788101196289e-01 6.594953536987304688e-01 -4.312472939491271973e-01 2.258747518062591553e-01
-3.626093149185180664e+00 -1.492424607276916504e+00 5.783219337463378906e+00 2.325922623276710510e-02 -1.945640146732330322e-02 9.636685252189636230e-01 2.663915157318115234e-01 1.359365731477737427e-01
-3.647801160812377930e+00 -1.369347691535949707e+00 5.799674510955810547e+00 3.418308123946189880e-02 -3.261965215206146240e-01 9.431741833686828613e-01 -6.338976323604583740e-02 2.972993850708007812e-01
-3.625255584716796875e+00 -1.824648022651672363e+00 6.144597053527832031e+00 3.567253006622195244e-03 -7.916725277900695801e-01 2.190387398004531860e-01 5.703302621841430664e-01 1.301056742668151855e-01
-3.698436737060546875e+00 -1.882422327995300293e+00 6.221448898315429688e+00 3.567253006622195244e-03 3.100865483283996582e-01 1.360697299242019653e-01 9.409204721450805664e-01 3.638549447059631348e-01
-3.012694597244262695e+00 -2.975940942764282227e+00 6.269943237304687500e+00 1.457458455115556717e-02 -3.169069588184356689e-01 4.454842209815979004e-01 -8.373253941535949707e-01 1.758753210306167603e-01
-3.067164182662963867e+00 -2.850458145141601562e+00 6.170544147491455078e+00 1.403817068785429001e-02 -5.063339471817016602e-01 6.211127638816833496e-01 -5.982013344764709473e-01 1.754851490259170532e-01
-3.218323230743408203e+00 -2.666413307189941406e+00 6.053419113159179688e+00 1.258012466132640839e-02 -6.119600534439086914e-01 -3.973337113857269287e-01 6.838353872299194336e-01 2.549690008163452148e-01
-3.519406318664550781e+00 -3.013881206512451172e+00 6.086256504058837891e+00 9.225349873304367065e-03 -8.843055367469787598e-01 3.328263163566589355e-01 3.274605274200439453e-01 1.194814890623092651e-01
-3.634572029113769531e+00 -2.981336116790771484e+00 6.161201953887939453e+00 6.183114834129810333e-03 -9.482062458992004395e-01 2.449032366275787354e-01 -2.023050934076309204e-01 1.257002353668212891e-01
-3.409734010696411133e+00 -1.334657669067382812e+00 5.426223278045654297e+00 1.062732469290494919e-02 1.705161333084106445e-01 -8.514237403869628906e-01 -4.959857165813446045e-01 5.583779215812683105e-01
-4.676220893859863281e+00 -1.250263571739196777e+00 5.504761219024658203e+00 6.499343086034059525e-03 -8.691335320472717285e-01 2.520323395729064941e-01 -4.255427420139312744e-01 2.018053978681564331e-01
-4.876977920532226562e+00 -1.227946758270263672e+00 5.476570606231689453e+00 3.692808561027050018e-03 3.037666380405426025e-01 7.940695285797119141e-01 5.264783501625061035e-01 1.990824490785598755e-01
-4.834691047668457031e+00 -1.082758784294128418e+00 5.610429286956787109e+00 2.499999944120645523e-03 -6.074463725090026855e-01 7.938718795776367188e-01 -2.786356210708618164e-02 3.114483356475830078e-01
-4.441879272460937500e+00 -1.714020848274230957e+00 5.068062305450439453e+00 1.233122590929269791e-02 1.141291111707687378e-01 -9.404487013816833496e-01 3.202043473720550537e-01 6.118450313806533813e-02
-4.434896469116210938e+00 -1.771561622619628906e+00 5.087654113769531250e+00 1.233122590929269791e-02 -2.135125845670700073e-01 -9.706024527549743652e-01 1.111004278063774109e-01 1.487232446670532227e-01
-4.285908222198486328e+00 -7.254316210746765137e-01 5.960276126861572266e+00 3.791305422782897949e-02 -6.915041804313659668e-01 7.079799175262451172e-01 1.434796452522277832e-01 3.408672809600830078e-01
-4.532557964324951172e+00 -4.912800490856170654e-01 6.031325817108154297e+00 3.791305422782897949e-02 -6.652806401252746582e-01 7.413406372070312500e-01 -8.840646594762802124e-02 7.141128182411193848e-02
-4.639181137084960938e+00 -4.546288251876831055e-01 6.036134719848632812e+00 3.791305422782897949e-02 -2.726789414882659912e-01 9.612063169479370117e-01 -4.157624766230583191e-02 1.289441138505935669e-01
-4.588353157043457031e+00 -3.067319691181182861e-01 6.057754039764404297e+00 3.791305422782897949e-02 -1.852812021970748901e-01 9.496495127677917480e-01 -2.526591718196868896e-01 3.353323638439178467e-01
-4.397759914398193359e+00 -7.508382201194763184e-01 6.001759052276611328e+00 2.072750777006149292e-02 4.143461585044860840e-01 -9.077605009078979492e-01 -6.548358500003814697e-02 2.919905185699462891e-01
-3.871912717819213867e+00 -5.189113616943359375e-01 6.088071346282958984e+00 8.098461665213108063e-03 5.200645327568054199e-01 -5.036502480506896973e-01 6.898328065872192383e-01 3.596621751785278320e-01
-3.681679487228393555e+00 -6.972029805183410645e-01 6.316573619842529297e+00 8.098461665213108063e-03 8.745017051696777344e-01 -4.795989990234375000e-01 7.232926040887832642e-02 2.118829190731048584e-01
-4.533631801605224609e+00 -6.634334921836853027e-01 6.004243850708007812e+00 1.295703742653131485e-02 -8.073315620422363281e-01 -3.918245136737823486e-01 4.412361085414886475e-01 2.618353962898254395e-01
-4.855198383331298828e+00 -8.115170001983642578e-01 6.098333835601806641e+00 9.640652686357498169e-03 2.740891873836517334e-01 -8.634514808654785156e-01 4.234697520732879639e-01 7.420560717582702637e-01
-4.547310829162597656e+00 -7.754699587821960449e-01 6.090600013732910156e+00 3.023308701813220978e-02 7.156682014465332031e-01 -5.769925117492675781e-01 3.935716748237609863e-01 1.306740641593933105e-01
-4.466487407684326172e+00 -8.538664579391479492e-01 6.139515399932861328e+00 3.023308701813220978e-02 2.174855321645736694e-01 -9.740028381347656250e-01 6.339157372713088989e-02 1.181123405694961548e-01
-4.425949096679687500e+00 -9.749440550804138184e-01 6.139550685882568359e+00 3.023308701813220978e-02 -3.763951361179351807e-01 -9.264591932296752930e-01 3.031702653970569372e-04 1.008729785680770874e-01
-4.474717617034912109e+00 -1.067253351211547852e+00 6.080010414123535156e+00 3.023308701813220978e-02 -9.269757866859436035e-01 -3.385526835918426514e-01 1.615487486124038696e-01 2.048370540142059326e-01
-4.500203609466552734e+00 -5.790943503379821777e-01 6.517452239990234375e+00 8.673663251101970673e-03 3.674267232418060303e-02 4.351486265659332275e-01 8.996086120605468750e-01 7.361146211624145508e-01
-4.473156929016113281e+00 -2.587750852108001709e-01 7.179667472839355469e+00 8.673663251101970673e-03 -2.487479001283645630e-01 -6.939010620117187500e-01 6.757409572601318359e-01 4.058974087238311768e-01
-3.190395355224609375e+00 -1.569892525672912598e+00 6.968041896820068359e+00 9.583485312759876251e-03 5.579848289489746094e-01 -8.203998804092407227e-01 1.248877644538879395e-01 1.608121991157531738e-01
-3.591508626937866211e+00 -1.400429964065551758e+00 6.977931022644042969e+00 3.486401587724685669e-02 -4.111622571945190430e-01 -2.210643738508224487e-01 -8.843507170677185059e-01 1.380573064088821411e-01
-3.647645235061645508e+00 -1.423539042472839355e+00 6.864660739898681641e+00 3.486401587724685669e-02 -1.839069724082946777e-01 -7.461261153221130371e-01 6.399015784263610840e-01 1.210581585764884949e-01
-3.689896345138549805e+00 -1.628334641456604004e+00 6.804449558258056641e+00 3.486401587724685669e-02 -2.884242534637451172e-01 -7.152553796768188477e-01 6.365699172019958496e-01 1.688807308673858643e-01
-3.732166290283203125e+00 -1.724635004997253418e+00 6.939698219299316406e+00 3.486401587724685669e-02 -3.432606756687164307e-01 -6.631698012351989746e-01 6.651149988174438477e-01 1.832616776227951050e-01
-2.810083389282226562e+00 -1.253292798995971680e+00 6.651365280151367188e+00 2.640976570546627045e-03 9.799662828445434570e-01 -1.701863408088684082e-01 -1.034536883234977722e-01 4.732281267642974854e-01
-2.350891828536987305e+00 -1.307724356651306152e+00 6.561604022979736328e+00 1.057086046785116196e-02 9.729413390159606934e-01 2.280291318893432617e-01 3.725396841764450073e-02 2.755818665027618408e-01
-2.082086086273193359e+00 -1.101782441139221191e+00 6.506463050842285156e+00 2.499999944120645523e-03 9.562571644783020020e-01 1.178302764892578125e-01 2.677466571331024170e-01 5.953913927078247070e-01
-3.053791046142578125e+00 -1.568642854690551758e+00 6.671430587768554688e+00 7.841354236006736755e-03 9.400611519813537598e-01 -3.315147757530212402e-01 -7.989364862442016602e-02 7.939771562814712524e-02
-2.951246976852416992e+00 -1.603614449501037598e+00 6.739839076995849609e+00 2.738250652328133583e-03 8.952425718307495117e-01 -2.570658624172210693e-01 -3.639476299285888672e-01 2.141736596822738647e-01
-2.760372638702392578e+00 -1.766333818435668945e+00 6.689487457275390625e+00 3.920677118003368378e-03 4.234610497951507568e-01 -2.281183004379272461e-01 -8.767227530479431152e-01 2.300205826759338379e-01
-3.244099617004394531e+00 -1.601693749427795410e+00 6.992652416229248047e+00 2.676763944327831268e-02 3.840240538120269775e-01 7.765942066907882690e-02 -9.200513958930969238e-01 7.405303120613098145e-01
-2.939473152160644531e+00 -1.421414256095886230e+00 6.219489574432373047e+00 2.676763944327831268e-02 8.336529731750488281e-01 -4.123273193836212158e-01 -3.674355447292327881e-01 4.027821421623229980e-01
-2.622183084487915039e+00 -1.547617793083190918e+00 6.054314136505126953e+00 2.676763944327831268e-02 9.174369573593139648e-01 3.885737955570220947e-01 -8.555598556995391846e-02 8.008584380149841309e-02
-2.531976699829101562e+00 -1.515987515449523926e+00 6.085546970367431641e+00 2.676763944327831268e-02 9.139451980590820312e-01 -6.450913846492767334e-02 -4.006778597831726074e-01 1.622916162014007568e-01
-3.066888332366943359e+00 -1.581903338432312012e+00 6.757865905761718750e+00 1.802978478372097015e-02 6.346330791711807251e-02 9.964209198951721191e-01 -5.583644285798072815e-02 6.158574223518371582e-01
-3.027803897857666016e+00 -9.682500958442687988e-01 6.723478794097900391e+00 1.802978478372097015e-02 -2.622901462018489838e-02 9.928939342498779297e-01 -1.160759851336479187e-01 5.134495496749877930e-01
-4.245027542114257812e+00 -3.072255551815032959e-01 5.172453403472900391e+00 4.641406983137130737e-02 -7.553548812866210938e-01 -5.120643973350524902e-01 -4.089365601539611816e-01 4.040115475654602051e-01
-4.550199508666992188e+00 -5.141054987907409668e-01 5.007238388061523438e+00 4.641406983137130737e-02 -2.987830936908721924e-01 -8.743631839752197266e-01 3.823842704296112061e-01 2.090619057416915894e-01
-4.194116115570068359e+00 -6.353829503059387207e-01 5.010360240936279297e+00 2.339815534651279449e-02 4.429741203784942627e-01 -7.146477103233337402e-01 5.413433313369750977e-01 1.590711921453475952e-01
-4.132744312286376953e+00 -7.553390264511108398e-01 5.092049121856689453e+00 1.633048057556152344e-02 6.142387986183166504e-01 -7.708283662796020508e-01 -1.689209938049316406e-01 3.141894340515136719e-01
-4.014297485351562500e+00 -9.167450070381164551e-01 4.638957977294921875e+00 5.370320379734039307e-02 1.773120313882827759e-01 5.344043970108032227e-01 8.264214396476745605e-01 4.809823930263519287e-01
-3.914971113204956055e+00 -7.109695672988891602e-01 5.041937351226806641e+00 5.487041547894477844e-02 7.269267439842224121e-01 1.269096434116363525e-01 -6.748862266540527344e-01 2.292552888393402100e-01
-3.733973979949951172e+00 -6.892088651657104492e-01 4.901465892791748047e+00 5.487041547894477844e-02 1.298051923513412476e-01 -8.223834037780761719e-01 -5.539278984069824219e-01 4.538201093673706055e-01
-3.672993183135986328e+00 -1.054772973060607910e+00 4.690925121307373047e+00 5.487041547894477844e-02 6.691699028015136719e-01 -7.358151078224182129e-01 1.038641110062599182e-01 1.458293795585632324e-01
-3.955076694488525391e+00 -7.716897130012512207e-01 4.859611034393310547e+00 1.567726209759712219e-02 9.296966791152954102e-01 -3.329436779022216797e-01 -1.575200855731964111e-01 1.054623723030090332e-01
-3.883010149002075195e+00 -8.372406363487243652e-01 4.838037014007568359e+00 1.567726209759712219e-02 3.201086521148681641e-01 -1.200569644570350647e-01 -9.397429227828979492e-01 2.796314060688018799e-01
-3.992528200149536133e+00 -1.006886124610900879e+00 4.347412109375000000e+00 1.329358387738466263e-02 8.862286061048507690e-02 9.224869608879089355e-01 -3.757177889347076416e-01 2.444289326667785645e-01
-4.009298324584960938e+00 -7.367390394210815430e-01 4.281934738159179688e+00 1.329358387738466263e-02 -6.103193759918212891e-01 -7.200390696525573730e-01 3.302331566810607910e-01 2.611075341701507568e-01
-3.915051221847534180e+00 -1.118470788002014160e+00 4.296093940734863281e+00 2.305479533970355988e-02 9.424262046813964844e-01 -2.721310555934906006e-01 -1.943645030260086060e-01 5.018352270126342773e-01
-3.452497482299804688e+00 -1.242052316665649414e+00 4.181715965270996094e+00 1.591300964355468750e-02 5.484682321548461914e-01 -4.636366665363311768e-01 -6.958618164062500000e-01 1.467028707265853882e-01
-4.352940082550048828e+00 3.704957962036132812e-01 5.411250114440917969e+00 4.818955063819885254e-02 -1.140606924891471863e-01 7.283090353012084961e-01 6.756893396377563477e-01 2.993172407150268555e-01
-4.386714458465576172e+00 5.803560018539428711e-01 5.588071823120117188e+00 4.818955063819885254e-02 -4.048134684562683105e-01 -8.725753426551818848e-01 2.733831405639648438e-01 1.013784408569335938e-01
-4.378297805786132812e+00 4.783000648021697998e-01 5.685227870941162109e+00 4.637838527560234070e-02 -6.482714414596557617e-01 -6.875763535499572754e-01 3.270823657512664795e-01 2.831769883632659912e-01
-4.576658725738525391e+00 2.997012138366699219e-01 5.844660282135009766e+00 4.818955063819885254e-02 3.892242908477783203e-01 -8.721539378166198730e-01 2.963982522487640381e-01 1.548120975494384766e-01
-4.271742820739746094e+00 3.688412606716156006e-01 5.618328094482421875e+00 4.818955063819885254e-02 7.728279232978820801e-01 6.004502177238464355e-01 2.054178416728973389e-01 1.872056573629379272e-01
-4.106399536132812500e+00 4.774319827556610107e-01 5.654553413391113281e+00 4.818955063819885254e-02 2.042284905910491943e-01 9.334685802459716797e-01 2.948341369628906250e-01 2.946635782718658447e-01
-4.105500221252441406e+00 7.412416934967041016e-01 5.753019332885742188e+00 1.791818067431449890e-02 -1.684891730546951294e-01 9.815030097961425781e-01 9.090241789817810059e-02 4.230317100882530212e-02
-4.126728057861328125e+00 8.238075971603393555e-01 5.777054786682128906e+00 4.818955063819885254e-02 9.504500031471252441e-01 2.169942408800125122e-01 2.226169407367706299e-01 2.802513539791107178e-01
-4.447368621826171875e+00 3.273045420646667480e-01 6.227586746215820312e+00 4.818955063819885254e-02 -4.835521876811981201e-01 1.920098513364791870e-01 8.539962172508239746e-01 2.406846284866333008e-01
-4.544884681701660156e+00 3.861784040927886963e-01 6.424103736877441406e+00 4.818955063819885254e-02 -4.369165599346160889e-01 9.811382740736007690e-03 -8.994485139846801758e-01 1.848247051239013672e-01
-4.705215454101562500e+00 2.479853034019470215e-01 6.317240238189697266e+00 4.818955063819885254e-02 -3.630390167236328125e-01 -1.812687963247299194e-01 -9.139717221260070801e-01 4.957032501697540283e-01
-4.853496551513671875e+00 1.203720718622207642e-01 5.937098503112792969e+00 4.818955063819885254e-02 1.656908392906188965e-01 -8.445007801055908203e-01 -5.092788934707641602e-01 1.820759028196334839e-01
-4.839702606201171875e+00 1.173837900161743164e+00 1.720068931579589844e+00 5.415711086243391037e-03 6.554384529590606689e-02 5.238261222839355469e-01 -8.492997884750366211e-01 6.191430985927581787e-02
-4.847196578979492188e+00 1.197200655937194824e+00 1.656383514404296875e+00 5.415711086243391037e-03 7.783731818199157715e-01 -4.174967408180236816e-01 -4.688621163368225098e-01 1.789117902517318726e-01
-4.671435356140136719e+00 1.257749199867248535e+00 2.604726552963256836e+00 2.499999944120645523e-03 -6.454496383666992188e-01 4.473004639148712158e-01 -6.191260218620300293e-01 4.589144587516784668e-01
-4.924142837524414062e+00 1.698433637619018555e+00 2.545742750167846680e+00 2.499999944120645523e-03 -2.270699143409729004e-01 -6.508730053901672363e-01 7.244333028793334961e-01 2.051856964826583862e-01
-4.108586311340332031e+00 4.172052145004272461e-01 2.863746404647827148e+00 2.266934327781200409e-02 -9.823721051216125488e-01 1.681669205427169800e-01 8.163870126008987427e-02 2.150543332099914551e-01
-4.319849491119384766e+00 4.533702433109283447e-01 2.881303071975708008e+00 2.266934327781200409e-02 -6.690548658370971680e-01 6.613825559616088867e-01 3.390261530876159668e-01 1.033461093902587891e-01
-4.354084491729736328e+00 7.220191955566406250e-01 2.546710729598999023e+00 1.303083077073097229e-02 5.167800784111022949e-01 6.330779790878295898e-01 -5.763251185417175293e-01 5.918967127799987793e-01
-3.847217798233032227e+00 3.273572325706481934e-01 3.004563570022583008e+00 5.004833918064832687e-03 4.999350309371948242e-01 3.300239741802215576e-01 -8.007178902626037598e-01 4.353066980838775635e-01
-4.344005107879638672e+00 8.205644488334655762e-01 2.775476694107055664e+00 3.387840092182159424e-02 6.903330087661743164e-01 4.989292919635772705e-01 5.239369273185729980e-01 3.975418508052825928e-01
-4.117851734161376953e+00 1.146628022193908691e+00 2.992105722427368164e+00 3.387840092182159424e-02 7.070391774177551270e-01 3.088423907756805420e-01 -6.361697912216186523e-01 1.980496346950531006e-01
-3.944517135620117188e+00 1.199190139770507812e+00 2.885014295578002930e+00 2.210709266364574432e-02 5.117273330688476562e-01 1.085804328322410583e-01 -8.522590398788452148e-01 3.326337933540344238e-01
-4.794457912445068359e+00 6.907911896705627441e-01 2.987949132919311523e+00 3.425515443086624146e-02 6.128379702568054199e-01 -3.238729238510131836e-01 7.207884192466735840e-01 3.250771760940551758e-01
-3.536486864089965820e+00 4.407185316085815430e-01 4.161507129669189453e+00 7.320767734199762344e-03 2.541016340255737305e-01 -3.230388164520263672e-01 9.116349816322326660e-01 6.376855820417404175e-02
-3.501586437225341797e+00 3.899280130863189697e-01 4.264250755310058594e+00 1.199528388679027557e-02 -9.440417289733886719e-01 -1.524850726127624512e-01 2.924611270427703857e-01 1.992592215538024902e-01
-4.104995727539062500e+00 5.644831061363220215e-01 4.840196132659912109e+00 1.086862944066524506e-02 -4.074906706809997559e-01 -8.030855059623718262e-01 -4.347471296787261963e-01 1.824645251035690308e-01
-4.208739757537841797e+00 3.834881186485290527e-01 4.765947341918945312e+00 3.931121435016393661e-03 -5.717257857322692871e-01 3.805350661277770996e-01 -7.268581390380859375e-01 5.890101194381713867e-01
-4.342486381530761719e+00 6.997204422950744629e-01 4.992853164672851562e+00 1.433973200619220734e-02 4.620152413845062256e-01 -7.931445837020874023e-01 -3.968167901039123535e-01 2.803414762020111084e-01
-4.218362331390380859e+00 4.761810898780822754e-01 4.876520156860351562e+00 1.433973200619220734e-02 6.982255261391401291e-03 -9.754080176353454590e-01 2.202961593866348267e-01 1.407397389411926270e-01
-4.216417312622070312e+00 2.982482612133026123e-01 4.948673248291015625e+00 1.310176309198141098e-02 8.925628066062927246e-01 3.310381770133972168e-01 3.061786592006683350e-01 1.862605959177017212e-01
-4.886264801025390625e+00 7.852080464363098145e-01 4.934167385101318359e+00 2.585269697010517120e-02 6.778182983398437500e-01 -2.965418435633182526e-02 7.346311807632446289e-01 4.658975601196289062e-01
-4.951344966888427734e+00 1.002653837203979492e+00 4.624370098114013672e+00 1.429006829857826233e-02 7.825748920440673828e-01 5.828368663787841797e-01 2.188097834587097168e-01 3.017949759960174561e-01
-4.353527069091796875e+00 1.495961904525756836e+00 5.057303905487060547e+00 6.854403298348188400e-03 3.191943764686584473e-01 6.492987275123596191e-01 6.903086900711059570e-01 2.485189586877822876e-01
-4.240962982177734375e+00 1.593554854393005371e+00 5.197613239288330078e+00 6.644574459642171860e-03 8.744994401931762695e-01 2.530663907527923584e-01 4.137730300426483154e-01 1.764694750308990479e-01
-3.528256654739379883e+00 -5.027451552450656891e-04 3.950801134109497070e+00 4.686940088868141174e-02 4.321222603321075439e-01 -9.002610445022583008e-01 -5.291879177093505859e-02 1.646018922328948975e-01
-3.446417331695556641e+00 -2.184491753578186035e-01 3.950815916061401367e+00 4.144908860325813293e-02 3.743287622928619385e-01 -5.827457457780838013e-02 -9.254631400108337402e-01 2.233794182538986206e-01
-3.425298929214477539e+00 -1.567509472370147705e-01 3.710132360458374023e+00 5.724244192242622375e-02 3.946407139301300049e-01 -8.562935888767242432e-02 -9.148367643356323242e-01 2.722947299480438232e-01
-3.300851106643676758e+00 -2.085447758436203003e-01 3.459291219711303711e+00 4.144908860325813293e-02 7.601941823959350586e-01 4.801916778087615967e-01 -4.376308321952819824e-01 2.433694601058959961e-01
-3.757299661636352539e+00 -3.607504069805145264e-01 3.910373449325561523e+00 3.197007626295089722e-02 -8.941487073898315430e-01 6.831905990839004517e-02 -4.425275027751922607e-01 1.463891267776489258e-01
-3.899808645248413086e+00 -3.520716130733489990e-01 3.869631767272949219e+00 3.197007626295089722e-02 2.454522401094436646e-01 -9.672007560729980469e-01 6.539069116115570068e-02 2.392599731683731079e-01
-3.790146589279174805e+00 -6.260550022125244141e-01 3.788505077362060547e+00 7.568850181996822357e-03 -5.184313058853149414e-01 6.480205655097961426e-01 -5.579411387443542480e-01 1.114322096109390259e-01
-3.685250043869018555e+00 -1.057158336043357849e-01 3.944934368133544922e+00 1.752733439207077026e-02 -3.660143017768859863e-01 7.890059947967529297e-01 -4.934603273868560791e-01 1.784887909889221191e-01
-3.725419759750366211e+00 2.321524359285831451e-02 3.850486755371093750e+00 9.737407788634300232e-03 5.038014054298400879e-02 5.521548390388488770e-01 -8.322180509567260742e-01 3.142691552639007568e-01
-3.686872482299804688e+00 -4.558289647102355957e-01 3.919839382171630859e+00 1.514822244644165039e-02 2.576107084751129150e-01 -4.235189259052276611e-01 8.684862852096557617e-01 9.488666802644729614e-02
-3.679679632186889648e+00 -5.075015425682067871e-01 4.010968685150146484e+00 1.514822244644165039e-02 2.551275789737701416e-01 -7.978800535202026367e-01 -5.461660027503967285e-01 3.447981774806976318e-01
-3.405408382415771484e+00 -5.714877247810363770e-01 3.749882936477661133e+00 1.978038251399993896e-02 -3.811977058649063110e-02 -8.223072886466979980e-01 5.677654743194580078e-01 1.154242381453514099e-01
-3.409808397293090820e+00 -6.664019227027893066e-01 3.815416812896728516e+00 1.978038251399993896e-02 2.193788141012191772e-01 3.657752275466918945e-01 9.044785499572753906e-01 2.860233187675476074e-01
-3.172987699508666992e+00 -6.339626312255859375e-01 3.374683141708374023e+00 5.514485761523246765e-03 6.230912804603576660e-01 3.567511439323425293e-01 -6.960501670837402344e-01 1.627112627029418945e-01
-3.070646047592163086e+00 -5.817171335220336914e-01 3.259889602661132812e+00 5.514485761523246765e-03 6.540654897689819336e-01 2.928648889064788818e-01 -6.974442601203918457e-01 3.217867016792297363e-01
-3.094392299652099609e+00 -4.590586125850677490e-01 3.541445970535278320e+00 2.678566984832286835e-02 2.286855578422546387e-01 9.719016551971435547e-01 5.576781556010246277e-02 1.244800165295600891e-01
-3.085119485855102539e+00 -3.387701213359832764e-01 3.564102411270141602e+00 2.678566984832286835e-02 6.328237056732177734e-01 2.304200455546379089e-02 7.739529609680175781e-01 2.581116557121276855e-01
-3.094149351119995117e+00 -5.258064270019531250e-01 3.515983104705810547e+00 7.537871599197387695e-03 6.853718161582946777e-01 -5.093460902571678162e-02 7.264097929000854492e-01 3.861354589462280273e-01
-2.529599189758300781e+00 5.188211426138877869e-02 4.526174068450927734e+00 3.260881826281547546e-02 1.595910638570785522e-01 -4.221285283565521240e-01 8.923778533935546875e-01 4.482542350888252258e-02
-2.522445440292358398e+00 3.296002373099327087e-02 4.566175460815429688e+00 3.212394937872886658e-02 -8.837321996688842773e-01 -1.796929910778999329e-02 -4.676478207111358643e-01 6.258984655141830444e-02
-2.651633262634277344e+00 3.006986342370510101e-02 4.578577518463134766e+00 4.074014723300933838e-02 -4.915114343166351318e-01 6.023630872368812561e-02 -8.687854409217834473e-01 2.148188501596450806e-01
-2.739889383316040039e+00 1.846936345100402832e-02 4.383729457855224609e+00 4.074014723300933838e-02 5.182340741157531738e-01 5.772445797920227051e-01 -6.310484409332275391e-01 3.095546066761016846e-01
-2.644993066787719727e+00 2.129643559455871582e-01 4.824461936950683594e+00 4.080420359969139099e-02 -4.921820759773254395e-01 -5.849810838699340820e-01 -6.446347236633300781e-01 2.701488733291625977e-01
-2.738538503646850586e+00 6.770207732915878296e-02 4.629984855651855469e+00 4.080420359969139099e-02 4.544242322444915771e-01 1.525051891803741455e-02 8.906548023223876953e-01 3.411734104156494141e-02
-2.695249795913696289e+00 7.777286320924758911e-02 4.653913974761962891e+00 4.080420359969139099e-02 2.722419500350952148e-01 -1.492788046598434448e-01 9.505788683891296387e-01 4.098492860794067383e-01
-2.481666326522827148e+00 7.587742060422897339e-02 5.085226058959960938e+00 4.080420359969139099e-02 -5.772460103034973145e-01 7.125839591026306152e-01 3.987619876861572266e-01 2.094713151454925537e-01
-2.466243982315063477e+00 1.737835407257080078e-01 4.520753383636474609e+00 2.204918302595615387e-02 5.629112124443054199e-01 1.647327542304992676e-01 -8.099346160888671875e-01 2.929053604602813721e-01
-2.517810821533203125e+00 1.718919873237609863e-01 4.649288177490234375e+00 1.987450756132602692e-02 5.317865610122680664e-01 -5.105447173118591309e-01 6.756827235221862793e-01 1.625061482191085815e-01
-2.431392192840576172e+00 8.892533928155899048e-02 4.759090900421142578e+00 1.726326905190944672e-02 3.113320469856262207e-01 6.710227727890014648e-01 -6.729047298431396484e-01 3.593142330646514893e-02
-2.448493003845214844e+00 1.434605568647384644e-01 4.697868824005126953e+00 1.068681478500366211e-02 8.593863844871520996e-01 2.713160514831542969e-01 -4.334081709384918213e-01 1.486931294202804565e-01
-3.120882034301757812e+00 1.137969970703125000e+00 5.337017059326171875e+00 9.305127896368503571e-03 5.408624187111854553e-03 6.613267064094543457e-01 -7.500784993171691895e-01 1.934377104043960571e-01
-3.129356384277343750e+00 1.296905875205993652e+00 5.210793018341064453e+00 9.305127896368503571e-03 8.980842828750610352e-01 8.136995136737823486e-03 4.397480785846710205e-01 3.357562422752380371e-01
-2.814306735992431641e+00 1.285298824310302734e+00 5.323318481445312500e+00 6.134125404059886932e-03 2.649200558662414551e-01 -8.527882099151611328e-01 4.500773251056671143e-01 4.187856018543243408e-01
-2.738869428634643555e+00 4.354436397552490234e-01 5.266037940979003906e+00 4.205777868628501892e-02 1.064324900507926941e-01 -8.554621338844299316e-01 5.068103075027465820e-01 2.017768025398254395e-01
-2.717059612274169922e+00 2.856883704662322998e-01 5.380170822143554688e+00 4.205777868628501892e-02 -6.664179563522338867e-01 -3.359361290931701660e-01 6.656079888343811035e-01 2.213909924030303955e-01
-2.851008892059326172e+00 2.012153118848800659e-01 5.546312808990478516e+00 4.205777868628501892e-02 -8.109061717987060547e-01 -2.907320391386747360e-03 5.851689577102661133e-01 3.578252196311950684e-01
-3.058661937713623047e+00 1.525344103574752808e-01 5.701761722564697266e+00 3.861463442444801331e-02 4.279021620750427246e-01 -2.441751956939697266e-01 8.702173233032226562e-01 3.903304636478424072e-01
-1.941199302673339844e+00 -3.144861459732055664e-01 4.275918483734130859e+00 2.037493884563446045e-02 9.294251799583435059e-01 -3.408221006393432617e-01 -1.414537280797958374e-01 1.185069903731346130e-01
-1.812203884124755859e+00 -3.700854182243347168e-01 4.243039131164550781e+00 2.037493884563446045e-02 -3.747892975807189941e-01 4.142876863479614258e-01 -8.293966054916381836e-01 3.282997012138366699e-01
-1.921213269233703613e+00 -2.124980241060256958e-01 3.918695449829101562e+00 7.495239377021789551e-03 -8.167858719825744629e-01 -4.208400249481201172e-01 -3.946574926376342773e-01 1.761341094970703125e-01
-2.071930170059204102e+00 -3.333376049995422363e-01 4.217771053314208984e+00 3.253449127078056335e-02 -9.606645107269287109e-01 2.618205845355987549e-01 -9.259425103664398193e-02 8.460555225610733032e-02
-2.153207778930664062e+00 -3.111861348152160645e-01 4.209937095642089844e+00 3.243753314018249512e-02 -7.430586218833923340e-01 -6.668410897254943848e-01 -5.645183473825454712e-02 1.352102011442184448e-01
-2.318813562393188477e+00 -4.062441289424896240e-01 4.156122684478759766e+00 4.057423025369644165e-02 -1.213765367865562439e-01 -9.545109868049621582e-01 2.723535895347595215e-01 3.393006324768066406e-01
-2.380738258361816406e+00 -7.302947044372558594e-01 4.258417606353759766e+00 4.057423025369644165e-02 -2.067932933568954468e-01 -8.687002658843994141e-01 -4.501070976257324219e-01 1.213305145502090454e-01
-2.095853328704833984e+00 -8.168144822120666504e-01 3.662571191787719727e+00 5.017585121095180511e-03 -6.516792774200439453e-01 -1.670981198549270630e-01 7.398597002029418945e-01 4.373465776443481445e-01
-2.383476495742797852e+00 -8.935785889625549316e-01 3.973287343978881836e+00 5.017585121095180511e-03 -8.706248402595520020e-01 4.905997216701507568e-01 3.639033809304237366e-02 2.636362314224243164e-01
-2.146847009658813477e+00 -4.892983436584472656e-01 3.855136394500732422e+00 2.157722972333431244e-02 7.730128616094589233e-02 5.747275948524475098e-01 -8.146856427192687988e-01 2.827140688896179199e-01
-2.192878961563110352e+00 -5.071581602096557617e-01 3.898389577865600586e+00 1.716370508074760437e-02 -7.826742529869079590e-01 5.254296660423278809e-01 3.336834907531738281e-01 7.195432484149932861e-02
-2.202455997467041016e+00 -4.678942859172821045e-01 3.905582904815673828e+00 1.716370508074760437e-02 -5.944332852959632874e-02 9.951006770133972168e-01 -7.900061458349227905e-02 4.639375954866409302e-02
-2.321728467941284180e+00 -2.630148530006408691e-01 3.950665950775146484e+00 7.151543628424406052e-03 4.045049473643302917e-02 3.203860819339752197e-01 -9.464229941368103027e-01 2.982364594936370850e-01
-1.710880398750305176e+00 -9.154603630304336548e-02 4.885317325592041016e+00 2.938821213319897652e-03 2.794789895415306091e-02 8.966481685638427734e-01 -4.418608248233795166e-01 2.352470457553863525e-01
-1.657925724983215332e+00 3.709161281585693359e-02 4.858639240264892578e+00 2.938821213319897652e-03 -6.636298298835754395e-01 2.780389189720153809e-01 6.944708824157714844e-01 4.492554664611816406e-01
-4.887413501739501953e+00 1.462420701980590820e+00 4.258193492889404297e+00 3.407423617318272591e-03 8.426369428634643555e-01 -3.195723295211791992e-01 -4.334011375904083252e-01 3.078767657279968262e-01
-4.183568954467773438e+00 3.706155061721801758e+00 4.910227298736572266e+00 5.138666834682226181e-03 5.687506198883056641e-01 2.829460240900516510e-02 8.220232129096984863e-01 1.663346886634826660e-01
-4.026976585388183594e+00 3.522871971130371094e+00 5.190211296081542969e+00 5.709629971534013748e-03 1.392414271831512451e-01 6.288398504257202148e-01 7.649655342102050781e-01 1.277944296598434448e-01
-4.019049167633056641e+00 3.595961332321166992e+00 5.313057899475097656e+00 9.769811294972896576e-03 3.905964270234107971e-02 9.555106163024902344e-01 2.923589646816253662e-01 1.395411789417266846e-01
-3.507875442504882812e+00 3.011305332183837891e+00 5.554981231689453125e+00 3.421085327863693237e-02 8.209145069122314453e-01 2.789675593376159668e-01 -4.982734620571136475e-01 2.015461921691894531e-01
-3.342423200607299805e+00 3.067530155181884766e+00 5.454555988311767578e+00 3.370001167058944702e-02 5.949306488037109375e-01 7.158997058868408203e-01 3.654382526874542236e-01 2.292071431875228882e-01
-3.024042129516601562e+00 3.336409330368041992e+00 5.805445671081542969e+00 4.034493863582611084e-02 3.144716322422027588e-01 7.911250591278076172e-01 -5.246224403381347656e-01 2.651982903480529785e-01
-2.949978113174438477e+00 3.546079635620117188e+00 5.661950588226318359e+00 2.353398501873016357e-02 2.553393244743347168e-01 7.810014486312866211e-01 -5.699461102485656738e-01 2.792950570583343506e-01
-2.896561622619628906e+00 3.782849311828613281e+00 5.469389915466308594e+00 1.451538503170013428e-02 9.001997709274291992e-01 3.011770844459533691e-01 -3.145357072353363037e-01 1.828872263431549072e-01
-3.425234079360961914e+00 2.916123151779174805e+00 5.679812908172607422e+00 6.687451899051666260e-02 9.679498076438903809e-01 5.766392126679420471e-02 2.444341778755187988e-01 2.978594899177551270e-01
-3.108367919921875000e+00 2.958026647567749023e+00 5.753107070922851562e+00 6.687451899051666260e-02 -1.788883469998836517e-02 9.524500346742570400e-04 9.998395442962646484e-01 1.064499765634536743e-01
-2.976187705993652344e+00 2.918825387954711914e+00 5.916752338409423828e+00 6.687451899051666260e-02 -4.134833216667175293e-01 -9.200695902109146118e-02 9.058511257171630859e-01 2.338524311780929565e-01
-3.257186889648437500e+00 2.503525733947753906e+00 5.743623256683349609e+00 3.867205977439880371e-02 4.901992380619049072e-01 3.376270234584808350e-01 -8.035625219345092773e-01 7.954023033380508423e-02
-3.218196392059326172e+00 2.530380487442016602e+00 5.679708003997802734e+00 3.867205977439880371e-02 7.239318490028381348e-01 3.168531060218811035e-01 6.128023862838745117e-01 2.079920917749404907e-01
-3.893239736557006836e+00 3.350396871566772461e+00 5.597972393035888672e+00 1.237529516220092773e-02 3.009684383869171143e-01 8.047966957092285156e-01 5.115860104560852051e-01 4.046720564365386963e-01
-3.738560914993286133e+00 3.679616212844848633e+00 5.829974174499511719e+00 1.237529516220092773e-02 -5.284109711647033691e-01 5.880454182624816895e-01 6.123597621917724609e-01 2.346909046173095703e-01
-4.031125068664550781e+00 2.409916639328002930e+00 5.712667465209960938e+00 9.290704503655433655e-03 -9.150845557451248169e-02 4.111221730709075928e-01 9.069756269454956055e-01 1.026230603456497192e-01
-4.024377346038818359e+00 2.461399555206298828e+00 5.839591026306152344e+00 9.290704503655433655e-03 -8.129328489303588867e-01 5.295994877815246582e-01 2.422076165676116943e-01 1.435898542404174805e-01
-4.799497127532958984e+00 2.758728265762329102e+00 5.654747009277343750e+00 7.319231051951646805e-03 -6.072605252265930176e-01 5.221771597862243652e-01 5.988035202026367188e-01 2.702272832393646240e-01
-4.860914707183837891e+00 2.097346067428588867e+00 5.507275104522705078e+00 4.603656008839607239e-03 -6.545963883399963379e-01 2.777663767337799072e-01 7.030999064445495605e-01 1.362594217061996460e-01
-4.932291507720947266e+00 2.075623750686645508e+00 5.617674827575683594e+00 3.069104161113500595e-03 7.799692153930664062e-01 3.589097559452056885e-01 5.126712918281555176e-01 2.091247588396072388e-01
-1.861176252365112305e+00 -1.933767914772033691e+00 2.363323926925659180e+00 3.219370171427726746e-02 3.884304761886596680e-01 8.161623477935791016e-01 4.277859330177307129e-01 2.610311508178710938e-01
-1.759783744812011719e+00 -1.720724105834960938e+00 2.474989414215087891e+00 3.219370171427726746e-02 -4.696419835090637207e-01 8.575947880744934082e-01 2.096846103668212891e-01 2.993090152740478516e-01
-3.593052387237548828e+00 -1.265829682350158691e+00 2.670916557312011719e+00 2.499999944120645523e-03 -2.306924760341644287e-01 3.435698151588439941e-01 9.103519916534423828e-01 3.114860057830810547e-01
-3.342337131500244141e+00 -1.064793467521667480e+00 2.521677970886230469e+00 2.499999944120645523e-03 2.935070991516113281e-01 -9.558923840522766113e-01 1.110285520553588867e-02 3.435361385345458984e-01
6.160182356834411621e-01 1.041669964790344238e+00 3.680740356445312500e+00 2.034545503556728363e-02 -2.193488627672195435e-01 5.744202136993408203e-01 -7.886238098144531250e-01 3.810068368911743164e-01
1.822109818458557129e+00 -2.080014228820800781e+00 4.370072841644287109e+00 3.895992040634155273e-02 4.807694256305694580e-01 8.652042746543884277e-01 -1.424159258604049683e-01 2.906684577465057373e-01
1.961854338645935059e+00 -1.828526735305786133e+00 4.328676700592041016e+00 3.712591901421546936e-02 -3.006713092327117920e-01 -7.323123216629028320e-01 -6.109954714775085449e-01 1.327720582485198975e-01
1.939656376838684082e+00 -1.963729858398437500e+00 4.280433177947998047e+00 4.513008147478103638e-02 4.312305450439453125e-01 -4.671122431755065918e-01 -7.719108462333679199e-01 1.441290825605392456e-01
2.023039817810058594e+00 -2.070227384567260742e+00 4.157576084136962891e+00 4.303795844316482544e-02 2.262189686298370361e-01 3.873163759708404541e-01 -8.937622904777526855e-01 2.735800147056579590e-01
2.088673591613769531e+00 -2.313848257064819336e+00 4.347561359405517578e+00 5.402146279811859131e-02 -5.854604840278625488e-01 7.431682944297790527e-01 -3.239395916461944580e-01 9.976992607116699219e-01
1.435664415359497070e+00 -2.039582490921020508e+00 4.257766723632812500e+00 1.784645766019821167e-02 -1.085288822650909424e-01 -9.794940948486328125e-01 -1.697434484958648682e-01 2.782125174999237061e-01
1.663778543472290039e+00 -2.177225589752197266e+00 3.677698612213134766e+00 2.182079851627349854e-02 8.263719081878662109e-01 -2.911281585693359375e-01 4.820310175418853760e-01 4.263209402561187744e-01
1.999126672744750977e+00 -2.337862730026245117e+00 3.914697408676147461e+00 2.182079851627349854e-02 9.349012374877929688e-01 -3.364212810993194580e-01 1.130502372980117798e-01 2.864403128623962402e-01
1.989716410636901855e+00 -2.507277250289916992e+00 3.982440948486328125e+00 1.321615930646657944e-02 -1.092185750603675842e-01 7.372177243232727051e-01 6.667692661285400391e-01 8.818441629409790039e-02
1.488559246063232422e+00 -2.215259075164794922e+00 3.693648099899291992e+00 3.977084998041391373e-03 3.386858403682708740e-01 8.630638122558593750e-01 3.747168481349945068e-01 4.158380925655364990e-01
1.302328348159790039e+00 -2.298501014709472656e+00 3.574342012405395508e+00 2.597437612712383270e-02 -1.229418590664863586e-01 -3.405151665210723877e-01 -9.321666955947875977e-01 3.445597290992736816e-01
1.366849184036254883e+00 -1.387761831283569336e+00 3.739511966705322266e+00 5.883620120584964752e-03 -2.175955325365066528e-01 -9.690669178962707520e-01 1.164539903402328491e-01 1.739329546689987183e-01
1.310653090476989746e+00 -1.574298977851867676e+00 3.817574501037597656e+00 5.883620120584964752e-03 5.440560579299926758e-01 -8.345325589179992676e-01 -8.693939447402954102e-02 1.891432702541351318e-01
1.409053444862365723e+00 -1.411058664321899414e+00 3.865667343139648438e+00 8.661194704473018646e-03 -8.723652362823486328e-01 -4.534319341182708740e-01 -1.826974153518676758e-01 1.337791532278060913e-01
1.302882313728332520e+00 -1.416926622390747070e+00 3.861058473587036133e+00 8.661194704473018646e-03 -9.494397640228271484e-01 2.508505284786224365e-01 -1.887805610895156860e-01 1.410221308469772339e-01
1.058880686759948730e+00 -1.156036019325256348e+00 3.440404176712036133e+00 8.313295431435108185e-03 1.869843602180480957e-01 -7.918881773948669434e-01 5.813346505165100098e-01 4.661888182163238525e-01
1.152604699134826660e+00 -1.259126186370849609e+00 3.573356628417968750e+00 2.809232799336314201e-03 1.771325170993804932e-01 -7.288140058517456055e-01 6.614032387733459473e-01 2.850725054740905762e-01
1.257975459098815918e+00 -1.391370058059692383e+00 3.904323577880859375e+00 2.809232799336314201e-03 1.083810776472091675e-01 -8.949480056762695312e-01 4.328066408634185791e-01 4.257822632789611816e-01
1.573989033699035645e+00 -2.018883228302001953e+00 2.718897104263305664e+00 1.807481609284877777e-02 -6.373223662376403809e-01 -4.986368119716644287e-01 -5.875215530395507812e-01 1.581267267465591431e-01
1.573549866676330566e+00 -1.225608348846435547e+00 3.178007602691650391e+00 3.433097898960113525e-02 -4.787755310535430908e-01 8.774286508560180664e-01 -2.988257817924022675e-02 1.597223132848739624e-01
1.497078776359558105e+00 -1.085463404655456543e+00 3.173234701156616211e+00 3.433097898960113525e-02 9.363678097724914551e-01 -2.666927278041839600e-01 -2.282329201698303223e-01 2.670591175556182861e-01
1.658614993095397949e+00 -1.115472197532653809e+00 3.312979221343994141e+00 2.037914283573627472e-02 -1.007206365466117859e-01 1.310863494873046875e-01 -9.862412214279174805e-01 3.211516737937927246e-01
1.637761235237121582e+00 -1.086346864700317383e+00 2.983727216720581055e+00 2.037914283573627472e-02 -8.432189226150512695e-01 -3.826713263988494873e-01 -3.775506019592285156e-01 1.675128638744354248e-01
1.594898223876953125e+00 -1.252243638038635254e+00 3.141253471374511719e+00 1.101958472281694412e-02 6.148276329040527344e-01 1.320730000734329224e-01 -7.775240540504455566e-01 1.387098133563995361e-01
1.696411490440368652e+00 -1.243782043457031250e+00 3.043840885162353516e+00 1.101958472281694412e-02 -2.763716876506805420e-01 -8.752613067626953125e-01 -3.969084024429321289e-01 1.855746507644653320e-01
1.398854613304138184e+00 -1.571795821189880371e+00 5.968025207519531250e+00 5.373353883624076843e-02 -8.527669310569763184e-01 -5.222637653350830078e-01 5.391827784478664398e-03 1.439129859209060669e-01
1.276130437850952148e+00 -1.646956324577331543e+00 5.968801021575927734e+00 5.373353883624076843e-02 -1.334388405084609985e-01 -6.236349940299987793e-01 -7.702424526214599609e-01 3.117404580116271973e-01
1.238541364669799805e+00 -1.842276692390441895e+00 5.730629444122314453e+00 5.373353883624076843e-02 1.137239038944244385e-01 -7.893480062484741211e-01 -6.033213138580322266e-01 2.500580549240112305e-01
1.503904461860656738e+00 -1.509474277496337891e+00 6.184989929199218750e+00 1.683621667325496674e-02 -2.121799439191818237e-01 -5.834060311317443848e-01 7.839751839637756348e-01 1.091787219047546387e-01
1.469814538955688477e+00 -1.577955484390258789e+00 6.310726642608642578e+00 1.683621667325496674e-02 7.153808325529098511e-02 -9.925271272659301758e-01 -9.885426610708236694e-02 1.993935704231262207e-01
1.560514211654663086e+00 -1.504305958747863770e+00 6.124723434448242188e+00 9.298183023929595947e-03 -9.130336046218872070e-01 2.993228435516357422e-01 2.770838439464569092e-01 5.790093541145324707e-01
1.856267690658569336e+00 -9.696652293205261230e-01 6.201911926269531250e+00 2.020345814526081085e-02 3.407851755619049072e-01 5.945118665695190430e-01 7.283000946044921875e-01 9.941618889570236206e-02
1.903880715370178223e+00 -9.027959108352661133e-01 6.262604713439941406e+00 2.020345814526081085e-02 -3.998377174139022827e-02 8.537433743476867676e-01 5.191566348075866699e-01 2.039361596107482910e-01
-3.810431718826293945e+00 -1.639069914817810059e+00 1.264795541763305664e+00 3.248057328164577484e-03 -2.669256180524826050e-03 -8.163496255874633789e-01 5.775518417358398438e-01 1.235586181282997131e-01
-3.798624515533447266e+00 -1.701360344886779785e+00 1.391031026840209961e+00 3.248057328164577484e-03 -5.145559906959533691e-01 7.508625388145446777e-01 -4.140502810478210449e-01 4.491446912288665771e-01
-3.770303726196289062e+00 -2.132028102874755859e+00 5.422434210777282715e-01 2.763967029750347137e-03 -1.792587041854858398e-01 -9.733564257621765137e-01 -1.429808884859085083e-01 2.753980159759521484e-01
-3.804227113723754883e+00 -2.392286062240600586e+00 5.174120664596557617e-01 2.763967029750347137e-03 -7.086257338523864746e-01 5.260862112045288086e-01 4.701945483684539795e-01 1.920314878225326538e-01
-3.999369382858276367e+00 -1.807660341262817383e+00 1.854503273963928223e+00 1.646884158253669739e-02 4.682095944881439209e-01 1.077184975147247314e-01 8.770270943641662598e-01 1.159349530935287476e-01
-3.945087671279907227e+00 -1.795171976089477539e+00 1.956181287765502930e+00 1.646884158253669739e-02 2.071398496627807617e-01 6.321939826011657715e-01 -7.466082572937011719e-01 3.251201212406158447e-01
-4.388325214385986328e+00 -2.062757253646850586e+00 8.093402981758117676e-01 3.138153627514839172e-02 6.080600619316101074e-01 1.591736078262329102e-01 7.777703404426574707e-01 3.208849728107452393e-01
-4.193208217620849609e+00 -2.011680841445922852e+00 1.058915138244628906e+00 3.138153627514839172e-02 -5.170167684555053711e-01 -1.598414927721023560e-01 -8.409187793731689453e-01 3.451319336891174316e-01
-4.511126041412353516e+00 -2.314629554748535156e+00 1.377871274948120117e+00 5.287314578890800476e-02 7.020141482353210449e-01 -1.243982687592506409e-01 -7.012140750885009766e-01 1.557978391647338867e-01
-4.424159526824951172e+00 -2.294703960418701172e+00 1.241406440734863281e+00 5.287314578890800476e-02 8.268588781356811523e-01 8.654107898473739624e-02 -5.557112693786621094e-01 2.675445079803466797e-01
-4.241028785705566406e+00 -2.259445905685424805e+00 9.418785572052001953e-01 5.287314578890800476e-02 9.412946701049804688e-01 -2.207617759704589844e-01 -2.553987801074981689e-01 2.210086435079574585e-01
-4.031628608703613281e+00 -2.312459230422973633e+00 8.824948668479919434e-01 5.287314578890800476e-02 9.028200507164001465e-01 -7.124951574951410294e-03 4.299595952033996582e-01 7.046281546354293823e-02
-3.833080053329467773e+00 -2.277776956558227539e+00 8.474354743957519531e-01 5.287314578890800476e-02 4.588029980659484863e-01 -1.256304532289505005e-01 8.796117305755615234e-01 2.184796929359436035e-01
-3.744696140289306641e+00 -2.241791248321533203e+00 1.121547818183898926e+00 5.287314578890800476e-02 -8.173514902591705322e-02 -7.937682867050170898e-01 6.027032732963562012e-01 2.657459974288940430e-01
-3.732640027999877930e+00 -2.540865898132324219e+00 1.181872010231018066e+00 5.287314578890800476e-02 -9.375257492065429688e-01 3.304903581738471985e-02 -3.463426530361175537e-01 2.073617279529571533e-01
-4.297315597534179688e+00 -2.136098384857177734e+00 1.298279762268066406e+00 2.884750720113515854e-03 3.472461178898811340e-02 3.562680482864379883e-01 9.337383508682250977e-01 1.842011809349060059e-01
-4.290917396545410156e+00 -2.089188575744628906e+00 1.469298720359802246e+00 2.884750720113515854e-03 1.337397545576095581e-01 -5.163786560297012329e-02 9.896702766418457031e-01 4.441744387149810791e-01
-1.115376830101013184e+00 -3.299896001815795898e+00 1.412451028823852539e+00 3.488684445619583130e-02 -9.768871068954467773e-01 1.604714542627334595e-01 1.412106901407241821e-01 1.152827516198158264e-01
-1.237854123115539551e+00 -3.278074264526367188e+00 1.452839732170104980e+00 3.488684445619583130e-02 1.480340212583541870e-01 9.861081838607788086e-01 -7.534316182136535645e-02 3.116640150547027588e-01
-1.182012557983398438e+00 -3.001840114593505859e+00 1.420053958892822266e+00 3.488684445619583130e-02 -5.112103223800659180e-01 -3.888219296932220459e-01 7.664734125137329102e-01 5.511846765875816345e-02
-1.171797752380371094e+00 -2.982214212417602539e+00 1.767805576324462891e+00 3.488684445619583130e-02 -9.763028621673583984e-01 -1.612261384725570679e-01 1.443565785884857178e-01 4.004546403884887695e-01
-8.841562867164611816e-01 -2.638253688812255859e+00 1.545866250991821289e+00 6.185151170939207077e-03 -4.029679000377655029e-01 -2.110074162483215332e-01 8.905575275421142578e-01 4.850227832794189453e-01
-8.993343710899353027e-01 -2.958010435104370117e+00 1.685229420661926270e+00 4.140754416584968567e-02 -2.187658399343490601e-01 4.078278839588165283e-01 8.864637017250061035e-01 2.730863690376281738e-01
-9.590763449668884277e-01 -2.846638202667236328e+00 1.927310585975646973e+00 4.140754416584968567e-02 4.709171950817108154e-01 -4.098246097564697266e-01 -7.812047004699707031e-01 1.830346733331680298e-01
-7.296475768089294434e-01 -3.680072784423828125e+00 2.079453468322753906e+00 5.602568387985229492e-02 -8.612515926361083984e-01 3.935550749301910400e-01 3.214966654777526855e-01 1.800805777311325073e-01
-8.866021037101745605e-01 -3.588293313980102539e+00 2.134339332580566406e+00 5.602568387985229492e-02 8.347898125648498535e-01 1.504898369312286377e-01 5.296025276184082031e-01 1.207548230886459351e-01
-7.539467811584472656e-01 -3.590604305267333984e+00 2.239337444305419922e+00 5.602568387985229492e-02 6.480199098587036133e-01 7.507583498954772949e-01 -1.281877756118774414e-01 2.201196178793907166e-02
-6.264407038688659668e-01 -3.439121961593627930e+00 2.250600576400756836e+00 5.602568387985229492e-02 -7.130545973777770996e-01 6.303545832633972168e-01 -3.069303333759307861e-01 1.473307609558105469e-01
-7.327921986579895020e-01 -3.340014457702636719e+00 2.200911760330200195e+00 5.602568387985229492e-02 -8.972635865211486816e-01 1.182335987687110901e-01 4.253690838813781738e-01 1.127532348036766052e-01
-3.336687803268432617e+00 -4.072196960449218750e+00 1.735011816024780273e+00 2.499999944120645523e-03 -1.927148848772048950e-01 9.558672904968261719e-01 -2.217626869678497314e-01 1.165771558880805969e-01
-3.366267919540405273e+00 -3.985551357269287109e+00 1.710826992988586426e+00 2.499999944120645523e-03 5.806807279586791992e-01 -1.124038025736808777e-01 8.063344955444335938e-01 1.425783336162567139e-01
-3.259795188903808594e+00 -3.955977201461791992e+00 1.922027826309204102e+00 2.499999944120645523e-03 -8.988196849822998047e-01 4.381084144115447998e-01 1.357317715883255005e-02 1.329462826251983643e-01
-1.928748250007629395e+00 -3.158352136611938477e+00 2.249282360076904297e+00 1.541580259799957275e-02 -2.272035777568817139e-01 2.015863806009292603e-01 -9.527546763420104980e-01 1.382915526628494263e-01
-1.960168600082397461e+00 -3.130474328994750977e+00 2.117524623870849609e+00 1.541580259799957275e-02 -4.783022105693817139e-01 5.300499796867370605e-01 -7.001956701278686523e-01 3.705905079841613770e-01
-1.656649470329284668e+00 -2.927968502044677734e+00 2.947862386703491211e+00 2.071619220077991486e-02 -1.066703721880912781e-01 4.763193428516387939e-03 9.942830204963684082e-01 3.256335854530334473e-01
-1.717805981636047363e+00 -2.930829524993896484e+00 3.291660785675048828e+00 1.706353016197681427e-02 5.274845957756042480e-01 -6.440681815147399902e-01 5.540181994438171387e-01 2.076319307088851929e-01
-1.004564285278320312e+00 -3.122402906417846680e+00 3.351695299148559570e+00 1.456556096673011780e-02 7.638211846351623535e-01 -5.999750494956970215e-01 2.379224449396133423e-01 1.096589565277099609e-01
-8.991904854774475098e-01 -3.143830060958862305e+00 3.371612787246704102e+00 1.456556096673011780e-02 8.983823657035827637e-01 -4.196245968341827393e-01 1.297086775302886963e-01 2.621749937534332275e-01
-1.429030656814575195e+00 -3.995755195617675781e+00 3.039832592010498047e+00 3.143717348575592041e-02 -4.287545979022979736e-01 5.854510664939880371e-01 6.880527138710021973e-01 1.435566842555999756e-01
-1.490581274032592773e+00 -3.911709785461425781e+00 3.138607025146484375e+00 3.143717348575592041e-02 6.680268645286560059e-01 -7.435299158096313477e-01 3.005595505237579346e-02 1.762980520725250244e-01
-1.272930026054382324e+00 -3.664934158325195312e+00 3.515893936157226562e+00 7.924657315015792847e-03 -2.268266975879669189e-01 1.663937717676162720e-01 9.596159458160400391e-01 1.958671398460865021e-02
-1.244002819061279297e+00 -3.650635004043579102e+00 3.527048587799072266e+00 7.924657315015792847e-03 3.054134845733642578e-01 -2.969669997692108154e-01 9.047282338142395020e-01 8.586781471967697144e-02
-1.169783592224121094e+00 -3.758370876312255859e+00 3.710819005966186523e+00 7.924657315015792847e-03 1.658692955970764160e-01 -7.416424751281738281e-01 -6.499645113945007324e-01 3.957214578986167908e-02
-9.928545951843261719e-01 -3.791158437728881836e+00 3.822494029998779297e+00 7.924657315015792847e-03 5.126415491104125977e-01 -5.613189339637756348e-01 -6.497073769569396973e-01 4.700664877891540527e-01
-1.009606003761291504e+00 -3.174181699752807617e+00 4.568565845489501953e+00 2.499999944120645523e-03 -1.566499471664428711e-02 -7.472390532493591309e-01 -6.643706560134887695e-01 1.082622855901718140e-01
-9.787250161170959473e-01 -3.243370056152343750e+00 4.505123138427734375e+00 2.499999944120645523e-03 8.294976502656936646e-02 4.229631721973419189e-01 -9.023422002792358398e-01 1.059737354516983032e-01
-9.851165413856506348e-01 -3.153629779815673828e+00 4.406189441680908203e+00 2.499999944120645523e-03 2.029436379671096802e-01 -3.544239560142159462e-03 -9.791840314865112305e-01 3.369849324226379395e-01
-1.737864136695861816e+00 -1.974735736846923828e+00 4.606603622436523438e+00 3.952384367585182190e-02 5.541110634803771973e-01 -6.033823490142822266e-01 5.734899044036865234e-01 3.371470570564270020e-01
-1.500888109207153320e+00 -2.174193620681762695e+00 4.749466896057128906e+00 3.567236289381980896e-02 -6.898303031921386719e-01 -1.851093620061874390e-01 -6.999062299728393555e-01 1.472490578889846802e-01
-1.599831700325012207e+00 -2.213218927383422852e+00 4.646218776702880859e+00 3.952384367585182190e-02 -7.163348793983459473e-01 -1.494341641664505005e-01 -6.815671324729919434e-01 2.139701098203659058e-01
-1.767745018005371094e+00 -2.246238708496093750e+00 4.491537570953369141e+00 3.514920175075531006e-02 1.475496292114257812e-01 9.237896800041198730e-01 -3.533295094966888428e-01 1.021695584058761597e-01
-1.537676811218261719e+00 -2.127682924270629883e+00 4.440545558929443359e+00 1.859664358198642731e-02 -1.790832132101058960e-01 -8.426296114921569824e-01 -5.078430771827697754e-01 3.280856609344482422e-01
-1.770166635513305664e+00 -1.994701623916625977e+00 4.520802497863769531e+00 5.518903955817222595e-03 -1.369284838438034058e-02 -4.353781938552856445e-01 -9.001435041427612305e-01 1.127747148275375366e-01
-1.781964659690856934e+00 -2.053107738494873047e+00 4.411448478698730469e+00 5.518903955817222595e-03 -2.321500703692436218e-02 6.589707136154174805e-01 -7.518102526664733887e-01 4.032632410526275635e-01
-1.711241245269775391e+00 -1.563895702362060547e+00 4.858063220977783203e+00 8.676635101437568665e-03 -7.417269945144653320e-01 -4.356939792633056641e-01 -5.099135041236877441e-01 5.123541355133056641e-01
-2.501285970211029053e-01 -1.591179847717285156e+00 3.512165307998657227e+00 8.532259613275527954e-02 -4.317580461502075195e-01 4.346007406711578369e-01 7.903842329978942871e-01 2.990819811820983887e-01
-3.645328581333160400e-01 -1.420730829238891602e+00 3.737539291381835938e+00 8.532259613275527954e-02 -9.409618973731994629e-01 3.381466567516326904e-01 -1.573492027819156647e-02 1.650012433528900146e-01
-5.848994255065917969e-01 -1.378356575965881348e+00 3.744070768356323242e+00 8.532259613275527954e-02 -1.355416178703308105e-01 9.153850674629211426e-01 3.790760636329650879e-01 2.670864760875701904e-01
-3.020227849483489990e-01 -1.902929782867431641e+00 3.538273334503173828e+00 1.138139236718416214e-02 -1.040418893098831177e-01 9.558156877756118774e-02 -9.899694323539733887e-01 5.822336673736572266e-02
-3.080804646015167236e-01 -1.897364735603332520e+00 3.480633974075317383e+00 1.138139236718416214e-02 -5.351063609123229980e-01 8.305236101150512695e-01 1.545695364475250244e-01 2.126704603433609009e-01
-3.537569642066955566e-01 -2.302104949951171875e+00 3.561519384384155273e+00 1.834315061569213867e-02 -1.632086783647537231e-01 1.412108987569808960e-01 -9.764335155487060547e-01 8.624128252267837524e-02
-3.678322732448577881e-01 -2.289926767349243164e+00 3.477310419082641602e+00 1.737240888178348541e-02 9.786967635154724121e-01 -5.128094926476478577e-02 -1.988036185503005981e-01 6.023061648011207581e-02
-2.811819612979888916e-01 -2.347888946533203125e+00 3.504925966262817383e+00 6.053451076149940491e-02 9.230774044990539551e-01 2.646907567977905273e-01 -2.790464758872985840e-01 6.434007883071899414e-01
3.865838646888732910e-01 -2.220791339874267578e+00 3.319542646408081055e+00 6.053451076149940491e-02 3.886243104934692383e-01 7.388222813606262207e-01 -5.505567789077758789e-01 1.622210741043090820e-01
-4.732006192207336426e-01 -2.465927839279174805e+00 4.164560317993164062e+00 2.834675833582878113e-02 4.825535118579864502e-01 -8.758237361907958984e-01 8.651896379888057709e-03 2.035568505525588989e-01
-3.623968958854675293e-01 -2.648747205734252930e+00 4.152545452117919922e+00 2.834675833582878113e-02 -6.481963396072387695e-01 -6.638538241386413574e-01 -3.730142414569854736e-01 3.954524397850036621e-01
-3.237041532993316650e-01 -2.088497638702392578e+00 3.800748586654663086e+00 1.255882345139980316e-02 2.375852316617965698e-01 6.123851537704467773e-01 7.540143728256225586e-01 4.467511177062988281e-01
-1.338531523942947388e-01 -7.685878276824951172e-01 4.065198898315429688e+00 1.531081460416316986e-02 9.971483945846557617e-01 -3.943758085370063782e-02 -6.434101611375808716e-02 1.890617460012435913e-01
-3.467802524566650391e+00 -2.296197175979614258e+00 2.009014368057250977e+00 5.737907253205776215e-03 2.995402216911315918e-01 3.042766451835632324e-01 9.042629003524780273e-01 7.489915490150451660e-01
-3.258492708206176758e+00 -2.064305782318115234e+00 2.697747945785522461e+00 5.737907253205776215e-03 -8.193771541118621826e-02 -9.696551561355590820e-01 2.303368151187896729e-01 4.154292345046997070e-01
-2.904602289199829102e+00 -3.398609638214111328e+00 2.501751899719238281e+00 7.252854295074939728e-03 9.802731275558471680e-01 8.127925544977188110e-02 -1.801617294549942017e-01 1.268054395914077759e-01
-2.848973751068115234e+00 -3.400474548339843750e+00 2.492600440979003906e+00 7.252854295074939728e-03 -1.146065518260002136e-01 -3.840981125831604004e-01 -9.161517024040222168e-01 7.160027325153350830e-02
-2.802142143249511719e+00 -3.488090991973876953e+00 2.296654224395751953e+00 7.252854295074939728e-03 -2.312592267990112305e-01 -9.169231653213500977e-01 3.252246379852294922e-01 8.464779704809188843e-02
-2.839771986007690430e+00 -3.597299814224243164e+00 2.277623176574707031e+00 7.252854295074939728e-03 1.015202403068542480e-01 -8.410609960556030273e-01 5.313286185264587402e-01 1.685903370380401611e-01
-2.859294414520263672e+00 -3.494324922561645508e+00 3.509426355361938477e+00 2.944005653262138367e-03 -8.537457585334777832e-01 -2.081857472658157349e-01 -4.772597551345825195e-01 2.785389125347137451e-01
-3.031751155853271484e+00 -3.603193283081054688e+00 3.418285369873046875e+00 2.944005653262138367e-03 -6.219556331634521484e-01 -7.828115820884704590e-01 1.942210458219051361e-02 3.532962203025817871e-01
-2.675256967544555664e+00 -3.631249904632568359e+00 3.391769886016845703e+00 1.583931595087051392e-02 9.355975985527038574e-01 -8.951402455568313599e-02 3.415323197841644287e-01 1.572281867265701294e-01
-2.528154611587524414e+00 -3.645323991775512695e+00 3.445468425750732422e+00 1.583931595087051392e-02 -6.527332961559295654e-02 -2.832430005073547363e-01 9.568243026733398438e-01 2.094121128320693970e-01
-2.821013450622558594e+00 -3.642980098724365234e+00 3.416264533996582031e+00 5.690585356205701828e-03 6.758431196212768555e-01 -5.222748517990112305e-01 5.200625061988830566e-01 1.097709983587265015e-01
-2.629587650299072266e+00 -3.180650472640991211e+00 3.576075077056884766e+00 1.797311939299106598e-02 1.420906484127044678e-01 -7.732175588607788086e-01 -6.180168986320495605e-01 2.669555544853210449e-01
-2.611899137496948242e+00 -3.360541105270385742e+00 3.402494668960571289e+00 1.797311939299106598e-02 -4.817663505673408508e-02 -3.410690426826477051e-01 -9.388028979301452637e-01 9.270543605089187622e-02
-2.579117059707641602e+00 -3.508417606353759766e+00 3.320934534072875977e+00 1.797311939299106598e-02 -8.853662759065628052e-03 -4.984408617019653320e-02 -9.987177848815917969e-01 2.987655103206634521e-01
-2.570587158203125000e+00 -3.577594757080078125e+00 3.079448223114013672e+00 1.797311939299106598e-02 3.677571713924407959e-01 -6.356692314147949219e-01 -6.787335872650146484e-01 2.180773913860321045e-01
-3.967957019805908203e+00 -3.106853723526000977e+00 3.905261516571044922e+00 3.734738565981388092e-03 8.438521623611450195e-01 -3.100075423717498779e-01 -4.379598200321197510e-01 1.264676600694656372e-01
-3.855588912963867188e+00 -3.135858535766601562e+00 3.877847433090209961e+00 3.734738565981388092e-03 -4.548219442367553711e-01 8.623074889183044434e-01 -2.226269841194152832e-01 1.782834976911544800e-01
-3.270423650741577148e+00 -4.396977424621582031e+00 5.189141750335693359e+00 2.407255955040454865e-02 8.430047035217285156e-01 -1.310747563838958740e-01 5.216919183731079102e-01 3.334666192531585693e-01
-2.954423904418945312e+00 -4.405396938323974609e+00 5.339742183685302734e+00 2.375824563205242157e-02 6.843907833099365234e-01 -2.153192460536956787e-01 6.965966820716857910e-01 8.824080973863601685e-02
-2.951257228851318359e+00 -4.545144557952880859e+00 5.435204982757568359e+00 2.280228212475776672e-02 2.110342830419540405e-01 1.709405928850173950e-01 9.624156355857849121e-01 1.026921942830085754e-01
-2.934992074966430664e+00 -4.538053512573242188e+00 5.544001579284667969e+00 2.400149591267108917e-02 8.725736141204833984e-01 1.411848142743110657e-02 4.882785975933074951e-01 7.117986679077148438e-02
-2.870369195938110352e+00 -4.595520019531250000e+00 5.605850219726562500e+00 2.280228212475776672e-02 9.839143753051757812e-01 -3.853644058108329773e-02 -1.744346767663955688e-01 3.379544019699096680e-01
-3.373206853866577148e+00 -4.299344062805175781e+00 5.277753353118896484e+00 6.656350567936897278e-03 7.346822619438171387e-01 5.420414209365844727e-01 4.079621434211730957e-01 2.048789858818054199e-01
-3.825930595397949219e+00 -4.490142822265625000e+00 5.328007221221923828e+00 8.154490031301975250e-03 4.265847206115722656e-01 3.212190866470336914e-01 8.454843163490295410e-01 3.573628067970275879e-01
-4.137833595275878906e+00 -4.481426239013671875e+00 5.234553813934326172e+00 2.499999944120645523e-03 -2.569091916084289551e-01 5.933368802070617676e-01 7.628558278083801270e-01 1.662905663251876831e-01
-4.133344173431396484e+00 -4.401909828186035156e+00 5.335131168365478516e+00 2.499999944120645523e-03 1.345824152231216431e-01 9.001775383949279785e-01 -4.142076373100280762e-01 5.412279963493347168e-01
-4.673536300659179688e+00 -4.185735702514648438e+00 4.951879024505615234e+00 2.499999944120645523e-03 4.773150384426116943e-01 6.072173714637756348e-01 6.351829767227172852e-01 2.452516406774520874e-01
-2.134295463562011719e+00 -4.416725158691406250e+00 6.845693111419677734e+00 2.499999944120645523e-03 -1.999070942401885986e-01 9.554602503776550293e-01 -2.171011269092559814e-01 4.986371695995330811e-01
-2.287901639938354492e+00 -3.965965032577514648e+00 6.634246826171875000e+00 2.499999944120645523e-03 -1.871435493230819702e-01 9.717339277267456055e-01 -1.439113318920135498e-01 5.064512044191360474e-02
-2.161781311035156250e+00 -3.728506326675415039e+00 6.815764427185058594e+00 2.499999944120645523e-03 -5.187067389488220215e-01 7.621610760688781738e-01 -3.873677551746368408e-01 2.399715930223464966e-01
-2.298290967941284180e+00 -3.521773338317871094e+00 6.671035766601562500e+00 2.499999944120645523e-03 -5.807296633720397949e-01 6.797649264335632324e-01 4.479650855064392090e-01 3.230189979076385498e-01
-4.187946319580078125e+00 -1.926403284072875977e+00 4.987604141235351562e+00 7.225786335766315460e-03 8.457658290863037109e-01 5.265143513679504395e-01 -8.638743311166763306e-02 1.113150268793106079e-01
-4.103290081024169922e+00 -1.865293979644775391e+00 4.982989788055419922e+00 7.225786335766315460e-03 2.872406132519245148e-02 -8.712497353553771973e-01 4.899988174438476562e-01 3.517104983329772949e-01
-4.142630100250244141e+00 -1.571973323822021484e+00 4.891477108001708984e+00 1.477973721921443939e-02 3.364191055297851562e-01 9.279825091361999512e-01 1.602207720279693604e-01 6.048759073019027710e-02
-4.242947578430175781e+00 -1.338709115982055664e+00 4.850558757781982422e+00 1.827313005924224854e-02 -8.330050706863403320e-01 -4.994682669639587402e-01 2.379789054393768311e-01 3.242003172636032104e-02
-4.412490844726562500e+00 -1.916413187980651855e+00 4.772734165191650391e+00 2.499999944120645523e-03 -4.089594185352325439e-01 -9.124987125396728516e-01 -9.911756031215190887e-03 3.814490139484405518e-01
-4.496280670166015625e+00 -1.900873541831970215e+00 4.922513484954833984e+00 2.499999944120645523e-03 1.344157289713621140e-02 -9.139634370803833008e-01 -4.055738151073455811e-01 7.247969508171081543e-01
-4.514770030975341797e+00 -1.896551728248596191e+00 4.954446792602539062e+00 2.499999944120645523e-03 -6.736682653427124023e-01 -7.269839644432067871e-01 1.329112946987152100e-01 6.076605916023254395e-01
-4.550124645233154297e+00 -2.093431234359741211e+00 4.267539978027343750e+00 3.175185993313789368e-03 -1.096427664160728455e-01 7.430693507194519043e-01 -6.601715087890625000e-01 2.506291866302490234e-01
-4.051692962646484375e+00 -1.833214402198791504e+00 6.265461444854736328e+00 6.114869378507137299e-03 -2.515410184860229492e-01 6.571159362792968750e-01 7.105812430381774902e-01 1.559126079082489014e-01
-4.098620891571044922e+00 -1.786716699600219727e+00 6.392119884490966797e+00 6.114869378507137299e-03 4.381960630416870117e-02 2.670015990734100342e-01 9.626992940902709961e-01 3.912990391254425049e-01
-4.865314483642578125e+00 -1.187332749366760254e+00 5.501770019531250000e+00 2.499999944120645523e-03 -8.085921406745910645e-01 5.837889313697814941e-01 -7.327543199062347412e-02 8.643557131290435791e-02
-4.945008754730224609e+00 -1.152433872222900391e+00 5.479911804199218750e+00 2.499999944120645523e-03 4.441676735877990723e-01 -7.573568820953369141e-01 4.786706566810607910e-01 2.316825091838836670e-01
-4.823582172393798828e+00 -1.309564590454101562e+00 5.602876186370849609e+00 2.499999944120645523e-03 7.501382827758789062e-01 -4.235571920871734619e-01 -5.078305602073669434e-01 1.488660871982574463e-01
-2.145829916000366211e+00 -1.263875842094421387e+00 6.559670448303222656e+00 2.499999944120645523e-03 4.153969231992959976e-03 -3.945965766906738281e-01 -9.188450574874877930e-01 5.493559241294860840e-01
-1.995469093322753906e+00 -1.286222577095031738e+00 6.033662796020507812e+00 2.499999944120645523e-03 -7.381835579872131348e-01 5.145680308341979980e-01 -4.362393915653228760e-01 1.262496262788772583e-01
-2.019545078277587891e+00 -1.177937865257263184e+00 5.900651454925537109e+00 2.499999944120645523e-03 -7.453080415725708008e-01 5.715398788452148438e-01 -3.433046340942382812e-01 5.491966605186462402e-01
-2.872595071792602539e+00 -1.627565741539001465e+00 6.705137252807617188e+00 2.499999944120645523e-03 -3.513476252555847168e-01 -3.958812952041625977e-01 -8.484296202659606934e-01 4.612011611461639404e-01
-3.058459758758544922e+00 -1.814314007759094238e+00 6.325833797454833984e+00 2.499999944120645523e-03 3.523631691932678223e-01 4.086809754371643066e-01 8.419145345687866211e-01 4.150448739528656006e-01
-4.148166179656982422e+00 -6.927771568298339844e-01 5.031578063964843750e+00 9.761592373251914978e-03 6.212006807327270508e-01 -2.896850705146789551e-01 -7.281429767608642578e-01 6.264285743236541748e-02
-4.103730678558349609e+00 -7.010079622268676758e-01 4.966485977172851562e+00 9.761592373251914978e-03 -2.679585218429565430e-01 -8.257601261138916016e-01 -4.963047504425048828e-01 2.790081501007080078e-01
-3.711502313613891602e+00 -6.776006221771240234e-01 4.927675724029541016e+00 1.272708643227815628e-02 -1.167276427149772644e-01 9.241192936897277832e-01 3.638381361961364746e-01 1.676220446825027466e-01
-3.764349460601806641e+00 -1.182813048362731934e+00 4.275544166564941406e+00 2.023441530764102936e-02 -1.623137444257736206e-01 -8.563658595085144043e-01 4.901956915855407715e-01 1.279247999191284180e-01
-3.785113573074340820e+00 -1.292363524436950684e+00 4.338252544403076172e+00 2.015873417258262634e-02 -1.819982379674911499e-01 -3.115944862365722656e-01 -9.326229095458984375e-01 3.527631610631942749e-02
-3.810196161270141602e+00 -1.409132957458496094e+00 4.295660018920898438e+00 2.190205641090869904e-02 7.513646036386489868e-02 -1.041357442736625671e-01 9.917208552360534668e-01 2.457512617111206055e-01
-3.829287767410278320e+00 -1.491254806518554688e+00 4.580157756805419922e+00 2.190205641090869904e-02 7.887490391731262207e-01 -8.479183912277221680e-02 6.088392734527587891e-01 1.170102879405021667e-01
-4.886005401611328125e+00 2.068846970796585083e-01 5.960048675537109375e+00 2.925669029355049133e-02 -9.775808453559875488e-02 9.781758785247802734e-01 1.833447813987731934e-01 4.107744395732879639e-01
-4.964315891265869141e+00 1.463758349418640137e+00 2.322383880615234375e+00 2.499999944120645523e-03 4.799051880836486816e-01 8.719562292098999023e-01 -9.686785936355590820e-02 3.667461499571800232e-02
-4.939754009246826172e+00 1.508699417114257812e+00 2.295373439788818359e+00 2.499999944120645523e-03 -1.450868546962738037e-01 8.835967779159545898e-01 4.452039301395416260e-01 1.185740083456039429e-01
-4.258605480194091797e+00 8.336891531944274902e-01 2.427713871002197266e+00 4.296239465475082397e-03 -4.071466028690338135e-01 -4.987501204013824463e-01 -7.651666402816772461e-01 3.429018259048461914e-01
-4.867614746093750000e+00 7.809126973152160645e-01 4.916786670684814453e+00 4.531916230916976929e-03 3.275459408760070801e-01 -9.344029426574707031e-01 1.400173008441925049e-01 3.166180551052093506e-01
-4.141302585601806641e+00 1.628523826599121094e+00 5.248926162719726562e+00 2.818011445924639702e-03 -9.162989258766174316e-01 4.000999629497528076e-01 1.778556220233440399e-02 2.347768098115921021e-01
-4.346331596374511719e+00 1.732886075973510742e+00 5.233083248138427734e+00 2.818011445924639702e-03 -8.607763648033142090e-01 4.731098413467407227e-01 -1.876996457576751709e-01 1.051475033164024353e-01
-4.276417732238769531e+00 1.590047240257263184e+00 5.183274745941162109e+00 2.705290913581848145e-03 -9.231838583946228027e-01 -9.133423864841461182e-02 -3.733492791652679443e-01 2.531901001930236816e-01
-4.493118762969970703e+00 1.554968237876892090e+00 5.094821929931640625e+00 2.705290913581848145e-03 1.770205050706863403e-01 -2.335775494575500488e-01 -9.560885429382324219e-01 2.474229037761688232e-01
-3.725885152816772461e+00 4.490853846073150635e-02 3.801119089126586914e+00 4.955645184963941574e-03 -3.259739279747009277e-01 -8.679168820381164551e-01 -3.747816979885101318e-01 1.150767058134078979e-01
-3.763630867004394531e+00 -5.457179993391036987e-02 3.761098384857177734e+00 4.955645184963941574e-03 -6.591127514839172363e-01 7.381675243377685547e-01 -1.438020616769790649e-01 1.490572839975357056e-01
-2.528054952621459961e+00 1.119750142097473145e-01 5.068063735961914062e+00 8.164577186107635498e-03 -4.935178756713867188e-01 9.048156440258026123e-02 -8.650162816047668457e-01 5.524750351905822754e-01
-2.801018714904785156e+00 1.632085889577865601e-01 4.592467784881591797e+00 8.164577186107635498e-03 7.203684449195861816e-01 6.458711028099060059e-01 -2.528237700462341309e-01 3.339525163173675537e-01
-2.774099588394165039e+00 3.288388252258300781e-02 4.686615467071533203e+00 5.058488342911005020e-03 -2.142235822975635529e-02 -6.766083240509033203e-01 7.360314130783081055e-01 8.305782079696655273e-02
-2.791373968124389648e+00 6.447426043450832367e-03 4.715213298797607422e+00 5.058488342911005020e-03 -2.638231217861175537e-01 6.458523273468017578e-01 7.164301276206970215e-01 3.659854531288146973e-01
-2.826213359832763672e+00 1.291019439697265625e+00 5.355322360992431641e+00 3.367569996044039726e-03 7.114894390106201172e-01 1.885341405868530273e-01 -6.769325137138366699e-01 3.329785168170928955e-01
-2.630912780761718750e+00 1.419937849044799805e+00 5.181309700012207031e+00 2.499999944120645523e-03 -5.865234732627868652e-01 2.335910350084304810e-01 -7.755162119865417480e-01 1.322174817323684692e-01
-1.856498360633850098e+00 -3.513980209827423096e-01 4.175456523895263672e+00 5.054660886526107788e-02 -6.617311835289001465e-01 -7.493422627449035645e-01 2.445454336702823639e-02 1.614871621131896973e-01
-1.963359475135803223e+00 -4.724071621894836426e-01 4.179405212402343750e+00 5.054660886526107788e-02 5.081243515014648438e-01 -2.101491540670394897e-01 -8.352526426315307617e-01 3.701551258563995361e-01
-2.201805114746093750e+00 -3.373981416225433350e-01 4.236690044403076172e+00 8.315335959196090698e-03 -2.852066457271575928e-01 2.802875936031341553e-01 9.165675044059753418e-01 7.841055095195770264e-02
-2.200411319732666016e+00 -3.126512169837951660e-01 4.264337062835693359e+00 8.315335959196090698e-03 -5.158186554908752441e-01 8.265282511711120605e-01 -2.253490239381790161e-01 2.558386325836181641e-01
-2.198395013809204102e+00 -4.882135987281799316e-01 3.916049003601074219e+00 5.823399871587753296e-03 -2.083115279674530029e-01 7.154356837272644043e-01 6.669018268585205078e-01 1.727755963802337646e-01
-2.231454133987426758e+00 -3.585415780544281006e-01 4.042055130004882812e+00 5.823399871587753296e-03 -9.599541425704956055e-01 2.539845108985900879e-01 1.182368919253349304e-01 1.836592555046081543e-01
-1.704571366310119629e+00 1.906259730458259583e-02 4.831519603729248047e+00 2.791880164295434952e-03 9.470916390419006348e-01 3.110781013965606689e-01 7.904369384050369263e-02 2.161263972520828247e-01
-1.484693050384521484e+00 7.146523892879486084e-02 4.860681533813476562e+00 2.791880164295434952e-03 3.201449215412139893e-01 7.734463214874267578e-01 5.470722317695617676e-01 8.186920732259750366e-02
-1.392089247703552246e+00 1.925656944513320923e-01 4.872332096099853516e+00 2.791880164295434952e-03 -2.793499231338500977e-01 6.987232565879821777e-01 6.585965752601623535e-01 3.355113267898559570e-01
-1.386883497238159180e+00 3.423931300640106201e-01 5.145052433013916016e+00 2.791880164295434952e-03 -7.053185701370239258e-01 -6.454060077667236328e-01 2.932180464267730713e-01 2.099761515855789185e-01
-3.100795745849609375e+00 2.891810417175292969e+00 5.825297355651855469e+00 4.454740136861801147e-02 1.313549429178237915e-01 -9.407700896263122559e-01 -3.125659525394439697e-01 9.496618062257766724e-02
-3.088321447372436523e+00 2.802469015121459961e+00 5.795614242553710938e+00 4.454740136861801147e-02 6.571093201637268066e-01 -1.026426330208778381e-01 -7.467742562294006348e-01 2.092419713735580444e-01
-3.114272117614746094e+00 2.574147462844848633e+00 5.718247890472412109e+00 1.493383664637804031e-02 4.578283131122589111e-01 1.564753949642181396e-01 -8.751620650291442871e-01 5.421735718846321106e-02
-3.089449882507324219e+00 2.582631111145019531e+00 5.670798778533935547e+00 1.493383664637804031e-02 -4.604593813419342041e-01 6.496804356575012207e-01 6.048904657363891602e-01 1.687034517526626587e-01
-3.780891656875610352e+00 3.617763996124267578e+00 5.775593757629394531e+00 2.539714798331260681e-03 8.151404261589050293e-01 -4.911911785602569580e-01 3.070460259914398193e-01 9.824741631746292114e-02
-3.700172424316406250e+00 3.570593118667602539e+00 5.808532238006591797e+00 2.539714798331260681e-03 9.545101523399353027e-01 -2.773706614971160889e-01 -1.094343587756156921e-01 2.288868129253387451e-01
1.255015492439270020e+00 -1.401172876358032227e+00 6.208485603332519531e+00 4.206320736557245255e-03 -6.527746915817260742e-01 1.229549571871757507e-01 -7.475073933601379395e-01 1.191905885934829712e-01
1.017612934112548828e+00 -1.464587569236755371e+00 6.089595794677734375e+00 3.793936455622315407e-03 4.391047060489654541e-01 -8.984336256980895996e-01 2.024471526965498924e-03 1.906786561012268066e-01
-4.161035060882568359e+00 -2.034754991531372070e+00 1.078247785568237305e+00 1.896920055150985718e-02 3.615388274192810059e-01 -2.893173396587371826e-01 -8.863323926925659180e-01 1.794935017824172974e-01
-4.236418724060058594e+00 -2.112896203994750977e+00 1.889420032501220703e+00 2.499999944120645523e-03 -7.830352187156677246e-01 -6.208976507186889648e-01 3.663258999586105347e-02 1.700892895460128784e-01
-4.363626956939697266e+00 -2.205689668655395508e+00 1.875957250595092773e+00 2.499999944120645523e-03 4.529898762702941895e-01 -8.038367629051208496e-01 -3.855472207069396973e-01 2.720443010330200195e-01
-1.202272891998291016e+00 -2.961670637130737305e+00 1.395869135856628418e+00 1.873045600950717926e-02 -3.409555852413177490e-01 3.599251853302121162e-03 -9.400725364685058594e-01 2.219589501619338989e-01
-1.271053552627563477e+00 -2.969817399978637695e+00 1.194035410881042480e+00 1.873045600950717926e-02 6.267142891883850098e-01 -1.056975722312927246e-01 -7.720474004745483398e-01 1.941212862730026245e-01
-1.180384993553161621e+00 -2.968721628189086914e+00 1.736752629280090332e+00 9.573726914823055267e-03 -2.458440661430358887e-01 3.862773478031158447e-01 -8.890166282653808594e-01 1.895168274641036987e-01
-1.198356151580810547e+00 -2.873914003372192383e+00 1.552723050117492676e+00 9.573726914823055267e-03 -5.405839085578918457e-01 1.166259944438934326e-01 -8.331671357154846191e-01 4.630566239356994629e-01
-1.679557204246520996e+00 -2.907632589340209961e+00 3.098754167556762695e+00 7.419191766530275345e-03 -2.365730255842208862e-01 8.406929373741149902e-01 -4.871022701263427734e-01 3.182064294815063477e-01
-1.748488545417785645e+00 -2.600452423095703125e+00 2.950501918792724609e+00 7.419191766530275345e-03 6.488999724388122559e-01 -2.273498475551605225e-01 7.261135578155517578e-01 2.397028803825378418e-01
-1.600117683410644531e+00 -2.584180831909179688e+00 3.164226293563842773e+00 2.499999944120645523e-03 6.668382287025451660e-01 -3.118411600589752197e-01 6.768174171447753906e-01 1.867490112781524658e-01
-3.432266712188720703e-01 -1.492221951484680176e+00 3.548248767852783203e+00 4.137852042913436890e-02 -8.151764273643493652e-01 -3.531364500522613525e-01 -4.591100215911865234e-01 3.304608464241027832e-01
-3.121116161346435547e+00 -4.404195785522460938e+00 5.301319122314453125e+00 6.741408258676528931e-03 -4.017755985260009766e-01 7.205948233604431152e-01 5.650835633277893066e-01 5.841089040040969849e-02
-3.138711452484130859e+00 -4.342163562774658203e+00 5.362488269805908203e+00 6.741408258676528931e-03 -6.984300911426544189e-02 8.209328651428222656e-01 -5.667372941970825195e-01 1.923851519823074341e-01
-4.099500656127929688e+00 -4.173210620880126953e+00 5.232641696929931641e+00 2.499999944120645523e-03 -6.844576448202133179e-02 4.738406240940093994e-01 8.779466152191162109e-01 2.113633304834365845e-01
-4.112257957458496094e+00 -4.087298870086669922e+00 5.438817977905273438e+00 2.499999944120645523e-03 9.549432396888732910e-01 2.752645909786224365e-01 1.109628453850746155e-01 2.103561609983444214e-01
-4.555987834930419922e+00 -4.035234928131103516e+00 5.105783462524414062e+00 2.499999944120645523e-03 3.531286120414733887e-01 9.226083159446716309e-01 -1.552228033542633057e-01 1.215756312012672424e-01
-4.499569416046142578e+00 -3.740007162094116211e+00 5.067613124847412109e+00 2.499999944120645523e-03 -5.532942414283752441e-01 -4.691269621253013611e-02 -8.316637873649597168e-01 2.423211783170700073e-01
-4.644963264465332031e+00 -3.766268968582153320e+00 4.869956493377685547e+00 2.499999944120645523e-03 -4.777522981166839600e-01 1.374390572309494019e-01 -8.676769137382507324e-01 3.288698494434356689e-01
-2.142059803009033203e+00 -1.411209464073181152e+00 6.213621139526367188e+00 2.499999944120645523e-03 8.823341727256774902e-01 4.467284381389617920e-01 -1.480543762445449829e-01 1.931017637252807617e-01
-1.991752386093139648e+00 -1.284270167350769043e+00 6.176324367523193359e+00 2.499999944120645523e-03 -8.997294306755065918e-01 -4.152326285839080811e-01 1.344201564788818359e-01 2.973982691764831543e-01
-2.240656375885009766e+00 -1.410636067390441895e+00 6.197900772094726562e+00 2.499999944120645523e-03 -1.419348269701004028e-01 -9.898182749748229980e-01 1.069204322993755341e-02 3.291117548942565918e-01
-2.850866794586181641e+00 1.387524306774139404e-01 4.863528728485107422e+00 1.725061796605587006e-02 -6.861296892166137695e-01 -6.045330166816711426e-01 -4.046799242496490479e-01 1.687154024839401245e-01
-2.966627597808837891e+00 3.675838932394981384e-02 4.795252799987792969e+00 1.725061796605587006e-02 -6.654633879661560059e-01 -3.743034005165100098e-01 -6.457982659339904785e-01 1.418908685445785522e-01
-2.713033199310302734e+00 1.317683100700378418e+00 5.247067928314208984e+00 3.199191531166434288e-03 1.017609089612960815e-01 -9.585564732551574707e-01 -2.661093771457672119e-01 1.018853113055229187e-01
-2.690391063690185547e+00 1.227098345756530762e+00 5.237101078033447266e+00 3.199191531166434288e-03 4.211821556091308594e-01 -9.041358828544616699e-01 7.172089070081710815e-02 9.666334837675094604e-02
-2.677108287811279297e+00 1.121256470680236816e+00 5.232689380645751953e+00 3.199191531166434288e-03 6.087383627891540527e-01 -7.545998692512512207e-01 -2.449828535318374634e-01 1.261394768953323364e-01
-2.565914869308471680e+00 1.044394493103027344e+00 5.187384605407714844e+00 3.199191531166434288e-03 -1.098116114735603333e-01 -4.785753190517425537e-01 -8.711527585983276367e-01 1.424255222082138062e-01
-3.146544456481933594e+00 -4.302399635314941406e+00 5.340940475463867188e+00 6.404337938874959946e-03 -6.650124788284301758e-01 2.039842158555984497e-01 7.184349894523620605e-01 1.286436468362808228e-01
-3.203440904617309570e+00 -4.273444652557373047e+00 5.421163558959960938e+00 6.404337938874959946e-03 3.792495429515838623e-01 1.199797466397285461e-01 9.174827933311462402e-01 1.031514108180999756e-01
-3.200086355209350586e+00 -4.261314392089843750e+00 5.521120548248291016e+00 6.404337938874959946e-03 -4.334098473191261292e-02 -9.411914944648742676e-01 -3.350822627544403076e-01 1.452509760856628418e-01
-3.190694332122802734e+00 -4.406569004058837891e+00 5.458939075469970703e+00 6.404337938874959946e-03 -3.972341418266296387e-01 -9.105255007743835449e-01 1.146664172410964966e-01 1.809071004390716553e-01
-2.070304632186889648e+00 -1.317868471145629883e+00 6.187238216400146484e+00 2.499999944120645523e-03 -8.986413478851318359e-01 4.206897914409637451e-01 -1.243536099791526794e-01 1.381050497293472290e-01
-2.195664167404174805e+00 -1.252492070198059082e+00 6.168254375457763672e+00 2.499999944120645523e-03 -8.750938177108764648e-01 -3.049816563725471497e-02 4.829913973808288574e-01 3.704315423965454102e-02
-2.330141067504882812e+00 -1.208939671516418457e+00 6.235874652862548828e+00 2.499999944120645523e-03 -1.013602539896965027e-01 -8.344249725341796875e-01 5.417204499244689941e-01 2.463567405939102173e-01
